BASE/survival/YVIjJA;ALLOY_TUPLE_PROVER;1;true;;30000;912863;782341
BASE/chineseCheckers1/gqtwHw;ALLOY_TUPLE_PROVER;1;true;;30000;244619;8627
BASE/gt_two_thirds_6p/867v3Q;ALLOY_TUPLE_PROVER;1;true;;30000;44295;44295
DRESDEN/3qbf-5cnf-20var-40cl.0.qdimacs/-6hrIw;ALLOY_TUPLE_PROVER;1;true;;30000;70893;1207
DRESDEN/tictactoe_3d_small_2player/HYttcg;ALLOY_TUPLE_PROVER;1;true;;30000;49742;4027
STANFORD/multipletictactoe/_bkafQ;ALLOY_TUPLE_PROVER;1;true;;30000;31148;1734
BASE/amazons_10x10/Bun8dA;ALLOY_TUPLE_PROVER;1;true;;30000;30718;224
BASE/tictactoe2/bhrDoQ;ALLOY_TUPLE_PROVER;1;true;;30000;202338;26562
BASE/2pffa/6oHijA;ALLOY_TUPLE_PROVER;1;true;;30000;86240;2874
DRESDEN/hanoi7/51zz5Q;ALLOY_TUPLE_PROVER;1;true;;30000;335494;2641
STANFORD/bestbuttonsandlights/nm0wEA;ALLOY_TUPLE_PROVER;1;true;;30000;477296;79549
DRESDEN/blocksworldparallel/2JfVaw;ALLOY_TUPLE_PROVER;1;true;;30000;169909;56636
DRESDEN/minichess-evilconjuncts/th24Tw;ALLOY_TUPLE_PROVER;1;true;;30001;14099;1592
BASE/ticTacToeParallel/ymRGPw;ALLOY_TUPLE_PROVER;1;true;;30000;86336;12481
BASE/ticTicToe/c1OobQ;ALLOY_TUPLE_PROVER;1;true;;30000;129031;25677
BASE/crissrace/ERWGDA;ALLOY_TUPLE_PROVER;1;true;;30000;47561;1063
DRESDEN/statespacesmall/h-NqjA;ALLOY_TUPLE_PROVER;1;true;;30000;699832;174958
DRESDEN/troublemaker02/iZLVuA;ALLOY_TUPLE_PROVER;1;true;;30000;878312;292853
STANFORD/sukoshi/4LYZZQ;ALLOY_TUPLE_PROVER;1;true;;30000;138795;25555
DRESDEN/pawn_whopping_simultaneous/r8dLfw;ALLOY_TUPLE_PROVER;1;true;;30000;46748;2576
BASE/simultaneousWin2/PfjRjw;ALLOY_TUPLE_PROVER;1;true;;30000;51057;802
DRESDEN/racer/vk_ZBA;ALLOY_TUPLE_PROVER;1;true;;30000;104294;7560
STANFORD/multiplebuttonsandlights_9/SqB9BA;ALLOY_TUPLE_PROVER;1;true;;30000;553418;92236
BASE/checkLines/Vop7oQ;ALLOY_TUPLE_PROVER;1;true;;30000;85919;5627
BASE/firefighter/WJmoPw;ALLOY_TUPLE_PROVER;1;true;;30000;246162;5542
BASE/breakthroughHoles/nZk0Sg;ALLOY_TUPLE_PROVER;1;true;;30000;39510;637
DRESDEN/nim2/z5_exA;ALLOY_TUPLE_PROVER;1;true;;30000;426829;48142
STANFORD/sudoku/oJ1qyQ;ALLOY_TUPLE_PROVER;1;true;;30002;2802;67
DRESDEN/tictactoex9/rFkD4w;ALLOY_TUPLE_PROVER;1;true;;30000;30696;1038
BASE/pawnWhopping/Ypc_6Q;ALLOY_TUPLE_PROVER;1;true;;30000;47108;1373
STANFORD/chinook/osFbPA;ALLOY_TUPLE_PROVER;1;true;;30000;25973;649
BASE/ttcc4/Le0qjQ;ALLOY_TUPLE_PROVER;1;true;;30000;41619;1467
BASE/checkersTorusNoKings/pwb6oQ;ALLOY_TUPLE_PROVER;1;true;;30000;47674;779
BASE/ruleDepthExponential/UamhHQ;ALLOY_TUPLE_PROVER;1;true;;30157;70705;35420
DRESDEN/bidding-tictactoe/yW5vTA;ALLOY_TUPLE_PROVER;1;true;;30000;141661;9660
DRESDEN/3qbf-5cnf-20var-40cl.2.qdimacs.SAT/Q8-axQ;ALLOY_TUPLE_PROVER;1;true;;30000;74411;1269
STANFORD/buttonsandlights/eyhJpA;ALLOY_TUPLE_PROVER;1;true;;30000;1412438;235406
DRESDEN/pacman3p/rBnk8Q;ALLOY_TUPLE_PROVER;1;true;;30000;87774;1776
DRESDEN/checkers-newgoals/IJOqXQ;ALLOY_TUPLE_PROVER;1;true;;30001;14004;142
DRESDEN/breakthroughsuicide_v2/LU1nAw;ALLOY_TUPLE_PROVER;1;true;;30000;29120;447
DRESDEN/hanoi_6_disks/MeubgQ;ALLOY_TUPLE_PROVER;1;true;;30000;279671;78581
DRESDEN/knightwar/7hhAqg;ALLOY_TUPLE_PROVER;1;true;;30000;82799;9689
DRESDEN/2player_normal_form_2010/NG_Kdg;ALLOY_TUPLE_PROVER;1;true;;30000;907919;907919
BASE/cubicup_3player/e2yA_g;ALLOY_TUPLE_PROVER;1;true;;30002;11256;134
BASE/four_way_battle/xSOQXA;ALLOY_TUPLE_PROVER;1;true;;30000;10883;344
DRESDEN/roshambo2/jgSlkQ;ALLOY_TUPLE_PROVER;1;true;;30000;643616;75703
BASE/blobwars/0XT15Q;ALLOY_TUPLE_PROVER;1;true;;30002;17512;437
BASE/connect4/50bOyw;ALLOY_TUPLE_PROVER;1;true;;30000;31132;1474
DRESDEN/tictactoe_3d_6player/ulZPWg;ALLOY_TUPLE_PROVER;1;true;;30001;13572;130
BASE/racetrackcorridor/k1OQRg;ALLOY_TUPLE_PROVER;1;true;;30000;74964;3756
STANFORD/eightpuzzle/W_aWbA;ALLOY_TUPLE_PROVER;1;true;;30000;212143;4242
BASE/lightsOut/5P1ZBw;ALLOY_TUPLE_PROVER;1;true;;30000;67266;3363
DRESDEN/knightazons/02I8BQ;ALLOY_TUPLE_PROVER;1;true;;30001;16580;252
BASE/sudoku/NTaNkw;ALLOY_TUPLE_PROVER;1;true;;30002;8209;101
DRESDEN/nim1/M9BALA;ALLOY_TUPLE_PROVER;1;true;;30000;455374;66312
BASE/chickentoetictac/l57rfQ;ALLOY_TUPLE_PROVER;1;true;;30000;245415;34462
DRESDEN/chinesecheckers4/-oVNYg;ALLOY_TUPLE_PROVER;1;true;;30000;40134;695
BASE/pegEuro/5awwhg;ALLOY_TUPLE_PROVER;1;true;;30000;34274;1335
STANFORD/hex/MTqWcw;ALLOY_TUPLE_PROVER;1;true;;30000;17559;248
BASE/slaughter/cOch8A;ALLOY_TUPLE_PROVER;1;true;;30002;4295;24
BASE/queens08lg/Ru7eqQ;ALLOY_TUPLE_PROVER;1;true;;30001;21720;3517
BASE/checkers-mustjump/T-8UuQ;ALLOY_TUPLE_PROVER;1;true;;30000;14210;275
DRESDEN/vacuumcleaner_obstacles_6/NVwsZw;ALLOY_TUPLE_PROVER;1;true;;30000;26995;4511
BASE/tttcc4/8Bs2lg;ALLOY_TUPLE_PROVER;1;true;;30000;40663;1452
BASE/cylinder-checkers/hlldmw;ALLOY_TUPLE_PROVER;1;true;;30001;11916;120
BASE/blocksWorldParallel/RseaAQ;ALLOY_TUPLE_PROVER;1;true;;30000;43870;14623
BASE/guess/SPpk1A;ALLOY_TUPLE_PROVER;1;true;;30000;46780;5250
BASE/quarto/EwBMVQ;ALLOY_TUPLE_PROVER;1;true;;30000;73315;3126
BASE/hallway/ckCJOw;ALLOY_TUPLE_PROVER;1;true;;30000;18480;616
DRESDEN/ggp-course2013_jordi/9QI6Kw;ALLOY_TUPLE_PROVER;1;true;;30001;12815;400
DRESDEN/statespacemedium/dVJZ_w;ALLOY_TUPLE_PROVER;1;true;;30000;480084;53342
DRESDEN/stratego/Z2wovg;ALLOY_TUPLE_PROVER;1;true;;30000;43835;1059
BASE/pacman2p/4LEdQg;ALLOY_TUPLE_PROVER;1;true;;30000;91153;1858
DRESDEN/twisty-passages/j7NPyg;ALLOY_TUPLE_PROVER;1;true;;30000;189635;952
BASE/ticblock/T21C1g;ALLOY_TUPLE_PROVER;1;true;;30000;120924;7311
BASE/4pttc/AL1k2Q;ALLOY_TUPLE_PROVER;1;true;;30000;60175;1918
BASE/eotcatcit/AfZSzA;ALLOY_TUPLE_PROVER;1;true;;30000;189458;24845
BASE/hanoi7_bugfix/3gdnFw;ALLOY_TUPLE_PROVER;1;true;;30000;327887;2581
STANFORD/freeforall/Lfp40Q;ALLOY_TUPLE_PROVER;1;true;;30000;86319;2877
BASE/factoringMutuallyAssuredDestruction/NH0LGg;ALLOY_TUPLE_PROVER;1;true;;30000;205409;10270
DRESDEN/sum15/CsgWKg;ALLOY_TUPLE_PROVER;1;true;;30000;226609;29729
BASE/battle/8oAvhQ;ALLOY_TUPLE_PROVER;1;true;;30005;3245;108
BASE/breakthrough/TGxk-g;ALLOY_TUPLE_PROVER;1;true;;30000;28401;429
BASE/wargame02/BkVqqQ;ALLOY_TUPLE_PROVER;1;true;;30000;57861;19416
STANFORD/untwistycomplex/HTWEwg;ALLOY_TUPLE_PROVER;1;true;;30000;902615;100290
BASE/wallmaze/uxNQ9g;ALLOY_TUPLE_PROVER;1;true;;30000;34953;1205
DRESDEN/vacuumcleaner_random/_6AGDA;ALLOY_TUPLE_PROVER;1;true;;30000;167724;27846
BASE/knightmove/jBaJEw;ALLOY_TUPLE_PROVER;1;true;;30000;85414;2421
BASE/snake_2008/i6K26g;ALLOY_TUPLE_PROVER;1;true;;30000;45716;2817
STANFORD/tictactoe7/-bE9-A;ALLOY_TUPLE_PROVER;1;true;;30000;201186;36223
BASE/queens08ug/kJ_ZFQ;ALLOY_TUPLE_PROVER;1;true;;30000;67072;8384
STANFORD/knightstour/cEwgNA;ALLOY_TUPLE_PROVER;1;true;;30000;644169;132742
BASE/eightPuzzle/vLrgFg;ALLOY_TUPLE_PROVER;1;true;;30000;212539;3542
DRESDEN/small_dominion/yB5GJA;ALLOY_TUPLE_PROVER;1;true;;30003;2991;98
BASE/mummyMaze2p_2007/YGA3Vw;ALLOY_TUPLE_PROVER;1;true;;30000;339308;7202
STANFORD/ttcc4/Cx9SGw;ALLOY_TUPLE_PROVER;1;true;;30000;43493;784
DRESDEN/pancakes6/SZXMyQ;ALLOY_TUPLE_PROVER;1;true;;30000;890299;22456
DRESDEN/CephalopodMicro/H3XQfg;ALLOY_TUPLE_PROVER;1;true;;30001;3542;79
DRESDEN/ggp-course2013_nicolai/uEin8g;ALLOY_TUPLE_PROVER;1;true;;30001;10828;336
DRESDEN/oisters_farm/pTQMLg;ALLOY_TUPLE_PROVER;1;true;;30000;406919;8305
BASE/peg/fJHVWw;ALLOY_TUPLE_PROVER;1;true;;30000;41615;1709
DRESDEN/quarto/OQzRYQ;ALLOY_TUPLE_PROVER;1;true;;30000;77720;3340
DRESDEN/tictactoe_orthogonal/y69QFQ;ALLOY_TUPLE_PROVER;1;true;;30000;226155;28273
DRESDEN/skirmish2/iPpWhQ;ALLOY_TUPLE_PROVER;1;true;;30000;25121;628
BASE/bomberman2p/4CClwA;ALLOY_TUPLE_PROVER;1;true;;30000;306315;39378
DRESDEN/3qbf-5cnf-20var-40cl.1.qdimacs.SAT/2034pg;ALLOY_TUPLE_PROVER;1;true;;30000;65901;1132
BASE/cittaceot/fDxhXg;ALLOY_TUPLE_PROVER;1;true;;30007;54953;2554
BASE/sudokuGrade4/DTy07w;ALLOY_TUPLE_PROVER;1;true;;30003;2825;72
BASE/asteroidsSerial/id2QkA;ALLOY_TUPLE_PROVER;1;true;;30000;155565;1684
DRESDEN/amazons/dNB28A;ALLOY_TUPLE_PROVER;1;true;;30000;4505;63
BASE/god/qF06gw;ALLOY_TUPLE_PROVER;1;true;;30002;8306;391
STANFORD/skirmish/w4V6Vw;ALLOY_TUPLE_PROVER;1;true;;30000;5159;52
BASE/hanoi/iGLsJg;ALLOY_TUPLE_PROVER;1;true;;30000;369313;11913
BASE/skirmishZeroSum/zh4hcw;ALLOY_TUPLE_PROVER;1;true;;30001;18476;184
BASE/breakthroughSuicide/wZDpIg;ALLOY_TUPLE_PROVER;1;true;;30000;28302;447
STANFORD/nineboardtictactoe/y28P-A;ALLOY_TUPLE_PROVER;1;true;;30001;21148;715
DRESDEN/4pttc/9pB9AQ;ALLOY_TUPLE_PROVER;1;true;;30000;64435;2046
BASE/haystack/UkweGA;ALLOY_TUPLE_PROVER;1;true;;30000;1307643;435927
BASE/chomp/-LcqYQ;ALLOY_TUPLE_PROVER;1;true;;30000;142558;20206
DRESDEN/uf20-010.cnf.SAT.satlike/g7LF6g;ALLOY_TUPLE_PROVER;1;true;;30008;26620;1331
BASE/chickentictactoe/DSlZCA;ALLOY_TUPLE_PROVER;1;true;;30000;173022;24332
BASE/skirmish/Y_psYQ;ALLOY_TUPLE_PROVER;1;true;;30002;5875;59
DRESDEN/tictactoe-init1/3ltIBQ;ALLOY_TUPLE_PROVER;1;true;;30000;197292;56373
BASE/knightfight/SJRkAg;ALLOY_TUPLE_PROVER;1;true;;30000;159923;14855
STANFORD/knightstourmedium/x1wu8Q;ALLOY_TUPLE_PROVER;1;true;;30000;647311;161548
DRESDEN/chickentictactoe/Ipbo-g;ALLOY_TUPLE_PROVER;1;true;;30000;178943;25156
DRESDEN/knightthrough/J7Fc_Q;ALLOY_TUPLE_PROVER;1;true;;30000;55417;1642
STANFORD/selectivesukoshi/3xmXYg;ALLOY_TUPLE_PROVER;1;true;;30003;6691;233
DRESDEN/blocker/S815zQ;ALLOY_TUPLE_PROVER;1;true;;30000;189526;24065
DRESDEN/chomp/-LcqYQ;ALLOY_TUPLE_PROVER;1;true;;30000;140330;19807
BASE/double_tictactoe_dengji/zgaSbA;ALLOY_TUPLE_PROVER;1;true;;30000;102927;7237
DRESDEN/battle/8oAvhQ;ALLOY_TUPLE_PROVER;1;true;;30005;3237;107
BASE/queens/HyJJnQ;ALLOY_TUPLE_PROVER;1;true;;30004;28690;2869
DRESDEN/blocks2player/3ev8nQ;ALLOY_TUPLE_PROVER;1;true;;30000;307442;17080
BASE/mummymaze2p/vpjDdA;ALLOY_TUPLE_PROVER;1;true;;30000;314170;6386
DRESDEN/knightfight/4_Ly4w;ALLOY_TUPLE_PROVER;1;true;;30000;156360;14442
DRESDEN/knightmove/97Ipcw;ALLOY_TUPLE_PROVER;1;true;;30000;85675;2415
BASE/troublemaker01/s3tlEQ;ALLOY_TUPLE_PROVER;1;true;;30000;938042;312510
BASE/aipsrovers01/4C4jsw;ALLOY_TUPLE_PROVER;1;true;;30000;171137;5913
DRESDEN/3qbf-5cnf-20var-40cl.1.qdimacs.viz.SAT/2034pg;ALLOY_TUPLE_PROVER;1;true;;30000;69962;1200
BASE/snake_2008_tweaked/bX0NJQ;ALLOY_TUPLE_PROVER;1;true;;30000;44481;2804
BASE/nim1/hin2Qw;ALLOY_TUPLE_PROVER;1;true;;30000;450161;65590
BASE/ad_game_2x2/D0aWqg;ALLOY_TUPLE_PROVER;1;true;;30000;54366;28475
BASE/merrills/pku8Tg;ALLOY_TUPLE_PROVER;1;true;;30000;17059;284
BASE/checkers-suicide-cylinder-mustjump/YeW5Tw;ALLOY_TUPLE_PROVER;1;true;;30000;12203;273
DRESDEN/crisscross/GsY16g;ALLOY_TUPLE_PROVER;1;true;;30000;70481;2726
BASE/ttcc4_2player_small/Cv72TA;ALLOY_TUPLE_PROVER;1;true;;30000;70102;4530
BASE/sum15/QZ07Kg;ALLOY_TUPLE_PROVER;1;true;;30000;232176;30449
BASE/skirmishNew/sibw2g;ALLOY_TUPLE_PROVER;1;true;;30001;18015;180
DRESDEN/hitori/S8Gsyg;ALLOY_TUPLE_PROVER;1;true;;30001;9263;94
BASE/troublemaker02/DI83KA;ALLOY_TUPLE_PROVER;1;true;;30000;844607;281490
BASE/futoshiki6/JmvXNA;ALLOY_TUPLE_PROVER;1;true;;30000;15323;760
DRESDEN/checkers-mustjump-torus/cVc3gA;ALLOY_TUPLE_PROVER;1;true;;30000;11319;259
STANFORD/dualrainbow/G3OnRQ;ALLOY_TUPLE_PROVER;1;true;;30000;230429;38404
DRESDEN/quartosuicide/WIU1oQ;ALLOY_TUPLE_PROVER;1;true;;30000;78840;3372
STANFORD/threepuzzle/41ibjA;ALLOY_TUPLE_PROVER;1;true;;30000;493251;82208
BASE/knightThrough/gcwFjA;ALLOY_TUPLE_PROVER;1;true;;30000;54101;1607
BASE/lightsOn/MsXu3A;ALLOY_TUPLE_PROVER;1;true;;30000;414522;33249
BASE/max_knights/2fq3Ag;ALLOY_TUPLE_PROVER;1;true;;30000;65910;12433
DRESDEN/hanoi/RQ0jiA;ALLOY_TUPLE_PROVER;1;true;;30000;363774;11734
BASE/ticTacToeNoVars/XT03NA;ALLOY_TUPLE_PROVER;1;true;;30000;152049;19944
BASE/stateSpaceMedium/3bUoIw;ALLOY_TUPLE_PROVER;1;true;;30000;473064;52562
DRESDEN/vacuumcleaner_obstacles_5/fXBV4g;ALLOY_TUPLE_PROVER;1;true;;30000;26293;4347
BASE/gt_staghunt/xPjLRA;ALLOY_TUPLE_PROVER;1;true;;30000;465507;23275
DRESDEN/ggp-course2013_michal13/jWKddg;ALLOY_TUPLE_PROVER;1;true;;30031;843;25
DRESDEN/tictictoe/LAUtwg;ALLOY_TUPLE_PROVER;1;true;;30000;129616;25767
DRESDEN/battlesnakes1509/-qZrLw;ALLOY_TUPLE_PROVER;1;true;;30000;67665;1625
BASE/reversi/d8UMeA;ALLOY_TUPLE_PROVER;1;true;;30011;3920;64
DRESDEN/farmers/S_ASnw;ALLOY_TUPLE_PROVER;1;true;;30000;63279;6327
STANFORD/checkersonabarrelnokings/Zrevdw;ALLOY_TUPLE_PROVER;1;true;;30000;44216;907
BASE/tictactoe_3d_6player/d7KSwg;ALLOY_TUPLE_PROVER;1;true;;30000;13853;137
DRESDEN/cylinder-checkers/clOO3Q;ALLOY_TUPLE_PROVER;1;true;;30001;11798;121
BASE/snake_2009_big/-oRfVw;ALLOY_TUPLE_PROVER;1;true;;30000;37443;2070
BASE/speedChess/bPnisA;ALLOY_TUPLE_PROVER;1;true;;30001;20180;174
DRESDEN/mummymaze1p/AekgaQ;ALLOY_TUPLE_PROVER;1;true;;30000;475564;83495
BASE/beatMania/qUHwvQ;ALLOY_TUPLE_PROVER;1;true;;30000;257835;4297
STANFORD/pilgrimage/ObRZnQ;ALLOY_TUPLE_PROVER;1;true;;30000;44193;602
DRESDEN/mimikry/GJEhwA;ALLOY_TUPLE_PROVER;1;true;;30000;44651;1861
DRESDEN/statespacelarge/8-y5HQ;ALLOY_TUPLE_PROVER;1;true;;30000;347777;24841
BASE/connectFourLarge/aU644A;ALLOY_TUPLE_PROVER;1;true;;30000;45218;1727
DRESDEN/golden_rectangle/1uloXw;ALLOY_TUPLE_PROVER;1;true;;30000;16882;566
BASE/tictactoe_3d_small_6player/g_9lww;ALLOY_TUPLE_PROVER;1;true;;30000;35194;978
DRESDEN/uf20-01.cnf.SAT/42Rs8A;ALLOY_TUPLE_PROVER;1;true;;30000;61903;3095
BASE/chineseCheckers6/rREH3A;ALLOY_TUPLE_PROVER;1;true;;30000;83771;1396
STANFORD/knightstourbig/TQUI2g;ALLOY_TUPLE_PROVER;1;true;;30000;570397;99652
DRESDEN/double_tictactoe_dengji/bGaUyQ;ALLOY_TUPLE_PROVER;1;true;;30000;101574;7160
BASE/laikLee_hex/zbyscQ;ALLOY_TUPLE_PROVER;1;false;Test process timed out after 240 seconds;0;0;0
DRESDEN/doubletoetictac/V89gKQ;ALLOY_TUPLE_PROVER;1;true;;30000;99162;11884
BASE/sudokuGrade1/tDRNRw;ALLOY_TUPLE_PROVER;1;true;;30004;2867;80
BASE/crossers3/O0rORg;ALLOY_TUPLE_PROVER;1;true;;30000;65731;4981
BASE/tictactoe_3player/GtM71g;ALLOY_TUPLE_PROVER;1;true;;30000;61249;3007
BASE/pearls/6k_mEQ;ALLOY_TUPLE_PROVER;1;true;;30000;930866;84624
DRESDEN/vacuumcleaner_obstacles_2/Y-R7tA;ALLOY_TUPLE_PROVER;1;true;;30000;241647;40378
DRESDEN/pancakes/hl9aiQ;ALLOY_TUPLE_PROVER;1;true;;30000;882569;22238
BASE/duplicateStateMedium/U163eQ;ALLOY_TUPLE_PROVER;1;true;;30000;272558;30284
DRESDEN/gt_prisoner/huCp4w;ALLOY_TUPLE_PROVER;1;true;;30000;451656;22582
BASE/knightsTour/mvtVIg;ALLOY_TUPLE_PROVER;1;true;;30000;632360;130032
BASE/gt_coordination/IVMOzA;ALLOY_TUPLE_PROVER;1;true;;30000;507213;25360
BASE/ghostMaze2p/W-NU-w;ALLOY_TUPLE_PROVER;1;true;;30000;340994;7051
DRESDEN/capture_the_king/EQ229Q;ALLOY_TUPLE_PROVER;1;true;;30002;8514;133
DRESDEN/pawn_whopping/4ogBkg;ALLOY_TUPLE_PROVER;1;true;;30000;50899;1401
BASE/checkers/rOC3Xg;ALLOY_TUPLE_PROVER;1;true;;30000;18340;183
DRESDEN/tictactoe_3player/ESLQQQ;ALLOY_TUPLE_PROVER;1;true;;30000;60050;2960
BASE/pancakes88/l2Xaig;ALLOY_TUPLE_PROVER;1;true;;30000;672390;16812
BASE/ticTacHeavenFC/mrletw;ALLOY_TUPLE_PROVER;1;true;;30002;13863;508
BASE/amazonsTorus/soxT8g;ALLOY_TUPLE_PROVER;1;true;;30065;168;2
BASE/conn4/va9Y7A;ALLOY_TUPLE_PROVER;1;true;;30000;32239;1509
BASE/ttcc4_2player_alt/ZEJvYA;ALLOY_TUPLE_PROVER;1;true;;30000;48920;1314
BASE/dotsAndBoxes/EHwA_w;ALLOY_TUPLE_PROVER;1;true;;30000;45650;760
BASE/biddingTicTacToe/8mESVw;ALLOY_TUPLE_PROVER;1;true;;30000;136683;9341
BASE/tictactoex9/BI26ow;ALLOY_TUPLE_PROVER;1;true;;30000;30392;1030
DRESDEN/tttcc4/sAvtFg;ALLOY_TUPLE_PROVER;1;true;;30000;42120;1496
BASE/catcha_mouse/cHv4dw;ALLOY_TUPLE_PROVER;1;true;;30000;59380;4464
DRESDEN/grid_game/U7_Yeg;ALLOY_TUPLE_PROVER;1;true;;30000;72297;2049
DRESDEN/3pttc/uwYBZw;ALLOY_TUPLE_PROVER;1;true;;30000;84859;2902
STANFORD/madness/UO_B3A;ALLOY_TUPLE_PROVER;1;true;;30005;5112;86
DRESDEN/quad_5x5_8_2/JRTLJg;ALLOY_TUPLE_PROVER;1;true;;30002;11344;614
STANFORD/kono/HI7CHA;ALLOY_TUPLE_PROVER;1;false;Exception of type MoveDefinitionException;0;0;0
BASE/snakeParallel/RCVNtw;ALLOY_TUPLE_PROVER;1;true;;30000;205280;44279
BASE/brain_teaser_extended/ZDp94A;ALLOY_TUPLE_PROVER;1;true;;30000;200923;13394
BASE/gt_two_thirds_4p/DStnxQ;ALLOY_TUPLE_PROVER;1;true;;30000;67701;67701
BASE/quad/tw-Ufg;ALLOY_TUPLE_PROVER;1;true;;80143;54;1
DRESDEN/eotcatcit/mQUxzA;ALLOY_TUPLE_PROVER;1;true;;30000;193008;25342
DRESDEN/chinesecheckers3/QsCb2A;ALLOY_TUPLE_PROVER;1;true;;30000;65889;1216
BASE/mineClearingSmall/frsbvw;ALLOY_TUPLE_PROVER;1;true;;30000;20034;1693
BASE/kalaha5x2x3/WviNsw;ALLOY_TUPLE_PROVER;1;true;;30000;131623;1339
DRESDEN/tpeg/h-Scbg;ALLOY_TUPLE_PROVER;1;true;;30000;44734;3595
DRESDEN/peg/Vo31eg;ALLOY_TUPLE_PROVER;1;true;;30000;41522;1699
STANFORD/tictictoe/rpt_Dw;ALLOY_TUPLE_PROVER;1;true;;30000;133024;26451
DRESDEN/battlesnakes2011/93VtTw;ALLOY_TUPLE_PROVER;1;true;;30000;69870;2100
DRESDEN/lightsout2/LFtfyQ;ALLOY_TUPLE_PROVER;1;true;;30000;84986;4249
DRESDEN/grid_game2/kypTYQ;ALLOY_TUPLE_PROVER;1;true;;30001;16452;336
DRESDEN/chinesecheckers6/yTbPDA;ALLOY_TUPLE_PROVER;1;true;;30000;45702;774
DRESDEN/max_knights/hCipiA;ALLOY_TUPLE_PROVER;1;true;;30000;65449;12383
DRESDEN/Thief_Police/CX18rA;ALLOY_TUPLE_PROVER;1;true;;30000;442763;13043
BASE/minichess/8NQEiA;ALLOY_TUPLE_PROVER;1;true;;30000;92418;30806
BASE/qyshinsu/R08Lzw;ALLOY_TUPLE_PROVER;1;true;;30000;16754;716
BASE/nineBoardTicTacToePie/B8LzeQ;ALLOY_TUPLE_PROVER;1;true;;30001;19679;661
DRESDEN/sat_test_20v_91c_version2/a1mPBA;ALLOY_TUPLE_PROVER;1;true;;30000;60839;3041
DRESDEN/blockerparallel/dVQgSg;ALLOY_TUPLE_PROVER;1;true;;30000;39821;5718
DRESDEN/point_grab/r5DPmQ;ALLOY_TUPLE_PROVER;1;true;;30000;631530;21051
BASE/factoringGeorgeForman/HGRorQ;ALLOY_TUPLE_PROVER;1;true;;30000;385541;8079
DRESDEN/snake_2008/E56l3A;ALLOY_TUPLE_PROVER;1;true;;30000;45663;2774
BASE/connectFourLarger/qKi60A;ALLOY_TUPLE_PROVER;1;true;;30001;27978;851
DRESDEN/doubletictactoe/lJzgmQ;ALLOY_TUPLE_PROVER;1;true;;30000;103549;12418
DRESDEN/checkers-cylinder-mustjump/vW_-pA;ALLOY_TUPLE_PROVER;1;true;;30000;11944;269
DRESDEN/chinesecheckers2/06E6-Q;ALLOY_TUPLE_PROVER;1;true;;30000;77267;2047
DRESDEN/satlike_20v_91c/yeuENQ;ALLOY_TUPLE_PROVER;1;true;;30003;27460;1373
DRESDEN/mummymaze2p/k-8edg;ALLOY_TUPLE_PROVER;1;true;;30000;310603;6308
BASE/dotsAndBoxesSuicide/jzQbLw;ALLOY_TUPLE_PROVER;1;true;;30000;45124;752
BASE/futoshiki4/BaCwSw;ALLOY_TUPLE_PROVER;1;true;;30000;48328;5230
DRESDEN/battlebrushes/QHXV4A;ALLOY_TUPLE_PROVER;1;true;;30000;8311;437
DRESDEN/fizzbuzz/t1xHzQ;ALLOY_TUPLE_PROVER;1;true;;30000;966757;32225
DRESDEN/sheep_and_wolf/enAIzQ;ALLOY_TUPLE_PROVER;1;true;;30000;47597;1173
DRESDEN/othello-cornercontrol/r5Gdlg;ALLOY_TUPLE_PROVER;1;true;;30029;411;8
BASE/checkersSmall/SYmq8w;ALLOY_TUPLE_PROVER;1;true;;30000;24908;269
BASE/blocks/xIV5hQ;ALLOY_TUPLE_PROVER;1;true;;30000;454873;151624
BASE/ticTacToeLarge/TZC0dg;ALLOY_TUPLE_PROVER;1;true;;30000;98401;4146
STANFORD/rainbow/_4qNSQ;ALLOY_TUPLE_PROVER;1;true;;30000;481088;80181
DRESDEN/skirmishfinal/hzq8ww;ALLOY_TUPLE_PROVER;1;true;;30000;8230;139
BASE/eotcitcit/V_9_bg;ALLOY_TUPLE_PROVER;1;true;;30000;137709;27392
BASE/numbertictactoe/rvJ-iQ;ALLOY_TUPLE_PROVER;1;true;;30000;120713;15035
BASE/asteroids/BKCmPQ;ALLOY_TUPLE_PROVER;1;true;;30000;399871;8635
DRESDEN/gt_chicken/CeuKtw;ALLOY_TUPLE_PROVER;1;true;;30000;436558;21827
DRESDEN/chickentoetictac/cxYaRQ;ALLOY_TUPLE_PROVER;1;true;;30000;251445;35336
STANFORD/hunter/14dD-g;ALLOY_TUPLE_PROVER;1;true;;30000;206072;14719
BASE/knightsTourLarge/M8jgLA;ALLOY_TUPLE_PROVER;1;true;;30000;566331;94528
BASE/factoringMediumTurtleBrain/8RBqmQ;ALLOY_TUPLE_PROVER;1;true;;30000;60193;716
BASE/sudokuGrade6E/ihYFZA;ALLOY_TUPLE_PROVER;1;true;;30010;2766;59
BASE/skirmishHoles/AUCxCA;ALLOY_TUPLE_PROVER;1;true;;30003;6275;63
STANFORD/duidoku/3SoMaA;ALLOY_TUPLE_PROVER;1;true;;30004;2567;61
BASE/withConviction/3Xm54A;ALLOY_TUPLE_PROVER;1;true;;30000;41763;1670
BASE/queens31lg/0gID-A;ALLOY_TUPLE_PROVER;1;true;;30045;546;23
BASE/englishDraughts/jFkQxg;ALLOY_TUPLE_PROVER;1;true;;30000;57243;831
BASE/biddingTicTacToe_10coins/a-9ccQ;ALLOY_TUPLE_PROVER;1;true;;30000;126361;8542
BASE/nim3/1OwUqw;ALLOY_TUPLE_PROVER;1;true;;30000;338754;25532
BASE/chineseCheckers2/eCMR3Q;ALLOY_TUPLE_PROVER;1;true;;30000;171267;4531
BASE/switches/tPUoCg;ALLOY_TUPLE_PROVER;1;true;;30000;500044;500044
DRESDEN/latenttictactoe/kITHKg;ALLOY_TUPLE_PROVER;1;true;;30000;111006;10563
DRESDEN/uf20-020.cnf.SAT.satlike/WbqXoA;ALLOY_TUPLE_PROVER;1;true;;30019;25880;1294
BASE/blocker/dIWtxg;ALLOY_TUPLE_PROVER;1;true;;30000;185445;23486
BASE/snake2p/I3wWPQ;ALLOY_TUPLE_PROVER;1;true;;30000;28584;21323
BASE/slidingpieces/uFJWEw;ALLOY_TUPLE_PROVER;1;true;;30001;23272;287
BASE/toetictac/mTThmg;ALLOY_TUPLE_PROVER;1;true;;30000;274781;36016
DRESDEN/SC_TestOnly_enabled/09o7gQ;ALLOY_TUPLE_PROVER;1;false;RuntimeException: Don't try to fall back, let the next level handle this =/;0;0;0
BASE/ruleDepthLinear/OUBJpQ;ALLOY_TUPLE_PROVER;1;true;;30000;1128544;564377
BASE/nim4/twk16w;ALLOY_TUPLE_PROVER;1;true;;30000;338959;25307
BASE/amazons_8x8/7SOsIw;ALLOY_TUPLE_PROVER;1;true;;30000;39401;432
BASE/connectFour/WAIKTw;ALLOY_TUPLE_PROVER;1;true;;30000;64964;2908
DRESDEN/buttons/ADUaHw;ALLOY_TUPLE_PROVER;1;true;;30000;751259;125209
BASE/golden_rectangle/_nYzfw;ALLOY_TUPLE_PROVER;1;true;;30001;17246;577
DRESDEN/cubicup_3player/awDtsQ;ALLOY_TUPLE_PROVER;1;true;;30001;11305;134
BASE/checkersTiny/Lr48cg;ALLOY_TUPLE_PROVER;1;true;;30000;36649;602
DRESDEN/mummymaze2p-comp2007/oTQRQg;ALLOY_TUPLE_PROVER;1;true;;30000;335504;7146
DRESDEN/four_way_battle/xSOQXA;ALLOY_TUPLE_PROVER;1;true;;30000;10640;342
STANFORD/dualhunter/1rPZjQ;ALLOY_TUPLE_PROVER;1;true;;30000;100562;7183
BASE/hanoi_6_disks/MeubgQ;ALLOY_TUPLE_PROVER;1;true;;30000;283509;79675
DRESDEN/CatchMeIfYouCanTest/CX18rA;ALLOY_TUPLE_PROVER;1;true;;30000;446370;13116
BASE/amazonsSuicide_10x10/XIbQkg;ALLOY_TUPLE_PROVER;1;true;;30000;30497;224
DRESDEN/3qbf-5cnf-20var-40cl.2.qdimacs.satlike/724YWg;ALLOY_TUPLE_PROVER;1;true;;30000;68106;1166
DRESDEN/guess/PhxGhg;ALLOY_TUPLE_PROVER;1;true;;30000;47384;5333
BASE/snakeAssemblit/sOydSg;ALLOY_TUPLE_PROVER;1;true;;30000;30159;3703
STANFORD/triplesukoshi/Iu9mbA;ALLOY_TUPLE_PROVER;1;true;;30000;41497;5928
BASE/tron_10x10/7ZTgDg;ALLOY_TUPLE_PROVER;1;true;;30000;131228;43536
BASE/tictactoe_3d_2player/IUC1rQ;ALLOY_TUPLE_PROVER;1;true;;30002;16329;450
BASE/skirmishFinal1/ecWTnQ;ALLOY_TUPLE_PROVER;1;true;;30000;8197;138
BASE/hexPie/48CH6Q;ALLOY_TUPLE_PROVER;1;true;;30000;16390;228
BASE/ticTacHeaven/18n58A;ALLOY_TUPLE_PROVER;1;true;;30000;15339;664
BASE/ticTacToeLargeSuicide/727_8g;ALLOY_TUPLE_PROVER;1;true;;30000;99085;4167
BASE/checkers-newgoals/0XkFiA;ALLOY_TUPLE_PROVER;1;true;;30000;13776;140
DRESDEN/crossers3/xiPTxg;ALLOY_TUPLE_PROVER;1;true;;30000;63987;4850
STANFORD/3puzzle/41ibjA;ALLOY_TUPLE_PROVER;1;true;;30000;493788;82298
BASE/othelloSuicide/B442jg;ALLOY_TUPLE_PROVER;1;true;;30035;684;11
BASE/maze/cCX3qQ;ALLOY_TUPLE_PROVER;1;true;;30000;780006;88778
DRESDEN/vacuumcleaner_random_big/DwzFaQ;ALLOY_TUPLE_PROVER;1;true;;30000;99303;16585
BASE/breakthroughSmallHoles/bxclRw;ALLOY_TUPLE_PROVER;1;true;;30000;51499;2015
DRESDEN/pawntoqueen/f_x6Aw;ALLOY_TUPLE_PROVER;1;true;;30003;2791;210
BASE/chineseCheckers3/-1rZdQ;ALLOY_TUPLE_PROVER;1;true;;30000;131703;2422
BASE/chineseCheckers4/avfBcQ;ALLOY_TUPLE_PROVER;1;true;;30000;77102;1334
BASE/asteroidsParallel/WauZiA;ALLOY_TUPLE_PROVER;1;true;;30000;191667;4338
STANFORD/duikoshi/tpw1sw;ALLOY_TUPLE_PROVER;1;true;;30000;51467;3841
STANFORD/8puzzle/jNiGtw;ALLOY_TUPLE_PROVER;1;true;;30000;206488;3441
BASE/stateSpaceSmall/Q7osKA;ALLOY_TUPLE_PROVER;1;true;;30000;697427;174356
DRESDEN/smallest_4player/ADDROA;ALLOY_TUPLE_PROVER;1;true;;30000;195742;8297
BASE/checkersTorus/2vm1EQ;ALLOY_TUPLE_PROVER;1;true;;30000;43017;740
DRESDEN/bomberman2p/x4h6jQ;ALLOY_TUPLE_PROVER;1;true;;30000;321443;41333
BASE/majorities/ibJzSQ;ALLOY_TUPLE_PROVER;1;true;;30001;15883;299
BASE/bunk_t/xbpfIA;ALLOY_TUPLE_PROVER;1;true;;30000;102199;12260
STANFORD/bestbuttonsandlightsbig/g0JC6g;ALLOY_TUPLE_PROVER;1;true;;30000;397208;66201
BASE/othello-comp2007/86ZoMw;ALLOY_TUPLE_PROVER;1;true;;30068;700;11
BASE/tpeg/QNs7Lw;ALLOY_TUPLE_PROVER;1;true;;30000;44740;3645
DRESDEN/gt_ultimatum/pAiiQw;ALLOY_TUPLE_PROVER;1;true;;30000;377175;18858
DRESDEN/8puzzle/8fKC2w;ALLOY_TUPLE_PROVER;1;true;;30000;209422;3490
DRESDEN/toetictac/mJtxCA;ALLOY_TUPLE_PROVER;1;true;;30000;281499;36888
DRESDEN/logistics/fPru1Q;ALLOY_TUPLE_PROVER;1;true;;30000;96246;1924
BASE/amazons/RKKZjw;ALLOY_TUPLE_PROVER;1;true;;30059;454;6
DRESDEN/uf20-020.cnf.SAT/hDrW_A;ALLOY_TUPLE_PROVER;1;true;;30000;59440;2972
DRESDEN/queens/mW2wHQ;ALLOY_TUPLE_PROVER;1;true;;30003;28440;2844
DRESDEN/checkers-mustjump/HUr33w;ALLOY_TUPLE_PROVER;1;true;;30001;14964;287
BASE/blokbox_simple/JBx4bg;ALLOY_TUPLE_PROVER;1;true;;30161;141;6
STANFORD/tictactoe5/WFRReg;ALLOY_TUPLE_PROVER;1;true;;30000;200154;55181
DRESDEN/firefighter/WJmoPw;ALLOY_TUPLE_PROVER;1;true;;30000;251219;5700
BASE/incredible/8Qh-6Q;ALLOY_TUPLE_PROVER;1;true;;30000;172824;9096
BASE/breakthroughWalls/vOZaYA;ALLOY_TUPLE_PROVER;1;true;;30000;28629;446
DRESDEN/sat_test_20v_91c/dK7nVw;ALLOY_TUPLE_PROVER;1;true;;30000;63174;3158
STANFORD/breakthroughsmall/HM0s5w;ALLOY_TUPLE_PROVER;1;false;RuntimeException: Don't try to fall back, let the next level handle this =/;0;0;0
BASE/tictactoe_3d_small_2player/oOryKA;ALLOY_TUPLE_PROVER;1;true;;30000;48402;3935
DRESDEN/cubicup/SBn_lw;ALLOY_TUPLE_PROVER;1;true;;30001;22286;397
BASE/tictactoe_orthogonal/WRzlVw;ALLOY_TUPLE_PROVER;1;true;;30000;228961;28570
DRESDEN/racetrackcorridor/O0DoTA;ALLOY_TUPLE_PROVER;1;true;;30000;70688;3991
DRESDEN/connectfoursuicide/M9CNQg;ALLOY_TUPLE_PROVER;1;true;;30000;66572;2975
DRESDEN/brawl/2kXtfQ;ALLOY_TUPLE_PROVER;1;true;;30000;10433;1043
BASE/roshambo2/KNPokQ;ALLOY_TUPLE_PROVER;1;true;;30000;645772;75961
STANFORD/jointbuttonsandlights/qAKuIQ;ALLOY_TUPLE_PROVER;1;true;;30000;331842;57579
DRESDEN/vacuum_cleaner_1/eUNjpw;ALLOY_TUPLE_PROVER;1;true;;30000;282616;46857
BASE/coins/QnGtnQ;ALLOY_TUPLE_PROVER;1;true;;30000;42006;16832
DRESDEN/towerworld/HCX34w;ALLOY_TUPLE_PROVER;1;true;;30004;3316;6
DRESDEN/breakthrough/z4hK7Q;ALLOY_TUPLE_PROVER;1;true;;30000;28887;443
BASE/skirmishFinal3/-Olhfw;ALLOY_TUPLE_PROVER;1;true;;30001;9199;155
STANFORD/platformjumpers/HEQskA;ALLOY_TUPLE_PROVER;1;true;;30000;22247;442
BASE/connectFourSimultaneous/7ITr3g;ALLOY_TUPLE_PROVER;1;true;;30001;30887;1758
BASE/doubletictactoe/HH1htg;ALLOY_TUPLE_PROVER;1;true;;30000;104835;12572
BASE/gt_dollar/TGjqRw;ALLOY_TUPLE_PROVER;1;true;;30000;370452;184513
DRESDEN/blocks/vg0DRw;ALLOY_TUPLE_PROVER;1;true;;30000;453289;151096
BASE/lightsOnParallel/SC6enA;ALLOY_TUPLE_PROVER;1;true;;30000;165137;8344
BASE/queens06ug/7Lq3tw;ALLOY_TUPLE_PROVER;1;true;;30000;108049;18008
BASE/point_grab/r5DPmQ;ALLOY_TUPLE_PROVER;1;true;;30000;627086;20902
DRESDEN/ticblock/Z2yNWQ;ALLOY_TUPLE_PROVER;1;true;;30000;122222;7406
DRESDEN/pawn_whopping_corrected/7Ov0jQ;ALLOY_TUPLE_PROVER;1;true;;30000;47969;1402
STANFORD/trifecta/ss1kyQ;ALLOY_TUPLE_PROVER;1;true;;30000;210837;27645
STANFORD/multiplebuttonsandlights/cK70Yg;ALLOY_TUPLE_PROVER;1;true;;30000;538047;89674
STANFORD/untwistycorridor/EDPPAQ;ALLOY_TUPLE_PROVER;1;true;;30000;850200;121457
BASE/hodgepodge/9yjRkw;ALLOY_TUPLE_PROVER;1;true;;30000;253240;253240
BASE/endgame/jYjfOA;ALLOY_TUPLE_PROVER;1;true;;30000;32467;2319
DRESDEN/Goldrush/VeWczQ;ALLOY_TUPLE_PROVER;1;false;RuntimeException: Don't try to fall back, let the next level handle this =/;0;0;0
DRESDEN/connectfour/5tc-Mg;ALLOY_TUPLE_PROVER;1;true;;30000;63919;2868
DRESDEN/catcha_mouse/cHv4dw;ALLOY_TUPLE_PROVER;1;true;;30000;59253;4458
BASE/3pffa/pR0dzA;ALLOY_TUPLE_PROVER;1;true;;30000;77676;2589
BASE/alexChess/LNo83g;ALLOY_TUPLE_PROVER;1;true;;30018;1338;7
BASE/lightsOnSimultaneous/_VN6lw;ALLOY_TUPLE_PROVER;1;true;;30000;62479;4147
DRESDEN/babel/WdSW4A;ALLOY_TUPLE_PROVER;1;true;;30000;26181;1309
BASE/blockerParallel/7-nDJA;ALLOY_TUPLE_PROVER;1;true;;30000;39436;5632
DRESDEN/sat_test_20v_91c_visualisation/aw8BIA;ALLOY_TUPLE_PROVER;1;true;;30000;59587;2979
DRESDEN/tictactoe_3d_2player/LMuX9w;ALLOY_TUPLE_PROVER;1;true;;30000;16528;468
BASE/cubicup/4wNWJA;ALLOY_TUPLE_PROVER;1;true;;30000;22156;395
BASE/coloredtrails/EZvr7g;ALLOY_TUPLE_PROVER;1;true;;30000;127257;14139
BASE/pentago/86NgKw;ALLOY_TUPLE_PROVER;1;true;;30001;24187;443
STANFORD/multiplesukoshi/vLSQPg;ALLOY_TUPLE_PROVER;1;true;;30003;6980;150
BASE/ticTacToeSerial/Amrwqw;ALLOY_TUPLE_PROVER;1;true;;30000;89352;5872
BASE/sudokuGrade2/u80Tfw;ALLOY_TUPLE_PROVER;1;true;;30001;2834;74
DRESDEN/brain_teaser_extended/ZDp94A;ALLOY_TUPLE_PROVER;1;true;;30000;201335;13422
DRESDEN/endgame/IJhh3Q;ALLOY_TUPLE_PROVER;1;true;;30000;25559;1825
BASE/chinook/XQh0IQ;ALLOY_TUPLE_PROVER;1;true;;30001;28693;984
DRESDEN/backgammon/mqCW0Q;ALLOY_TUPLE_PROVER;1;true;;30001;23675;131
DRESDEN/quad_5x5/JAEP5g;ALLOY_TUPLE_PROVER;1;true;;30001;8274;574
BASE/knightazons/apnJBQ;ALLOY_TUPLE_PROVER;1;true;;30000;16671;253
BASE/knightwar/DVGY4Q;ALLOY_TUPLE_PROVER;1;true;;30000;79919;9340
BASE/gt_attrition/kD_SCA;ALLOY_TUPLE_PROVER;1;true;;30000;178787;35757
BASE/futoshiki5/TJ4BZg;ALLOY_TUPLE_PROVER;1;true;;30000;24476;1793
BASE/nineBoardTicTacToe/wRmqqA;ALLOY_TUPLE_PROVER;1;true;;30001;21079;720
DRESDEN/Runners/3bOCQw;ALLOY_TUPLE_PROVER;1;true;;30000;723224;14760
DRESDEN/hallway/0H4l-Q;ALLOY_TUPLE_PROVER;1;true;;30000;18360;612
BASE/crisscross/ICagEg;ALLOY_TUPLE_PROVER;1;true;;30000;70509;2721
BASE/quartoSuicide/-23jUg;ALLOY_TUPLE_PROVER;1;true;;30000;76546;3296
BASE/nim2/eF2Qqw;ALLOY_TUPLE_PROVER;1;true;;30000;422473;47723
BASE/sheepAndWolf/g4THrg;ALLOY_TUPLE_PROVER;1;true;;30000;46724;1139
BASE/onestep/xi53wA;ALLOY_TUPLE_PROVER;1;true;;30000;1215177;1215177
DRESDEN/nim4/F5YAYg;ALLOY_TUPLE_PROVER;1;true;;30000;342792;25571
DRESDEN/pancakes88/aD3E7g;ALLOY_TUPLE_PROVER;1;true;;30000;688972;17226
DRESDEN/vacuumcleaner_obstacles_3/4NjSmw;ALLOY_TUPLE_PROVER;1;true;;30000;25398;4247
STANFORD/breakthrough/d5j0cQ;ALLOY_TUPLE_PROVER;1;true;;30000;49857;778
BASE/mummymaze1p/PT_EXA;ALLOY_TUPLE_PROVER;1;true;;30000;426610;76365
DRESDEN/checkers/jIDMIg;ALLOY_TUPLE_PROVER;1;true;;30001;13699;136
DRESDEN/chinesecheckers6-simultaneous/gPPGUw;ALLOY_TUPLE_PROVER;1;true;;30000;23824;1035
BASE/sudokuGrade3/eI8dvg;ALLOY_TUPLE_PROVER;1;true;;30008;2829;72
BASE/sudokuGrade6H/ieE_9A;ALLOY_TUPLE_PROVER;1;true;;30001;2737;57
BASE/choicethroughalt/tt71Lg;ALLOY_TUPLE_PROVER;1;true;;30000;30260;758
DRESDEN/circlesolitaire/ruUilQ;ALLOY_TUPLE_PROVER;1;true;;30000;343561;33345
DRESDEN/crissrace/KWb9bw;ALLOY_TUPLE_PROVER;1;true;;30000;46978;1053
BASE/kalaha6x2x4/XS81Mg;ALLOY_TUPLE_PROVER;1;true;;30000;119690;652
BASE/tictactoe-init1/7M19vA;ALLOY_TUPLE_PROVER;1;true;;30000;201240;57602
DRESDEN/Catch-Me-If-You-Can/ghGWrA;ALLOY_TUPLE_PROVER;1;true;;30000;448930;12947
BASE/3pConnectFour/PqXOFQ;ALLOY_TUPLE_PROVER;1;true;;30000;41230;1187
BASE/3pttc/0sol9g;ALLOY_TUPLE_PROVER;1;true;;30000;75489;2605
BASE/blocksWorldSerial/Wyg96Q;ALLOY_TUPLE_PROVER;1;true;;30000;179493;29915
BASE/factoringEasyTurtleBrain/lUj94Q;ALLOY_TUPLE_PROVER;1;true;;30000;197306;3288
DRESDEN/quad/JPe6fg;ALLOY_TUPLE_PROVER;1;true;;30049;293;6
DRESDEN/bidding-tictactoe_10coins/mu5VhQ;ALLOY_TUPLE_PROVER;1;true;;30000;133313;9023
BASE/dualConnect4/WbCQkg;ALLOY_TUPLE_PROVER;1;true;;30000;41300;1333
BASE/wargame01/_GZFZg;ALLOY_TUPLE_PROVER;1;true;;30000;88715;8700
DRESDEN/cube_2x2x2/fp-34Q;ALLOY_TUPLE_PROVER;1;true;;30000;130838;10915
BASE/blocksWorld/SEdXLQ;ALLOY_TUPLE_PROVER;1;true;;30000;451353;150451
BASE/smallest_4player/ADDROA;ALLOY_TUPLE_PROVER;1;true;;30000;191321;8107
BASE/kitten_escapes_from_fire/uW-YiA;ALLOY_TUPLE_PROVER;1;true;;30000;269807;32488
BASE/gt_chicken/gmepTQ;ALLOY_TUPLE_PROVER;1;true;;30000;436649;21832
BASE/colonelBlottoVariant/X-n-KQ;ALLOY_TUPLE_PROVER;1;true;;30000;351555;35155
DRESDEN/uf20-010.cnf.SAT/5ICbCg;ALLOY_TUPLE_PROVER;1;true;;30000;61405;3070
BASE/duplicateStateLarge/dcjyuw;ALLOY_TUPLE_PROVER;1;true;;30000;161030;11502
BASE/brawl/6Ymo_Q;ALLOY_TUPLE_PROVER;1;true;;30002;10295;1029
BASE/untwistycomplex2/EDPPAQ;ALLOY_TUPLE_PROVER;1;true;;30000;851727;121675
BASE/gt_prisoner/klthDw;ALLOY_TUPLE_PROVER;1;true;;30000;462708;23135
DRESDEN/kalaha_2009/gcC8uA;ALLOY_TUPLE_PROVER;1;true;;30000;117651;1402
DRESDEN/aipsrovers01/qS47Mw;ALLOY_TUPLE_PROVER;1;true;;30000;177588;6135
BASE/hitori/S8Gsyg;ALLOY_TUPLE_PROVER;1;true;;30001;9291;94
BASE/ttcc4_2player/_aH_Mw;ALLOY_TUPLE_PROVER;1;true;;30000;41998;1050
DRESDEN/quad_7x7/q-JOXg;ALLOY_TUPLE_PROVER;1;true;;30024;1048;35
DRESDEN/knightstour/cGISAA;ALLOY_TUPLE_PROVER;1;true;;30000;630052;129588
DRESDEN/pentago_2008/hLjVpQ;ALLOY_TUPLE_PROVER;1;true;;30002;23804;437
DRESDEN/satlike_20v_91c_version2/yd9ioQ;ALLOY_TUPLE_PROVER;1;true;;30000;28055;1402
DRESDEN/catch_me/ghGWrA;ALLOY_TUPLE_PROVER;1;true;;30000;443445;12963
DRESDEN/smallest/9kaGFw;ALLOY_TUPLE_PROVER;1;true;;30000;135817;5682
BASE/colonelBlotto/jip21A;ALLOY_TUPLE_PROVER;1;true;;30000;132373;26474
BASE/blockerSerial/3eqDuw;ALLOY_TUPLE_PROVER;1;true;;30000;83208;5259
BASE/lightsOnSimul4/9FeASw;ALLOY_TUPLE_PROVER;1;true;;30000;44714;6916
BASE/stateSpaceLarge/0Ge_CQ;ALLOY_TUPLE_PROVER;1;true;;30000;329308;23522
BASE/2pttc/unkkYA;ALLOY_TUPLE_PROVER;1;true;;30000;82334;2978
STANFORD/pentago/ZxzLmg;ALLOY_TUPLE_PROVER;1;true;;30000;41914;768
DRESDEN/slidingpieces/s9_44g;ALLOY_TUPLE_PROVER;1;true;;30001;23346;288
BASE/snake_2009/7l-qAQ;ALLOY_TUPLE_PROVER;1;true;;30000;44674;2779
BASE/checkers-mustjump-torus/uSApKQ;ALLOY_TUPLE_PROVER;1;true;;30000;11195;254
DRESDEN/kitten_escapes_from_fire/uW-YiA;ALLOY_TUPLE_PROVER;1;true;;30000;265712;31976
BASE/gt_tinfoil/Q8DyKg;ALLOY_TUPLE_PROVER;1;true;;30000;515429;51542
BASE/othelloHoles/c0qAzw;ALLOY_TUPLE_PROVER;1;true;;30046;803;14
DRESDEN/snake_2009/zIYLVw;ALLOY_TUPLE_PROVER;1;true;;30000;45283;2795
BASE/quad_7x7/q-JOXg;ALLOY_TUPLE_PROVER;1;true;;30844;916;30
BASE/duplicateStateSmall/bCPAXw;ALLOY_TUPLE_PROVER;1;true;;30000;531960;132990
DRESDEN/lightsout/XgLpzQ;ALLOY_TUPLE_PROVER;1;true;;30000;67391;3369
DRESDEN/breakthroughsuicide/Y9QzqQ;ALLOY_TUPLE_PROVER;1;true;;30000;43517;670
DRESDEN/tictactoelargesuicide/6J4DeA;ALLOY_TUPLE_PROVER;1;true;;30000;97882;4128
DRESDEN/Zhadu/9zpQ5w;ALLOY_TUPLE_PROVER;1;true;;30003;6723;180
BASE/cephalopodMicro/9l2D3g;ALLOY_TUPLE_PROVER;1;true;;30005;3526;80
STANFORD/tictactoe3/X7myng;ALLOY_TUPLE_PROVER;1;true;;30000;191882;71915
BASE/doubletoetictac/fu35bg;ALLOY_TUPLE_PROVER;1;true;;30000;101784;12205
BASE/kalaha_2009/dRiN3g;ALLOY_TUPLE_PROVER;1;true;;30000;120344;1436
BASE/factoringImpossibleTurtleBrain/kcBhdw;ALLOY_TUPLE_PROVER;1;true;;30002;1228;14
DRESDEN/tictactoeparallel/yk_DSg;ALLOY_TUPLE_PROVER;1;true;;30000;86023;12425
DRESDEN/ghostmaze2p/HY0UwA;ALLOY_TUPLE_PROVER;1;true;;30000;330865;6836
DRESDEN/blobwars/ZaMluQ;ALLOY_TUPLE_PROVER;1;true;;30002;17412;435
BASE/connectFourSuicide/c8p9Kw;ALLOY_TUPLE_PROVER;1;true;;30000;62939;2803
BASE/quad_5x5/JAEP5g;ALLOY_TUPLE_PROVER;1;true;;30000;8557;590
BASE/colonelBlottoVariant2/jruwGw;ALLOY_TUPLE_PROVER;1;true;;30000;334556;67018
DRESDEN/javastrike/whONTQ;ALLOY_TUPLE_PROVER;1;true;;30000;21273;43
DRESDEN/peg_bugfixed/u_B7MA;ALLOY_TUPLE_PROVER;1;true;;30000;41952;1724
BASE/twisty-passages/DiZmmg;ALLOY_TUPLE_PROVER;1;true;;30000;190264;956
DRESDEN/checkers-suicide-cylinder-mustjump/L2BYWg;ALLOY_TUPLE_PROVER;1;true;;30000;11933;266
BASE/coins_atomic/AA3SSw;ALLOY_TUPLE_PROVER;1;true;;30000;40678;16251
BASE/connect5/d-BVQg;ALLOY_TUPLE_PROVER;1;true;;30001;26162;574
BASE/pancakes/yUgbXw;ALLOY_TUPLE_PROVER;1;true;;30000;818581;20620
DRESDEN/tictactoe/BTTzPw;ALLOY_TUPLE_PROVER;1;true;;30000;211282;27689
BASE/sudokuGrade5/BQfUQA;ALLOY_TUPLE_PROVER;1;true;;30006;2853;74
BASE/pawnToQueen/-O1_JA;ALLOY_TUPLE_PROVER;1;true;;30004;2878;219
DRESDEN/laikLee_hex/ZeP3QQ;ALLOY_TUPLE_PROVER;1;false;Exception of type StackOverflowError;0;0;0
BASE/4pffa/Q3ADlg;ALLOY_TUPLE_PROVER;1;true;;30000;66909;1672
BASE/zhadu/DlA8iQ;ALLOY_TUPLE_PROVER;1;true;;30011;1644;42
DRESDEN/connect5/1kYzSg;ALLOY_TUPLE_PROVER;1;true;;30000;25943;560
BASE/2pffa_zerosum/o0_uZA;ALLOY_TUPLE_PROVER;1;true;;30000;85317;2843
BASE/pacman3p/wW7UVQ;ALLOY_TUPLE_PROVER;1;true;;30000;91866;1819
BASE/blocks2player/wnTLOQ;ALLOY_TUPLE_PROVER;1;true;;30000;301580;16754
DRESDEN/minichess/c7GMFw;ALLOY_TUPLE_PROVER;1;true;;30000;77803;8798
DRESDEN/frogs_and_toads/GjchhQ;ALLOY_TUPLE_PROVER;1;true;;30000;56197;484
DRESDEN/3pffa/0YrmQw;ALLOY_TUPLE_PROVER;1;true;;30000;89311;2977
DRESDEN/skirmish/RjGQYQ;ALLOY_TUPLE_PROVER;1;true;;30001;23974;599
BASE/buttons/hTcUjw;ALLOY_TUPLE_PROVER;1;true;;30000;738121;123020
BASE/checkersBarrelNoKings/rnKNeg;ALLOY_TUPLE_PROVER;1;true;;30000;50386;776
DRESDEN/tictactoe_3d_small_6player/llDEDQ;ALLOY_TUPLE_PROVER;1;true;;30000;34996;979
STANFORD/tictactoe/ss1kyQ;ALLOY_TUPLE_PROVER;1;true;;30000;203661;26678
BASE/gt_two_thirds_2p/1APDGg;ALLOY_TUPLE_PROVER;1;true;;30000;131048;131048
DRESDEN/vacuumcleaner_obstacles_1/CqS-7A;ALLOY_TUPLE_PROVER;1;true;;30000;242004;40390
BASE/hex/T1MK8g;ALLOY_TUPLE_PROVER;1;true;;30000;17870;252
BASE/amazonsTorus_10x10/Uxc08g;ALLOY_TUPLE_PROVER;1;true;;30001;23384;152
DRESDEN/bunk_t/7-tPfA;ALLOY_TUPLE_PROVER;1;true;;30000;101324;12170
DRESDEN/Travelers-Dilemma/PvZwYw;ALLOY_TUPLE_PROVER;1;true;;30000;668639;66863
DRESDEN/lightson2x2/gBHuig;ALLOY_TUPLE_PROVER;1;true;;30000;242467;24246
BASE/racer/QQYQNw;ALLOY_TUPLE_PROVER;1;true;;30000;100012;7314
BASE/ticTacToe/JRFsaQ;ALLOY_TUPLE_PROVER;1;true;;30000;207222;27201
STANFORD/connectfour/VMpZkQ;ALLOY_TUPLE_PROVER;1;true;;30000;63179;2817
BASE/checkers-cylinder-mustjump/rjr6qQ;ALLOY_TUPLE_PROVER;1;true;;30001;12098;272
DRESDEN/tictactoelarge/IwXcbg;ALLOY_TUPLE_PROVER;1;true;;30000;98495;4143
BASE/skirmishFinal2/gdB62Q;ALLOY_TUPLE_PROVER;1;true;;30003;8238;139
BASE/minichess-evilconjuncts/4OpQzw;ALLOY_TUPLE_PROVER;1;true;;30000;14393;1629
BASE/gt_centipede/9fRMpw;ALLOY_TUPLE_PROVER;1;true;;30000;517225;258585
DRESDEN/troublemaker01/C-lPWw;ALLOY_TUPLE_PROVER;1;true;;30000;988787;330041
BASE/amazonsSuicide/dE1QEQ;ALLOY_TUPLE_PROVER;1;true;;30005;483;6
BASE/breakthroughSmall/HJ0tIA;ALLOY_TUPLE_PROVER;1;true;;30000;45803;1650
DRESDEN/nim3/sG_axA;ALLOY_TUPLE_PROVER;1;true;;30000;340346;25714
BASE/wargame03/klXI8w;ALLOY_TUPLE_PROVER;1;true;;30000;76685;11949
DRESDEN/skirmish3/3LU8Nw;ALLOY_TUPLE_PROVER;1;true;;30000;24257;606
DRESDEN/chinesecheckers1/Y-ftaA;ALLOY_TUPLE_PROVER;1;true;;30000;107474;3772
BASE/pentagoSuicide/SBgNhw;ALLOY_TUPLE_PROVER;1;true;;30000;24886;450
BASE/circlesolitaire/azuQFQ;ALLOY_TUPLE_PROVER;1;true;;30000;336053;32578
DRESDEN/connect4/T0-rHQ;ALLOY_TUPLE_PROVER;1;true;;30000;31872;1519
STANFORD/alquerquezero/uVgA_A;ALLOY_TUPLE_PROVER;1;true;;30000;53706;1851
DRESDEN/god/2EDD5w;ALLOY_TUPLE_PROVER;1;true;;30002;8323;401
BASE/strangeSkirmish/gc1zKA;ALLOY_TUPLE_PROVER;1;true;;30003;5065;51
DRESDEN/snake_2009_big/DgC1NQ;ALLOY_TUPLE_PROVER;1;true;;30000;38275;2130
DRESDEN/hanoi7_bugfix/3gdnFw;ALLOY_TUPLE_PROVER;1;true;;30000;337303;2655
BASE/gt_ultimatum/GE-uOA;ALLOY_TUPLE_PROVER;1;true;;30000;368185;18409
DRESDEN/coins/QwFP9w;ALLOY_TUPLE_PROVER;1;true;;30000;41897;16714
BASE/pancakes6/QZTdnw;ALLOY_TUPLE_PROVER;1;true;;30000;862863;21741
BASE/escortLatch/mX9BjQ;ALLOY_TUPLE_PROVER;1;true;;30000;46473;790
DRESDEN/merrills/aYEzwA;ALLOY_TUPLE_PROVER;1;true;;30001;16972;282
DRESDEN/tttcc4/sAvtFg;ALLOY_TUPLE_PROVER;2;true;;30000;39407;1397
DRESDEN/connect5/1kYzSg;ALLOY_TUPLE_PROVER;2;true;;30000;25767;564
BASE/troublemaker01/s3tlEQ;ALLOY_TUPLE_PROVER;2;true;;30000;959465;319771
BASE/choicethroughalt/tt71Lg;ALLOY_TUPLE_PROVER;2;true;;30000;30444;781
DRESDEN/kitten_escapes_from_fire/uW-YiA;ALLOY_TUPLE_PROVER;2;true;;30000;270609;32600
BASE/troublemaker02/DI83KA;ALLOY_TUPLE_PROVER;2;true;;30000;887119;295620
BASE/knightazons/apnJBQ;ALLOY_TUPLE_PROVER;2;true;;30001;16737;253
BASE/kitten_escapes_from_fire/uW-YiA;ALLOY_TUPLE_PROVER;2;true;;30000;274182;33069
BASE/lightsOnSimul4/9FeASw;ALLOY_TUPLE_PROVER;2;true;;30000;44222;6904
DRESDEN/4pttc/9pB9AQ;ALLOY_TUPLE_PROVER;2;true;;30000;67896;2153
BASE/blockerSerial/3eqDuw;ALLOY_TUPLE_PROVER;2;true;;30000;86516;5486
DRESDEN/skirmish/RjGQYQ;ALLOY_TUPLE_PROVER;2;true;;30000;24020;600
BASE/3pConnectFour/PqXOFQ;ALLOY_TUPLE_PROVER;2;true;;30000;41095;1174
BASE/nim1/hin2Qw;ALLOY_TUPLE_PROVER;2;true;;30000;459070;66965
BASE/gt_attrition/kD_SCA;ALLOY_TUPLE_PROVER;2;true;;30000;180368;36073
BASE/tictactoe-init1/7M19vA;ALLOY_TUPLE_PROVER;2;true;;30000;203777;58110
DRESDEN/pancakes6/SZXMyQ;ALLOY_TUPLE_PROVER;2;true;;30000;872867;22020
BASE/factoringEasyTurtleBrain/lUj94Q;ALLOY_TUPLE_PROVER;2;true;;30000;197823;3297
DRESDEN/Thief_Police/CX18rA;ALLOY_TUPLE_PROVER;2;true;;30000;449059;13245
DRESDEN/checkers-cylinder-mustjump/vW_-pA;ALLOY_TUPLE_PROVER;2;true;;30000;12282;274
DRESDEN/skirmish2/iPpWhQ;ALLOY_TUPLE_PROVER;2;true;;30000;24850;621
DRESDEN/3pffa/0YrmQw;ALLOY_TUPLE_PROVER;2;true;;30000;89140;2971
BASE/checkers-mustjump-torus/uSApKQ;ALLOY_TUPLE_PROVER;2;true;;30001;10984;252
BASE/gt_tinfoil/Q8DyKg;ALLOY_TUPLE_PROVER;2;true;;30000;528625;52862
BASE/stateSpaceLarge/0Ge_CQ;ALLOY_TUPLE_PROVER;2;true;;30000;348966;24926
DRESDEN/doubletictactoe/lJzgmQ;ALLOY_TUPLE_PROVER;2;true;;30000;102009;12244
BASE/sudokuGrade6H/ieE_9A;ALLOY_TUPLE_PROVER;2;true;;30001;2789;59
DRESDEN/bunk_t/7-tPfA;ALLOY_TUPLE_PROVER;2;true;;30000;102368;12276
BASE/mummymaze2p/vpjDdA;ALLOY_TUPLE_PROVER;2;true;;30000;313758;6373
DRESDEN/minichess/c7GMFw;ALLOY_TUPLE_PROVER;2;true;;30000;75562;8545
BASE/nineBoardTicTacToePie/B8LzeQ;ALLOY_TUPLE_PROVER;2;true;;30001;19936;677
STANFORD/knightstour/cEwgNA;ALLOY_TUPLE_PROVER;2;true;;30000;649269;133608
STANFORD/dualrainbow/G3OnRQ;ALLOY_TUPLE_PROVER;2;true;;30000;223568;37261
BASE/tictactoe_3d_small_6player/g_9lww;ALLOY_TUPLE_PROVER;2;true;;30000;34567;975
DRESDEN/pawn_whopping/4ogBkg;ALLOY_TUPLE_PROVER;2;true;;30000;49866;1363
BASE/numbertictactoe/rvJ-iQ;ALLOY_TUPLE_PROVER;2;true;;30000;125301;15552
DRESDEN/3qbf-5cnf-20var-40cl.1.qdimacs.SAT/2034pg;ALLOY_TUPLE_PROVER;2;true;;30000;67722;1164
DRESDEN/skirmishfinal/hzq8ww;ALLOY_TUPLE_PROVER;2;true;;30001;8073;136
DRESDEN/fizzbuzz/t1xHzQ;ALLOY_TUPLE_PROVER;2;true;;30000;937977;31265
BASE/sudokuGrade4/DTy07w;ALLOY_TUPLE_PROVER;2;true;;30000;2858;72
DRESDEN/sum15/CsgWKg;ALLOY_TUPLE_PROVER;2;true;;30000;233334;30569
BASE/blocksWorld/SEdXLQ;ALLOY_TUPLE_PROVER;2;true;;30000;448998;149666
DRESDEN/snake_2009_big/DgC1NQ;ALLOY_TUPLE_PROVER;2;true;;30000;37521;2142
DRESDEN/uf20-010.cnf.SAT.satlike/g7LF6g;ALLOY_TUPLE_PROVER;2;true;;30000;25702;1285
BASE/4pffa/Q3ADlg;ALLOY_TUPLE_PROVER;2;true;;30000;64166;1604
DRESDEN/eotcatcit/mQUxzA;ALLOY_TUPLE_PROVER;2;true;;30000;196588;25769
DRESDEN/troublemaker01/C-lPWw;ALLOY_TUPLE_PROVER;2;true;;30000;973140;324491
BASE/beatMania/qUHwvQ;ALLOY_TUPLE_PROVER;2;true;;30000;253017;4216
DRESDEN/tictactoe-init1/3ltIBQ;ALLOY_TUPLE_PROVER;2;true;;30000;206397;58983
BASE/othelloHoles/c0qAzw;ALLOY_TUPLE_PROVER;2;true;;30021;775;13
DRESDEN/grid_game2/kypTYQ;ALLOY_TUPLE_PROVER;2;true;;30001;15734;321
BASE/tictactoe_3d_6player/d7KSwg;ALLOY_TUPLE_PROVER;2;true;;30002;13463;134
DRESDEN/coins/QwFP9w;ALLOY_TUPLE_PROVER;2;true;;30000;42374;16974
BASE/connectFourSuicide/c8p9Kw;ALLOY_TUPLE_PROVER;2;true;;30000;64205;2856
DRESDEN/oisters_farm/pTQMLg;ALLOY_TUPLE_PROVER;2;true;;30000;393960;8040
BASE/peg/fJHVWw;ALLOY_TUPLE_PROVER;2;true;;30000;41659;1710
DRESDEN/chomp/-LcqYQ;ALLOY_TUPLE_PROVER;2;true;;30000;142072;20183
BASE/dotsAndBoxesSuicide/jzQbLw;ALLOY_TUPLE_PROVER;2;true;;30000;45820;763
DRESDEN/checkers-mustjump-torus/cVc3gA;ALLOY_TUPLE_PROVER;2;true;;30001;11438;257
DRESDEN/quarto/OQzRYQ;ALLOY_TUPLE_PROVER;2;true;;30000;75359;3226
BASE/point_grab/r5DPmQ;ALLOY_TUPLE_PROVER;2;true;;30000;641578;21385
BASE/skirmishNew/sibw2g;ALLOY_TUPLE_PROVER;2;true;;30001;18779;187
STANFORD/checkersonabarrelnokings/Zrevdw;ALLOY_TUPLE_PROVER;2;true;;30000;44611;916
BASE/gt_dollar/TGjqRw;ALLOY_TUPLE_PROVER;2;true;;30000;363658;182055
BASE/quad/tw-Ufg;ALLOY_TUPLE_PROVER;2;true;;90924;54;1
BASE/duplicateStateLarge/dcjyuw;ALLOY_TUPLE_PROVER;2;true;;30000;165409;11814
DRESDEN/tictactoe_orthogonal/y69QFQ;ALLOY_TUPLE_PROVER;2;true;;30000;227791;28455
BASE/incredible/8Qh-6Q;ALLOY_TUPLE_PROVER;2;true;;30000;175229;9223
BASE/brawl/6Ymo_Q;ALLOY_TUPLE_PROVER;2;true;;30000;10424;1042
DRESDEN/crissrace/KWb9bw;ALLOY_TUPLE_PROVER;2;true;;30000;46349;1035
BASE/sudokuGrade3/eI8dvg;ALLOY_TUPLE_PROVER;2;true;;30003;2788;71
BASE/gt_chicken/gmepTQ;ALLOY_TUPLE_PROVER;2;true;;30000;443822;22191
DRESDEN/tictactoe_3player/ESLQQQ;ALLOY_TUPLE_PROVER;2;true;;30000;59944;2932
DRESDEN/battlebrushes/QHXV4A;ALLOY_TUPLE_PROVER;2;true;;30007;8360;440
DRESDEN/chickentictactoe/Ipbo-g;ALLOY_TUPLE_PROVER;2;true;;30000;175718;24727
DRESDEN/stratego/Z2wovg;ALLOY_TUPLE_PROVER;2;true;;30000;44779;1084
DRESDEN/Catch-Me-If-You-Can/ghGWrA;ALLOY_TUPLE_PROVER;2;true;;30006;437789;12789
BASE/cylinder-checkers/hlldmw;ALLOY_TUPLE_PROVER;2;true;;30000;12024;122
DRESDEN/slidingpieces/s9_44g;ALLOY_TUPLE_PROVER;2;true;;30001;23273;287
DRESDEN/pawn_whopping_simultaneous/r8dLfw;ALLOY_TUPLE_PROVER;2;true;;30000;43684;2414
STANFORD/pilgrimage/ObRZnQ;ALLOY_TUPLE_PROVER;2;true;;30000;44626;608
BASE/tictactoe_orthogonal/WRzlVw;ALLOY_TUPLE_PROVER;2;true;;30000;233214;29127
BASE/kalaha_2009/dRiN3g;ALLOY_TUPLE_PROVER;2;true;;30000;119039;1427
DRESDEN/statespacesmall/h-NqjA;ALLOY_TUPLE_PROVER;2;true;;30000;692281;173070
BASE/amazons/RKKZjw;ALLOY_TUPLE_PROVER;2;true;;30044;435;6
DRESDEN/god/2EDD5w;ALLOY_TUPLE_PROVER;2;true;;30000;8364;383
STANFORD/ttcc4/Cx9SGw;ALLOY_TUPLE_PROVER;2;true;;30000;46942;868
DRESDEN/sheep_and_wolf/enAIzQ;ALLOY_TUPLE_PROVER;2;true;;30000;47234;1159
STANFORD/pentago/ZxzLmg;ALLOY_TUPLE_PROVER;2;true;;30000;42272;773
BASE/slaughter/cOch8A;ALLOY_TUPLE_PROVER;2;true;;30007;4651;25
BASE/checkers-newgoals/0XkFiA;ALLOY_TUPLE_PROVER;2;true;;30000;13799;141
DRESDEN/tictactoex9/rFkD4w;ALLOY_TUPLE_PROVER;2;true;;30000;29723;1003
BASE/eotcatcit/AfZSzA;ALLOY_TUPLE_PROVER;2;true;;30000;195426;25617
BASE/snake_2009_big/-oRfVw;ALLOY_TUPLE_PROVER;2;true;;30000;37648;2105
BASE/hallway/ckCJOw;ALLOY_TUPLE_PROVER;2;true;;30000;18492;616
DRESDEN/point_grab/r5DPmQ;ALLOY_TUPLE_PROVER;2;true;;30000;640230;21341
STANFORD/multiplesukoshi/vLSQPg;ALLOY_TUPLE_PROVER;2;true;;30002;6894;146
BASE/chomp/-LcqYQ;ALLOY_TUPLE_PROVER;2;true;;30000;144606;20594
BASE/blocksWorldParallel/RseaAQ;ALLOY_TUPLE_PROVER;2;true;;30000;42503;14167
DRESDEN/bidding-tictactoe/yW5vTA;ALLOY_TUPLE_PROVER;2;true;;30000;148785;10110
BASE/ticblock/T21C1g;ALLOY_TUPLE_PROVER;2;true;;30000;125237;7570
BASE/sudokuGrade2/u80Tfw;ALLOY_TUPLE_PROVER;2;true;;30002;2856;74
DRESDEN/hanoi7/51zz5Q;ALLOY_TUPLE_PROVER;2;true;;30000;341767;2691
STANFORD/threepuzzle/41ibjA;ALLOY_TUPLE_PROVER;2;true;;30000;495171;82528
STANFORD/skirmish/w4V6Vw;ALLOY_TUPLE_PROVER;2;true;;30002;4967;50
BASE/tpeg/QNs7Lw;ALLOY_TUPLE_PROVER;2;true;;30000;45441;3744
STANFORD/tictactoe7/-bE9-A;ALLOY_TUPLE_PROVER;2;true;;30000;205002;36907
BASE/knightwar/DVGY4Q;ALLOY_TUPLE_PROVER;2;true;;30000;82371;9651
BASE/quartoSuicide/-23jUg;ALLOY_TUPLE_PROVER;2;true;;30000;74740;3196
DRESDEN/blocker/S815zQ;ALLOY_TUPLE_PROVER;2;true;;30000;192665;24454
BASE/chickentoetictac/l57rfQ;ALLOY_TUPLE_PROVER;2;true;;30000;246969;34780
DRESDEN/chinesecheckers4/-oVNYg;ALLOY_TUPLE_PROVER;2;true;;30000;42170;731
BASE/pentago/86NgKw;ALLOY_TUPLE_PROVER;2;true;;30000;23589;435
BASE/mummymaze1p/PT_EXA;ALLOY_TUPLE_PROVER;2;true;;30000;467733;83359
BASE/connectFour/WAIKTw;ALLOY_TUPLE_PROVER;2;true;;30000;65730;2940
DRESDEN/battlesnakes2011/93VtTw;ALLOY_TUPLE_PROVER;2;true;;30000;69628;2148
BASE/amazonsSuicide_10x10/XIbQkg;ALLOY_TUPLE_PROVER;2;true;;30000;30691;226
DRESDEN/tictactoe_3d_small_6player/llDEDQ;ALLOY_TUPLE_PROVER;2;true;;30000;34082;948
BASE/factoringMutuallyAssuredDestruction/NH0LGg;ALLOY_TUPLE_PROVER;2;true;;30000;194224;9711
STANFORD/selectivesukoshi/3xmXYg;ALLOY_TUPLE_PROVER;2;true;;30002;6655;233
DRESDEN/snake_2009/zIYLVw;ALLOY_TUPLE_PROVER;2;true;;30000;44509;2793
DRESDEN/hitori/S8Gsyg;ALLOY_TUPLE_PROVER;2;true;;30004;9149;95
BASE/ticTacToeLargeSuicide/727_8g;ALLOY_TUPLE_PROVER;2;true;;30000;96126;4045
DRESDEN/peg/Vo31eg;ALLOY_TUPLE_PROVER;2;true;;30000;41421;1702
DRESDEN/quartosuicide/WIU1oQ;ALLOY_TUPLE_PROVER;2;true;;30000;78006;3341
DRESDEN/uf20-01.cnf.SAT/42Rs8A;ALLOY_TUPLE_PROVER;2;true;;30000;65598;3279
BASE/sum15/QZ07Kg;ALLOY_TUPLE_PROVER;2;true;;30000;236052;30917
BASE/queens31lg/0gID-A;ALLOY_TUPLE_PROVER;2;true;;30021;557;21
DRESDEN/max_knights/hCipiA;ALLOY_TUPLE_PROVER;2;true;;30000;64132;12161
BASE/asteroidsSerial/id2QkA;ALLOY_TUPLE_PROVER;2;true;;30000;150261;1621
DRESDEN/capture_the_king/EQ229Q;ALLOY_TUPLE_PROVER;2;true;;30003;8775;140
BASE/chinook/XQh0IQ;ALLOY_TUPLE_PROVER;2;true;;30000;29156;1003
BASE/skirmishZeroSum/zh4hcw;ALLOY_TUPLE_PROVER;2;true;;30000;17864;178
BASE/breakthroughWalls/vOZaYA;ALLOY_TUPLE_PROVER;2;true;;30000;28412;450
BASE/snake_2008/i6K26g;ALLOY_TUPLE_PROVER;2;true;;30000;45727;2858
STANFORD/tictactoe5/WFRReg;ALLOY_TUPLE_PROVER;2;true;;30000;197857;54386
BASE/alexChess/LNo83g;ALLOY_TUPLE_PROVER;2;true;;30021;1406;7
DRESDEN/ghostmaze2p/HY0UwA;ALLOY_TUPLE_PROVER;2;true;;30000;321338;6643
STANFORD/knightstourmedium/x1wu8Q;ALLOY_TUPLE_PROVER;2;true;;30000;651503;163147
BASE/toetictac/mTThmg;ALLOY_TUPLE_PROVER;2;true;;30000;269418;35353
BASE/knightmove/jBaJEw;ALLOY_TUPLE_PROVER;2;true;;30000;86307;2447
BASE/cubicup/4wNWJA;ALLOY_TUPLE_PROVER;2;true;;30000;22118;394
DRESDEN/javastrike/whONTQ;ALLOY_TUPLE_PROVER;2;true;;30000;21696;44
DRESDEN/tictactoe_3d_small_2player/HYttcg;ALLOY_TUPLE_PROVER;2;true;;30000;49011;3980
BASE/battle/8oAvhQ;ALLOY_TUPLE_PROVER;2;true;;30007;3124;104
BASE/lightsOnSimultaneous/_VN6lw;ALLOY_TUPLE_PROVER;2;true;;30000;61323;4069
BASE/breakthrough/TGxk-g;ALLOY_TUPLE_PROVER;2;true;;30000;28643;446
BASE/3pffa/pR0dzA;ALLOY_TUPLE_PROVER;2;true;;30000;76336;2544
BASE/colonelBlottoVariant/X-n-KQ;ALLOY_TUPLE_PROVER;2;true;;30000;356658;35665
BASE/bomberman2p/4CClwA;ALLOY_TUPLE_PROVER;2;true;;30000;314817;40350
DRESDEN/smallest/9kaGFw;ALLOY_TUPLE_PROVER;2;true;;30000;137690;5766
BASE/amazons_8x8/7SOsIw;ALLOY_TUPLE_PROVER;2;true;;30000;39420;432
BASE/connectFourSimultaneous/7ITr3g;ALLOY_TUPLE_PROVER;2;true;;30000;31258;1777
BASE/breakthroughHoles/nZk0Sg;ALLOY_TUPLE_PROVER;2;true;;30000;39602;636
DRESDEN/satlike_20v_91c_version2/yd9ioQ;ALLOY_TUPLE_PROVER;2;true;;30003;27940;1397
DRESDEN/checkers-suicide-cylinder-mustjump/L2BYWg;ALLOY_TUPLE_PROVER;2;true;;30001;12275;273
DRESDEN/tictictoe/LAUtwg;ALLOY_TUPLE_PROVER;2;true;;30000;132791;26472
BASE/doubletictactoe/HH1htg;ALLOY_TUPLE_PROVER;2;true;;30000;103723;12439
DRESDEN/2player_normal_form_2010/NG_Kdg;ALLOY_TUPLE_PROVER;2;true;;30000;892865;892865
DRESDEN/connectfoursuicide/M9CNQg;ALLOY_TUPLE_PROVER;2;true;;30000;64383;2878
DRESDEN/CephalopodMicro/H3XQfg;ALLOY_TUPLE_PROVER;2;true;;30008;3508;80
STANFORD/sukoshi/4LYZZQ;ALLOY_TUPLE_PROVER;2;true;;30000;139202;25623
DRESDEN/gt_chicken/CeuKtw;ALLOY_TUPLE_PROVER;2;true;;30000;431638;21581
BASE/ticTicToe/c1OobQ;ALLOY_TUPLE_PROVER;2;true;;30000;128429;25548
DRESDEN/sat_test_20v_91c/dK7nVw;ALLOY_TUPLE_PROVER;2;true;;30000;63314;3165
BASE/slidingpieces/uFJWEw;ALLOY_TUPLE_PROVER;2;true;;30000;23267;287
BASE/simultaneousWin2/PfjRjw;ALLOY_TUPLE_PROVER;2;true;;30000;51511;875
BASE/othelloSuicide/B442jg;ALLOY_TUPLE_PROVER;2;true;;30025;683;11
BASE/knightsTourLarge/M8jgLA;ALLOY_TUPLE_PROVER;2;true;;30000;585175;97305
STANFORD/multiplebuttonsandlights_9/SqB9BA;ALLOY_TUPLE_PROVER;2;true;;30000;550712;91786
BASE/snake2p/I3wWPQ;ALLOY_TUPLE_PROVER;2;true;;30000;28387;21337
BASE/chineseCheckers4/avfBcQ;ALLOY_TUPLE_PROVER;2;true;;30000;73521;1275
DRESDEN/tpeg/h-Scbg;ALLOY_TUPLE_PROVER;2;true;;30000;45017;3683
DRESDEN/pancakes/hl9aiQ;ALLOY_TUPLE_PROVER;2;true;;30000;855128;21563
BASE/chineseCheckers3/-1rZdQ;ALLOY_TUPLE_PROVER;2;true;;30000;141000;2610
DRESDEN/3pttc/uwYBZw;ALLOY_TUPLE_PROVER;2;true;;30000;83667;2861
BASE/bunk_t/xbpfIA;ALLOY_TUPLE_PROVER;2;true;;30000;102117;12223
BASE/skirmishFinal2/gdB62Q;ALLOY_TUPLE_PROVER;2;true;;30002;7976;135
DRESDEN/firefighter/WJmoPw;ALLOY_TUPLE_PROVER;2;true;;30000;249690;5617
STANFORD/duidoku/3SoMaA;ALLOY_TUPLE_PROVER;2;true;;30005;2555;62
STANFORD/bestbuttonsandlights/nm0wEA;ALLOY_TUPLE_PROVER;2;true;;30000;497754;82959
BASE/gt_centipede/9fRMpw;ALLOY_TUPLE_PROVER;2;true;;30000;507355;254380
DRESDEN/ggp-course2013_nicolai/uEin8g;ALLOY_TUPLE_PROVER;2;true;;30002;10594;331
BASE/tictactoe2/bhrDoQ;ALLOY_TUPLE_PROVER;2;true;;30000;203200;26638
DRESDEN/hanoi_6_disks/MeubgQ;ALLOY_TUPLE_PROVER;2;true;;30000;283275;79340
BASE/stateSpaceSmall/Q7osKA;ALLOY_TUPLE_PROVER;2;true;;30000;667996;166999
DRESDEN/logistics/fPru1Q;ALLOY_TUPLE_PROVER;2;true;;30000;100186;2003
DRESDEN/sat_test_20v_91c_version2/a1mPBA;ALLOY_TUPLE_PROVER;2;true;;30000;61875;3093
BASE/gt_two_thirds_6p/867v3Q;ALLOY_TUPLE_PROVER;2;true;;30000;42086;42086
STANFORD/chinook/osFbPA;ALLOY_TUPLE_PROVER;2;true;;30001;26300;657
DRESDEN/ggp-course2013_jordi/9QI6Kw;ALLOY_TUPLE_PROVER;2;true;;30001;12796;399
DRESDEN/vacuumcleaner_random/_6AGDA;ALLOY_TUPLE_PROVER;2;true;;30000;176358;29438
BASE/asteroidsParallel/WauZiA;ALLOY_TUPLE_PROVER;2;true;;30000;174524;3949
DRESDEN/twisty-passages/j7NPyg;ALLOY_TUPLE_PROVER;2;true;;30000;189316;951
DRESDEN/grid_game/U7_Yeg;ALLOY_TUPLE_PROVER;2;true;;30000;70547;1992
DRESDEN/vacuumcleaner_obstacles_6/NVwsZw;ALLOY_TUPLE_PROVER;2;true;;30000;26271;4344
BASE/sudoku/NTaNkw;ALLOY_TUPLE_PROVER;2;true;;30003;8217;101
BASE/othello-comp2007/86ZoMw;ALLOY_TUPLE_PROVER;2;true;;30059;706;11
BASE/tron_10x10/7ZTgDg;ALLOY_TUPLE_PROVER;2;true;;30000;132327;44128
BASE/blockerParallel/7-nDJA;ALLOY_TUPLE_PROVER;2;true;;30000;38799;5569
BASE/strangeSkirmish/gc1zKA;ALLOY_TUPLE_PROVER;2;true;;30005;5067;51
BASE/skirmishFinal1/ecWTnQ;ALLOY_TUPLE_PROVER;2;true;;30001;8047;136
BASE/wargame03/klXI8w;ALLOY_TUPLE_PROVER;2;true;;30000;78345;12286
BASE/skirmishFinal3/-Olhfw;ALLOY_TUPLE_PROVER;2;true;;30001;8631;146
DRESDEN/nim2/z5_exA;ALLOY_TUPLE_PROVER;2;true;;30000;434711;49148
BASE/breakthroughSmallHoles/bxclRw;ALLOY_TUPLE_PROVER;2;true;;30000;50567;1965
DRESDEN/chinesecheckers3/QsCb2A;ALLOY_TUPLE_PROVER;2;true;;30000;63761;1183
BASE/coins/QnGtnQ;ALLOY_TUPLE_PROVER;2;true;;30000;42042;16806
BASE/four_way_battle/xSOQXA;ALLOY_TUPLE_PROVER;2;true;;30003;10304;337
DRESDEN/small_dominion/yB5GJA;ALLOY_TUPLE_PROVER;2;true;;30003;3325;110
DRESDEN/gt_prisoner/huCp4w;ALLOY_TUPLE_PROVER;2;true;;30000;447867;22393
STANFORD/triplesukoshi/Iu9mbA;ALLOY_TUPLE_PROVER;2;true;;30000;42388;6055
DRESDEN/doubletoetictac/V89gKQ;ALLOY_TUPLE_PROVER;2;true;;30000;104946;12567
DRESDEN/pawn_whopping_corrected/7Ov0jQ;ALLOY_TUPLE_PROVER;2;true;;30000;47105;1372
STANFORD/breakthroughsmall/HM0s5w;ALLOY_TUPLE_PROVER;2;false;GameDescriptionException: Goal is poorly defined for white in [( true ( cell 1 4 black ) ), ( true ( cell 1 6 black ) ), ( true ( cell 2 2 white ) ), ( true ( cell 2 3 black ) ), ( true ( cell 2 4 black ) ), ( true ( cell 3 2 white ) ), ( true ( cell 3 3 black ) ), ( true ( cell 4 4 white ) ), ( true ( cell 5 4 white ) ), ( true ( cell 6 1 white ) ), ( true ( cell 6 2 white ) ), ( true ( cell 6 6 white ) ), ( true ( control black ) )];0;0;0
BASE/gt_two_thirds_2p/1APDGg;ALLOY_TUPLE_PROVER;2;true;;30000;126606;126606
DRESDEN/vacuumcleaner_obstacles_2/Y-R7tA;ALLOY_TUPLE_PROVER;2;true;;30000;236369;39207
BASE/factoringMediumTurtleBrain/8RBqmQ;ALLOY_TUPLE_PROVER;2;true;;30000;58232;693
DRESDEN/Goldrush/VeWczQ;ALLOY_TUPLE_PROVER;2;true;;30000;51750;6941
DRESDEN/chinesecheckers2/06E6-Q;ALLOY_TUPLE_PROVER;2;true;;30000;75715;2002
DRESDEN/satlike_20v_91c/yeuENQ;ALLOY_TUPLE_PROVER;2;true;;30015;27020;1351
BASE/zhadu/DlA8iQ;ALLOY_TUPLE_PROVER;2;true;;30002;1652;46
BASE/chineseCheckers2/eCMR3Q;ALLOY_TUPLE_PROVER;2;true;;30000;167294;4425
DRESDEN/minichess-evilconjuncts/th24Tw;ALLOY_TUPLE_PROVER;2;true;;30001;14241;1606
DRESDEN/endgame/IJhh3Q;ALLOY_TUPLE_PROVER;2;true;;30001;25151;1796
DRESDEN/othello-cornercontrol/r5Gdlg;ALLOY_TUPLE_PROVER;2;true;;30045;402;7
STANFORD/8puzzle/jNiGtw;ALLOY_TUPLE_PROVER;2;true;;30000;208247;3470
STANFORD/buttonsandlights/eyhJpA;ALLOY_TUPLE_PROVER;2;true;;30000;1382937;230489
BASE/blocks2player/wnTLOQ;ALLOY_TUPLE_PROVER;2;true;;30000;302581;16810
DRESDEN/blocksworldparallel/2JfVaw;ALLOY_TUPLE_PROVER;2;true;;30000;163525;54508
BASE/pancakes/yUgbXw;ALLOY_TUPLE_PROVER;2;true;;30000;862539;21744
STANFORD/hex/MTqWcw;ALLOY_TUPLE_PROVER;2;true;;30000;18267;256
BASE/factoringImpossibleTurtleBrain/kcBhdw;ALLOY_TUPLE_PROVER;2;true;;30020;1241;14
BASE/doubletoetictac/fu35bg;ALLOY_TUPLE_PROVER;2;true;;30000;102479;12302
BASE/wallmaze/uxNQ9g;ALLOY_TUPLE_PROVER;2;true;;30000;35302;1217
BASE/sudokuGrade5/BQfUQA;ALLOY_TUPLE_PROVER;2;true;;30001;2915;76
DRESDEN/racer/vk_ZBA;ALLOY_TUPLE_PROVER;2;true;;30000;97512;7036
DRESDEN/mummymaze2p-comp2007/oTQRQg;ALLOY_TUPLE_PROVER;2;true;;30000;340317;7258
BASE/roshambo2/KNPokQ;ALLOY_TUPLE_PROVER;2;true;;30000;655986;77193
DRESDEN/battle/8oAvhQ;ALLOY_TUPLE_PROVER;2;true;;30006;3155;105
STANFORD/rainbow/_4qNSQ;ALLOY_TUPLE_PROVER;2;true;;30000;493561;82260
BASE/twisty-passages/DiZmmg;ALLOY_TUPLE_PROVER;2;true;;30000;189570;952
BASE/colonelBlottoVariant2/jruwGw;ALLOY_TUPLE_PROVER;2;true;;30000;328744;65794
DRESDEN/mummymaze1p/AekgaQ;ALLOY_TUPLE_PROVER;2;true;;30000;482527;85003
BASE/quad_5x5/JAEP5g;ALLOY_TUPLE_PROVER;2;true;;30003;8627;599
BASE/4pttc/AL1k2Q;ALLOY_TUPLE_PROVER;2;true;;30000;59983;1911
DRESDEN/knightmove/97Ipcw;ALLOY_TUPLE_PROVER;2;true;;30000;84403;2401
DRESDEN/3qbf-5cnf-20var-40cl.2.qdimacs.SAT/Q8-axQ;ALLOY_TUPLE_PROVER;2;true;;30000;72354;1235
DRESDEN/knightthrough/J7Fc_Q;ALLOY_TUPLE_PROVER;2;true;;30000;54159;1593
DRESDEN/hanoi/RQ0jiA;ALLOY_TUPLE_PROVER;2;true;;30000;373249;12040
BASE/snake_2009/7l-qAQ;ALLOY_TUPLE_PROVER;2;true;;30000;45034;2813
BASE/hitori/S8Gsyg;ALLOY_TUPLE_PROVER;2;true;;30002;9075;93
BASE/checkers-mustjump/T-8UuQ;ALLOY_TUPLE_PROVER;2;true;;30000;14376;278
STANFORD/sudoku/oJ1qyQ;ALLOY_TUPLE_PROVER;2;true;;30000;2819;67
BASE/checkersTorusNoKings/pwb6oQ;ALLOY_TUPLE_PROVER;2;true;;30000;46294;764
DRESDEN/roshambo2/jgSlkQ;ALLOY_TUPLE_PROVER;2;true;;30000;673256;79194
BASE/lightsOut/5P1ZBw;ALLOY_TUPLE_PROVER;2;true;;30000;65323;3266
DRESDEN/brain_teaser_extended/ZDp94A;ALLOY_TUPLE_PROVER;2;true;;30000;198915;13261
DRESDEN/catcha_mouse/cHv4dw;ALLOY_TUPLE_PROVER;2;true;;30000;59519;4537
STANFORD/madness/UO_B3A;ALLOY_TUPLE_PROVER;2;true;;30005;5018;85
STANFORD/tictictoe/rpt_Dw;ALLOY_TUPLE_PROVER;2;true;;30000;134797;26875
DRESDEN/blocks2player/3ev8nQ;ALLOY_TUPLE_PROVER;2;true;;30000;306591;17033
BASE/pancakes6/QZTdnw;ALLOY_TUPLE_PROVER;2;true;;30000;835063;21040
BASE/breakthroughSmall/HJ0tIA;ALLOY_TUPLE_PROVER;2;true;;30000;45231;1599
BASE/checkLines/Vop7oQ;ALLOY_TUPLE_PROVER;2;true;;30000;82940;5440
DRESDEN/mimikry/GJEhwA;ALLOY_TUPLE_PROVER;2;true;;30000;44071;1828
BASE/checkers-cylinder-mustjump/rjr6qQ;ALLOY_TUPLE_PROVER;2;true;;30001;11844;271
DRESDEN/breakthrough/z4hK7Q;ALLOY_TUPLE_PROVER;2;true;;30000;27705;433
DRESDEN/battlesnakes1509/-qZrLw;ALLOY_TUPLE_PROVER;2;true;;30000;67100;1605
STANFORD/kono/HI7CHA;ALLOY_TUPLE_PROVER;2;false;GameDescriptionException: There are no legal moves defined for black in [( true ( cell 1 1 black ) ), ( true ( cell 1 2 red ) ), ( true ( cell 1 3 red ) ), ( true ( cell 1 4 black ) ), ( true ( cell 2 1 red ) ), ( true ( cell 2 2 blank ) ), ( true ( cell 2 3 blank ) ), ( true ( cell 2 4 red ) ), ( true ( cell 3 1 red ) ), ( true ( cell 3 2 red ) ), ( true ( cell 3 3 red ) ), ( true ( cell 3 4 blank ) ), ( true ( cell 4 1 blank ) ), ( true ( cell 4 2 blank ) ), ( true ( cell 4 3 blank ) ), ( true ( cell 4 4 blank ) ), ( true ( control black ) ), ( true ( score black 12 ) ), ( true ( score red 75 ) ), ( true ( step 22 ) )];0;0;0
BASE/gt_ultimatum/GE-uOA;ALLOY_TUPLE_PROVER;2;true;;30000;362883;18144
BASE/ticTacToe/JRFsaQ;ALLOY_TUPLE_PROVER;2;true;;30000;211513;27693
BASE/amazonsSuicide/dE1QEQ;ALLOY_TUPLE_PROVER;2;true;;30139;472;7
BASE/minichess-evilconjuncts/4OpQzw;ALLOY_TUPLE_PROVER;2;true;;30001;14284;1621
BASE/2pffa_zerosum/o0_uZA;ALLOY_TUPLE_PROVER;2;true;;30000;82672;2755
BASE/pentagoSuicide/SBgNhw;ALLOY_TUPLE_PROVER;2;true;;30000;24550;447
BASE/racer/QQYQNw;ALLOY_TUPLE_PROVER;2;true;;30000;100641;7267
DRESDEN/pawntoqueen/f_x6Aw;ALLOY_TUPLE_PROVER;2;true;;30002;2915;221
BASE/circlesolitaire/azuQFQ;ALLOY_TUPLE_PROVER;2;true;;30000;341462;33237
BASE/dualConnect4/WbCQkg;ALLOY_TUPLE_PROVER;2;true;;30000;38484;1239
DRESDEN/double_tictactoe_dengji/bGaUyQ;ALLOY_TUPLE_PROVER;2;true;;30000;101431;7118
BASE/connect5/d-BVQg;ALLOY_TUPLE_PROVER;2;true;;30000;25288;539
DRESDEN/gt_ultimatum/pAiiQw;ALLOY_TUPLE_PROVER;2;true;;30000;380724;19036
DRESDEN/brawl/2kXtfQ;ALLOY_TUPLE_PROVER;2;true;;30002;10416;1041
BASE/pacman3p/wW7UVQ;ALLOY_TUPLE_PROVER;2;true;;30000;91895;1885
STANFORD/hunter/14dD-g;ALLOY_TUPLE_PROVER;2;true;;30000;209771;14983
DRESDEN/crisscross/GsY16g;ALLOY_TUPLE_PROVER;2;true;;30000;71887;2768
DRESDEN/farmers/S_ASnw;ALLOY_TUPLE_PROVER;2;true;;30000;61178;6117
BASE/hex/T1MK8g;ALLOY_TUPLE_PROVER;2;true;;30000;17863;248
DRESDEN/tictactoe_3d_6player/ulZPWg;ALLOY_TUPLE_PROVER;2;true;;30000;13726;143
DRESDEN/checkers-newgoals/IJOqXQ;ALLOY_TUPLE_PROVER;2;true;;30001;13932;142
DRESDEN/breakthroughsuicide_v2/LU1nAw;ALLOY_TUPLE_PROVER;2;true;;30000;28664;447
BASE/checkersBarrelNoKings/rnKNeg;ALLOY_TUPLE_PROVER;2;true;;30000;49094;756
BASE/buttons/hTcUjw;ALLOY_TUPLE_PROVER;2;true;;30000;756389;126064
DRESDEN/cylinder-checkers/clOO3Q;ALLOY_TUPLE_PROVER;2;true;;30000;12054;123
DRESDEN/crossers3/xiPTxg;ALLOY_TUPLE_PROVER;2;true;;30000;62545;4743
BASE/wargame01/_GZFZg;ALLOY_TUPLE_PROVER;2;true;;30000;88818;8992
DRESDEN/racetrackcorridor/O0DoTA;ALLOY_TUPLE_PROVER;2;true;;30000;69421;3918
DRESDEN/laikLee_hex/ZeP3QQ;ALLOY_TUPLE_PROVER;2;false;Test process timed out after 240 seconds;0;0;0
BASE/chineseCheckers6/rREH3A;ALLOY_TUPLE_PROVER;2;true;;30000;79389;1323
STANFORD/knightstourbig/TQUI2g;ALLOY_TUPLE_PROVER;2;true;;30000;574783;100753
BASE/checkers-suicide-cylinder-mustjump/YeW5Tw;ALLOY_TUPLE_PROVER;2;true;;30000;11904;269
BASE/double_tictactoe_dengji/zgaSbA;ALLOY_TUPLE_PROVER;2;true;;30000;104510;7365
BASE/blocks/xIV5hQ;ALLOY_TUPLE_PROVER;2;true;;30000;453060;151020
BASE/merrills/pku8Tg;ALLOY_TUPLE_PROVER;2;true;;30001;16757;279
DRESDEN/queens/mW2wHQ;ALLOY_TUPLE_PROVER;2;true;;30000;28346;2834
BASE/aipsrovers01/4C4jsw;ALLOY_TUPLE_PROVER;2;true;;30000;179832;6214
STANFORD/trifecta/ss1kyQ;ALLOY_TUPLE_PROVER;2;true;;30000;202902;26588
STANFORD/multiplebuttonsandlights/cK70Yg;ALLOY_TUPLE_PROVER;2;true;;30004;542993;90498
BASE/kalaha6x2x4/XS81Mg;ALLOY_TUPLE_PROVER;2;true;;30000;117271;631
DRESDEN/hallway/0H4l-Q;ALLOY_TUPLE_PROVER;2;true;;30000;18770;625
BASE/escortLatch/mX9BjQ;ALLOY_TUPLE_PROVER;2;true;;30000;49369;840
BASE/quad_7x7/q-JOXg;ALLOY_TUPLE_PROVER;2;true;;30442;1072;36
DRESDEN/toetictac/mJtxCA;ALLOY_TUPLE_PROVER;2;true;;30000;279934;36723
BASE/duplicateStateSmall/bCPAXw;ALLOY_TUPLE_PROVER;2;true;;30000;529550;132387
BASE/queens/HyJJnQ;ALLOY_TUPLE_PROVER;2;true;;30000;28692;2869
BASE/stateSpaceMedium/3bUoIw;ALLOY_TUPLE_PROVER;2;true;;30000;479069;53229
DRESDEN/blocks/vg0DRw;ALLOY_TUPLE_PROVER;2;true;;30000;448743;149581
BASE/skirmish/Y_psYQ;ALLOY_TUPLE_PROVER;2;true;;30004;5462;55
DRESDEN/quad_5x5_8_2/JRTLJg;ALLOY_TUPLE_PROVER;2;true;;30010;11572;632
DRESDEN/mummymaze2p/k-8edg;ALLOY_TUPLE_PROVER;2;true;;30000;294713;5986
DRESDEN/towerworld/HCX34w;ALLOY_TUPLE_PROVER;2;true;;30002;3297;7
DRESDEN/cubicup/SBn_lw;ALLOY_TUPLE_PROVER;2;true;;30000;22156;395
BASE/max_knights/2fq3Ag;ALLOY_TUPLE_PROVER;2;true;;30000;63829;12012
BASE/cittaceot/fDxhXg;ALLOY_TUPLE_PROVER;2;true;;30000;56665;2617
BASE/2pttc/unkkYA;ALLOY_TUPLE_PROVER;2;true;;30000;84582;3076
BASE/amazonsTorus_10x10/Uxc08g;ALLOY_TUPLE_PROVER;2;true;;30000;22762;149
BASE/catcha_mouse/cHv4dw;ALLOY_TUPLE_PROVER;2;true;;30000;60225;4485
DRESDEN/cube_2x2x2/fp-34Q;ALLOY_TUPLE_PROVER;2;true;;30000;129705;10818
BASE/ttcc4_2player_alt/ZEJvYA;ALLOY_TUPLE_PROVER;2;true;;30000;51379;1388
BASE/snake_2008_tweaked/bX0NJQ;ALLOY_TUPLE_PROVER;2;true;;30000;45945;2904
DRESDEN/lightson2x2/gBHuig;ALLOY_TUPLE_PROVER;2;true;;30000;239246;23924
DRESDEN/ticblock/Z2yNWQ;ALLOY_TUPLE_PROVER;2;true;;30000;124521;7552
BASE/gt_prisoner/klthDw;ALLOY_TUPLE_PROVER;2;true;;30000;458014;22900
DRESDEN/babel/WdSW4A;ALLOY_TUPLE_PROVER;2;true;;30000;25356;1267
DRESDEN/circlesolitaire/ruUilQ;ALLOY_TUPLE_PROVER;2;true;;30000;349091;33963
DRESDEN/knightfight/4_Ly4w;ALLOY_TUPLE_PROVER;2;true;;30000;155183;14295
DRESDEN/connectfour/5tc-Mg;ALLOY_TUPLE_PROVER;2;true;;30000;64945;2901
DRESDEN/blockerparallel/dVQgSg;ALLOY_TUPLE_PROVER;2;true;;30000;38525;5506
BASE/3pttc/0sol9g;ALLOY_TUPLE_PROVER;2;true;;30000;72582;2501
BASE/gt_staghunt/xPjLRA;ALLOY_TUPLE_PROVER;2;true;;30000;457680;22884
BASE/lightsOnParallel/SC6enA;ALLOY_TUPLE_PROVER;2;true;;30000;162177;8189
DRESDEN/Runners/3bOCQw;ALLOY_TUPLE_PROVER;2;true;;30000;724756;14791
BASE/reversi/d8UMeA;ALLOY_TUPLE_PROVER;2;true;;30006;3850;63
BASE/pawnToQueen/-O1_JA;ALLOY_TUPLE_PROVER;2;true;;30006;2905;223
BASE/ad_game_2x2/D0aWqg;ALLOY_TUPLE_PROVER;2;true;;30000;55019;28886
DRESDEN/3qbf-5cnf-20var-40cl.1.qdimacs.viz.SAT/2034pg;ALLOY_TUPLE_PROVER;2;true;;30000;68607;1175
BASE/mummyMaze2p_2007/YGA3Vw;ALLOY_TUPLE_PROVER;2;true;;30000;339420;7232
DRESDEN/sat_test_20v_91c_visualisation/aw8BIA;ALLOY_TUPLE_PROVER;2;true;;30000;59879;2993
DRESDEN/backgammon/mqCW0Q;ALLOY_TUPLE_PROVER;2;true;;30000;24205;130
BASE/brain_teaser_extended/ZDp94A;ALLOY_TUPLE_PROVER;2;true;;30000;202768;13517
BASE/cephalopodMicro/9l2D3g;ALLOY_TUPLE_PROVER;2;true;;30001;3471;78
BASE/lightsOn/MsXu3A;ALLOY_TUPLE_PROVER;2;true;;30000;407262;32471
DRESDEN/chickentoetictac/cxYaRQ;ALLOY_TUPLE_PROVER;2;true;;30000;242886;34121
BASE/hanoi7_bugfix/3gdnFw;ALLOY_TUPLE_PROVER;2;true;;30000;338465;2665
STANFORD/duikoshi/tpw1sw;ALLOY_TUPLE_PROVER;2;true;;30000;49597;3700
BASE/guess/SPpk1A;ALLOY_TUPLE_PROVER;2;true;;30000;45154;5060
BASE/tttcc4/8Bs2lg;ALLOY_TUPLE_PROVER;2;true;;30000;40300;1434
BASE/nim2/eF2Qqw;ALLOY_TUPLE_PROVER;2;true;;30000;425639;48057
DRESDEN/hanoi7_bugfix/3gdnFw;ALLOY_TUPLE_PROVER;2;true;;30000;332237;2616
DRESDEN/latenttictactoe/kITHKg;ALLOY_TUPLE_PROVER;2;true;;30000;110319;10477
BASE/sudokuGrade1/tDRNRw;ALLOY_TUPLE_PROVER;2;true;;30007;2830;79
BASE/laikLee_hex/zbyscQ;ALLOY_TUPLE_PROVER;2;false;Test process timed out after 240 seconds;0;0;0
DRESDEN/buttons/ADUaHw;ALLOY_TUPLE_PROVER;2;true;;30000;737801;122966
STANFORD/3puzzle/41ibjA;ALLOY_TUPLE_PROVER;2;true;;30000;491957;81992
BASE/coins_atomic/AA3SSw;ALLOY_TUPLE_PROVER;2;true;;30001;42457;17040
DRESDEN/breakthroughsuicide/Y9QzqQ;ALLOY_TUPLE_PROVER;2;true;;30000;43423;678
BASE/tictactoe_3d_small_2player/oOryKA;ALLOY_TUPLE_PROVER;2;true;;30000;48193;3911
DRESDEN/uf20-010.cnf.SAT/5ICbCg;ALLOY_TUPLE_PROVER;2;true;;30000;63370;3168
BASE/pacman2p/4LEdQg;ALLOY_TUPLE_PROVER;2;true;;30000;91767;1916
BASE/quarto/EwBMVQ;ALLOY_TUPLE_PROVER;2;true;;30000;76935;3289
BASE/haystack/UkweGA;ALLOY_TUPLE_PROVER;2;true;;30000;1340382;446847
STANFORD/dualhunter/1rPZjQ;ALLOY_TUPLE_PROVER;2;true;;30000;98739;7052
BASE/knightfight/SJRkAg;ALLOY_TUPLE_PROVER;2;true;;30000;158280;14605
DRESDEN/four_way_battle/xSOQXA;ALLOY_TUPLE_PROVER;2;true;;30000;10501;340
BASE/ttcc4_2player/_aH_Mw;ALLOY_TUPLE_PROVER;2;true;;30000;44395;1134
BASE/ticTacToeSerial/Amrwqw;ALLOY_TUPLE_PROVER;2;true;;30000;95448;6270
BASE/connectFourLarge/aU644A;ALLOY_TUPLE_PROVER;2;true;;30000;46044;1751
BASE/racetrackcorridor/k1OQRg;ALLOY_TUPLE_PROVER;2;true;;30000;71324;3571
BASE/chickentictactoe/DSlZCA;ALLOY_TUPLE_PROVER;2;true;;30000;173931;24438
BASE/breakthroughSuicide/wZDpIg;ALLOY_TUPLE_PROVER;2;true;;30000;28828;450
BASE/maze/cCX3qQ;ALLOY_TUPLE_PROVER;2;true;;30000;793646;90354
BASE/endgame/jYjfOA;ALLOY_TUPLE_PROVER;2;true;;30000;31815;2272
STANFORD/platformjumpers/HEQskA;ALLOY_TUPLE_PROVER;2;true;;30001;23401;465
STANFORD/untwistycomplex/HTWEwg;ALLOY_TUPLE_PROVER;2;true;;30000;850784;94531
BASE/crisscross/ICagEg;ALLOY_TUPLE_PROVER;2;true;;30000;68771;2657
BASE/colonelBlotto/jip21A;ALLOY_TUPLE_PROVER;2;true;;30000;135502;27100
BASE/futoshiki5/TJ4BZg;ALLOY_TUPLE_PROVER;2;true;;30000;24331;1792
DRESDEN/chinesecheckers6/yTbPDA;ALLOY_TUPLE_PROVER;2;true;;30000;45825;777
BASE/coloredtrails/EZvr7g;ALLOY_TUPLE_PROVER;2;true;;30000;118554;13172
BASE/blobwars/0XT15Q;ALLOY_TUPLE_PROVER;2;true;;30001;17367;434
DRESDEN/vacuumcleaner_random_big/DwzFaQ;ALLOY_TUPLE_PROVER;2;true;;30000;103049;17347
BASE/onestep/xi53wA;ALLOY_TUPLE_PROVER;2;true;;30000;1225335;1225335
BASE/nineBoardTicTacToe/wRmqqA;ALLOY_TUPLE_PROVER;2;true;;30000;21116;719
BASE/eightPuzzle/vLrgFg;ALLOY_TUPLE_PROVER;2;true;;30000;209152;3485
DRESDEN/SC_TestOnly_enabled/09o7gQ;ALLOY_TUPLE_PROVER;2;true;;30000;97691;10854
BASE/god/qF06gw;ALLOY_TUPLE_PROVER;2;true;;30002;8119;387
DRESDEN/statespacelarge/8-y5HQ;ALLOY_TUPLE_PROVER;2;true;;30000;322320;23022
BASE/untwistycomplex2/EDPPAQ;ALLOY_TUPLE_PROVER;2;true;;30000;850194;121456
DRESDEN/vacuumcleaner_obstacles_5/fXBV4g;ALLOY_TUPLE_PROVER;2;true;;30000;26342;4355
DRESDEN/lightsout2/LFtfyQ;ALLOY_TUPLE_PROVER;2;true;;30000;84961;4248
DRESDEN/snake_2008/E56l3A;ALLOY_TUPLE_PROVER;2;true;;30000;44020;2722
BASE/hanoi/iGLsJg;ALLOY_TUPLE_PROVER;2;true;;30000;375727;12120
DRESDEN/CatchMeIfYouCanTest/CX18rA;ALLOY_TUPLE_PROVER;2;true;;30000;449749;13273
DRESDEN/aipsrovers01/qS47Mw;ALLOY_TUPLE_PROVER;2;true;;30000;174293;6023
BASE/tictactoe_3d_2player/IUC1rQ;ALLOY_TUPLE_PROVER;2;true;;30000;16311;460
BASE/blocksWorldSerial/Wyg96Q;ALLOY_TUPLE_PROVER;2;true;;30000;172057;28676
DRESDEN/golden_rectangle/1uloXw;ALLOY_TUPLE_PROVER;2;true;;30000;16531;553
DRESDEN/ggp-course2013_michal13/jWKddg;ALLOY_TUPLE_PROVER;2;true;;30018;873;28
BASE/smallest_4player/ADDROA;ALLOY_TUPLE_PROVER;2;true;;30000;187559;7954
STANFORD/jointbuttonsandlights/qAKuIQ;ALLOY_TUPLE_PROVER;2;true;;30000;324672;56311
BASE/queens06ug/7Lq3tw;ALLOY_TUPLE_PROVER;2;true;;30000;108226;18037
DRESDEN/3qbf-5cnf-20var-40cl.2.qdimacs.satlike/724YWg;ALLOY_TUPLE_PROVER;2;true;;30000;71714;1226
BASE/ticTacToeParallel/ymRGPw;ALLOY_TUPLE_PROVER;2;true;;30000;87512;12645
BASE/switches/tPUoCg;ALLOY_TUPLE_PROVER;2;true;;30000;497995;497995
DRESDEN/catch_me/ghGWrA;ALLOY_TUPLE_PROVER;2;true;;30000;436854;12788
STANFORD/breakthrough/d5j0cQ;ALLOY_TUPLE_PROVER;2;true;;30000;49522;770
BASE/amazons_10x10/Bun8dA;ALLOY_TUPLE_PROVER;2;true;;30000;30707;225
BASE/ttcc4/Le0qjQ;ALLOY_TUPLE_PROVER;2;true;;30000;41543;1480
DRESDEN/peg_bugfixed/u_B7MA;ALLOY_TUPLE_PROVER;2;true;;30000;42145;1733
BASE/nim4/twk16w;ALLOY_TUPLE_PROVER;2;true;;30000;340083;25355
STANFORD/untwistycorridor/EDPPAQ;ALLOY_TUPLE_PROVER;2;true;;30000;820262;117180
BASE/2pffa/6oHijA;ALLOY_TUPLE_PROVER;2;true;;30000;84322;2810
BASE/biddingTicTacToe_10coins/a-9ccQ;ALLOY_TUPLE_PROVER;2;true;;30000;126828;8606
BASE/withConviction/3Xm54A;ALLOY_TUPLE_PROVER;2;true;;30000;40218;1608
BASE/sheepAndWolf/g4THrg;ALLOY_TUPLE_PROVER;2;true;;30000;46332;1121
DRESDEN/tictactoe/BTTzPw;ALLOY_TUPLE_PROVER;2;true;;30000;208740;27354
STANFORD/eightpuzzle/W_aWbA;ALLOY_TUPLE_PROVER;2;true;;30000;210363;4207
BASE/sudokuGrade6E/ihYFZA;ALLOY_TUPLE_PROVER;2;true;;30007;2753;58
BASE/survival/YVIjJA;ALLOY_TUPLE_PROVER;2;true;;30000;938842;804848
BASE/chineseCheckers1/gqtwHw;ALLOY_TUPLE_PROVER;2;true;;30000;229293;8068
DRESDEN/tictactoeparallel/yk_DSg;ALLOY_TUPLE_PROVER;2;true;;30000;85483;12374
DRESDEN/pancakes88/aD3E7g;ALLOY_TUPLE_PROVER;2;true;;30000;668412;16711
DRESDEN/nim1/M9BALA;ALLOY_TUPLE_PROVER;2;true;;30000;468128;68106
BASE/skirmishHoles/AUCxCA;ALLOY_TUPLE_PROVER;2;true;;30002;5916;59
STANFORD/nineboardtictactoe/y28P-A;ALLOY_TUPLE_PROVER;2;true;;30000;21384;739
DRESDEN/vacuumcleaner_obstacles_1/CqS-7A;ALLOY_TUPLE_PROVER;2;true;;30000;238472;39818
BASE/checkersTorus/2vm1EQ;ALLOY_TUPLE_PROVER;2;true;;30000;39963;683
DRESDEN/Zhadu/9zpQ5w;ALLOY_TUPLE_PROVER;2;true;;30004;6676;177
STANFORD/multipletictactoe/_bkafQ;ALLOY_TUPLE_PROVER;2;true;;30000;30086;1676
BASE/asteroids/BKCmPQ;ALLOY_TUPLE_PROVER;2;true;;30000;386927;8331
DRESDEN/pacman3p/rBnk8Q;ALLOY_TUPLE_PROVER;2;true;;30000;88922;1834
DRESDEN/amazons/dNB28A;ALLOY_TUPLE_PROVER;2;true;;30007;4558;64
BASE/majorities/ibJzSQ;ALLOY_TUPLE_PROVER;2;true;;30000;15769;296
DRESDEN/statespacemedium/dVJZ_w;ALLOY_TUPLE_PROVER;2;true;;30000;492534;54726
BASE/connect4/50bOyw;ALLOY_TUPLE_PROVER;2;true;;30000;30833;1442
BASE/hodgepodge/9yjRkw;ALLOY_TUPLE_PROVER;2;true;;30000;255827;255827
STANFORD/connectfour/VMpZkQ;ALLOY_TUPLE_PROVER;2;true;;30000;64790;2924
DRESDEN/nim3/sG_axA;ALLOY_TUPLE_PROVER;2;true;;30000;345235;26034
DRESDEN/troublemaker02/iZLVuA;ALLOY_TUPLE_PROVER;2;true;;30000;870420;290295
STANFORD/bestbuttonsandlightsbig/g0JC6g;ALLOY_TUPLE_PROVER;2;true;;30000;388476;64746
BASE/eotcitcit/V_9_bg;ALLOY_TUPLE_PROVER;2;true;;30000;132589;26375
STANFORD/freeforall/Lfp40Q;ALLOY_TUPLE_PROVER;2;true;;30000;85283;2842
DRESDEN/frogs_and_toads/GjchhQ;ALLOY_TUPLE_PROVER;2;true;;30000;52096;449
BASE/factoringGeorgeForman/HGRorQ;ALLOY_TUPLE_PROVER;2;true;;30000;403005;8440
DRESDEN/skirmish3/3LU8Nw;ALLOY_TUPLE_PROVER;2;true;;30000;23813;595
DRESDEN/tictactoe_3d_2player/LMuX9w;ALLOY_TUPLE_PROVER;2;true;;30002;16097;448
DRESDEN/vacuumcleaner_obstacles_3/4NjSmw;ALLOY_TUPLE_PROVER;2;true;;30000;25815;4202
BASE/crissrace/ERWGDA;ALLOY_TUPLE_PROVER;2;true;;30000;45935;1030
DRESDEN/guess/PhxGhg;ALLOY_TUPLE_PROVER;2;true;;30000;45354;5099
BASE/conn4/va9Y7A;ALLOY_TUPLE_PROVER;2;true;;30000;32366;1497
BASE/hexPie/48CH6Q;ALLOY_TUPLE_PROVER;2;true;;30000;15773;217
BASE/ticTacHeaven/18n58A;ALLOY_TUPLE_PROVER;2;true;;30001;15306;669
DRESDEN/merrills/aYEzwA;ALLOY_TUPLE_PROVER;2;true;;30001;17402;290
BASE/firefighter/WJmoPw;ALLOY_TUPLE_PROVER;2;true;;30000;246599;5609
DRESDEN/8puzzle/8fKC2w;ALLOY_TUPLE_PROVER;2;true;;30000;212953;3549
BASE/cubicup_3player/e2yA_g;ALLOY_TUPLE_PROVER;2;true;;30001;11399;135
BASE/snakeAssemblit/sOydSg;ALLOY_TUPLE_PROVER;2;true;;30000;29607;3616
BASE/queens08ug/kJ_ZFQ;ALLOY_TUPLE_PROVER;2;true;;30000;66929;8366
BASE/wargame02/BkVqqQ;ALLOY_TUPLE_PROVER;2;true;;30000;57415;19125
BASE/englishDraughts/jFkQxg;ALLOY_TUPLE_PROVER;2;true;;30000;57842;844
BASE/checkersTiny/Lr48cg;ALLOY_TUPLE_PROVER;2;true;;30000;37317;607
DRESDEN/vacuum_cleaner_1/eUNjpw;ALLOY_TUPLE_PROVER;2;true;;30000;280821;46654
DRESDEN/blobwars/ZaMluQ;ALLOY_TUPLE_PROVER;2;true;;30002;17000;425
DRESDEN/Travelers-Dilemma/PvZwYw;ALLOY_TUPLE_PROVER;2;true;;30000;647527;64752
DRESDEN/tictactoelarge/IwXcbg;ALLOY_TUPLE_PROVER;2;true;;30000;96029;4047
DRESDEN/connect4/T0-rHQ;ALLOY_TUPLE_PROVER;2;true;;30000;30596;1454
BASE/pawnWhopping/Ypc_6Q;ALLOY_TUPLE_PROVER;2;true;;30000;46901;1365
DRESDEN/chinesecheckers1/Y-ftaA;ALLOY_TUPLE_PROVER;2;true;;30000;101850;3586
BASE/golden_rectangle/_nYzfw;ALLOY_TUPLE_PROVER;2;true;;30000;17309;579
BASE/nim3/1OwUqw;ALLOY_TUPLE_PROVER;2;true;;30000;342092;25830
BASE/ruleDepthExponential/UamhHQ;ALLOY_TUPLE_PROVER;2;true;;32229;69214;34958
DRESDEN/quad_5x5/JAEP5g;ALLOY_TUPLE_PROVER;2;true;;30001;8791;609
BASE/dotsAndBoxes/EHwA_w;ALLOY_TUPLE_PROVER;2;true;;30000;45657;760
DRESDEN/quad/JPe6fg;ALLOY_TUPLE_PROVER;2;true;;30238;150;2
BASE/mineClearingSmall/frsbvw;ALLOY_TUPLE_PROVER;2;true;;30000;21992;1860
BASE/pancakes88/l2Xaig;ALLOY_TUPLE_PROVER;2;true;;30000;664265;16608
BASE/tictactoe_3player/GtM71g;ALLOY_TUPLE_PROVER;2;true;;30000;59636;2925
BASE/crossers3/O0rORg;ALLOY_TUPLE_PROVER;2;true;;30000;63326;4795
DRESDEN/knightazons/02I8BQ;ALLOY_TUPLE_PROVER;2;true;;30000;16748;256
BASE/ticTacToeLarge/TZC0dg;ALLOY_TUPLE_PROVER;2;true;;30000;94715;3997
DRESDEN/cubicup_3player/awDtsQ;ALLOY_TUPLE_PROVER;2;true;;30003;11256;134
DRESDEN/nim4/F5YAYg;ALLOY_TUPLE_PROVER;2;true;;30000;340831;25373
BASE/gt_coordination/IVMOzA;ALLOY_TUPLE_PROVER;2;true;;30000;500672;25033
BASE/biddingTicTacToe/8mESVw;ALLOY_TUPLE_PROVER;2;true;;30000;133805;9113
BASE/tictactoex9/BI26ow;ALLOY_TUPLE_PROVER;2;true;;30001;30021;999
BASE/ticTacHeavenFC/mrletw;ALLOY_TUPLE_PROVER;2;true;;30001;14320;532
BASE/futoshiki4/BaCwSw;ALLOY_TUPLE_PROVER;2;true;;30000;47115;5155
BASE/queens08lg/Ru7eqQ;ALLOY_TUPLE_PROVER;2;true;;30000;21696;3540
DRESDEN/checkers/jIDMIg;ALLOY_TUPLE_PROVER;2;true;;30000;13790;137
DRESDEN/uf20-020.cnf.SAT.satlike/WbqXoA;ALLOY_TUPLE_PROVER;2;true;;30007;26060;1303
BASE/pearls/6k_mEQ;ALLOY_TUPLE_PROVER;2;true;;30000;937927;85266
BASE/ghostMaze2p/W-NU-w;ALLOY_TUPLE_PROVER;2;true;;30000;341434;7058
BASE/blokbox_simple/JBx4bg;ALLOY_TUPLE_PROVER;2;true;;30170;143;6
DRESDEN/3qbf-5cnf-20var-40cl.0.qdimacs/-6hrIw;ALLOY_TUPLE_PROVER;2;true;;30000;71738;1223
DRESDEN/bidding-tictactoe_10coins/mu5VhQ;ALLOY_TUPLE_PROVER;2;true;;30000;130330;8837
STANFORD/tictactoe/ss1kyQ;ALLOY_TUPLE_PROVER;2;true;;30000;206595;27053
BASE/pegEuro/5awwhg;ALLOY_TUPLE_PROVER;2;true;;30000;34442;1341
BASE/speedChess/bPnisA;ALLOY_TUPLE_PROVER;2;true;;30000;20563;188
BASE/checkersSmall/SYmq8w;ALLOY_TUPLE_PROVER;2;true;;30000;24505;262
STANFORD/tictactoe3/X7myng;ALLOY_TUPLE_PROVER;2;true;;30000;185223;69411
DRESDEN/pentago_2008/hLjVpQ;ALLOY_TUPLE_PROVER;2;true;;30000;24473;438
BASE/ttcc4_2player_small/Cv72TA;ALLOY_TUPLE_PROVER;2;true;;30000;66925;4455
DRESDEN/knightwar/7hhAqg;ALLOY_TUPLE_PROVER;2;true;;30000;81630;9521
DRESDEN/bomberman2p/x4h6jQ;ALLOY_TUPLE_PROVER;2;true;;30000;312323;39983
STANFORD/alquerquezero/uVgA_A;ALLOY_TUPLE_PROVER;2;true;;30000;51561;1777
BASE/ticTacToeNoVars/XT03NA;ALLOY_TUPLE_PROVER;2;true;;30000;152126;19965
DRESDEN/smallest_4player/ADDROA;ALLOY_TUPLE_PROVER;2;true;;30000;192471;8160
DRESDEN/lightsout/XgLpzQ;ALLOY_TUPLE_PROVER;2;true;;30000;66933;3346
DRESDEN/tictactoelargesuicide/6J4DeA;ALLOY_TUPLE_PROVER;2;true;;30000;99257;4185
BASE/minichess/8NQEiA;ALLOY_TUPLE_PROVER;2;true;;30000;94774;31591
DRESDEN/quad_7x7/q-JOXg;ALLOY_TUPLE_PROVER;2;true;;30713;1069;35
DRESDEN/chinesecheckers6-simultaneous/gPPGUw;ALLOY_TUPLE_PROVER;2;true;;30000;23533;1023
DRESDEN/kalaha_2009/gcC8uA;ALLOY_TUPLE_PROVER;2;true;;30000;117587;1397
BASE/kalaha5x2x3/WviNsw;ALLOY_TUPLE_PROVER;2;true;;30000;132040;1350
BASE/amazonsTorus/soxT8g;ALLOY_TUPLE_PROVER;2;true;;30000;165;2
BASE/ruleDepthLinear/OUBJpQ;ALLOY_TUPLE_PROVER;2;true;;30000;1131772;565400
BASE/knightsTour/mvtVIg;ALLOY_TUPLE_PROVER;2;true;;30000;651527;134214
DRESDEN/knightstour/cGISAA;ALLOY_TUPLE_PROVER;2;true;;30000;636568;130813
BASE/gt_two_thirds_4p/DStnxQ;ALLOY_TUPLE_PROVER;2;true;;30000;66569;66569
BASE/knightThrough/gcwFjA;ALLOY_TUPLE_PROVER;2;true;;30000;53407;1587
BASE/checkers/rOC3Xg;ALLOY_TUPLE_PROVER;2;true;;30001;18635;187
BASE/blocker/dIWtxg;ALLOY_TUPLE_PROVER;2;true;;30000;189480;24016
DRESDEN/checkers-mustjump/HUr33w;ALLOY_TUPLE_PROVER;2;true;;30000;15131;293
DRESDEN/uf20-020.cnf.SAT/hDrW_A;ALLOY_TUPLE_PROVER;2;true;;30000;59836;2991
BASE/duplicateStateMedium/U163eQ;ALLOY_TUPLE_PROVER;2;true;;30000;279447;31049
BASE/snakeParallel/RCVNtw;ALLOY_TUPLE_PROVER;2;true;;30000;205600;44589
BASE/qyshinsu/R08Lzw;ALLOY_TUPLE_PROVER;2;true;;30000;16478;726
BASE/hanoi_6_disks/MeubgQ;ALLOY_TUPLE_PROVER;2;true;;30000;274158;76888
BASE/futoshiki6/JmvXNA;ALLOY_TUPLE_PROVER;2;true;;30000;15289;764
BASE/connectFourLarger/qKi60A;ALLOY_TUPLE_PROVER;2;true;;30001;29317;908
BASE/reversiSuicide/9OxJlg;ALLOY_TUPLE_PROVER;2;true;;30008;3928;65
BASE/rubiksCube/9tNO9Q;ALLOY_TUPLE_PROVER;2;true;;30000;47968;959
BASE/battlebrushes/arCwyA;ALLOY_TUPLE_PROVER;2;true;;30001;8901;468
BASE/breakthroughSuicideSmall/XSbJog;ALLOY_TUPLE_PROVER;2;true;;30000;46434;1656
BASE/copolymer_4/2LDVhQ;ALLOY_TUPLE_PROVER;2;true;;30000;80383;2308
BASE/racer4/0vs7Ww;ALLOY_TUPLE_PROVER;2;true;;30000;47078;2126
BASE/solitaireChineseCheckers/-ET6gw;ALLOY_TUPLE_PROVER;2;true;;30000;105775;1958
BASE/nonogram_5x5_1/qLKEZw;ALLOY_TUPLE_PROVER;2;true;;30000;22256;3868
BASE/shmup/ssTNlg;ALLOY_TUPLE_PROVER;2;true;;30000;152744;18398
BASE/copolymer_4_pie/IN5_jA;ALLOY_TUPLE_PROVER;2;true;;30000;71540;1994
BASE/connectFour_9x6/B9TtMw;ALLOY_TUPLE_PROVER;2;true;;30000;58989;2518
BASE/nonogram_10x10_1/0Xc62g;ALLOY_TUPLE_PROVER;2;true;;30002;4182;163
BASE/chess_200/XsTpYA;ALLOY_TUPLE_PROVER;2;true;;30001;8567;45
BASE/hidato37/pBrqxw;ALLOY_TUPLE_PROVER;2;true;;30001;9258;700
BASE/hidato19/rRHSmA;ALLOY_TUPLE_PROVER;2;true;;30000;36166;5359
BASE/queens16ug/gT-ylw;ALLOY_TUPLE_PROVER;2;true;;30001;17992;1124
BASE/queens12ug/u6Bkmg;ALLOY_TUPLE_PROVER;2;true;;30000;32373;2697
BASE/racetrackcorridor/_RkdUg;ALLOY_TUPLE_PROVER;2;true;;30000;71678;3593
BASE/point_grab/V_osUg;ALLOY_TUPLE_PROVER;2;true;;30000;597313;19910
BASE/snakeAssemblit/UO4sdg;ALLOY_TUPLE_PROVER;2;true;;30000;30237;3651
