DRESDEN/uf20-020.cnf.SAT/hDrW_A;ALLOY_DUALIZED_PROVER;2016-01-08;true;;30001;27871;1393
DRESDEN/queens/mW2wHQ;ALLOY_DUALIZED_PROVER;2016-01-08;true;;30013;12520;1252
BASE/numbertictactoe/rvJ-iQ;ALLOY_DUALIZED_PROVER;2016-01-08;true;;30000;47008;5851
BASE/skirmishNew/sibw2g;ALLOY_DUALIZED_PROVER;2016-01-08;true;;30001;3316;33
DRESDEN/cubicup/SBn_lw;ALLOY_DUALIZED_PROVER;2016-01-08;true;;30002;7921;141
DRESDEN/peg_bugfixed/u_B7MA;ALLOY_DUALIZED_PROVER;2016-01-08;true;;30001;13285;544
BASE/mummymaze2p/vpjDdA;ALLOY_DUALIZED_PROVER;2016-01-08;true;;30000;31748;648
BASE/sudokuGrade6H/ieE_9A;ALLOY_DUALIZED_PROVER;2016-01-08;true;;30034;671;14
STANFORD/multiplesukoshi/vLSQPg;ALLOY_DUALIZED_PROVER;2016-01-08;true;;30005;3291;71
BASE/checkers-mustjump-torus/uSApKQ;ALLOY_DUALIZED_PROVER;2016-01-08;true;;30015;1718;40
BASE/tictactoe_3d_small_6player/g_9lww;ALLOY_DUALIZED_PROVER;2016-01-08;true;;30000;8438;230
BASE/futoshiki6/JmvXNA;ALLOY_DUALIZED_PROVER;2016-01-08;true;;30000;5745;285
BASE/gt_chicken/gmepTQ;ALLOY_DUALIZED_PROVER;2016-01-08;true;;30000;117005;5850
BASE/choicethroughalt/tt71Lg;ALLOY_DUALIZED_PROVER;2016-01-08;true;;30001;11087;276
STANFORD/threepuzzle/41ibjA;ALLOY_DUALIZED_PROVER;2016-01-08;true;;30000;191996;31999
DRESDEN/towerworld/HCX34w;ALLOY_DUALIZED_PROVER;2016-01-08;true;;30008;744;1
BASE/sum15/QZ07Kg;ALLOY_DUALIZED_PROVER;2016-01-08;true;;30000;110407;14478
BASE/sudokuGrade3/eI8dvg;ALLOY_DUALIZED_PROVER;2016-01-08;true;;30042;676;17
BASE/kitten_escapes_from_fire/uW-YiA;ALLOY_DUALIZED_PROVER;2016-01-08;true;;30000;100336;12082
BASE/colonelBlottoVariant/X-n-KQ;ALLOY_DUALIZED_PROVER;2016-01-08;true;;30000;152739;15273
BASE/sudokuGrade4/DTy07w;ALLOY_DUALIZED_PROVER;2016-01-08;true;;30038;680;17
DRESDEN/pawntoqueen/f_x6Aw;ALLOY_DUALIZED_PROVER;2016-01-08;true;;30031;480;35
BASE/3pConnectFour/PqXOFQ;ALLOY_DUALIZED_PROVER;2016-01-08;true;;30007;9734;284
BASE/lightsOnSimul4/9FeASw;ALLOY_DUALIZED_PROVER;2016-01-08;true;;30000;39527;6155
BASE/knightazons/apnJBQ;ALLOY_DUALIZED_PROVER;2016-01-08;true;;30002;5673;84
DRESDEN/smallest_4player/ADDROA;ALLOY_DUALIZED_PROVER;2016-01-08;true;;30000;76098;3226
BASE/troublemaker02/DI83KA;ALLOY_DUALIZED_PROVER;2016-01-08;true;;30000;532280;177599
BASE/blocksWorld/SEdXLQ;ALLOY_DUALIZED_PROVER;2016-01-08;true;;30000;224351;74783
BASE/factoringEasyTurtleBrain/lUj94Q;ALLOY_DUALIZED_PROVER;2016-01-08;true;;30000;113903;1898
BASE/peg/fJHVWw;ALLOY_DUALIZED_PROVER;2016-01-08;true;;30002;12659;519
DRESDEN/Runners/3bOCQw;ALLOY_DUALIZED_PROVER;2016-01-08;true;;30000;361583;7379
DRESDEN/hallway/0H4l-Q;ALLOY_DUALIZED_PROVER;2016-01-08;true;;30003;8133;271
BASE/dotsAndBoxesSuicide/jzQbLw;ALLOY_DUALIZED_PROVER;2016-01-08;true;;30000;17106;285
BASE/tictactoe_3d_6player/d7KSwg;ALLOY_DUALIZED_PROVER;2016-01-08;true;;30006;2916;27
DRESDEN/cube_2x2x2/fp-34Q;ALLOY_DUALIZED_PROVER;2016-01-08;true;;30000;58994;4918
DRESDEN/aipsrovers01/qS47Mw;ALLOY_DUALIZED_PROVER;2016-01-08;true;;30000;101347;3501
BASE/brawl/6Ymo_Q;ALLOY_DUALIZED_PROVER;2016-01-08;true;;30005;3548;354
DRESDEN/blockerparallel/dVQgSg;ALLOY_DUALIZED_PROVER;2016-01-08;true;;30000;19197;2743
BASE/hitori/S8Gsyg;ALLOY_DUALIZED_PROVER;2016-01-08;true;;30004;1931;20
DRESDEN/connectfour/5tc-Mg;ALLOY_DUALIZED_PROVER;2016-01-08;true;;30000;14759;661
BASE/racer4/0vs7Ww;ALLOY_DUALIZED_PROVER;2016-01-08;true;;30002;11541;528
BASE/gt_tinfoil/Q8DyKg;ALLOY_DUALIZED_PROVER;2016-01-08;true;;30000;226575;22657
BASE/stateSpaceLarge/0Ge_CQ;ALLOY_DUALIZED_PROVER;2016-01-08;true;;30000;35659;2547
DRESDEN/babel/WdSW4A;ALLOY_DUALIZED_PROVER;2016-01-08;true;;30001;4733;236
BASE/duplicateStateLarge/dcjyuw;ALLOY_DUALIZED_PROVER;2016-01-08;true;;30000;23524;1680
DRESDEN/3qbf-5cnf-20var-40cl.1.qdimacs.viz.SAT/2034pg;ALLOY_DUALIZED_PROVER;2016-01-08;true;;30000;25695;440
DRESDEN/backgammon/mqCW0Q;ALLOY_DUALIZED_PROVER;2016-01-08;true;;30003;5818;30
STANFORD/pentago/ZxzLmg;ALLOY_DUALIZED_PROVER;2016-01-08;true;;30003;8475;152
DRESDEN/cubicup_3player/awDtsQ;ALLOY_DUALIZED_PROVER;2016-01-08;true;;30009;3580;42
STANFORD/pilgrimage/ObRZnQ;ALLOY_DUALIZED_PROVER;2016-01-08;true;;30002;12329;169
DRESDEN/mummymaze2p-comp2007/oTQRQg;ALLOY_DUALIZED_PROVER;2016-01-08;true;;30000;41298;873
BASE/blockerSerial/3eqDuw;ALLOY_DUALIZED_PROVER;2016-01-08;true;;30000;30816;1955
BASE/wallmaze/uxNQ9g;ALLOY_DUALIZED_PROVER;2016-01-08;true;;30000;21304;734
BASE/kalaha_2009/dRiN3g;ALLOY_DUALIZED_PROVER;2016-01-08;true;;30000;34958;417
BASE/othelloHoles/c0qAzw;ALLOY_DUALIZED_PROVER;2016-01-08;true;;30262;89;1
BASE/snake_2009_big/-oRfVw;ALLOY_DUALIZED_PROVER;2016-01-08;true;;30001;8636;496
BASE/queens08lg/Ru7eqQ;ALLOY_DUALIZED_PROVER;2016-01-08;true;;30001;7138;1161
DRESDEN/latenttictactoe/kITHKg;ALLOY_DUALIZED_PROVER;2016-01-08;true;;30000;40008;3800
DRESDEN/uf20-020.cnf.SAT.satlike/WbqXoA;ALLOY_DUALIZED_PROVER;2016-01-08;true;;30000;7055;352
DRESDEN/ticblock/Z2yNWQ;ALLOY_DUALIZED_PROVER;2016-01-08;true;;30000;37854;2288
BASE/connectFourSuicide/c8p9Kw;ALLOY_DUALIZED_PROVER;2016-01-08;true;;30000;15317;694
BASE/4pttc/AL1k2Q;ALLOY_DUALIZED_PROVER;2016-01-08;true;;30000;22828;724
BASE/beatMania/qUHwvQ;ALLOY_DUALIZED_PROVER;2016-01-08;true;;30000;204048;3400
DRESDEN/laikLee_hex/ZeP3QQ;ALLOY_DUALIZED_PROVER;2016-01-08;true;;30985;2702;127
BASE/breakthroughWalls/vOZaYA;ALLOY_DUALIZED_PROVER;2016-01-08;true;;30000;11901;184
BASE/blocksWorldParallel/RseaAQ;ALLOY_DUALIZED_PROVER;2016-01-08;true;;30001;18396;6132
BASE/point_grab/r5DPmQ;ALLOY_DUALIZED_PROVER;2016-01-08;true;;30000;311239;10374
DRESDEN/blocks2player/3ev8nQ;ALLOY_DUALIZED_PROVER;2016-01-08;true;;30000;177761;9875
BASE/chickentoetictac/l57rfQ;ALLOY_DUALIZED_PROVER;2016-01-08;true;;30000;86311;12175
BASE/quartoSuicide/-23jUg;ALLOY_DUALIZED_PROVER;2016-01-08;true;;30000;30836;1310
BASE/hallway/ckCJOw;ALLOY_DUALIZED_PROVER;2016-01-08;true;;30002;8311;277
STANFORD/triplesukoshi/Iu9mbA;ALLOY_DUALIZED_PROVER;2016-01-08;true;;30000;19961;2851
BASE/ticblock/T21C1g;ALLOY_DUALIZED_PROVER;2016-01-08;true;;30000;35801;2161
BASE/gt_dollar/TGjqRw;ALLOY_DUALIZED_PROVER;2016-01-08;true;;30000;155791;77959
BASE/wargame02/BkVqqQ;ALLOY_DUALIZED_PROVER;2016-01-08;true;;30001;9518;3146
DRESDEN/quad/JPe6fg;ALLOY_DUALIZED_PROVER;2016-01-08;true;;36629;44;0
BASE/breakthrough/TGxk-g;ALLOY_DUALIZED_PROVER;2016-01-08;true;;30001;11502;181
BASE/incredible/8Qh-6Q;ALLOY_DUALIZED_PROVER;2016-01-08;true;;30000;79928;4206
STANFORD/dualrainbow/G3OnRQ;ALLOY_DUALIZED_PROVER;2016-01-08;true;;30000;92430;15405
DRESDEN/knightmove/97Ipcw;ALLOY_DUALIZED_PROVER;2016-01-08;true;;30000;40841;1159
DRESDEN/knightfight/4_Ly4w;ALLOY_DUALIZED_PROVER;2016-01-08;true;;30000;71384;6601
STANFORD/knightstourmedium/x1wu8Q;ALLOY_DUALIZED_PROVER;2016-01-08;true;;30000;448557;112677
BASE/queens08ug/kJ_ZFQ;ALLOY_DUALIZED_PROVER;2016-01-08;true;;30000;44208;5526
BASE/cylinder-checkers/hlldmw;ALLOY_DUALIZED_PROVER;2016-01-08;true;;30000;2166;21
BASE/reversiSuicide/9OxJlg;ALLOY_DUALIZED_PROVER;2016-01-08;true;;30059;407;6
BASE/knightwar/DVGY4Q;ALLOY_DUALIZED_PROVER;2016-01-08;true;;30000;44284;5182
BASE/snake_2008/i6K26g;ALLOY_DUALIZED_PROVER;2016-01-08;true;;30000;11917;735
DRESDEN/cylinder-checkers/clOO3Q;ALLOY_DUALIZED_PROVER;2016-01-08;true;;30004;2187;22
BASE/doubletictactoe/HH1htg;ALLOY_DUALIZED_PROVER;2016-01-08;true;;30000;31924;3820
DRESDEN/bomberman2p/x4h6jQ;ALLOY_DUALIZED_PROVER;2016-01-08;true;;30006;33826;4309
BASE/battle/8oAvhQ;ALLOY_DUALIZED_PROVER;2016-01-08;true;;30001;1357;45
DRESDEN/sat_test_20v_91c_visualisation/aw8BIA;ALLOY_DUALIZED_PROVER;2016-01-08;true;;30000;27657;1382
BASE/knightmove/jBaJEw;ALLOY_DUALIZED_PROVER;2016-01-08;true;;30000;41524;1181
DRESDEN/quad_5x5/JAEP5g;ALLOY_DUALIZED_PROVER;2016-01-08;true;;30051;1194;83
STANFORD/checkersonabarrelnokings/Zrevdw;ALLOY_DUALIZED_PROVER;2016-01-08;true;;30000;15152;310
DRESDEN/double_tictactoe_dengji/bGaUyQ;ALLOY_DUALIZED_PROVER;2016-01-08;true;;30000;34310;2405
DRESDEN/checkers/jIDMIg;ALLOY_DUALIZED_PROVER;2016-01-08;true;;30007;2454;24
BASE/eotcatcit/AfZSzA;ALLOY_DUALIZED_PROVER;2016-01-08;true;;30000;79696;10454
DRESDEN/nim4/F5YAYg;ALLOY_DUALIZED_PROVER;2016-01-08;true;;30000;166209;12419
BASE/breakthroughHoles/nZk0Sg;ALLOY_DUALIZED_PROVER;2016-01-08;true;;30000;14923;238
BASE/cubicup/4wNWJA;ALLOY_DUALIZED_PROVER;2016-01-08;true;;30001;7750;138
BASE/bomberman2p/4CClwA;ALLOY_DUALIZED_PROVER;2016-01-08;true;;30000;33839;4357
BASE/3pffa/pR0dzA;ALLOY_DUALIZED_PROVER;2016-01-08;true;;30000;28385;946
BASE/alexChess/LNo83g;ALLOY_DUALIZED_PROVER;2016-01-08;true;;32163;44;0
BASE/chomp/-LcqYQ;ALLOY_DUALIZED_PROVER;2016-01-08;true;;30000;64404;9158
STANFORD/tictactoe5/WFRReg;ALLOY_DUALIZED_PROVER;2016-01-08;true;;30000;75405;20732
BASE/skirmishZeroSum/zh4hcw;ALLOY_DUALIZED_PROVER;2016-01-08;true;;30002;3463;34
BASE/chinook/XQh0IQ;ALLOY_DUALIZED_PROVER;2016-01-08;true;;30001;13425;460
DRESDEN/breakthrough/z4hK7Q;ALLOY_DUALIZED_PROVER;2016-01-08;true;;30001;11886;188
BASE/asteroidsSerial/id2QkA;ALLOY_DUALIZED_PROVER;2016-01-08;true;;30000;69690;751
BASE/sudokuGrade2/u80Tfw;ALLOY_DUALIZED_PROVER;2016-01-08;true;;30027;685;17
DRESDEN/catcha_mouse/cHv4dw;ALLOY_DUALIZED_PROVER;2016-01-08;true;;30000;32827;2420
BASE/lightsOnSimultaneous/_VN6lw;ALLOY_DUALIZED_PROVER;2016-01-08;true;;30000;54574;3594
STANFORD/selectivesukoshi/3xmXYg;ALLOY_DUALIZED_PROVER;2016-01-08;true;;30012;1995;72
DRESDEN/crossers3/xiPTxg;ALLOY_DUALIZED_PROVER;2016-01-08;true;;30000;22120;1671
DRESDEN/kalaha_2009/gcC8uA;ALLOY_DUALIZED_PROVER;2016-01-08;true;;30000;35105;419
DRESDEN/brain_teaser_extended/ZDp94A;ALLOY_DUALIZED_PROVER;2016-01-08;true;;30000;96469;6431
BASE/connectFourSimultaneous/7ITr3g;ALLOY_DUALIZED_PROVER;2016-01-08;true;;30000;7701;419
BASE/mummymaze1p/PT_EXA;ALLOY_DUALIZED_PROVER;2016-01-08;true;;30000;41515;7382
BASE/tictactoe-init1/7M19vA;ALLOY_DUALIZED_PROVER;2016-01-08;true;;30000;77361;22059
DRESDEN/knightstour/cGISAA;ALLOY_DUALIZED_PROVER;2016-01-08;true;;30000;424368;87383
BASE/troublemaker01/s3tlEQ;ALLOY_DUALIZED_PROVER;2016-01-08;true;;30000;565444;188575
BASE/tictactoe_orthogonal/WRzlVw;ALLOY_DUALIZED_PROVER;2016-01-08;true;;30000;103067;12870
BASE/pentago/86NgKw;ALLOY_DUALIZED_PROVER;2016-01-08;true;;30004;4233;77
DRESDEN/crisscross/GsY16g;ALLOY_DUALIZED_PROVER;2016-01-08;true;;30003;16849;648
DRESDEN/quad_7x7/q-JOXg;ALLOY_DUALIZED_PROVER;2016-01-08;true;;44245;67;2
BASE/amazons/RKKZjw;ALLOY_DUALIZED_PROVER;2016-01-08;true;;30050;43;0
BASE/gt_attrition/kD_SCA;ALLOY_DUALIZED_PROVER;2016-01-08;true;;30000;39097;7819
BASE/slaughter/cOch8A;ALLOY_DUALIZED_PROVER;2016-01-08;true;;30052;441;2
BASE/factoringMutuallyAssuredDestruction/NH0LGg;ALLOY_DUALIZED_PROVER;2016-01-08;true;;30000;145238;7261
DRESDEN/toetictac/mJtxCA;ALLOY_DUALIZED_PROVER;2016-01-08;true;;30000;122277;16031
DRESDEN/blocks/vg0DRw;ALLOY_DUALIZED_PROVER;2016-01-08;true;;30000;222851;74283
BASE/hanoi_6_disks/MeubgQ;ALLOY_DUALIZED_PROVER;2016-01-08;true;;30000;145917;40663
DRESDEN/checkers-mustjump/HUr33w;ALLOY_DUALIZED_PROVER;2016-01-08;true;;30000;2403;46
DRESDEN/tictactoeparallel/yk_DSg;ALLOY_DUALIZED_PROVER;2016-01-08;true;;30000;35084;5066
BASE/breakthroughSuicideSmall/XSbJog;ALLOY_DUALIZED_PROVER;2016-01-08;true;;30001;18621;678
DRESDEN/vacuumcleaner_obstacles_6/NVwsZw;ALLOY_DUALIZED_PROVER;2016-01-08;true;;30001;18561;3094
BASE/englishDraughts/jFkQxg;ALLOY_DUALIZED_PROVER;2016-01-08;true;;30001;15170;227
BASE/ticTacToeParallel/ymRGPw;ALLOY_DUALIZED_PROVER;2016-01-08;true;;30000;33026;4799
DRESDEN/firefighter/WJmoPw;ALLOY_DUALIZED_PROVER;2016-01-08;true;;30000;180199;4062
BASE/checkersTiny/Lr48cg;ALLOY_DUALIZED_PROVER;2016-01-08;true;;30000;5596;91
DRESDEN/sat_test_20v_91c/dK7nVw;ALLOY_DUALIZED_PROVER;2016-01-08;true;;30000;27193;1359
BASE/chineseCheckers1/gqtwHw;ALLOY_DUALIZED_PROVER;2016-01-08;true;;30000;58975;2089
BASE/nonogram_10x10_1/0Xc62g;ALLOY_DUALIZED_PROVER;2016-01-08;true;;30013;524;19
BASE/toetictac/mTThmg;ALLOY_DUALIZED_PROVER;2016-01-08;true;;30000;125199;16413
DRESDEN/checkers-suicide-cylinder-mustjump/L2BYWg;ALLOY_DUALIZED_PROVER;2016-01-08;true;;30001;1847;42
DRESDEN/logistics/fPru1Q;ALLOY_DUALIZED_PROVER;2016-01-08;true;;30000;35007;700
BASE/ruleDepthLinear/OUBJpQ;ALLOY_DUALIZED_PROVER;2016-01-08;true;;30000;835647;417593
DRESDEN/Zhadu/9zpQ5w;ALLOY_DUALIZED_PROVER;2016-01-08;true;;30013;1800;45
DRESDEN/connectfoursuicide/M9CNQg;ALLOY_DUALIZED_PROVER;2016-01-08;true;;30001;14788;661
BASE/checkersTorus/2vm1EQ;ALLOY_DUALIZED_PROVER;2016-01-08;true;;30001;14051;239
DRESDEN/endgame/IJhh3Q;ALLOY_DUALIZED_PROVER;2016-01-08;true;;30000;8915;636
BASE/nim3/1OwUqw;ALLOY_DUALIZED_PROVER;2016-01-08;true;;30000;168608;12718
DRESDEN/ggp-course2013_jordi/9QI6Kw;ALLOY_DUALIZED_PROVER;2016-01-08;true;;30001;5437;167
STANFORD/dualhunter/1rPZjQ;ALLOY_DUALIZED_PROVER;2016-01-08;true;;30000;50345;3596
BASE/asteroids/BKCmPQ;ALLOY_DUALIZED_PROVER;2016-01-08;true;;30000;188504;4047
BASE/golden_rectangle/_nYzfw;ALLOY_DUALIZED_PROVER;2016-01-08;true;;30002;6534;221
BASE/eotcitcit/V_9_bg;ALLOY_DUALIZED_PROVER;2016-01-08;true;;30000;39496;7860
DRESDEN/blobwars/ZaMluQ;ALLOY_DUALIZED_PROVER;2016-01-08;true;;30002;4704;117
BASE/connectFour/WAIKTw;ALLOY_DUALIZED_PROVER;2016-01-08;true;;30001;15395;684
BASE/2pffa/6oHijA;ALLOY_DUALIZED_PROVER;2016-01-08;true;;30000;32624;1087
BASE/pawnWhopping/Ypc_6Q;ALLOY_DUALIZED_PROVER;2016-01-08;true;;30001;13183;381
DRESDEN/nim1/M9BALA;ALLOY_DUALIZED_PROVER;2016-01-08;true;;30000;215868;31440
DRESDEN/hanoi_6_disks/MeubgQ;ALLOY_DUALIZED_PROVER;2016-01-08;true;;30000;143757;40501
BASE/withConviction/3Xm54A;ALLOY_DUALIZED_PROVER;2016-01-08;true;;30001;15346;613
BASE/factoringGeorgeForman/HGRorQ;ALLOY_DUALIZED_PROVER;2016-01-08;true;;30000;169718;3577
BASE/ticTacToeLargeSuicide/727_8g;ALLOY_DUALIZED_PROVER;2016-01-08;true;;30000;29932;1265
BASE/switches/tPUoCg;ALLOY_DUALIZED_PROVER;2016-01-08;true;;30000;305176;305176
BASE/blocker/dIWtxg;ALLOY_DUALIZED_PROVER;2016-01-08;true;;30000;90022;11396
DRESDEN/tictactoelargesuicide/6J4DeA;ALLOY_DUALIZED_PROVER;2016-01-08;true;;30000;32509;1368
BASE/crissrace/ERWGDA;ALLOY_DUALIZED_PROVER;2016-01-08;true;;30000;14376;322
BASE/blobwars/0XT15Q;ALLOY_DUALIZED_PROVER;2016-01-08;true;;30006;4868;121
DRESDEN/lightsout/XgLpzQ;ALLOY_DUALIZED_PROVER;2016-01-08;true;;30000;35326;1766
BASE/amazonsSuicide_10x10/XIbQkg;ALLOY_DUALIZED_PROVER;2016-01-08;true;;30002;7091;53
BASE/cubicup_3player/e2yA_g;ALLOY_DUALIZED_PROVER;2016-01-08;true;;30001;3804;45
STANFORD/multipletictactoe/_bkafQ;ALLOY_DUALIZED_PROVER;2016-01-08;true;;30000;17815;993
STANFORD/jointbuttonsandlights/qAKuIQ;ALLOY_DUALIZED_PROVER;2016-01-08;true;;30000;200044;34710
DRESDEN/small_dominion/yB5GJA;ALLOY_DUALIZED_PROVER;2016-01-08;true;;30013;1625;53
BASE/firefighter/WJmoPw;ALLOY_DUALIZED_PROVER;2016-01-08;true;;30000;179340;4042
BASE/majorities/ibJzSQ;ALLOY_DUALIZED_PROVER;2016-01-08;true;;30006;4264;80
DRESDEN/snake_2009/zIYLVw;ALLOY_DUALIZED_PROVER;2016-01-08;true;;30002;11773;701
DRESDEN/pawn_whopping_corrected/7Ov0jQ;ALLOY_DUALIZED_PROVER;2016-01-08;true;;30000;12747;374
STANFORD/tictactoe/ss1kyQ;ALLOY_DUALIZED_PROVER;2016-01-08;true;;30000;82926;10882
DRESDEN/Goldrush/VeWczQ;ALLOY_DUALIZED_PROVER;2016-01-08;true;;30000;30564;4031
DRESDEN/chinesecheckers1/Y-ftaA;ALLOY_DUALIZED_PROVER;2016-01-08;true;;30000;31344;1098
DRESDEN/pentago_2008/hLjVpQ;ALLOY_DUALIZED_PROVER;2016-01-08;true;;30050;3965;74
BASE/ruleDepthExponential/UamhHQ;ALLOY_DUALIZED_PROVER;2016-01-08;true;;39498;10161;5034
DRESDEN/skirmish3/3LU8Nw;ALLOY_DUALIZED_PROVER;2016-01-08;true;;30002;9460;236
DRESDEN/vacuumcleaner_random_big/DwzFaQ;ALLOY_DUALIZED_PROVER;2016-01-08;true;;30000;56104;9336
DRESDEN/Travelers-Dilemma/PvZwYw;ALLOY_DUALIZED_PROVER;2016-01-08;true;;30000;187741;18774
DRESDEN/connect4/T0-rHQ;ALLOY_DUALIZED_PROVER;2016-01-08;true;;30002;8988;426
DRESDEN/tictactoelarge/IwXcbg;ALLOY_DUALIZED_PROVER;2016-01-08;true;;30000;33338;1408
DRESDEN/minichess-evilconjuncts/th24Tw;ALLOY_DUALIZED_PROVER;2016-01-08;true;;30006;3374;385
DRESDEN/nim2/z5_exA;ALLOY_DUALIZED_PROVER;2016-01-08;true;;30000;195607;22062
STANFORD/3puzzle/41ibjA;ALLOY_DUALIZED_PROVER;2016-01-08;true;;30000;196249;32708
BASE/ticTacHeaven/18n58A;ALLOY_DUALIZED_PROVER;2016-01-08;true;;30003;5890;253
BASE/hexPie/48CH6Q;ALLOY_DUALIZED_PROVER;2016-01-08;true;;30002;5371;75
DRESDEN/twisty-passages/j7NPyg;ALLOY_DUALIZED_PROVER;2016-01-08;true;;30000;196864;989
DRESDEN/bidding-tictactoe_10coins/mu5VhQ;ALLOY_DUALIZED_PROVER;2016-01-08;true;;30000;56426;3825
BASE/maze/cCX3qQ;ALLOY_DUALIZED_PROVER;2016-01-08;true;;30000;404217;46043
BASE/connect4/50bOyw;ALLOY_DUALIZED_PROVER;2016-01-08;true;;30003;9394;435
DRESDEN/vacuumcleaner_random/_6AGDA;ALLOY_DUALIZED_PROVER;2016-01-08;true;;30000;82174;13611
STANFORD/knightstour/cEwgNA;ALLOY_DUALIZED_PROVER;2016-01-08;true;;30000;452648;93124
BASE/laikLee_hex/zbyscQ;ALLOY_DUALIZED_PROVER;2016-01-08;true;;33410;2906;136
STANFORD/tictactoe7/-bE9-A;ALLOY_DUALIZED_PROVER;2016-01-08;true;;30000;79954;14405
BASE/sudokuGrade1/tDRNRw;ALLOY_DUALIZED_PROVER;2016-01-08;true;;30028;720;20
BASE/sudokuGrade6E/ihYFZA;ALLOY_DUALIZED_PROVER;2016-01-08;true;;30026;673;14
DRESDEN/frogs_and_toads/GjchhQ;ALLOY_DUALIZED_PROVER;2016-01-08;true;;30000;16193;139
BASE/skirmishHoles/AUCxCA;ALLOY_DUALIZED_PROVER;2016-01-08;true;;30017;913;9
DRESDEN/tictactoe/BTTzPw;ALLOY_DUALIZED_PROVER;2016-01-08;true;;30000;86592;11339
DRESDEN/vacuumcleaner_obstacles_1/CqS-7A;ALLOY_DUALIZED_PROVER;2016-01-08;true;;30000;93458;15679
BASE/blokbox_simple/JBx4bg;ALLOY_DUALIZED_PROVER;2016-01-08;true;;30262;60;2
BASE/checkers/rOC3Xg;ALLOY_DUALIZED_PROVER;2016-01-08;true;;30004;3224;32
DRESDEN/tictactoe_3d_small_2player/HYttcg;ALLOY_DUALIZED_PROVER;2016-01-08;true;;30001;10156;804
BASE/amazonsTorus/soxT8g;ALLOY_DUALIZED_PROVER;2016-01-08;true;;33002;5;0
BASE/ticTacHeavenFC/mrletw;ALLOY_DUALIZED_PROVER;2016-01-08;true;;30000;5561;200
BASE/knightsTour/mvtVIg;ALLOY_DUALIZED_PROVER;2016-01-08;true;;30000;428205;88083
BASE/ghostMaze2p/W-NU-w;ALLOY_DUALIZED_PROVER;2016-01-08;true;;30000;69088;1425
BASE/gt_coordination/IVMOzA;ALLOY_DUALIZED_PROVER;2016-01-08;true;;30000;176924;8846
DRESDEN/crissrace/KWb9bw;ALLOY_DUALIZED_PROVER;2016-01-08;true;;30000;14441;323
BASE/duplicateStateMedium/U163eQ;ALLOY_DUALIZED_PROVER;2016-01-08;true;;30000;67295;7477
BASE/quad/tw-Ufg;ALLOY_DUALIZED_PROVER;2016-01-08;true;;33059;43;0
STANFORD/connectfour/VMpZkQ;ALLOY_DUALIZED_PROVER;2016-01-08;true;;30000;14726;658
DRESDEN/buttons/ADUaHw;ALLOY_DUALIZED_PROVER;2016-01-08;true;;30000;610699;101783
BASE/speedChess/bPnisA;ALLOY_DUALIZED_PROVER;2016-01-08;true;;30004;3350;32
DRESDEN/Catch-Me-If-You-Can/ghGWrA;ALLOY_DUALIZED_PROVER;2016-01-08;true;;30000;127343;3832
BASE/tictactoe_3player/GtM71g;ALLOY_DUALIZED_PROVER;2016-01-08;true;;30001;15831;780
DRESDEN/circlesolitaire/ruUilQ;ALLOY_DUALIZED_PROVER;2016-01-08;true;;30000;154979;15085
BASE/pegEuro/5awwhg;ALLOY_DUALIZED_PROVER;2016-01-08;true;;30002;10843;420
BASE/snakeParallel/RCVNtw;ALLOY_DUALIZED_PROVER;2016-01-08;true;;30000;101222;21840
BASE/brain_teaser_extended/ZDp94A;ALLOY_DUALIZED_PROVER;2016-01-08;true;;30000;102460;6830
BASE/mineClearingSmall/frsbvw;ALLOY_DUALIZED_PROVER;2016-01-08;true;;30004;4386;355
STANFORD/bestbuttonsandlightsbig/g0JC6g;ALLOY_DUALIZED_PROVER;2016-01-08;true;;30000;243238;40539
BASE/shmup/ssTNlg;ALLOY_DUALIZED_PROVER;2016-01-08;true;;30000;53658;6490
DRESDEN/hanoi7_bugfix/3gdnFw;ALLOY_DUALIZED_PROVER;2016-01-08;true;;30000;176579;1390
BASE/pancakes88/l2Xaig;ALLOY_DUALIZED_PROVER;2016-01-08;true;;30000;530016;13251
BASE/crossers3/O0rORg;ALLOY_DUALIZED_PROVER;2016-01-08;true;;30000;22259;1685
BASE/gt_two_thirds_4p/DStnxQ;ALLOY_DUALIZED_PROVER;2016-01-08;true;;30000;20203;20203
BASE/conn4/va9Y7A;ALLOY_DUALIZED_PROVER;2016-01-08;true;;30000;14419;675
BASE/ttcc4_2player_alt/ZEJvYA;ALLOY_DUALIZED_PROVER;2016-01-08;true;;30001;11694;314
DRESDEN/god/2EDD5w;ALLOY_DUALIZED_PROVER;2016-01-08;true;;30008;3567;166
DRESDEN/chinesecheckers4/-oVNYg;ALLOY_DUALIZED_PROVER;2016-01-08;true;;30002;8740;151
BASE/dotsAndBoxes/EHwA_w;ALLOY_DUALIZED_PROVER;2016-01-08;true;;30000;17183;286
BASE/pearls/6k_mEQ;ALLOY_DUALIZED_PROVER;2016-01-08;true;;30000;728988;66271
DRESDEN/slidingpieces/s9_44g;ALLOY_DUALIZED_PROVER;2016-01-08;true;;30003;7583;93
DRESDEN/breakthroughsuicide/Y9QzqQ;ALLOY_DUALIZED_PROVER;2016-01-08;true;;30001;18924;298
DRESDEN/merrills/aYEzwA;ALLOY_DUALIZED_PROVER;2016-01-08;true;;30010;3441;57
DRESDEN/catch_me/ghGWrA;ALLOY_DUALIZED_PROVER;2016-01-08;true;;30000;127196;3745
DRESDEN/satlike_20v_91c_version2/yd9ioQ;ALLOY_DUALIZED_PROVER;2016-01-08;true;;30030;7860;393
DRESDEN/3qbf-5cnf-20var-40cl.2.qdimacs.satlike/724YWg;ALLOY_DUALIZED_PROVER;2016-01-08;true;;30001;28072;480
BASE/knightThrough/gcwFjA;ALLOY_DUALIZED_PROVER;2016-01-08;true;;30000;27571;821
DRESDEN/lightson2x2/gBHuig;ALLOY_DUALIZED_PROVER;2016-01-08;true;;30000;167904;16790
BASE/qyshinsu/R08Lzw;ALLOY_DUALIZED_PROVER;2016-01-08;true;;30004;2314;91
BASE/checkersSmall/SYmq8w;ALLOY_DUALIZED_PROVER;2016-01-08;true;;30004;4279;46
BASE/kalaha5x2x3/WviNsw;ALLOY_DUALIZED_PROVER;2016-01-08;true;;30000;37602;379
BASE/minichess/8NQEiA;ALLOY_DUALIZED_PROVER;2016-01-08;true;;30000;38720;12906
DRESDEN/snake_2009_big/DgC1NQ;ALLOY_DUALIZED_PROVER;2016-01-08;true;;30000;8930;510
DRESDEN/smallest/9kaGFw;ALLOY_DUALIZED_PROVER;2016-01-08;true;;30000;34283;1437
BASE/nineBoardTicTacToePie/B8LzeQ;ALLOY_DUALIZED_PROVER;2016-01-08;true;;30002;9166;311
BASE/connectFourLarger/qKi60A;ALLOY_DUALIZED_PROVER;2016-01-08;true;;30000;8708;272
BASE/ttcc4_2player_small/Cv72TA;ALLOY_DUALIZED_PROVER;2016-01-08;true;;30001;15181;1011
BASE/rubiksCube/9tNO9Q;ALLOY_DUALIZED_PROVER;2016-01-08;true;;30001;13609;272
DRESDEN/minichess/c7GMFw;ALLOY_DUALIZED_PROVER;2016-01-08;true;;30000;24686;2787
BASE/tictactoex9/BI26ow;ALLOY_DUALIZED_PROVER;2016-01-08;true;;30001;13385;451
DRESDEN/nim3/sG_axA;ALLOY_DUALIZED_PROVER;2016-01-08;true;;30000;173856;13120
BASE/ticTacToeLarge/TZC0dg;ALLOY_DUALIZED_PROVER;2016-01-08;true;;30000;30986;1301
BASE/futoshiki4/BaCwSw;ALLOY_DUALIZED_PROVER;2016-01-08;true;;30001;18980;2067
BASE/nim1/hin2Qw;ALLOY_DUALIZED_PROVER;2016-01-08;true;;30000;204709;29836
BASE/biddingTicTacToe/8mESVw;ALLOY_DUALIZED_PROVER;2016-01-08;true;;30000;55502;3774
DRESDEN/bunk_t/7-tPfA;ALLOY_DUALIZED_PROVER;2016-01-08;true;;30000;28132;3376
DRESDEN/CatchMeIfYouCanTest/CX18rA;ALLOY_DUALIZED_PROVER;2016-01-08;true;;30000;138679;4037
STANFORD/alquerquezero/uVgA_A;ALLOY_DUALIZED_PROVER;2016-01-08;true;;30000;22773;785
BASE/biddingTicTacToe_10coins/a-9ccQ;ALLOY_DUALIZED_PROVER;2016-01-08;true;;30000;56445;3823
DRESDEN/uf20-010.cnf.SAT/5ICbCg;ALLOY_DUALIZED_PROVER;2016-01-08;true;;30000;29216;1460
DRESDEN/tictactoe_3d_small_6player/llDEDQ;ALLOY_DUALIZED_PROVER;2016-01-08;true;;30001;8695;244
BASE/blocks/xIV5hQ;ALLOY_DUALIZED_PROVER;2016-01-08;true;;30000;211158;70386
BASE/queens/HyJJnQ;ALLOY_DUALIZED_PROVER;2016-01-08;true;;30000;12484;1248
BASE/double_tictactoe_dengji/zgaSbA;ALLOY_DUALIZED_PROVER;2016-01-08;true;;30000;34502;2426
BASE/duplicateStateSmall/bCPAXw;ALLOY_DUALIZED_PROVER;2016-01-08;true;;30000;279592;69898
BASE/quad_7x7/q-JOXg;ALLOY_DUALIZED_PROVER;2016-01-08;true;;52809;298;10
DRESDEN/kitten_escapes_from_fire/uW-YiA;ALLOY_DUALIZED_PROVER;2016-01-08;true;;30000;100827;12168
BASE/chess_200/XsTpYA;ALLOY_DUALIZED_PROVER;2016-01-08;true;;30027;991;4
DRESDEN/tttcc4/sAvtFg;ALLOY_DUALIZED_PROVER;2016-01-08;true;;30000;9716;346
DRESDEN/connect5/1kYzSg;ALLOY_DUALIZED_PROVER;2016-01-08;true;;30001;8792;193
DRESDEN/ghostmaze2p/HY0UwA;ALLOY_DUALIZED_PROVER;2016-01-08;true;;30000;69985;1448
DRESDEN/pawn_whopping/4ogBkg;ALLOY_DUALIZED_PROVER;2016-01-08;true;;30000;13540;368
BASE/wargame01/_GZFZg;ALLOY_DUALIZED_PROVER;2016-01-08;true;;30000;17515;1694
DRESDEN/javastrike/whONTQ;ALLOY_DUALIZED_PROVER;2016-01-08;true;;30004;4377;9
DRESDEN/stratego/Z2wovg;ALLOY_DUALIZED_PROVER;2016-01-08;true;;30000;12064;284
DRESDEN/tictictoe/LAUtwg;ALLOY_DUALIZED_PROVER;2016-01-08;true;;30000;41623;8306
DRESDEN/tictactoe_3player/ESLQQQ;ALLOY_DUALIZED_PROVER;2016-01-08;true;;30000;15802;766
DRESDEN/skirmishfinal/hzq8ww;ALLOY_DUALIZED_PROVER;2016-01-08;true;;30002;1261;21
BASE/ticTacToeNoVars/XT03NA;ALLOY_DUALIZED_PROVER;2016-01-08;true;;30000;99565;13045
BASE/blocksWorldSerial/Wyg96Q;ALLOY_DUALIZED_PROVER;2016-01-08;true;;30000;87756;14626
BASE/snake_2008_tweaked/bX0NJQ;ALLOY_DUALIZED_PROVER;2016-01-08;true;;30000;11440;707
BASE/amazonsTorus_10x10/Uxc08g;ALLOY_DUALIZED_PROVER;2016-01-08;true;;30004;4366;28
DRESDEN/4pttc/9pB9AQ;ALLOY_DUALIZED_PROVER;2016-01-08;true;;30000;24660;782
DRESDEN/coins/QwFP9w;ALLOY_DUALIZED_PROVER;2016-01-08;true;;30000;10470;4161
BASE/aipsrovers01/4C4jsw;ALLOY_DUALIZED_PROVER;2016-01-08;true;;30000;99128;3425
BASE/merrills/pku8Tg;ALLOY_DUALIZED_PROVER;2016-01-08;true;;30002;3477;57
BASE/dualConnect4/WbCQkg;ALLOY_DUALIZED_PROVER;2016-01-08;true;;30002;9092;287
DRESDEN/uf20-010.cnf.SAT.satlike/g7LF6g;ALLOY_DUALIZED_PROVER;2016-01-08;true;;30002;6740;337
BASE/solitaireChineseCheckers/-ET6gw;ALLOY_DUALIZED_PROVER;2016-01-08;true;;30000;38076;705
BASE/kalaha6x2x4/XS81Mg;ALLOY_DUALIZED_PROVER;2016-01-08;true;;30000;32860;179
BASE/untwistycomplex2/EDPPAQ;ALLOY_DUALIZED_PROVER;2016-01-08;true;;30000;634895;90699
BASE/gt_staghunt/xPjLRA;ALLOY_DUALIZED_PROVER;2016-01-08;true;;30000;146021;7301
BASE/stateSpaceMedium/3bUoIw;ALLOY_DUALIZED_PROVER;2016-01-08;true;;30000;100187;11131
BASE/ttcc4_2player/_aH_Mw;ALLOY_DUALIZED_PROVER;2016-01-08;true;;30002;10615;259
DRESDEN/troublemaker01/C-lPWw;ALLOY_DUALIZED_PROVER;2016-01-08;true;;30000;588107;195922
DRESDEN/bidding-tictactoe/yW5vTA;ALLOY_DUALIZED_PROVER;2016-01-08;true;;30000;56570;3848
BASE/connectFourLarge/aU644A;ALLOY_DUALIZED_PROVER;2016-01-08;true;;30000;11507;440
BASE/reversi/d8UMeA;ALLOY_DUALIZED_PROVER;2016-01-08;true;;30033;361;6
BASE/lightsOnParallel/SC6enA;ALLOY_DUALIZED_PROVER;2016-01-08;true;;30000;104415;5263
DRESDEN/tictactoe_orthogonal/y69QFQ;ALLOY_DUALIZED_PROVER;2016-01-08;true;;30000;99875;12447
BASE/3pttc/0sol9g;ALLOY_DUALIZED_PROVER;2016-01-08;true;;30000;24908;865
DRESDEN/fizzbuzz/t1xHzQ;ALLOY_DUALIZED_PROVER;2016-01-08;true;;30000;427170;14239
DRESDEN/quarto/OQzRYQ;ALLOY_DUALIZED_PROVER;2016-01-08;true;;30000;29633;1276
STANFORD/tictactoe3/X7myng;ALLOY_DUALIZED_PROVER;2016-01-08;true;;30000;67362;25244
BASE/ad_game_2x2/D0aWqg;ALLOY_DUALIZED_PROVER;2016-01-08;true;;30002;11156;5847
BASE/mummyMaze2p_2007/YGA3Vw;ALLOY_DUALIZED_PROVER;2016-01-08;true;;30000;40435;863
DRESDEN/sum15/CsgWKg;ALLOY_DUALIZED_PROVER;2016-01-08;true;;30000;105198;13782
DRESDEN/knightwar/7hhAqg;ALLOY_DUALIZED_PROVER;2016-01-08;true;;30000;45402;5283
BASE/colonelBlotto/jip21A;ALLOY_DUALIZED_PROVER;2016-01-08;true;;30000;58839;11767
BASE/max_knights/2fq3Ag;ALLOY_DUALIZED_PROVER;2016-01-08;true;;30000;30933;5832
DRESDEN/roshambo2/jgSlkQ;ALLOY_DUALIZED_PROVER;2016-01-08;true;;30000;250221;29451
BASE/lightsOn/MsXu3A;ALLOY_DUALIZED_PROVER;2016-01-08;true;;30000;236747;18932
DRESDEN/skirmish/RjGQYQ;ALLOY_DUALIZED_PROVER;2016-01-08;true;;30007;5497;137
DRESDEN/statespacesmall/h-NqjA;ALLOY_DUALIZED_PROVER;2016-01-08;true;;30000;380548;95137
DRESDEN/eotcatcit/mQUxzA;ALLOY_DUALIZED_PROVER;2016-01-08;true;;30000;78544;10303
STANFORD/madness/UO_B3A;ALLOY_DUALIZED_PROVER;2016-01-08;true;;30001;1502;25
DRESDEN/Thief_Police/CX18rA;ALLOY_DUALIZED_PROVER;2016-01-08;true;;30000;130054;3867
BASE/2pttc/unkkYA;ALLOY_DUALIZED_PROVER;2016-01-08;true;;30000;29633;1075
BASE/chineseCheckers6/rREH3A;ALLOY_DUALIZED_PROVER;2016-01-08;true;;30000;27047;450
BASE/catcha_mouse/cHv4dw;ALLOY_DUALIZED_PROVER;2016-01-08;true;;30000;35750;2706
BASE/connectFour_9x6/B9TtMw;ALLOY_DUALIZED_PROVER;2016-01-08;true;;30002;13888;586
DRESDEN/checkers-mustjump-torus/cVc3gA;ALLOY_DUALIZED_PROVER;2016-01-08;true;;30009;1708;39
BASE/gt_prisoner/klthDw;ALLOY_DUALIZED_PROVER;2016-01-08;true;;30000;140455;7022
STANFORD/untwistycomplex/HTWEwg;ALLOY_DUALIZED_PROVER;2016-01-08;true;;30000;341321;37924
DRESDEN/3qbf-5cnf-20var-40cl.2.qdimacs.SAT/Q8-axQ;ALLOY_DUALIZED_PROVER;2016-01-08;true;;30000;28959;495
DRESDEN/tictactoex9/rFkD4w;ALLOY_DUALIZED_PROVER;2016-01-08;true;;30001;13571;465
DRESDEN/oisters_farm/pTQMLg;ALLOY_DUALIZED_PROVER;2016-01-08;true;;30000;243333;4966
DRESDEN/3pffa/0YrmQw;ALLOY_DUALIZED_PROVER;2016-01-08;true;;30000;30095;1003
DRESDEN/grid_game2/kypTYQ;ALLOY_DUALIZED_PROVER;2016-01-08;true;;30000;32061;655
BASE/pacman2p/4LEdQg;ALLOY_DUALIZED_PROVER;2016-01-08;true;;30000;21066;414
BASE/knightfight/SJRkAg;ALLOY_DUALIZED_PROVER;2016-01-08;true;;30000;69831;6448
STANFORD/untwistycorridor/EDPPAQ;ALLOY_DUALIZED_PROVER;2016-01-08;true;;30000;633392;90484
DRESDEN/battle/8oAvhQ;ALLOY_DUALIZED_PROVER;2016-01-08;true;;30004;1374;45
BASE/quarto/EwBMVQ;ALLOY_DUALIZED_PROVER;2016-01-08;true;;30000;31726;1362
BASE/haystack/UkweGA;ALLOY_DUALIZED_PROVER;2016-01-08;true;;30000;1045485;348098
DRESDEN/3qbf-5cnf-20var-40cl.0.qdimacs/-6hrIw;ALLOY_DUALIZED_PROVER;2016-01-08;true;;30001;28206;478
DRESDEN/knightazons/02I8BQ;ALLOY_DUALIZED_PROVER;2016-01-08;true;;30002;5565;84
STANFORD/trifecta/ss1kyQ;ALLOY_DUALIZED_PROVER;2016-01-08;true;;30000;82686;10827
STANFORD/multiplebuttonsandlights/cK70Yg;ALLOY_DUALIZED_PROVER;2016-01-08;true;;30000;368712;61452
DRESDEN/pawn_whopping_simultaneous/r8dLfw;ALLOY_DUALIZED_PROVER;2016-01-08;true;;30001;12628;694
DRESDEN/knightthrough/J7Fc_Q;ALLOY_DUALIZED_PROVER;2016-01-08;true;;30000;29129;883
DRESDEN/chinesecheckers6-simultaneous/gPPGUw;ALLOY_DUALIZED_PROVER;2016-01-08;true;;30002;5458;242
STANFORD/breakthrough/d5j0cQ;ALLOY_DUALIZED_PROVER;2016-01-08;true;;30000;19784;306
DRESDEN/blocksworldparallel/2JfVaw;ALLOY_DUALIZED_PROVER;2016-01-08;true;;30000;61812;20604
BASE/queens06ug/7Lq3tw;ALLOY_DUALIZED_PROVER;2016-01-08;true;;30000;67823;11303
BASE/guess/SPpk1A;ALLOY_DUALIZED_PROVER;2016-01-08;true;;30002;13409;1504
BASE/crisscross/ICagEg;ALLOY_DUALIZED_PROVER;2016-01-08;true;;30000;16854;649
BASE/breakthroughSuicide/wZDpIg;ALLOY_DUALIZED_PROVER;2016-01-08;true;;30000;11740;180
STANFORD/chinook/osFbPA;ALLOY_DUALIZED_PROVER;2016-01-08;true;;30001;11975;299
BASE/copolymer_4_pie/IN5_jA;ALLOY_DUALIZED_PROVER;2016-01-08;true;;30000;37308;1043
DRESDEN/tictactoe-init1/3ltIBQ;ALLOY_DUALIZED_PROVER;2016-01-08;true;;30000;77565;22061
DRESDEN/farmers/S_ASnw;ALLOY_DUALIZED_PROVER;2016-01-08;true;;30000;17145;1714
BASE/eightPuzzle/vLrgFg;ALLOY_DUALIZED_PROVER;2016-01-08;true;;30000;63143;1052
BASE/cittaceot/fDxhXg;ALLOY_DUALIZED_PROVER;2016-01-08;true;;30000;16141;741
STANFORD/sukoshi/4LYZZQ;ALLOY_DUALIZED_PROVER;2016-01-08;true;;30000;44484;8186
BASE/tictactoe_3d_2player/IUC1rQ;ALLOY_DUALIZED_PROVER;2016-01-08;true;;30017;3015;82
BASE/skirmishFinal3/-Olhfw;ALLOY_DUALIZED_PROVER;2016-01-08;true;;30001;1475;25
STANFORD/eightpuzzle/W_aWbA;ALLOY_DUALIZED_PROVER;2016-01-08;true;;30000;62323;1246
BASE/hanoi7_bugfix/3gdnFw;ALLOY_DUALIZED_PROVER;2016-01-08;true;;30000;181618;1430
DRESDEN/mimikry/GJEhwA;ALLOY_DUALIZED_PROVER;2016-01-08;true;;30000;12911;535
STANFORD/multiplebuttonsandlights_9/SqB9BA;ALLOY_DUALIZED_PROVER;2016-01-08;true;;30000;426447;71074
BASE/tttcc4/8Bs2lg;ALLOY_DUALIZED_PROVER;2016-01-08;true;;30000;9542;336
DRESDEN/mummymaze1p/AekgaQ;ALLOY_DUALIZED_PROVER;2016-01-08;true;;30000;40862;7306
STANFORD/freeforall/Lfp40Q;ALLOY_DUALIZED_PROVER;2016-01-08;true;;30000;31217;1040
BASE/chickentictactoe/DSlZCA;ALLOY_DUALIZED_PROVER;2016-01-08;true;;30000;61399;8624
DRESDEN/vacuumcleaner_obstacles_3/4NjSmw;ALLOY_DUALIZED_PROVER;2016-01-08;true;;30000;17824;2930
BASE/skirmish/Y_psYQ;ALLOY_DUALIZED_PROVER;2016-01-08;true;;30000;942;9
DRESDEN/3qbf-5cnf-20var-40cl.1.qdimacs.SAT/2034pg;ALLOY_DUALIZED_PROVER;2016-01-08;true;;30000;26621;457
STANFORD/bestbuttonsandlights/nm0wEA;ALLOY_DUALIZED_PROVER;2016-01-08;true;;30000;297282;49547
DRESDEN/tictactoe_3d_2player/LMuX9w;ALLOY_DUALIZED_PROVER;2016-01-08;true;;30001;3097;87
BASE/smallest_4player/ADDROA;ALLOY_DUALIZED_PROVER;2016-01-08;true;;30000;77431;3281
BASE/hodgepodge/9yjRkw;ALLOY_DUALIZED_PROVER;2016-01-08;true;;30000;122463;122463
DRESDEN/checkers-newgoals/IJOqXQ;ALLOY_DUALIZED_PROVER;2016-01-08;true;;30007;2412;24
BASE/ticTacToeSerial/Amrwqw;ALLOY_DUALIZED_PROVER;2016-01-08;true;;30000;29071;1909
DRESDEN/battlesnakes1509/-qZrLw;ALLOY_DUALIZED_PROVER;2016-01-08;true;;30001;14448;356
DRESDEN/skirmish2/iPpWhQ;ALLOY_DUALIZED_PROVER;2016-01-08;true;;30000;6018;150
BASE/ttcc4/Le0qjQ;ALLOY_DUALIZED_PROVER;2016-01-08;true;;30001;9035;322
DRESDEN/amazons/dNB28A;ALLOY_DUALIZED_PROVER;2016-01-08;true;;30004;808;10
DRESDEN/breakthroughsuicide_v2/LU1nAw;ALLOY_DUALIZED_PROVER;2016-01-08;true;;30001;11672;182
DRESDEN/ggp-course2013_nicolai/uEin8g;ALLOY_DUALIZED_PROVER;2016-01-08;true;;30006;2906;90
BASE/endgame/jYjfOA;ALLOY_DUALIZED_PROVER;2016-01-08;true;;30000;14229;1016
BASE/god/qF06gw;ALLOY_DUALIZED_PROVER;2016-01-08;true;;30002;3597;163
BASE/coloredtrails/EZvr7g;ALLOY_DUALIZED_PROVER;2016-01-08;true;;30000;59761;6640
DRESDEN/racer/vk_ZBA;ALLOY_DUALIZED_PROVER;2016-01-08;true;;30000;25809;1869
BASE/tictactoe_3d_small_2player/oOryKA;ALLOY_DUALIZED_PROVER;2016-01-08;true;;30001;10111;821
STANFORD/nineboardtictactoe/y28P-A;ALLOY_DUALIZED_PROVER;2016-01-08;true;;30001;9466;322
BASE/hanoi/iGLsJg;ALLOY_DUALIZED_PROVER;2016-01-08;true;;30000;205765;6637
BASE/snake2p/I3wWPQ;ALLOY_DUALIZED_PROVER;2016-01-08;true;;30001;9403;7013
BASE/sheepAndWolf/g4THrg;ALLOY_DUALIZED_PROVER;2016-01-08;true;;30005;19916;487
BASE/onestep/xi53wA;ALLOY_DUALIZED_PROVER;2016-01-08;true;;30000;1009293;1009293
BASE/futoshiki5/TJ4BZg;ALLOY_DUALIZED_PROVER;2016-01-08;true;;30003;9279;683
BASE/checkers-suicide-cylinder-mustjump/YeW5Tw;ALLOY_DUALIZED_PROVER;2016-01-08;true;;30002;1886;42
BASE/nim2/eF2Qqw;ALLOY_DUALIZED_PROVER;2016-01-08;true;;30000;200398;22642
BASE/nineBoardTicTacToe/wRmqqA;ALLOY_DUALIZED_PROVER;2016-01-08;true;;30001;9294;309
STANFORD/platformjumpers/HEQskA;ALLOY_DUALIZED_PROVER;2016-01-08;true;;30001;6413;124
DRESDEN/CephalopodMicro/H3XQfg;ALLOY_DUALIZED_PROVER;2016-01-08;true;;30037;452;10
DRESDEN/pancakes6/SZXMyQ;ALLOY_DUALIZED_PROVER;2016-01-08;true;;30000;587417;14784
STANFORD/skirmish/w4V6Vw;ALLOY_DUALIZED_PROVER;2016-01-08;true;;30004;1198;12
BASE/stateSpaceSmall/Q7osKA;ALLOY_DUALIZED_PROVER;2016-01-08;true;;30000;369059;92264
BASE/factoringMediumTurtleBrain/8RBqmQ;ALLOY_DUALIZED_PROVER;2016-01-08;true;;30000;25868;307
BASE/tictactoe2/bhrDoQ;ALLOY_DUALIZED_PROVER;2016-01-08;true;;30000;72442;9510
DRESDEN/pancakes/hl9aiQ;ALLOY_DUALIZED_PROVER;2016-01-08;true;;30000;599411;15098
DRESDEN/8puzzle/8fKC2w;ALLOY_DUALIZED_PROVER;2016-01-08;true;;30000;62909;1048
DRESDEN/tpeg/h-Scbg;ALLOY_DUALIZED_PROVER;2016-01-08;true;;30000;14238;1151
BASE/queens31lg/0gID-A;ALLOY_DUALIZED_PROVER;2016-01-08;true;;30076;41;1
DRESDEN/doubletoetictac/V89gKQ;ALLOY_DUALIZED_PROVER;2016-01-08;true;;30000;29163;3495
DRESDEN/capture_the_king/EQ229Q;ALLOY_DUALIZED_PROVER;2016-01-08;true;;30007;2648;41
DRESDEN/gt_prisoner/huCp4w;ALLOY_DUALIZED_PROVER;2016-01-08;true;;30000;131935;6596
BASE/survival/YVIjJA;ALLOY_DUALIZED_PROVER;2016-01-08;true;;30000;864377;740203
BASE/amazons_10x10/Bun8dA;ALLOY_DUALIZED_PROVER;2016-01-08;true;;30003;7006;51
STANFORD/ttcc4/Cx9SGw;ALLOY_DUALIZED_PROVER;2016-01-08;true;;30000;18257;335
DRESDEN/gt_ultimatum/pAiiQw;ALLOY_DUALIZED_PROVER;2016-01-08;true;;30000;217131;10856
BASE/asteroidsParallel/WauZiA;ALLOY_DUALIZED_PROVER;2016-01-08;true;;30000;61752;1405
STANFORD/sudoku/oJ1qyQ;ALLOY_DUALIZED_PROVER;2016-01-08;true;;30010;688;17
BASE/gt_two_thirds_6p/867v3Q;ALLOY_DUALIZED_PROVER;2016-01-08;true;;30000;9689;9689
DRESDEN/brawl/2kXtfQ;ALLOY_DUALIZED_PROVER;2016-01-08;true;;30005;3550;355
DRESDEN/vacuum_cleaner_1/eUNjpw;ALLOY_DUALIZED_PROVER;2016-01-08;true;;30000;104381;17384
STANFORD/hex/MTqWcw;ALLOY_DUALIZED_PROVER;2016-01-08;true;;30000;5391;75
BASE/amazons_8x8/7SOsIw;ALLOY_DUALIZED_PROVER;2016-01-08;true;;30001;9071;99
DRESDEN/racetrackcorridor/O0DoTA;ALLOY_DUALIZED_PROVER;2016-01-08;true;;30000;30172;1700
BASE/nim4/twk16w;ALLOY_DUALIZED_PROVER;2016-01-08;true;;30000;170495;12726
BASE/copolymer_4/2LDVhQ;ALLOY_DUALIZED_PROVER;2016-01-08;true;;30000;45390;1304
DRESDEN/tictactoe_3d_6player/ulZPWg;ALLOY_DUALIZED_PROVER;2016-01-08;true;;30005;2944;30
DRESDEN/uf20-01.cnf.SAT/42Rs8A;ALLOY_DUALIZED_PROVER;2016-01-08;true;;30000;27920;1396
DRESDEN/pancakes88/aD3E7g;ALLOY_DUALIZED_PROVER;2016-01-08;true;;30000;491813;12296
BASE/simultaneousWin2/PfjRjw;ALLOY_DUALIZED_PROVER;2016-01-08;true;;30000;31509;500
BASE/wargame03/klXI8w;ALLOY_DUALIZED_PROVER;2016-01-08;true;;30000;13698;2127
DRESDEN/statespacemedium/dVJZ_w;ALLOY_DUALIZED_PROVER;2016-01-08;true;;30000;97341;10815
STANFORD/8puzzle/jNiGtw;ALLOY_DUALIZED_PROVER;2016-01-08;true;;30000;60657;1010
BASE/chineseCheckers2/eCMR3Q;ALLOY_DUALIZED_PROVER;2016-01-08;true;;30000;47914;1269
BASE/othelloSuicide/B442jg;ALLOY_DUALIZED_PROVER;2016-01-08;true;;30048;72;1
BASE/strangeSkirmish/gc1zKA;ALLOY_DUALIZED_PROVER;2016-01-08;true;;30004;849;8
BASE/slidingpieces/uFJWEw;ALLOY_DUALIZED_PROVER;2016-01-08;true;;30003;7890;97
STANFORD/buttonsandlights/eyhJpA;ALLOY_DUALIZED_PROVER;2016-01-08;true;;30000;1059155;176525
BASE/knightsTourLarge/M8jgLA;ALLOY_DUALIZED_PROVER;2016-01-08;true;;30000;380400;63517
BASE/blockerParallel/7-nDJA;ALLOY_DUALIZED_PROVER;2016-01-08;true;;30000;18956;2703
DRESDEN/statespacelarge/8-y5HQ;ALLOY_DUALIZED_PROVER;2016-01-08;true;;30000;33906;2421
DRESDEN/vacuumcleaner_obstacles_2/Y-R7tA;ALLOY_DUALIZED_PROVER;2016-01-08;true;;30000;90653;15151
DRESDEN/gt_chicken/CeuKtw;ALLOY_DUALIZED_PROVER;2016-01-08;true;;30000;123764;6188
BASE/four_way_battle/xSOQXA;ALLOY_DUALIZED_PROVER;2016-01-08;true;;30002;4602;152
DRESDEN/satlike_20v_91c/yeuENQ;ALLOY_DUALIZED_PROVER;2016-01-08;true;;30001;8120;406
DRESDEN/guess/PhxGhg;ALLOY_DUALIZED_PROVER;2016-01-08;true;;30001;12879;1433
STANFORD/duidoku/3SoMaA;ALLOY_DUALIZED_PROVER;2016-01-08;true;;30015;653;15
BASE/bunk_t/xbpfIA;ALLOY_DUALIZED_PROVER;2016-01-08;true;;30000;28169;3386
BASE/checkersTorusNoKings/pwb6oQ;ALLOY_DUALIZED_PROVER;2016-01-08;true;;30000;17626;288
BASE/gt_two_thirds_2p/1APDGg;ALLOY_DUALIZED_PROVER;2016-01-08;true;;30000;52068;52068
DRESDEN/vacuumcleaner_obstacles_5/fXBV4g;ALLOY_DUALIZED_PROVER;2016-01-08;true;;30001;18277;3064
DRESDEN/chinesecheckers2/06E6-Q;ALLOY_DUALIZED_PROVER;2016-01-08;true;;30000;25592;679
BASE/tpeg/QNs7Lw;ALLOY_DUALIZED_PROVER;2016-01-08;true;;30001;13719;1132
BASE/lightsOut/5P1ZBw;ALLOY_DUALIZED_PROVER;2016-01-08;true;;30000;35660;1783
BASE/othello-comp2007/86ZoMw;ALLOY_DUALIZED_PROVER;2016-01-08;true;;31805;88;1
BASE/zhadu/DlA8iQ;ALLOY_DUALIZED_PROVER;2016-01-08;true;;30000;1066;29
BASE/sudoku/NTaNkw;ALLOY_DUALIZED_PROVER;2016-01-08;true;;30010;2728;33
BASE/ticTicToe/c1OobQ;ALLOY_DUALIZED_PROVER;2016-01-08;true;;30000;41583;8263
STANFORD/duikoshi/tpw1sw;ALLOY_DUALIZED_PROVER;2016-01-08;true;;30000;15643;1175
DRESDEN/grid_game/U7_Yeg;ALLOY_DUALIZED_PROVER;2016-01-08;true;;30000;29874;842
BASE/skirmishFinal1/ecWTnQ;ALLOY_DUALIZED_PROVER;2016-01-08;true;;30006;1300;22
DRESDEN/hanoi/RQ0jiA;ALLOY_DUALIZED_PROVER;2016-01-08;true;;30000;200522;6468
DRESDEN/pacman3p/rBnk8Q;ALLOY_DUALIZED_PROVER;2016-01-08;true;;30000;21510;445
DRESDEN/chinesecheckers3/QsCb2A;ALLOY_DUALIZED_PROVER;2016-01-08;true;;30000;22536;415
BASE/breakthroughSmallHoles/bxclRw;ALLOY_DUALIZED_PROVER;2016-01-08;true;;30001;15291;594
DRESDEN/troublemaker02/iZLVuA;ALLOY_DUALIZED_PROVER;2016-01-08;true;;30000;561933;187063
BASE/coins_atomic/AA3SSw;ALLOY_DUALIZED_PROVER;2016-01-08;true;;30000;10264;4094
BASE/tron_10x10/7ZTgDg;ALLOY_DUALIZED_PROVER;2016-01-08;true;;30000;70216;23418
BASE/coins/QnGtnQ;ALLOY_DUALIZED_PROVER;2016-01-08;true;;30002;10175;4085
BASE/checkers-newgoals/0XkFiA;ALLOY_DUALIZED_PROVER;2016-01-08;true;;30000;2574;26
BASE/roshambo2/KNPokQ;ALLOY_DUALIZED_PROVER;2016-01-08;true;;30000;243499;28640
BASE/chineseCheckers4/avfBcQ;ALLOY_DUALIZED_PROVER;2016-01-08;true;;30000;25092;436
BASE/chineseCheckers3/-1rZdQ;ALLOY_DUALIZED_PROVER;2016-01-08;true;;30000;40727;749
BASE/checkers-mustjump/T-8UuQ;ALLOY_DUALIZED_PROVER;2016-01-08;true;;30004;2386;46
BASE/connect5/d-BVQg;ALLOY_DUALIZED_PROVER;2016-01-08;true;;30002;8985;198
DRESDEN/blocker/S815zQ;ALLOY_DUALIZED_PROVER;2016-01-08;true;;30000;93493;11827
BASE/cephalopodMicro/9l2D3g;ALLOY_DUALIZED_PROVER;2016-01-08;true;;30059;381;9
DRESDEN/chomp/-LcqYQ;ALLOY_DUALIZED_PROVER;2016-01-08;true;;30000;66785;9526
BASE/doubletoetictac/fu35bg;ALLOY_DUALIZED_PROVER;2016-01-08;true;;30000;29003;3476
BASE/snake_2009/7l-qAQ;ALLOY_DUALIZED_PROVER;2016-01-08;true;;30000;11669;749
BASE/pawnToQueen/-O1_JA;ALLOY_DUALIZED_PROVER;2016-01-08;true;;30013;484;38
DRESDEN/chickentictactoe/Ipbo-g;ALLOY_DUALIZED_PROVER;2016-01-08;true;;30000;61258;8615
DRESDEN/sheep_and_wolf/enAIzQ;ALLOY_DUALIZED_PROVER;2016-01-08;true;;30001;20556;493
DRESDEN/battlebrushes/QHXV4A;ALLOY_DUALIZED_PROVER;2016-01-08;true;;30009;1476;77
STANFORD/knightstourbig/TQUI2g;ALLOY_DUALIZED_PROVER;2016-01-08;true;;30000;364587;63654
BASE/4pffa/Q3ADlg;ALLOY_DUALIZED_PROVER;2016-01-08;true;;30000;23490;587
BASE/pancakes/yUgbXw;ALLOY_DUALIZED_PROVER;2016-01-08;true;;30000;633251;15973
DRESDEN/othello-cornercontrol/r5Gdlg;ALLOY_DUALIZED_PROVER;2016-01-08;true;;30268;42;0
BASE/sudokuGrade5/BQfUQA;ALLOY_DUALIZED_PROVER;2016-01-08;true;;30025;698;17
DRESDEN/hanoi7/51zz5Q;ALLOY_DUALIZED_PROVER;2016-01-08;true;;30000;181217;1426
BASE/blocks2player/wnTLOQ;ALLOY_DUALIZED_PROVER;2016-01-08;true;;30000;176076;9782
DRESDEN/golden_rectangle/1uloXw;ALLOY_DUALIZED_PROVER;2016-01-08;true;;30002;6063;206
BASE/pacman3p/wW7UVQ;ALLOY_DUALIZED_PROVER;2016-01-08;true;;30001;20588;427
DRESDEN/chickentoetictac/cxYaRQ;ALLOY_DUALIZED_PROVER;2016-01-08;true;;30000;91761;12882
BASE/factoringImpossibleTurtleBrain/kcBhdw;ALLOY_DUALIZED_PROVER;2016-01-08;true;;30015;381;4
BASE/twisty-passages/DiZmmg;ALLOY_DUALIZED_PROVER;2016-01-08;true;;30000;204741;1028
BASE/quad_5x5/JAEP5g;ALLOY_DUALIZED_PROVER;2016-01-08;true;;32133;1152;79
BASE/2pffa_zerosum/o0_uZA;ALLOY_DUALIZED_PROVER;2016-01-08;true;;30000;31990;1066
BASE/pentagoSuicide/SBgNhw;ALLOY_DUALIZED_PROVER;2016-01-08;true;;30000;4055;73
DRESDEN/doubletictactoe/lJzgmQ;ALLOY_DUALIZED_PROVER;2016-01-08;true;;30001;30691;3689
DRESDEN/battlesnakes2011/93VtTw;ALLOY_DUALIZED_PROVER;2016-01-08;true;;30001;15036;441
DRESDEN/sat_test_20v_91c_version2/a1mPBA;ALLOY_DUALIZED_PROVER;2016-01-08;true;;30000;27061;1353
BASE/escortLatch/mX9BjQ;ALLOY_DUALIZED_PROVER;2016-01-08;true;;30001;20856;351
BASE/skirmishFinal2/gdB62Q;ALLOY_DUALIZED_PROVER;2016-01-08;true;;30003;1325;22
STANFORD/hunter/14dD-g;ALLOY_DUALIZED_PROVER;2016-01-08;true;;30000;102321;7308
STANFORD/rainbow/_4qNSQ;ALLOY_DUALIZED_PROVER;2016-01-08;true;;30000;206323;34387
DRESDEN/checkers-cylinder-mustjump/vW_-pA;ALLOY_DUALIZED_PROVER;2016-01-08;true;;30012;1886;44
DRESDEN/ggp-course2013_michal13/jWKddg;ALLOY_DUALIZED_PROVER;2016-01-08;true;;30162;44;1
BASE/hex/T1MK8g;ALLOY_DUALIZED_PROVER;2016-01-08;true;;30002;5534;78
DRESDEN/2player_normal_form_2010/NG_Kdg;ALLOY_DUALIZED_PROVER;2016-01-08;true;;30000;171112;171112
BASE/nonogram_5x5_1/qLKEZw;ALLOY_DUALIZED_PROVER;2016-01-08;true;;30019;4028;690
DRESDEN/point_grab/r5DPmQ;ALLOY_DUALIZED_PROVER;2016-01-08;true;;30000;314260;10475
BASE/checkersBarrelNoKings/rnKNeg;ALLOY_DUALIZED_PROVER;2016-01-08;true;;30000;16141;246
BASE/buttons/hTcUjw;ALLOY_DUALIZED_PROVER;2016-01-08;true;;30000;622355;103725
BASE/battlebrushes/arCwyA;ALLOY_DUALIZED_PROVER;2016-01-08;true;;30023;1349;71
BASE/pancakes6/QZTdnw;ALLOY_DUALIZED_PROVER;2016-01-08;true;;30000;609884;15365
DRESDEN/mummymaze2p/k-8edg;ALLOY_DUALIZED_PROVER;2016-01-08;true;;30000;34024;690
BASE/checkLines/Vop7oQ;ALLOY_DUALIZED_PROVER;2016-01-08;true;;30000;28221;1834
BASE/gt_ultimatum/GE-uOA;ALLOY_DUALIZED_PROVER;2016-01-08;true;;30000;219358;10967
BASE/amazonsSuicide/dE1QEQ;ALLOY_DUALIZED_PROVER;2016-01-08;true;;30053;41;0
BASE/minichess-evilconjuncts/4OpQzw;ALLOY_DUALIZED_PROVER;2016-01-08;true;;30005;3538;397
BASE/checkers-cylinder-mustjump/rjr6qQ;ALLOY_DUALIZED_PROVER;2016-01-08;true;;30010;1873;43
DRESDEN/SC_TestOnly_enabled/09o7gQ;ALLOY_DUALIZED_PROVER;2016-01-08;true;;30000;80227;8914
BASE/ticTacToe/JRFsaQ;ALLOY_DUALIZED_PROVER;2016-01-08;true;;30000;82984;10899
STANFORD/tictictoe/rpt_Dw;ALLOY_DUALIZED_PROVER;2016-01-08;true;;30000;38731;7726
DRESDEN/quad_5x5_8_2/JRTLJg;ALLOY_DUALIZED_PROVER;2016-01-08;true;;30003;1848;100
DRESDEN/hitori/S8Gsyg;ALLOY_DUALIZED_PROVER;2016-01-08;true;;30014;1860;18
DRESDEN/max_knights/hCipiA;ALLOY_DUALIZED_PROVER;2016-01-08;true;;30000;29914;5633
DRESDEN/chinesecheckers6/yTbPDA;ALLOY_DUALIZED_PROVER;2016-01-08;true;;30000;16267;275
DRESDEN/four_way_battle/xSOQXA;ALLOY_DUALIZED_PROVER;2016-01-08;true;;30000;4551;156
DRESDEN/quartosuicide/WIU1oQ;ALLOY_DUALIZED_PROVER;2016-01-08;true;;30000;30946;1337
DRESDEN/3pttc/uwYBZw;ALLOY_DUALIZED_PROVER;2016-01-08;true;;30000;26906;921
BASE/breakthroughSmall/HJ0tIA;ALLOY_DUALIZED_PROVER;2016-01-08;true;;30000;18973;674
BASE/circlesolitaire/azuQFQ;ALLOY_DUALIZED_PROVER;2016-01-08;true;;30000;150809;14713
DRESDEN/peg/Vo31eg;ALLOY_DUALIZED_PROVER;2016-01-08;true;;30001;13050;533
BASE/racer/QQYQNw;ALLOY_DUALIZED_PROVER;2016-01-08;true;;30001;24998;1846
DRESDEN/lightsout2/LFtfyQ;ALLOY_DUALIZED_PROVER;2016-01-08;true;;30000;41360;2068
DRESDEN/snake_2008/E56l3A;ALLOY_DUALIZED_PROVER;2016-01-08;true;;30001;11844;768
BASE/gt_centipede/9fRMpw;ALLOY_DUALIZED_PROVER;2016-01-08;true;;30000;253902;127278
BASE/colonelBlottoVariant2/jruwGw;ALLOY_DUALIZED_PROVER;2016-01-08;true;;30000;163355;32715
DRESDEN/uf20-020.cnf.SAT/hDrW_A;ALLOY_DUALIZED_PROVER;2016-01-14;true;;30000;28406;1420
DRESDEN/queens/mW2wHQ;ALLOY_DUALIZED_PROVER;2016-01-14;true;;30000;12118;1211
BASE/numbertictactoe/rvJ-iQ;ALLOY_DUALIZED_PROVER;2016-01-14;true;;30000;47516;5885
BASE/skirmishNew/sibw2g;ALLOY_DUALIZED_PROVER;2016-01-14;true;;30008;3517;35
DRESDEN/cubicup/SBn_lw;ALLOY_DUALIZED_PROVER;2016-01-14;true;;30002;7783;138
DRESDEN/peg_bugfixed/u_B7MA;ALLOY_DUALIZED_PROVER;2016-01-14;true;;30001;13336;545
BASE/mummymaze2p/vpjDdA;ALLOY_DUALIZED_PROVER;2016-01-14;true;;30000;32889;665
BASE/sudokuGrade6H/ieE_9A;ALLOY_DUALIZED_PROVER;2016-01-14;true;;30005;652;13
STANFORD/multiplesukoshi/vLSQPg;ALLOY_DUALIZED_PROVER;2016-01-14;true;;30001;3370;75
BASE/checkers-mustjump-torus/uSApKQ;ALLOY_DUALIZED_PROVER;2016-01-14;true;;30011;2055;47
BASE/tictactoe_3d_small_6player/g_9lww;ALLOY_DUALIZED_PROVER;2016-01-14;true;;30002;8592;245
BASE/futoshiki6/JmvXNA;ALLOY_DUALIZED_PROVER;2016-01-14;true;;30000;5370;271
BASE/gt_chicken/gmepTQ;ALLOY_DUALIZED_PROVER;2016-01-14;true;;30000;169719;8485
BASE/choicethroughalt/tt71Lg;ALLOY_DUALIZED_PROVER;2016-01-14;true;;30002;12697;326
STANFORD/threepuzzle/41ibjA;ALLOY_DUALIZED_PROVER;2016-01-14;true;;30000;199980;33330
DRESDEN/towerworld/HCX34w;ALLOY_DUALIZED_PROVER;2016-01-14;true;;30001;978;1
BASE/sum15/QZ07Kg;ALLOY_DUALIZED_PROVER;2016-01-14;true;;30000;106850;14050
BASE/sudokuGrade3/eI8dvg;ALLOY_DUALIZED_PROVER;2016-01-14;true;;30005;642;16
BASE/kitten_escapes_from_fire/uW-YiA;ALLOY_DUALIZED_PROVER;2016-01-14;true;;30000;94604;11466
BASE/colonelBlottoVariant/X-n-KQ;ALLOY_DUALIZED_PROVER;2016-01-14;true;;30000;165249;16524
BASE/sudokuGrade4/DTy07w;ALLOY_DUALIZED_PROVER;2016-01-14;true;;30011;667;17
DRESDEN/pawntoqueen/f_x6Aw;ALLOY_DUALIZED_PROVER;2016-01-14;true;;30008;460;33
BASE/3pConnectFour/PqXOFQ;ALLOY_DUALIZED_PROVER;2016-01-14;true;;30000;12030;345
BASE/lightsOnSimul4/9FeASw;ALLOY_DUALIZED_PROVER;2016-01-14;true;;30000;41164;6402
BASE/knightazons/apnJBQ;ALLOY_DUALIZED_PROVER;2016-01-14;true;;30004;5750;87
DRESDEN/smallest_4player/ADDROA;ALLOY_DUALIZED_PROVER;2016-01-14;true;;30000;76012;3226
BASE/troublemaker02/DI83KA;ALLOY_DUALIZED_PROVER;2016-01-14;true;;30000;536860;178935
BASE/blocksWorld/SEdXLQ;ALLOY_DUALIZED_PROVER;2016-01-14;true;;30000;218241;72747
BASE/factoringEasyTurtleBrain/lUj94Q;ALLOY_DUALIZED_PROVER;2016-01-14;true;;30000;111155;1852
BASE/peg/fJHVWw;ALLOY_DUALIZED_PROVER;2016-01-14;true;;30002;12547;516
DRESDEN/Runners/3bOCQw;ALLOY_DUALIZED_PROVER;2016-01-14;true;;30000;364154;7432
DRESDEN/hallway/0H4l-Q;ALLOY_DUALIZED_PROVER;2016-01-14;true;;30005;8556;285
BASE/dotsAndBoxesSuicide/jzQbLw;ALLOY_DUALIZED_PROVER;2016-01-14;true;;30001;17436;290
BASE/tictactoe_3d_6player/d7KSwg;ALLOY_DUALIZED_PROVER;2016-01-14;true;;30128;3186;35
DRESDEN/cube_2x2x2/fp-34Q;ALLOY_DUALIZED_PROVER;2016-01-14;true;;30000;58556;4887
DRESDEN/aipsrovers01/qS47Mw;ALLOY_DUALIZED_PROVER;2016-01-14;true;;30000;126689;4378
BASE/brawl/6Ymo_Q;ALLOY_DUALIZED_PROVER;2016-01-14;true;;30006;3374;337
DRESDEN/blockerparallel/dVQgSg;ALLOY_DUALIZED_PROVER;2016-01-14;true;;30000;18975;2733
BASE/hitori/S8Gsyg;ALLOY_DUALIZED_PROVER;2016-01-14;true;;30000;1906;20
DRESDEN/connectfour/5tc-Mg;ALLOY_DUALIZED_PROVER;2016-01-14;true;;30000;19970;897
BASE/racer4/0vs7Ww;ALLOY_DUALIZED_PROVER;2016-01-14;true;;30000;12818;587
BASE/gt_tinfoil/Q8DyKg;ALLOY_DUALIZED_PROVER;2016-01-14;true;;30000;225921;22592
BASE/stateSpaceLarge/0Ge_CQ;ALLOY_DUALIZED_PROVER;2016-01-14;true;;30000;34823;2487
DRESDEN/babel/WdSW4A;ALLOY_DUALIZED_PROVER;2016-01-14;true;;30003;8040;402
BASE/duplicateStateLarge/dcjyuw;ALLOY_DUALIZED_PROVER;2016-01-14;true;;30000;23811;1700
DRESDEN/3qbf-5cnf-20var-40cl.1.qdimacs.viz.SAT/2034pg;ALLOY_DUALIZED_PROVER;2016-01-14;true;;30000;26817;460
DRESDEN/backgammon/mqCW0Q;ALLOY_DUALIZED_PROVER;2016-01-14;true;;30000;5935;30
STANFORD/pentago/ZxzLmg;ALLOY_DUALIZED_PROVER;2016-01-14;true;;30013;10070;184
DRESDEN/cubicup_3player/awDtsQ;ALLOY_DUALIZED_PROVER;2016-01-14;true;;30011;3611;42
STANFORD/pilgrimage/ObRZnQ;ALLOY_DUALIZED_PROVER;2016-01-14;true;;30000;12730;172
DRESDEN/mummymaze2p-comp2007/oTQRQg;ALLOY_DUALIZED_PROVER;2016-01-14;true;;30000;40159;851
BASE/blockerSerial/3eqDuw;ALLOY_DUALIZED_PROVER;2016-01-14;true;;30001;29374;1861
BASE/wallmaze/uxNQ9g;ALLOY_DUALIZED_PROVER;2016-01-14;true;;30000;23145;798
BASE/kalaha_2009/dRiN3g;ALLOY_DUALIZED_PROVER;2016-01-14;true;;30000;39100;463
BASE/othelloHoles/c0qAzw;ALLOY_DUALIZED_PROVER;2016-01-14;true;;31464;98;1
BASE/snake_2009_big/-oRfVw;ALLOY_DUALIZED_PROVER;2016-01-14;true;;30001;9513;523
BASE/queens08lg/Ru7eqQ;ALLOY_DUALIZED_PROVER;2016-01-14;true;;30003;6915;1125
DRESDEN/latenttictactoe/kITHKg;ALLOY_DUALIZED_PROVER;2016-01-14;true;;30000;42739;4064
DRESDEN/uf20-020.cnf.SAT.satlike/WbqXoA;ALLOY_DUALIZED_PROVER;2016-01-14;true;;30011;7380;369
DRESDEN/ticblock/Z2yNWQ;ALLOY_DUALIZED_PROVER;2016-01-14;true;;30000;36143;2191
BASE/connectFourSuicide/c8p9Kw;ALLOY_DUALIZED_PROVER;2016-01-14;true;;30000;19065;860
BASE/4pttc/AL1k2Q;ALLOY_DUALIZED_PROVER;2016-01-14;true;;30001;22725;721
BASE/beatMania/qUHwvQ;ALLOY_DUALIZED_PROVER;2016-01-14;true;;30000;206343;3439
DRESDEN/laikLee_hex/ZeP3QQ;ALLOY_DUALIZED_PROVER;2016-01-14;true;;34394;1871;87
BASE/breakthroughWalls/vOZaYA;ALLOY_DUALIZED_PROVER;2016-01-14;true;;30000;12263;194
BASE/blocksWorldParallel/RseaAQ;ALLOY_DUALIZED_PROVER;2016-01-14;true;;30000;22439;7479
BASE/point_grab/r5DPmQ;ALLOY_DUALIZED_PROVER;2016-01-14;true;;30000;314947;10498
DRESDEN/blocks2player/3ev8nQ;ALLOY_DUALIZED_PROVER;2016-01-14;true;;30000;171536;9529
BASE/chickentoetictac/l57rfQ;ALLOY_DUALIZED_PROVER;2016-01-14;true;;30000;95749;13484
BASE/quartoSuicide/-23jUg;ALLOY_DUALIZED_PROVER;2016-01-14;true;;30000;30832;1324
BASE/hallway/ckCJOw;ALLOY_DUALIZED_PROVER;2016-01-14;true;;30001;8641;288
STANFORD/triplesukoshi/Iu9mbA;ALLOY_DUALIZED_PROVER;2016-01-14;true;;30000;19411;2773
BASE/ticblock/T21C1g;ALLOY_DUALIZED_PROVER;2016-01-14;true;;30000;36136;2188
BASE/gt_dollar/TGjqRw;ALLOY_DUALIZED_PROVER;2016-01-14;true;;30000;167166;83720
BASE/wargame02/BkVqqQ;ALLOY_DUALIZED_PROVER;2016-01-14;true;;30001;9822;3354
DRESDEN/quad/JPe6fg;ALLOY_DUALIZED_PROVER;2016-01-14;true;;31261;45;0
BASE/breakthrough/TGxk-g;ALLOY_DUALIZED_PROVER;2016-01-14;true;;30000;12609;202
BASE/incredible/8Qh-6Q;ALLOY_DUALIZED_PROVER;2016-01-14;true;;30000;85256;4487
STANFORD/dualrainbow/G3OnRQ;ALLOY_DUALIZED_PROVER;2016-01-14;true;;30000;96339;16056
DRESDEN/knightmove/97Ipcw;ALLOY_DUALIZED_PROVER;2016-01-14;true;;30000;43480;1247
DRESDEN/knightfight/4_Ly4w;ALLOY_DUALIZED_PROVER;2016-01-14;true;;30000;68485;6322
STANFORD/knightstourmedium/x1wu8Q;ALLOY_DUALIZED_PROVER;2016-01-14;true;;30000;421709;105569
BASE/queens08ug/kJ_ZFQ;ALLOY_DUALIZED_PROVER;2016-01-14;true;;30000;40960;5120
BASE/cylinder-checkers/hlldmw;ALLOY_DUALIZED_PROVER;2016-01-14;true;;30003;4038;40
BASE/reversiSuicide/9OxJlg;ALLOY_DUALIZED_PROVER;2016-01-14;true;;30031;377;6
BASE/knightwar/DVGY4Q;ALLOY_DUALIZED_PROVER;2016-01-14;true;;30000;42977;5032
BASE/snake_2008/i6K26g;ALLOY_DUALIZED_PROVER;2016-01-14;true;;30000;12233;759
DRESDEN/cylinder-checkers/clOO3Q;ALLOY_DUALIZED_PROVER;2016-01-14;true;;30007;3852;38
BASE/doubletictactoe/HH1htg;ALLOY_DUALIZED_PROVER;2016-01-14;true;;30000;30476;3643
DRESDEN/bomberman2p/x4h6jQ;ALLOY_DUALIZED_PROVER;2016-01-14;true;;30000;35413;4571
BASE/battle/8oAvhQ;ALLOY_DUALIZED_PROVER;2016-01-14;true;;30003;1333;44
DRESDEN/sat_test_20v_91c_visualisation/aw8BIA;ALLOY_DUALIZED_PROVER;2016-01-14;true;;30000;25989;1299
BASE/knightmove/jBaJEw;ALLOY_DUALIZED_PROVER;2016-01-14;true;;30000;43442;1221
DRESDEN/quad_5x5/JAEP5g;ALLOY_DUALIZED_PROVER;2016-01-14;true;;30025;820;55
STANFORD/checkersonabarrelnokings/Zrevdw;ALLOY_DUALIZED_PROVER;2016-01-14;true;;30000;14918;306
DRESDEN/double_tictactoe_dengji/bGaUyQ;ALLOY_DUALIZED_PROVER;2016-01-14;true;;30000;35497;2492
DRESDEN/checkers/jIDMIg;ALLOY_DUALIZED_PROVER;2016-01-14;true;;30002;3993;40
BASE/eotcatcit/AfZSzA;ALLOY_DUALIZED_PROVER;2016-01-14;true;;30000;76396;10019
DRESDEN/nim4/F5YAYg;ALLOY_DUALIZED_PROVER;2016-01-14;true;;30000;179155;13348
BASE/breakthroughHoles/nZk0Sg;ALLOY_DUALIZED_PROVER;2016-01-14;true;;30001;15811;255
BASE/cubicup/4wNWJA;ALLOY_DUALIZED_PROVER;2016-01-14;true;;30001;7770;138
BASE/bomberman2p/4CClwA;ALLOY_DUALIZED_PROVER;2016-01-14;true;;30000;35969;4642
BASE/3pffa/pR0dzA;ALLOY_DUALIZED_PROVER;2016-01-14;true;;30000;29001;966
BASE/alexChess/LNo83g;ALLOY_DUALIZED_PROVER;2016-01-14;true;;32480;52;0
BASE/chomp/-LcqYQ;ALLOY_DUALIZED_PROVER;2016-01-14;true;;30000;62842;8874
STANFORD/tictactoe5/WFRReg;ALLOY_DUALIZED_PROVER;2016-01-14;true;;30000;75355;20746
BASE/skirmishZeroSum/zh4hcw;ALLOY_DUALIZED_PROVER;2016-01-14;true;;30003;3381;33
BASE/chinook/XQh0IQ;ALLOY_DUALIZED_PROVER;2016-01-14;true;;30000;13754;461
DRESDEN/breakthrough/z4hK7Q;ALLOY_DUALIZED_PROVER;2016-01-14;true;;30002;12415;193
BASE/asteroidsSerial/id2QkA;ALLOY_DUALIZED_PROVER;2016-01-14;true;;30000;71567;768
BASE/sudokuGrade2/u80Tfw;ALLOY_DUALIZED_PROVER;2016-01-14;true;;30027;665;17
DRESDEN/catcha_mouse/cHv4dw;ALLOY_DUALIZED_PROVER;2016-01-14;true;;30000;35368;2635
BASE/lightsOnSimultaneous/_VN6lw;ALLOY_DUALIZED_PROVER;2016-01-14;true;;30000;55445;3637
STANFORD/selectivesukoshi/3xmXYg;ALLOY_DUALIZED_PROVER;2016-01-14;true;;30003;1926;66
DRESDEN/crossers3/xiPTxg;ALLOY_DUALIZED_PROVER;2016-01-14;false;Exception of type NullPointerException;0;0;0
DRESDEN/kalaha_2009/gcC8uA;ALLOY_DUALIZED_PROVER;2016-01-14;true;;30000;37037;441
DRESDEN/brain_teaser_extended/ZDp94A;ALLOY_DUALIZED_PROVER;2016-01-14;true;;30000;99212;6614
BASE/connectFourSimultaneous/7ITr3g;ALLOY_DUALIZED_PROVER;2016-01-14;true;;30003;9728;556
BASE/mummymaze1p/PT_EXA;ALLOY_DUALIZED_PROVER;2016-01-14;true;;30000;41018;7463
BASE/tictactoe-init1/7M19vA;ALLOY_DUALIZED_PROVER;2016-01-14;true;;30000;78240;22423
DRESDEN/knightstour/cGISAA;ALLOY_DUALIZED_PROVER;2016-01-14;true;;30000;403297;83012
BASE/troublemaker01/s3tlEQ;ALLOY_DUALIZED_PROVER;2016-01-14;true;;30000;564435;188148
BASE/tictactoe_orthogonal/WRzlVw;ALLOY_DUALIZED_PROVER;2016-01-14;true;;30000;103887;13002
BASE/pentago/86NgKw;ALLOY_DUALIZED_PROVER;2016-01-14;true;;30004;4772;88
DRESDEN/crisscross/GsY16g;ALLOY_DUALIZED_PROVER;2016-01-14;true;;30000;19604;760
DRESDEN/quad_7x7/q-JOXg;ALLOY_DUALIZED_PROVER;2016-01-14;true;;39468;62;2
BASE/amazons/RKKZjw;ALLOY_DUALIZED_PROVER;2016-01-14;true;;36666;42;0
BASE/gt_attrition/kD_SCA;ALLOY_DUALIZED_PROVER;2016-01-14;true;;30000;46645;9329
BASE/slaughter/cOch8A;ALLOY_DUALIZED_PROVER;2016-01-14;true;;30046;456;2
BASE/factoringMutuallyAssuredDestruction/NH0LGg;ALLOY_DUALIZED_PROVER;2016-01-14;true;;30000;143308;7165
DRESDEN/toetictac/mJtxCA;ALLOY_DUALIZED_PROVER;2016-01-14;true;;30000;117863;15463
DRESDEN/blocks/vg0DRw;ALLOY_DUALIZED_PROVER;2016-01-14;true;;30000;227245;75748
BASE/hanoi_6_disks/MeubgQ;ALLOY_DUALIZED_PROVER;2016-01-14;true;;30000;141421;39562
DRESDEN/checkers-mustjump/HUr33w;ALLOY_DUALIZED_PROVER;2016-01-14;true;;30000;2781;54
DRESDEN/tictactoeparallel/yk_DSg;ALLOY_DUALIZED_PROVER;2016-01-14;true;;30000;33484;4846
BASE/breakthroughSuicideSmall/XSbJog;ALLOY_DUALIZED_PROVER;2016-01-14;true;;30000;20179;711
DRESDEN/vacuumcleaner_obstacles_6/NVwsZw;ALLOY_DUALIZED_PROVER;2016-01-14;true;;30003;18461;3078
BASE/englishDraughts/jFkQxg;ALLOY_DUALIZED_PROVER;2016-01-14;true;;30000;14496;214
BASE/ticTacToeParallel/ymRGPw;ALLOY_DUALIZED_PROVER;2016-01-14;true;;30000;34276;4967
DRESDEN/firefighter/WJmoPw;ALLOY_DUALIZED_PROVER;2016-01-14;true;;30000;171223;3857
BASE/checkersTiny/Lr48cg;ALLOY_DUALIZED_PROVER;2016-01-14;true;;30001;9977;151
DRESDEN/sat_test_20v_91c/dK7nVw;ALLOY_DUALIZED_PROVER;2016-01-14;true;;30000;27570;1378
BASE/chineseCheckers1/gqtwHw;ALLOY_DUALIZED_PROVER;2016-01-14;true;;30000;94487;3352
BASE/nonogram_10x10_1/0Xc62g;ALLOY_DUALIZED_PROVER;2016-01-14;true;;30077;573;21
BASE/toetictac/mTThmg;ALLOY_DUALIZED_PROVER;2016-01-14;true;;30000;119507;15651
DRESDEN/checkers-suicide-cylinder-mustjump/L2BYWg;ALLOY_DUALIZED_PROVER;2016-01-14;true;;30008;2296;51
DRESDEN/logistics/fPru1Q;ALLOY_DUALIZED_PROVER;2016-01-14;true;;30000;36225;724
BASE/ruleDepthLinear/OUBJpQ;ALLOY_DUALIZED_PROVER;2016-01-14;true;;30000;840554;419947
DRESDEN/Zhadu/9zpQ5w;ALLOY_DUALIZED_PROVER;2016-01-14;true;;30014;1759;42
DRESDEN/connectfoursuicide/M9CNQg;ALLOY_DUALIZED_PROVER;2016-01-14;true;;30000;19952;912
BASE/checkersTorus/2vm1EQ;ALLOY_DUALIZED_PROVER;2016-01-14;true;;30000;13698;222
DRESDEN/endgame/IJhh3Q;ALLOY_DUALIZED_PROVER;2016-01-14;true;;30000;9051;646
BASE/nim3/1OwUqw;ALLOY_DUALIZED_PROVER;2016-01-14;true;;30000;172548;13010
DRESDEN/ggp-course2013_jordi/9QI6Kw;ALLOY_DUALIZED_PROVER;2016-01-14;true;;30000;5289;164
STANFORD/dualhunter/1rPZjQ;ALLOY_DUALIZED_PROVER;2016-01-14;true;;30000;49015;3501
BASE/asteroids/BKCmPQ;ALLOY_DUALIZED_PROVER;2016-01-14;true;;30000;185123;3976
BASE/golden_rectangle/_nYzfw;ALLOY_DUALIZED_PROVER;2016-01-14;true;;30003;6429;216
BASE/eotcitcit/V_9_bg;ALLOY_DUALIZED_PROVER;2016-01-14;true;;30000;43597;8679
DRESDEN/blobwars/ZaMluQ;ALLOY_DUALIZED_PROVER;2016-01-14;true;;30002;5931;148
BASE/connectFour/WAIKTw;ALLOY_DUALIZED_PROVER;2016-01-14;true;;30000;19244;841
BASE/2pffa/6oHijA;ALLOY_DUALIZED_PROVER;2016-01-14;true;;30000;33787;1126
BASE/pawnWhopping/Ypc_6Q;ALLOY_DUALIZED_PROVER;2016-01-14;true;;30001;16801;488
DRESDEN/nim1/M9BALA;ALLOY_DUALIZED_PROVER;2016-01-14;true;;30000;205971;30057
DRESDEN/hanoi_6_disks/MeubgQ;ALLOY_DUALIZED_PROVER;2016-01-14;true;;30000;139065;39155
BASE/withConviction/3Xm54A;ALLOY_DUALIZED_PROVER;2016-01-14;true;;30001;15744;629
BASE/factoringGeorgeForman/HGRorQ;ALLOY_DUALIZED_PROVER;2016-01-14;true;;30000;165094;3483
BASE/ticTacToeLargeSuicide/727_8g;ALLOY_DUALIZED_PROVER;2016-01-14;true;;30000;30808;1300
BASE/switches/tPUoCg;ALLOY_DUALIZED_PROVER;2016-01-14;true;;30000;294841;294841
BASE/blocker/dIWtxg;ALLOY_DUALIZED_PROVER;2016-01-14;true;;30000;89509;11352
DRESDEN/tictactoelargesuicide/6J4DeA;ALLOY_DUALIZED_PROVER;2016-01-14;true;;30000;32449;1365
BASE/crissrace/ERWGDA;ALLOY_DUALIZED_PROVER;2016-01-14;true;;30001;15093;340
BASE/blobwars/0XT15Q;ALLOY_DUALIZED_PROVER;2016-01-14;true;;30001;6151;153
DRESDEN/lightsout/XgLpzQ;ALLOY_DUALIZED_PROVER;2016-01-14;true;;30000;35192;1759
BASE/amazonsSuicide_10x10/XIbQkg;ALLOY_DUALIZED_PROVER;2016-01-14;true;;30001;7082;51
BASE/cubicup_3player/e2yA_g;ALLOY_DUALIZED_PROVER;2016-01-14;true;;30002;3513;41
STANFORD/multipletictactoe/_bkafQ;ALLOY_DUALIZED_PROVER;2016-01-14;true;;30000;18345;1022
STANFORD/jointbuttonsandlights/qAKuIQ;ALLOY_DUALIZED_PROVER;2016-01-14;true;;30000;193292;33526
DRESDEN/small_dominion/yB5GJA;ALLOY_DUALIZED_PROVER;2016-01-14;true;;30022;1871;63
BASE/firefighter/WJmoPw;ALLOY_DUALIZED_PROVER;2016-01-14;true;;30000;177906;4025
BASE/majorities/ibJzSQ;ALLOY_DUALIZED_PROVER;2016-01-14;true;;30002;4391;82
DRESDEN/snake_2009/zIYLVw;ALLOY_DUALIZED_PROVER;2016-01-14;true;;30000;11946;748
DRESDEN/pawn_whopping_corrected/7Ov0jQ;ALLOY_DUALIZED_PROVER;2016-01-14;true;;30000;16202;481
STANFORD/tictactoe/ss1kyQ;ALLOY_DUALIZED_PROVER;2016-01-14;true;;30000;83291;10882
DRESDEN/Goldrush/VeWczQ;ALLOY_DUALIZED_PROVER;2016-01-14;true;;30000;32321;4288
DRESDEN/chinesecheckers1/Y-ftaA;ALLOY_DUALIZED_PROVER;2016-01-14;true;;30000;41968;1482
DRESDEN/pentago_2008/hLjVpQ;ALLOY_DUALIZED_PROVER;2016-01-14;true;;30024;4134;72
BASE/ruleDepthExponential/UamhHQ;ALLOY_DUALIZED_PROVER;2016-01-14;true;;30510;40576;20308
DRESDEN/skirmish3/3LU8Nw;ALLOY_DUALIZED_PROVER;2016-01-14;true;;30000;9787;244
DRESDEN/vacuumcleaner_random_big/DwzFaQ;ALLOY_DUALIZED_PROVER;2016-01-14;true;;30000;60460;10213
DRESDEN/Travelers-Dilemma/PvZwYw;ALLOY_DUALIZED_PROVER;2016-01-14;true;;30000;227646;22764
DRESDEN/connect4/T0-rHQ;ALLOY_DUALIZED_PROVER;2016-01-14;true;;30001;9528;456
DRESDEN/tictactoelarge/IwXcbg;ALLOY_DUALIZED_PROVER;2016-01-14;true;;30000;31511;1327
DRESDEN/minichess-evilconjuncts/th24Tw;ALLOY_DUALIZED_PROVER;2016-01-14;true;;30006;3488;395
DRESDEN/nim2/z5_exA;ALLOY_DUALIZED_PROVER;2016-01-14;true;;30000;202616;22852
STANFORD/3puzzle/41ibjA;ALLOY_DUALIZED_PROVER;2016-01-14;true;;30000;187776;31296
BASE/ticTacHeaven/18n58A;ALLOY_DUALIZED_PROVER;2016-01-14;true;;30002;5852;249
BASE/hexPie/48CH6Q;ALLOY_DUALIZED_PROVER;2016-01-14;true;;30001;5332;75
DRESDEN/twisty-passages/j7NPyg;ALLOY_DUALIZED_PROVER;2016-01-14;true;;30000;197237;991
DRESDEN/bidding-tictactoe_10coins/mu5VhQ;ALLOY_DUALIZED_PROVER;2016-01-14;true;;30000;58184;3948
BASE/maze/cCX3qQ;ALLOY_DUALIZED_PROVER;2016-01-14;true;;30000;391186;44557
BASE/connect4/50bOyw;ALLOY_DUALIZED_PROVER;2016-01-14;true;;30004;9456;436
DRESDEN/vacuumcleaner_random/_6AGDA;ALLOY_DUALIZED_PROVER;2016-01-14;true;;30000;91339;15135
STANFORD/knightstour/cEwgNA;ALLOY_DUALIZED_PROVER;2016-01-14;true;;30000;413845;85173
BASE/laikLee_hex/zbyscQ;ALLOY_DUALIZED_PROVER;2016-01-14;true;;30436;1504;70
STANFORD/tictactoe7/-bE9-A;ALLOY_DUALIZED_PROVER;2016-01-14;true;;30000;73194;13230
BASE/sudokuGrade1/tDRNRw;ALLOY_DUALIZED_PROVER;2016-01-14;true;;30036;691;19
BASE/sudokuGrade6E/ihYFZA;ALLOY_DUALIZED_PROVER;2016-01-14;true;;30049;631;13
DRESDEN/frogs_and_toads/GjchhQ;ALLOY_DUALIZED_PROVER;2016-01-14;true;;30000;20924;180
BASE/skirmishHoles/AUCxCA;ALLOY_DUALIZED_PROVER;2016-01-14;true;;30005;990;10
DRESDEN/tictactoe/BTTzPw;ALLOY_DUALIZED_PROVER;2016-01-14;true;;30000;89582;11697
DRESDEN/vacuumcleaner_obstacles_1/CqS-7A;ALLOY_DUALIZED_PROVER;2016-01-14;true;;30000;106244;17618
BASE/blokbox_simple/JBx4bg;ALLOY_DUALIZED_PROVER;2016-01-14;true;;30338;56;2
BASE/checkers/rOC3Xg;ALLOY_DUALIZED_PROVER;2016-01-14;true;;30000;5632;55
DRESDEN/tictactoe_3d_small_2player/HYttcg;ALLOY_DUALIZED_PROVER;2016-01-14;true;;30000;10255;830
BASE/amazonsTorus/soxT8g;ALLOY_DUALIZED_PROVER;2016-01-14;true;;31231;5;0
BASE/ticTacHeavenFC/mrletw;ALLOY_DUALIZED_PROVER;2016-01-14;true;;30002;5323;203
BASE/knightsTour/mvtVIg;ALLOY_DUALIZED_PROVER;2016-01-14;true;;30000;416911;85695
BASE/ghostMaze2p/W-NU-w;ALLOY_DUALIZED_PROVER;2016-01-14;true;;30000;69982;1447
BASE/gt_coordination/IVMOzA;ALLOY_DUALIZED_PROVER;2016-01-14;true;;30000;177276;8863
DRESDEN/crissrace/KWb9bw;ALLOY_DUALIZED_PROVER;2016-01-14;true;;30001;15640;349
BASE/duplicateStateMedium/U163eQ;ALLOY_DUALIZED_PROVER;2016-01-14;true;;30000;69723;7747
BASE/quad/tw-Ufg;ALLOY_DUALIZED_PROVER;2016-01-14;true;;34216;68;1
STANFORD/connectfour/VMpZkQ;ALLOY_DUALIZED_PROVER;2016-01-14;true;;30000;19471;862
DRESDEN/buttons/ADUaHw;ALLOY_DUALIZED_PROVER;2016-01-14;true;;30000;625506;104251
BASE/speedChess/bPnisA;ALLOY_DUALIZED_PROVER;2016-01-14;true;;30005;3686;33
DRESDEN/Catch-Me-If-You-Can/ghGWrA;ALLOY_DUALIZED_PROVER;2016-01-14;true;;30000;138567;4140
BASE/tictactoe_3player/GtM71g;ALLOY_DUALIZED_PROVER;2016-01-14;true;;30000;16262;798
DRESDEN/circlesolitaire/ruUilQ;ALLOY_DUALIZED_PROVER;2016-01-14;true;;30000;164369;15977
BASE/pegEuro/5awwhg;ALLOY_DUALIZED_PROVER;2016-01-14;true;;30001;10431;408
BASE/snakeParallel/RCVNtw;ALLOY_DUALIZED_PROVER;2016-01-14;true;;30000;109032;23600
BASE/brain_teaser_extended/ZDp94A;ALLOY_DUALIZED_PROVER;2016-01-14;true;;30000;96124;6408
BASE/mineClearingSmall/frsbvw;ALLOY_DUALIZED_PROVER;2016-01-14;true;;30001;7976;710
STANFORD/bestbuttonsandlightsbig/g0JC6g;ALLOY_DUALIZED_PROVER;2016-01-14;true;;30000;241516;40252
BASE/shmup/ssTNlg;ALLOY_DUALIZED_PROVER;2016-01-14;true;;30000;52597;6379
DRESDEN/hanoi7_bugfix/3gdnFw;ALLOY_DUALIZED_PROVER;2016-01-14;true;;30000;188048;1480
BASE/pancakes88/l2Xaig;ALLOY_DUALIZED_PROVER;2016-01-14;true;;30000;502138;12555
BASE/crossers3/O0rORg;ALLOY_DUALIZED_PROVER;2016-01-14;false;Exception of type NullPointerException;0;0;0
BASE/gt_two_thirds_4p/DStnxQ;ALLOY_DUALIZED_PROVER;2016-01-14;true;;30000;20300;20300
BASE/conn4/va9Y7A;ALLOY_DUALIZED_PROVER;2016-01-14;true;;30000;14155;661
BASE/ttcc4_2player_alt/ZEJvYA;ALLOY_DUALIZED_PROVER;2016-01-14;false;Exception of type NullPointerException;0;0;0
DRESDEN/god/2EDD5w;ALLOY_DUALIZED_PROVER;2016-01-14;true;;30005;3803;184
DRESDEN/chinesecheckers4/-oVNYg;ALLOY_DUALIZED_PROVER;2016-01-14;true;;30000;11839;203
BASE/dotsAndBoxes/EHwA_w;ALLOY_DUALIZED_PROVER;2016-01-14;true;;30000;17624;293
BASE/pearls/6k_mEQ;ALLOY_DUALIZED_PROVER;2016-01-14;true;;30000;739604;67236
DRESDEN/slidingpieces/s9_44g;ALLOY_DUALIZED_PROVER;2016-01-14;true;;30003;7497;92
DRESDEN/breakthroughsuicide/Y9QzqQ;ALLOY_DUALIZED_PROVER;2016-01-14;true;;30000;19888;309
DRESDEN/merrills/aYEzwA;ALLOY_DUALIZED_PROVER;2016-01-14;true;;30004;3819;63
DRESDEN/catch_me/ghGWrA;ALLOY_DUALIZED_PROVER;2016-01-14;true;;30000;131370;3861
DRESDEN/satlike_20v_91c_version2/yd9ioQ;ALLOY_DUALIZED_PROVER;2016-01-14;true;;30079;8240;412
DRESDEN/3qbf-5cnf-20var-40cl.2.qdimacs.satlike/724YWg;ALLOY_DUALIZED_PROVER;2016-01-14;true;;30000;26824;457
BASE/knightThrough/gcwFjA;ALLOY_DUALIZED_PROVER;2016-01-14;true;;30001;26414;791
DRESDEN/lightson2x2/gBHuig;ALLOY_DUALIZED_PROVER;2016-01-14;true;;30000;172457;17245
BASE/qyshinsu/R08Lzw;ALLOY_DUALIZED_PROVER;2016-01-14;true;;30007;2270;103
BASE/checkersSmall/SYmq8w;ALLOY_DUALIZED_PROVER;2016-01-14;true;;30000;7611;79
BASE/kalaha5x2x3/WviNsw;ALLOY_DUALIZED_PROVER;2016-01-14;true;;30000;40507;408
BASE/minichess/8NQEiA;ALLOY_DUALIZED_PROVER;2016-01-14;true;;30000;37181;12393
DRESDEN/snake_2009_big/DgC1NQ;ALLOY_DUALIZED_PROVER;2016-01-14;true;;30001;9323;503
DRESDEN/smallest/9kaGFw;ALLOY_DUALIZED_PROVER;2016-01-14;true;;30000;35192;1473
BASE/nineBoardTicTacToePie/B8LzeQ;ALLOY_DUALIZED_PROVER;2016-01-14;true;;30001;9121;297
BASE/connectFourLarger/qKi60A;ALLOY_DUALIZED_PROVER;2016-01-14;true;;30000;9635;292
BASE/ttcc4_2player_small/Cv72TA;ALLOY_DUALIZED_PROVER;2016-01-14;false;Exception of type NullPointerException;0;0;0
BASE/rubiksCube/9tNO9Q;ALLOY_DUALIZED_PROVER;2016-01-14;true;;30000;13304;266
DRESDEN/minichess/c7GMFw;ALLOY_DUALIZED_PROVER;2016-01-14;true;;30001;25979;2941
BASE/tictactoex9/BI26ow;ALLOY_DUALIZED_PROVER;2016-01-14;true;;30001;12709;427
DRESDEN/nim3/sG_axA;ALLOY_DUALIZED_PROVER;2016-01-14;true;;30000;164518;12415
BASE/ticTacToeLarge/TZC0dg;ALLOY_DUALIZED_PROVER;2016-01-14;true;;30000;30961;1306
BASE/futoshiki4/BaCwSw;ALLOY_DUALIZED_PROVER;2016-01-14;true;;30001;19212;2074
BASE/nim1/hin2Qw;ALLOY_DUALIZED_PROVER;2016-01-14;true;;30000;214005;31116
BASE/biddingTicTacToe/8mESVw;ALLOY_DUALIZED_PROVER;2016-01-14;true;;30000;62334;4254
DRESDEN/bunk_t/7-tPfA;ALLOY_DUALIZED_PROVER;2016-01-14;true;;30000;29960;3593
DRESDEN/CatchMeIfYouCanTest/CX18rA;ALLOY_DUALIZED_PROVER;2016-01-14;true;;30000;132863;3944
STANFORD/alquerquezero/uVgA_A;ALLOY_DUALIZED_PROVER;2016-01-14;false;Exception of type NullPointerException;0;0;0
BASE/biddingTicTacToe_10coins/a-9ccQ;ALLOY_DUALIZED_PROVER;2016-01-14;true;;30000;58406;3956
DRESDEN/uf20-010.cnf.SAT/5ICbCg;ALLOY_DUALIZED_PROVER;2016-01-14;true;;30000;28910;1445
DRESDEN/tictactoe_3d_small_6player/llDEDQ;ALLOY_DUALIZED_PROVER;2016-01-14;true;;30000;8371;232
BASE/blocks/xIV5hQ;ALLOY_DUALIZED_PROVER;2016-01-14;true;;30000;220748;73582
BASE/queens/HyJJnQ;ALLOY_DUALIZED_PROVER;2016-01-14;true;;30003;12250;1225
BASE/double_tictactoe_dengji/zgaSbA;ALLOY_DUALIZED_PROVER;2016-01-14;true;;30000;34469;2435
BASE/duplicateStateSmall/bCPAXw;ALLOY_DUALIZED_PROVER;2016-01-14;true;;30000;274496;68624
BASE/quad_7x7/q-JOXg;ALLOY_DUALIZED_PROVER;2016-01-14;true;;35857;34;1
DRESDEN/kitten_escapes_from_fire/uW-YiA;ALLOY_DUALIZED_PROVER;2016-01-14;true;;30000;100892;12146
BASE/chess_200/XsTpYA;ALLOY_DUALIZED_PROVER;2016-01-14;true;;30002;954;5
DRESDEN/tttcc4/sAvtFg;ALLOY_DUALIZED_PROVER;2016-01-14;false;Exception of type NullPointerException;0;0;0
DRESDEN/connect5/1kYzSg;ALLOY_DUALIZED_PROVER;2016-01-14;true;;30000;9753;213
DRESDEN/ghostmaze2p/HY0UwA;ALLOY_DUALIZED_PROVER;2016-01-14;true;;30000;69233;1431
DRESDEN/pawn_whopping/4ogBkg;ALLOY_DUALIZED_PROVER;2016-01-14;true;;30000;16702;454
BASE/wargame01/_GZFZg;ALLOY_DUALIZED_PROVER;2016-01-14;true;;30001;17428;1613
DRESDEN/javastrike/whONTQ;ALLOY_DUALIZED_PROVER;2016-01-14;true;;30004;5557;11
DRESDEN/stratego/Z2wovg;ALLOY_DUALIZED_PROVER;2016-01-14;true;;30000;15255;361
DRESDEN/tictictoe/LAUtwg;ALLOY_DUALIZED_PROVER;2016-01-14;true;;30000;47770;9520
DRESDEN/tictactoe_3player/ESLQQQ;ALLOY_DUALIZED_PROVER;2016-01-14;true;;30000;16362;800
DRESDEN/skirmishfinal/hzq8ww;ALLOY_DUALIZED_PROVER;2016-01-14;true;;30001;1321;22
BASE/ticTacToeNoVars/XT03NA;ALLOY_DUALIZED_PROVER;2016-01-14;true;;30000;97144;12753
BASE/blocksWorldSerial/Wyg96Q;ALLOY_DUALIZED_PROVER;2016-01-14;true;;30000;86550;14425
BASE/snake_2008_tweaked/bX0NJQ;ALLOY_DUALIZED_PROVER;2016-01-14;true;;30000;12313;745
BASE/amazonsTorus_10x10/Uxc08g;ALLOY_DUALIZED_PROVER;2016-01-14;true;;30003;4482;30
DRESDEN/4pttc/9pB9AQ;ALLOY_DUALIZED_PROVER;2016-01-14;true;;30001;25358;803
DRESDEN/coins/QwFP9w;ALLOY_DUALIZED_PROVER;2016-01-14;true;;30002;11974;4783
BASE/aipsrovers01/4C4jsw;ALLOY_DUALIZED_PROVER;2016-01-14;true;;30000;132407;4572
BASE/merrills/pku8Tg;ALLOY_DUALIZED_PROVER;2016-01-14;true;;30010;3800;63
BASE/dualConnect4/WbCQkg;ALLOY_DUALIZED_PROVER;2016-01-14;true;;30001;11282;356
DRESDEN/uf20-010.cnf.SAT.satlike/g7LF6g;ALLOY_DUALIZED_PROVER;2016-01-14;true;;30000;7350;367
BASE/solitaireChineseCheckers/-ET6gw;ALLOY_DUALIZED_PROVER;2016-01-14;true;;30000;40681;753
BASE/kalaha6x2x4/XS81Mg;ALLOY_DUALIZED_PROVER;2016-01-14;true;;30000;36207;198
BASE/untwistycomplex2/EDPPAQ;ALLOY_DUALIZED_PROVER;2016-01-14;true;;30000;703965;100566
BASE/gt_staghunt/xPjLRA;ALLOY_DUALIZED_PROVER;2016-01-14;true;;30000;178094;8904
BASE/stateSpaceMedium/3bUoIw;ALLOY_DUALIZED_PROVER;2016-01-14;true;;30000;99055;11006
BASE/ttcc4_2player/_aH_Mw;ALLOY_DUALIZED_PROVER;2016-01-14;false;Exception of type NullPointerException;0;0;0
DRESDEN/troublemaker01/C-lPWw;ALLOY_DUALIZED_PROVER;2016-01-14;true;;30000;601048;200300
DRESDEN/bidding-tictactoe/yW5vTA;ALLOY_DUALIZED_PROVER;2016-01-14;true;;30000;58498;4008
BASE/connectFourLarge/aU644A;ALLOY_DUALIZED_PROVER;2016-01-14;true;;30001;14692;584
BASE/reversi/d8UMeA;ALLOY_DUALIZED_PROVER;2016-01-14;true;;32096;387;6
BASE/lightsOnParallel/SC6enA;ALLOY_DUALIZED_PROVER;2016-01-14;true;;30000;108348;5468
DRESDEN/tictactoe_orthogonal/y69QFQ;ALLOY_DUALIZED_PROVER;2016-01-14;true;;30000;100745;12560
BASE/3pttc/0sol9g;ALLOY_DUALIZED_PROVER;2016-01-14;true;;30000;26735;920
DRESDEN/fizzbuzz/t1xHzQ;ALLOY_DUALIZED_PROVER;2016-01-14;true;;30000;443207;14773
DRESDEN/quarto/OQzRYQ;ALLOY_DUALIZED_PROVER;2016-01-14;true;;30000;30102;1282
STANFORD/tictactoe3/X7myng;ALLOY_DUALIZED_PROVER;2016-01-14;true;;30000;69175;25952
BASE/ad_game_2x2/D0aWqg;ALLOY_DUALIZED_PROVER;2016-01-14;true;;30001;11364;5956
BASE/mummyMaze2p_2007/YGA3Vw;ALLOY_DUALIZED_PROVER;2016-01-14;true;;30000;40135;858
DRESDEN/sum15/CsgWKg;ALLOY_DUALIZED_PROVER;2016-01-14;true;;30000;103363;13544
DRESDEN/knightwar/7hhAqg;ALLOY_DUALIZED_PROVER;2016-01-14;true;;30000;45674;5366
BASE/colonelBlotto/jip21A;ALLOY_DUALIZED_PROVER;2016-01-14;true;;30000;73968;14793
BASE/max_knights/2fq3Ag;ALLOY_DUALIZED_PROVER;2016-01-14;true;;30000;29741;5655
DRESDEN/roshambo2/jgSlkQ;ALLOY_DUALIZED_PROVER;2016-01-14;true;;30000;297850;35024
BASE/lightsOn/MsXu3A;ALLOY_DUALIZED_PROVER;2016-01-14;true;;30000;234423;18743
DRESDEN/skirmish/RjGQYQ;ALLOY_DUALIZED_PROVER;2016-01-14;true;;30003;5788;144
DRESDEN/statespacesmall/h-NqjA;ALLOY_DUALIZED_PROVER;2016-01-14;true;;30000;370905;92726
DRESDEN/eotcatcit/mQUxzA;ALLOY_DUALIZED_PROVER;2016-01-14;true;;30000;80811;10640
STANFORD/madness/UO_B3A;ALLOY_DUALIZED_PROVER;2016-01-14;true;;30007;1531;25
DRESDEN/Thief_Police/CX18rA;ALLOY_DUALIZED_PROVER;2016-01-14;true;;30000;133517;3978
BASE/2pttc/unkkYA;ALLOY_DUALIZED_PROVER;2016-01-14;true;;30000;32157;1170
BASE/chineseCheckers6/rREH3A;ALLOY_DUALIZED_PROVER;2016-01-14;true;;30000;36304;605
BASE/catcha_mouse/cHv4dw;ALLOY_DUALIZED_PROVER;2016-01-14;true;;30000;35437;2684
BASE/connectFour_9x6/B9TtMw;ALLOY_DUALIZED_PROVER;2016-01-14;true;;30000;18009;783
DRESDEN/checkers-mustjump-torus/cVc3gA;ALLOY_DUALIZED_PROVER;2016-01-14;true;;30003;2216;49
BASE/gt_prisoner/klthDw;ALLOY_DUALIZED_PROVER;2016-01-14;true;;30000;171506;8575
STANFORD/untwistycomplex/HTWEwg;ALLOY_DUALIZED_PROVER;2016-01-14;true;;30000;355076;39452
DRESDEN/3qbf-5cnf-20var-40cl.2.qdimacs.SAT/Q8-axQ;ALLOY_DUALIZED_PROVER;2016-01-14;true;;30001;27257;467
DRESDEN/tictactoex9/rFkD4w;ALLOY_DUALIZED_PROVER;2016-01-14;true;;30001;12946;439
DRESDEN/oisters_farm/pTQMLg;ALLOY_DUALIZED_PROVER;2016-01-14;true;;30000;262051;5347
DRESDEN/3pffa/0YrmQw;ALLOY_DUALIZED_PROVER;2016-01-14;true;;30000;32015;1067
DRESDEN/grid_game2/kypTYQ;ALLOY_DUALIZED_PROVER;2016-01-14;true;;30000;31641;647
BASE/pacman2p/4LEdQg;ALLOY_DUALIZED_PROVER;2016-01-14;true;;30000;22562;437
BASE/knightfight/SJRkAg;ALLOY_DUALIZED_PROVER;2016-01-14;true;;30000;67699;6324
STANFORD/untwistycorridor/EDPPAQ;ALLOY_DUALIZED_PROVER;2016-01-14;true;;30000;769582;109940
DRESDEN/battle/8oAvhQ;ALLOY_DUALIZED_PROVER;2016-01-14;true;;30015;1345;44
BASE/quarto/EwBMVQ;ALLOY_DUALIZED_PROVER;2016-01-14;true;;30000;29515;1269
BASE/haystack/UkweGA;ALLOY_DUALIZED_PROVER;2016-01-14;true;;30000;1088831;362706
DRESDEN/3qbf-5cnf-20var-40cl.0.qdimacs/-6hrIw;ALLOY_DUALIZED_PROVER;2016-01-14;true;;30000;27627;472
DRESDEN/knightazons/02I8BQ;ALLOY_DUALIZED_PROVER;2016-01-14;true;;30003;5889;89
STANFORD/trifecta/ss1kyQ;ALLOY_DUALIZED_PROVER;2016-01-14;true;;30000;83388;10922
STANFORD/multiplebuttonsandlights/cK70Yg;ALLOY_DUALIZED_PROVER;2016-01-14;true;;30000;355129;59188
DRESDEN/pawn_whopping_simultaneous/r8dLfw;ALLOY_DUALIZED_PROVER;2016-01-14;true;;30000;16358;902
DRESDEN/knightthrough/J7Fc_Q;ALLOY_DUALIZED_PROVER;2016-01-14;true;;30000;29031;869
DRESDEN/chinesecheckers6-simultaneous/gPPGUw;ALLOY_DUALIZED_PROVER;2016-01-14;true;;30002;8162;358
STANFORD/breakthrough/d5j0cQ;ALLOY_DUALIZED_PROVER;2016-01-14;true;;30001;22014;342
DRESDEN/blocksworldparallel/2JfVaw;ALLOY_DUALIZED_PROVER;2016-01-14;true;;30000;62487;20829
BASE/queens06ug/7Lq3tw;ALLOY_DUALIZED_PROVER;2016-01-14;true;;30000;67351;11225
BASE/guess/SPpk1A;ALLOY_DUALIZED_PROVER;2016-01-14;true;;30000;12646;1430
BASE/crisscross/ICagEg;ALLOY_DUALIZED_PROVER;2016-01-14;true;;30002;19652;755
BASE/breakthroughSuicide/wZDpIg;ALLOY_DUALIZED_PROVER;2016-01-14;true;;30000;12228;194
STANFORD/chinook/osFbPA;ALLOY_DUALIZED_PROVER;2016-01-14;true;;30000;12282;307
BASE/copolymer_4_pie/IN5_jA;ALLOY_DUALIZED_PROVER;2016-01-14;true;;30000;35533;990
DRESDEN/tictactoe-init1/3ltIBQ;ALLOY_DUALIZED_PROVER;2016-01-14;true;;30000;73680;20971
DRESDEN/farmers/S_ASnw;ALLOY_DUALIZED_PROVER;2016-01-14;true;;30000;18905;1890
BASE/eightPuzzle/vLrgFg;ALLOY_DUALIZED_PROVER;2016-01-14;true;;30000;75347;1255
BASE/cittaceot/fDxhXg;ALLOY_DUALIZED_PROVER;2016-01-14;true;;30000;18264;844
STANFORD/sukoshi/4LYZZQ;ALLOY_DUALIZED_PROVER;2016-01-14;true;;30000;43035;7942
BASE/tictactoe_3d_2player/IUC1rQ;ALLOY_DUALIZED_PROVER;2016-01-14;true;;30007;3121;86
BASE/skirmishFinal3/-Olhfw;ALLOY_DUALIZED_PROVER;2016-01-14;true;;30004;1453;24
STANFORD/eightpuzzle/W_aWbA;ALLOY_DUALIZED_PROVER;2016-01-14;true;;30000;76766;1535
BASE/hanoi7_bugfix/3gdnFw;ALLOY_DUALIZED_PROVER;2016-01-14;true;;30000;185504;1460
DRESDEN/mimikry/GJEhwA;ALLOY_DUALIZED_PROVER;2016-01-14;true;;30001;18011;750
STANFORD/multiplebuttonsandlights_9/SqB9BA;ALLOY_DUALIZED_PROVER;2016-01-14;true;;30000;382587;63764
BASE/tttcc4/8Bs2lg;ALLOY_DUALIZED_PROVER;2016-01-14;false;Exception of type NullPointerException;0;0;0
DRESDEN/mummymaze1p/AekgaQ;ALLOY_DUALIZED_PROVER;2016-01-14;true;;30000;42370;7606
STANFORD/freeforall/Lfp40Q;ALLOY_DUALIZED_PROVER;2016-01-14;true;;30000;31280;1042
BASE/chickentictactoe/DSlZCA;ALLOY_DUALIZED_PROVER;2016-01-14;true;;30000;61974;8720
DRESDEN/vacuumcleaner_obstacles_3/4NjSmw;ALLOY_DUALIZED_PROVER;2016-01-14;true;;30000;17857;3021
BASE/skirmish/Y_psYQ;ALLOY_DUALIZED_PROVER;2016-01-14;true;;30017;979;9
DRESDEN/3qbf-5cnf-20var-40cl.1.qdimacs.SAT/2034pg;ALLOY_DUALIZED_PROVER;2016-01-14;true;;30000;26338;455
STANFORD/bestbuttonsandlights/nm0wEA;ALLOY_DUALIZED_PROVER;2016-01-14;true;;30000;302303;50383
DRESDEN/tictactoe_3d_2player/LMuX9w;ALLOY_DUALIZED_PROVER;2016-01-14;true;;30004;2928;81
BASE/smallest_4player/ADDROA;ALLOY_DUALIZED_PROVER;2016-01-14;true;;30000;81742;3464
BASE/hodgepodge/9yjRkw;ALLOY_DUALIZED_PROVER;2016-01-14;true;;30000;123909;123909
DRESDEN/checkers-newgoals/IJOqXQ;ALLOY_DUALIZED_PROVER;2016-01-14;true;;30004;4260;43
BASE/ticTacToeSerial/Amrwqw;ALLOY_DUALIZED_PROVER;2016-01-14;true;;30000;27825;1812
DRESDEN/battlesnakes1509/-qZrLw;ALLOY_DUALIZED_PROVER;2016-01-14;true;;30000;18791;434
DRESDEN/skirmish2/iPpWhQ;ALLOY_DUALIZED_PROVER;2016-01-14;true;;30000;6280;157
BASE/ttcc4/Le0qjQ;ALLOY_DUALIZED_PROVER;2016-01-14;false;Exception of type NullPointerException;0;0;0
DRESDEN/amazons/dNB28A;ALLOY_DUALIZED_PROVER;2016-01-14;true;;30048;857;12
DRESDEN/breakthroughsuicide_v2/LU1nAw;ALLOY_DUALIZED_PROVER;2016-01-14;true;;30000;12092;192
DRESDEN/ggp-course2013_nicolai/uEin8g;ALLOY_DUALIZED_PROVER;2016-01-14;true;;30004;3983;129
BASE/endgame/jYjfOA;ALLOY_DUALIZED_PROVER;2016-01-14;true;;30000;14176;1012
BASE/god/qF06gw;ALLOY_DUALIZED_PROVER;2016-01-14;true;;30004;3748;169
BASE/coloredtrails/EZvr7g;ALLOY_DUALIZED_PROVER;2016-01-14;true;;30000;62559;6951
DRESDEN/racer/vk_ZBA;ALLOY_DUALIZED_PROVER;2016-01-14;true;;30000;32658;2388
BASE/tictactoe_3d_small_2player/oOryKA;ALLOY_DUALIZED_PROVER;2016-01-14;true;;30000;10133;815
STANFORD/nineboardtictactoe/y28P-A;ALLOY_DUALIZED_PROVER;2016-01-14;true;;30001;9125;309
BASE/hanoi/iGLsJg;ALLOY_DUALIZED_PROVER;2016-01-14;true;;30000;203976;6579
BASE/snake2p/I3wWPQ;ALLOY_DUALIZED_PROVER;2016-01-14;true;;30000;9363;7011
BASE/sheepAndWolf/g4THrg;ALLOY_DUALIZED_PROVER;2016-01-14;true;;30000;20474;500
BASE/onestep/xi53wA;ALLOY_DUALIZED_PROVER;2016-01-14;true;;30000;976788;976788
BASE/futoshiki5/TJ4BZg;ALLOY_DUALIZED_PROVER;2016-01-14;true;;30002;8207;611
BASE/checkers-suicide-cylinder-mustjump/YeW5Tw;ALLOY_DUALIZED_PROVER;2016-01-14;true;;30001;2340;54
BASE/nim2/eF2Qqw;ALLOY_DUALIZED_PROVER;2016-01-14;true;;30000;198948;22470
BASE/nineBoardTicTacToe/wRmqqA;ALLOY_DUALIZED_PROVER;2016-01-14;true;;30002;9654;334
STANFORD/platformjumpers/HEQskA;ALLOY_DUALIZED_PROVER;2016-01-14;true;;30000;6395;124
DRESDEN/CephalopodMicro/H3XQfg;ALLOY_DUALIZED_PROVER;2016-01-14;true;;30043;458;10
DRESDEN/pancakes6/SZXMyQ;ALLOY_DUALIZED_PROVER;2016-01-14;true;;30000;613547;15482
STANFORD/skirmish/w4V6Vw;ALLOY_DUALIZED_PROVER;2016-01-14;true;;30002;1302;13
BASE/stateSpaceSmall/Q7osKA;ALLOY_DUALIZED_PROVER;2016-01-14;true;;30000;384162;96040
BASE/factoringMediumTurtleBrain/8RBqmQ;ALLOY_DUALIZED_PROVER;2016-01-14;true;;30000;27721;330
BASE/tictactoe2/bhrDoQ;ALLOY_DUALIZED_PROVER;2016-01-14;true;;30000;72050;9443
DRESDEN/pancakes/hl9aiQ;ALLOY_DUALIZED_PROVER;2016-01-14;true;;30000;608346;15343
DRESDEN/8puzzle/8fKC2w;ALLOY_DUALIZED_PROVER;2016-01-14;true;;30000;76628;1277
DRESDEN/tpeg/h-Scbg;ALLOY_DUALIZED_PROVER;2016-01-14;true;;30000;14132;1148
BASE/queens31lg/0gID-A;ALLOY_DUALIZED_PROVER;2016-01-14;true;;30133;51;1
DRESDEN/doubletoetictac/V89gKQ;ALLOY_DUALIZED_PROVER;2016-01-14;true;;30000;30350;3652
DRESDEN/capture_the_king/EQ229Q;ALLOY_DUALIZED_PROVER;2016-01-14;true;;30002;2690;43
DRESDEN/gt_prisoner/huCp4w;ALLOY_DUALIZED_PROVER;2016-01-14;true;;30000;165125;8256
BASE/survival/YVIjJA;ALLOY_DUALIZED_PROVER;2016-01-14;true;;30000;852901;730826
BASE/amazons_10x10/Bun8dA;ALLOY_DUALIZED_PROVER;2016-01-14;true;;30001;7041;51
STANFORD/ttcc4/Cx9SGw;ALLOY_DUALIZED_PROVER;2016-01-14;true;;30000;18863;338
DRESDEN/gt_ultimatum/pAiiQw;ALLOY_DUALIZED_PROVER;2016-01-14;true;;30000;204552;10227
BASE/asteroidsParallel/WauZiA;ALLOY_DUALIZED_PROVER;2016-01-14;true;;30000;67827;1533
STANFORD/sudoku/oJ1qyQ;ALLOY_DUALIZED_PROVER;2016-01-14;true;;30030;672;16
BASE/gt_two_thirds_6p/867v3Q;ALLOY_DUALIZED_PROVER;2016-01-14;true;;30000;9901;9901
DRESDEN/brawl/2kXtfQ;ALLOY_DUALIZED_PROVER;2016-01-14;true;;30005;3326;332
DRESDEN/vacuum_cleaner_1/eUNjpw;ALLOY_DUALIZED_PROVER;2016-01-14;true;;30000;117300;19570
STANFORD/hex/MTqWcw;ALLOY_DUALIZED_PROVER;2016-01-14;true;;30000;5395;74
BASE/amazons_8x8/7SOsIw;ALLOY_DUALIZED_PROVER;2016-01-14;true;;30002;9063;98
DRESDEN/racetrackcorridor/O0DoTA;ALLOY_DUALIZED_PROVER;2016-01-14;true;;30000;30777;1718
BASE/nim4/twk16w;ALLOY_DUALIZED_PROVER;2016-01-14;true;;30000;175589;13114
BASE/copolymer_4/2LDVhQ;ALLOY_DUALIZED_PROVER;2016-01-14;true;;30000;44347;1274
DRESDEN/tictactoe_3d_6player/ulZPWg;ALLOY_DUALIZED_PROVER;2016-01-14;true;;30005;2940;31
DRESDEN/uf20-01.cnf.SAT/42Rs8A;ALLOY_DUALIZED_PROVER;2016-01-14;true;;30001;28470;1423
DRESDEN/pancakes88/aD3E7g;ALLOY_DUALIZED_PROVER;2016-01-14;true;;30000;471133;11779
BASE/simultaneousWin2/PfjRjw;ALLOY_DUALIZED_PROVER;2016-01-14;true;;30000;32867;532
BASE/wargame03/klXI8w;ALLOY_DUALIZED_PROVER;2016-01-14;true;;30001;13842;2138
DRESDEN/statespacemedium/dVJZ_w;ALLOY_DUALIZED_PROVER;2016-01-14;true;;30000;103081;11453
STANFORD/8puzzle/jNiGtw;ALLOY_DUALIZED_PROVER;2016-01-14;true;;30000;76934;1282
BASE/chineseCheckers2/eCMR3Q;ALLOY_DUALIZED_PROVER;2016-01-14;true;;30000;70264;1863
BASE/othelloSuicide/B442jg;ALLOY_DUALIZED_PROVER;2016-01-14;true;;30242;86;1
BASE/strangeSkirmish/gc1zKA;ALLOY_DUALIZED_PROVER;2016-01-14;true;;30000;841;8
BASE/slidingpieces/uFJWEw;ALLOY_DUALIZED_PROVER;2016-01-14;true;;30003;7598;93
STANFORD/buttonsandlights/eyhJpA;ALLOY_DUALIZED_PROVER;2016-01-14;true;;30000;1042505;173750
BASE/knightsTourLarge/M8jgLA;ALLOY_DUALIZED_PROVER;2016-01-14;true;;30000;379838;63439
BASE/blockerParallel/7-nDJA;ALLOY_DUALIZED_PROVER;2016-01-14;true;;30000;18765;2666
DRESDEN/statespacelarge/8-y5HQ;ALLOY_DUALIZED_PROVER;2016-01-14;true;;30000;33332;2380
DRESDEN/vacuumcleaner_obstacles_2/Y-R7tA;ALLOY_DUALIZED_PROVER;2016-01-14;true;;30000;104715;17485
DRESDEN/gt_chicken/CeuKtw;ALLOY_DUALIZED_PROVER;2016-01-14;true;;30000;174637;8731
BASE/four_way_battle/xSOQXA;ALLOY_DUALIZED_PROVER;2016-01-14;true;;30001;4406;139
DRESDEN/satlike_20v_91c/yeuENQ;ALLOY_DUALIZED_PROVER;2016-01-14;true;;30066;8360;418
DRESDEN/guess/PhxGhg;ALLOY_DUALIZED_PROVER;2016-01-14;true;;30004;12692;1424
STANFORD/duidoku/3SoMaA;ALLOY_DUALIZED_PROVER;2016-01-14;true;;30039;655;15
BASE/bunk_t/xbpfIA;ALLOY_DUALIZED_PROVER;2016-01-14;true;;30000;29032;3488
BASE/checkersTorusNoKings/pwb6oQ;ALLOY_DUALIZED_PROVER;2016-01-14;true;;30001;17148;284
BASE/gt_two_thirds_2p/1APDGg;ALLOY_DUALIZED_PROVER;2016-01-14;true;;30000;52027;52027
DRESDEN/vacuumcleaner_obstacles_5/fXBV4g;ALLOY_DUALIZED_PROVER;2016-01-14;true;;30000;18645;3122
DRESDEN/chinesecheckers2/06E6-Q;ALLOY_DUALIZED_PROVER;2016-01-14;true;;30000;32724;867
BASE/tpeg/QNs7Lw;ALLOY_DUALIZED_PROVER;2016-01-14;true;;30000;13888;1169
BASE/lightsOut/5P1ZBw;ALLOY_DUALIZED_PROVER;2016-01-14;true;;30000;34230;1711
BASE/othello-comp2007/86ZoMw;ALLOY_DUALIZED_PROVER;2016-01-14;true;;30191;79;1
BASE/zhadu/DlA8iQ;ALLOY_DUALIZED_PROVER;2016-01-14;true;;30002;1018;22
BASE/sudoku/NTaNkw;ALLOY_DUALIZED_PROVER;2016-01-14;true;;30012;2573;31
BASE/ticTicToe/c1OobQ;ALLOY_DUALIZED_PROVER;2016-01-14;true;;30000;46804;9343
STANFORD/duikoshi/tpw1sw;ALLOY_DUALIZED_PROVER;2016-01-14;true;;30000;14929;1118
DRESDEN/grid_game/U7_Yeg;ALLOY_DUALIZED_PROVER;2016-01-14;true;;30000;29439;828
BASE/skirmishFinal1/ecWTnQ;ALLOY_DUALIZED_PROVER;2016-01-14;true;;30008;1348;22
DRESDEN/hanoi/RQ0jiA;ALLOY_DUALIZED_PROVER;2016-01-14;true;;30000;198206;6393
DRESDEN/pacman3p/rBnk8Q;ALLOY_DUALIZED_PROVER;2016-01-14;true;;30000;20979;433
DRESDEN/chinesecheckers3/QsCb2A;ALLOY_DUALIZED_PROVER;2016-01-14;true;;30001;26847;495
BASE/breakthroughSmallHoles/bxclRw;ALLOY_DUALIZED_PROVER;2016-01-14;true;;30000;16962;655
DRESDEN/troublemaker02/iZLVuA;ALLOY_DUALIZED_PROVER;2016-01-14;true;;30000;519571;173228
BASE/coins_atomic/AA3SSw;ALLOY_DUALIZED_PROVER;2016-01-14;true;;30000;11504;4604
BASE/tron_10x10/7ZTgDg;ALLOY_DUALIZED_PROVER;2016-01-14;true;;30000;69529;23116
BASE/coins/QnGtnQ;ALLOY_DUALIZED_PROVER;2016-01-14;true;;30000;11688;4683
BASE/checkers-newgoals/0XkFiA;ALLOY_DUALIZED_PROVER;2016-01-14;true;;30004;3899;39
BASE/roshambo2/KNPokQ;ALLOY_DUALIZED_PROVER;2016-01-14;true;;30000;298681;35111
BASE/chineseCheckers4/avfBcQ;ALLOY_DUALIZED_PROVER;2016-01-14;true;;30000;32705;565
BASE/chineseCheckers3/-1rZdQ;ALLOY_DUALIZED_PROVER;2016-01-14;true;;30000;58987;1089
BASE/checkers-mustjump/T-8UuQ;ALLOY_DUALIZED_PROVER;2016-01-14;true;;30003;3003;57
BASE/connect5/d-BVQg;ALLOY_DUALIZED_PROVER;2016-01-14;true;;30003;9517;212
DRESDEN/blocker/S815zQ;ALLOY_DUALIZED_PROVER;2016-01-14;true;;30000;93689;11907
BASE/cephalopodMicro/9l2D3g;ALLOY_DUALIZED_PROVER;2016-01-14;true;;30031;461;10
DRESDEN/chomp/-LcqYQ;ALLOY_DUALIZED_PROVER;2016-01-14;true;;30000;65042;9192
BASE/doubletoetictac/fu35bg;ALLOY_DUALIZED_PROVER;2016-01-14;true;;30000;31254;3742
BASE/snake_2009/7l-qAQ;ALLOY_DUALIZED_PROVER;2016-01-14;true;;30002;11624;716
BASE/pawnToQueen/-O1_JA;ALLOY_DUALIZED_PROVER;2016-01-14;true;;30008;486;36
DRESDEN/chickentictactoe/Ipbo-g;ALLOY_DUALIZED_PROVER;2016-01-14;true;;30000;61489;8628
DRESDEN/sheep_and_wolf/enAIzQ;ALLOY_DUALIZED_PROVER;2016-01-14;true;;30000;20154;485
DRESDEN/battlebrushes/QHXV4A;ALLOY_DUALIZED_PROVER;2016-01-14;true;;30001;1489;78
STANFORD/knightstourbig/TQUI2g;ALLOY_DUALIZED_PROVER;2016-01-14;true;;30000;331414;57803
BASE/4pffa/Q3ADlg;ALLOY_DUALIZED_PROVER;2016-01-14;true;;30000;23293;582
BASE/pancakes/yUgbXw;ALLOY_DUALIZED_PROVER;2016-01-14;true;;30000;605560;15277
DRESDEN/othello-cornercontrol/r5Gdlg;ALLOY_DUALIZED_PROVER;2016-01-14;true;;30582;39;0
BASE/sudokuGrade5/BQfUQA;ALLOY_DUALIZED_PROVER;2016-01-14;true;;30019;684;17
DRESDEN/hanoi7/51zz5Q;ALLOY_DUALIZED_PROVER;2016-01-14;true;;30000;183086;1441
BASE/blocks2player/wnTLOQ;ALLOY_DUALIZED_PROVER;2016-01-14;true;;30000;168449;9358
DRESDEN/golden_rectangle/1uloXw;ALLOY_DUALIZED_PROVER;2016-01-14;false;Exception of type NullPointerException;0;0;0
BASE/pacman3p/wW7UVQ;ALLOY_DUALIZED_PROVER;2016-01-14;true;;30000;21945;459
DRESDEN/chickentoetictac/cxYaRQ;ALLOY_DUALIZED_PROVER;2016-01-14;true;;30000;92071;12930
BASE/factoringImpossibleTurtleBrain/kcBhdw;ALLOY_DUALIZED_PROVER;2016-01-14;true;;30063;374;4
BASE/twisty-passages/DiZmmg;ALLOY_DUALIZED_PROVER;2016-01-14;true;;30000;203018;1020
BASE/quad_5x5/JAEP5g;ALLOY_DUALIZED_PROVER;2016-01-14;true;;30000;1103;77
BASE/2pffa_zerosum/o0_uZA;ALLOY_DUALIZED_PROVER;2016-01-14;true;;30000;33960;1132
BASE/pentagoSuicide/SBgNhw;ALLOY_DUALIZED_PROVER;2016-01-14;true;;30059;4491;79
DRESDEN/doubletictactoe/lJzgmQ;ALLOY_DUALIZED_PROVER;2016-01-14;true;;30000;30725;3685
DRESDEN/battlesnakes2011/93VtTw;ALLOY_DUALIZED_PROVER;2016-01-14;true;;30001;18364;564
DRESDEN/sat_test_20v_91c_version2/a1mPBA;ALLOY_DUALIZED_PROVER;2016-01-14;true;;30001;28140;1407
BASE/escortLatch/mX9BjQ;ALLOY_DUALIZED_PROVER;2016-01-14;true;;30000;20876;351
BASE/skirmishFinal2/gdB62Q;ALLOY_DUALIZED_PROVER;2016-01-14;true;;30004;1274;21
STANFORD/hunter/14dD-g;ALLOY_DUALIZED_PROVER;2016-01-14;true;;30000;99147;7081
STANFORD/rainbow/_4qNSQ;ALLOY_DUALIZED_PROVER;2016-01-14;true;;30000;196769;32794
DRESDEN/checkers-cylinder-mustjump/vW_-pA;ALLOY_DUALIZED_PROVER;2016-01-14;true;;30029;2246;50
DRESDEN/ggp-course2013_michal13/jWKddg;ALLOY_DUALIZED_PROVER;2016-01-14;true;;30686;39;1
BASE/hex/T1MK8g;ALLOY_DUALIZED_PROVER;2016-01-14;true;;30001;5489;78
DRESDEN/2player_normal_form_2010/NG_Kdg;ALLOY_DUALIZED_PROVER;2016-01-14;true;;30000;169793;169793
BASE/nonogram_5x5_1/qLKEZw;ALLOY_DUALIZED_PROVER;2016-01-14;true;;30003;4668;802
DRESDEN/point_grab/r5DPmQ;ALLOY_DUALIZED_PROVER;2016-01-14;true;;30000;314277;10475
BASE/checkersBarrelNoKings/rnKNeg;ALLOY_DUALIZED_PROVER;2016-01-14;true;;30000;17523;266
BASE/buttons/hTcUjw;ALLOY_DUALIZED_PROVER;2016-01-14;true;;30000;623775;103962
BASE/battlebrushes/arCwyA;ALLOY_DUALIZED_PROVER;2016-01-14;true;;30011;1349;71
BASE/pancakes6/QZTdnw;ALLOY_DUALIZED_PROVER;2016-01-14;true;;30000;571392;14407
DRESDEN/mummymaze2p/k-8edg;ALLOY_DUALIZED_PROVER;2016-01-14;true;;30000;32136;655
BASE/checkLines/Vop7oQ;ALLOY_DUALIZED_PROVER;2016-01-14;true;;30000;27938;1840
BASE/gt_ultimatum/GE-uOA;ALLOY_DUALIZED_PROVER;2016-01-14;true;;30000;212932;10646
BASE/amazonsSuicide/dE1QEQ;ALLOY_DUALIZED_PROVER;2016-01-14;true;;35859;49;0
BASE/minichess-evilconjuncts/4OpQzw;ALLOY_DUALIZED_PROVER;2016-01-14;true;;30004;3337;378
BASE/checkers-cylinder-mustjump/rjr6qQ;ALLOY_DUALIZED_PROVER;2016-01-14;true;;30003;2369;53
DRESDEN/SC_TestOnly_enabled/09o7gQ;ALLOY_DUALIZED_PROVER;2016-01-14;true;;30000;87884;9764
BASE/ticTacToe/JRFsaQ;ALLOY_DUALIZED_PROVER;2016-01-14;true;;30000;82852;10897
STANFORD/tictictoe/rpt_Dw;ALLOY_DUALIZED_PROVER;2016-01-14;true;;30000;47878;9538
DRESDEN/quad_5x5_8_2/JRTLJg;ALLOY_DUALIZED_PROVER;2016-01-14;true;;30015;2152;118
DRESDEN/hitori/S8Gsyg;ALLOY_DUALIZED_PROVER;2016-01-14;true;;30005;1914;19
DRESDEN/max_knights/hCipiA;ALLOY_DUALIZED_PROVER;2016-01-14;true;;30000;29546;5601
DRESDEN/chinesecheckers6/yTbPDA;ALLOY_DUALIZED_PROVER;2016-01-14;true;;30000;19717;334
DRESDEN/four_way_battle/xSOQXA;ALLOY_DUALIZED_PROVER;2016-01-14;true;;30000;4679;150
DRESDEN/quartosuicide/WIU1oQ;ALLOY_DUALIZED_PROVER;2016-01-14;true;;30000;29953;1294
DRESDEN/3pttc/uwYBZw;ALLOY_DUALIZED_PROVER;2016-01-14;true;;30000;29139;993
BASE/breakthroughSmall/HJ0tIA;ALLOY_DUALIZED_PROVER;2016-01-14;true;;30001;20182;710
BASE/circlesolitaire/azuQFQ;ALLOY_DUALIZED_PROVER;2016-01-14;true;;30000;167330;16354
DRESDEN/peg/Vo31eg;ALLOY_DUALIZED_PROVER;2016-01-14;true;;30000;12367;511
BASE/racer/QQYQNw;ALLOY_DUALIZED_PROVER;2016-01-14;true;;30000;32828;2386
DRESDEN/lightsout2/LFtfyQ;ALLOY_DUALIZED_PROVER;2016-01-14;true;;30000;40434;2021
DRESDEN/snake_2008/E56l3A;ALLOY_DUALIZED_PROVER;2016-01-14;true;;30001;12351;775
BASE/gt_centipede/9fRMpw;ALLOY_DUALIZED_PROVER;2016-01-14;true;;30000;264932;132634
BASE/colonelBlottoVariant2/jruwGw;ALLOY_DUALIZED_PROVER;2016-01-14;true;;30000;168404;33787
BASE/hidato37/pBrqxw;ALLOY_DUALIZED_PROVER;2016-01-14;true;;30014;2638;196
BASE/hidato19/rRHSmA;ALLOY_DUALIZED_PROVER;2016-01-14;true;;30001;12664;1884
BASE/queens16ug/gT-ylw;ALLOY_DUALIZED_PROVER;2016-01-14;true;;30000;12039;752
BASE/queens12ug/u6Bkmg;ALLOY_DUALIZED_PROVER;2016-01-14;true;;30002;21384;1782
BASE/racetrackcorridor/_RkdUg;ALLOY_DUALIZED_PROVER;2016-01-14;true;;30000;30555;1529
BASE/point_grab/V_osUg;ALLOY_DUALIZED_PROVER;2016-01-14;true;;30000;296801;9893
BASE/snakeAssemblit/UO4sdg;ALLOY_DUALIZED_PROVER;2016-01-14;true;;30002;10848;1333
