BASE/survival/YVIjJA;ALLOY_COMPILED_PROVER_CACHING;1;true;;30000;14082560;12071208
BASE/chineseCheckers1/gqtwHw;ALLOY_COMPILED_PROVER_CACHING;1;true;;30000;4300676;151701
BASE/gt_two_thirds_6p/867v3Q;ALLOY_COMPILED_PROVER_CACHING;1;true;;30000;630877;630877
DRESDEN/3qbf-5cnf-20var-40cl.0.qdimacs/-6hrIw;ALLOY_COMPILED_PROVER_CACHING;1;true;;30000;842535;14344
DRESDEN/tictactoe_3d_small_2player/HYttcg;ALLOY_COMPILED_PROVER_CACHING;1;true;;30000;1123119;91291
STANFORD/multipletictactoe/_bkafQ;ALLOY_COMPILED_PROVER_CACHING;1;true;;30000;853618;47569
BASE/amazons_10x10/Bun8dA;ALLOY_COMPILED_PROVER_CACHING;1;true;;30000;808008;5922
BASE/tictactoe2/bhrDoQ;ALLOY_COMPILED_PROVER_CACHING;1;true;;30000;5408671;709069
BASE/2pffa/6oHijA;ALLOY_COMPILED_PROVER_CACHING;1;true;;30000;2164629;72154
DRESDEN/hanoi7/51zz5Q;ALLOY_COMPILED_PROVER_CACHING;1;true;;30000;9800495;77169
STANFORD/bestbuttonsandlights/nm0wEA;ALLOY_COMPILED_PROVER_CACHING;1;true;;30000;9558547;1593091
DRESDEN/blocksworldparallel/2JfVaw;ALLOY_COMPILED_PROVER_CACHING;1;true;;30000;4702694;1567564
DRESDEN/minichess-evilconjuncts/th24Tw;ALLOY_COMPILED_PROVER_CACHING;1;true;;30000;370927;41990
BASE/ticTacToeParallel/ymRGPw;ALLOY_COMPILED_PROVER_CACHING;1;true;;30000;1832343;264799
BASE/ticTicToe/c1OobQ;ALLOY_COMPILED_PROVER_CACHING;1;true;;30000;2515707;501005
BASE/crissrace/ERWGDA;ALLOY_COMPILED_PROVER_CACHING;1;true;;30000;1378975;30888
DRESDEN/statespacesmall/h-NqjA;ALLOY_COMPILED_PROVER_CACHING;1;true;;30000;14325331;3581332
DRESDEN/troublemaker02/iZLVuA;ALLOY_COMPILED_PROVER_CACHING;1;true;;30000;15935947;5311006
STANFORD/sukoshi/4LYZZQ;ALLOY_COMPILED_PROVER_CACHING;1;true;;30000;4078121;750516
DRESDEN/pawn_whopping_simultaneous/r8dLfw;ALLOY_COMPILED_PROVER_CACHING;1;true;;30000;930786;51436
BASE/simultaneousWin2/PfjRjw;ALLOY_COMPILED_PROVER_CACHING;1;true;;30000;1147717;18634
DRESDEN/racer/vk_ZBA;ALLOY_COMPILED_PROVER_CACHING;1;true;;30000;1953003;141403
STANFORD/multiplebuttonsandlights_9/SqB9BA;ALLOY_COMPILED_PROVER_CACHING;1;true;;30000;10888346;1814730
BASE/checkLines/Vop7oQ;ALLOY_COMPILED_PROVER_CACHING;1;true;;30000;3218787;209107
BASE/firefighter/WJmoPw;ALLOY_COMPILED_PROVER_CACHING;1;true;;30000;6994873;158196
BASE/breakthroughHoles/nZk0Sg;ALLOY_COMPILED_PROVER_CACHING;1;true;;30000;1423587;22824
DRESDEN/nim2/z5_exA;ALLOY_COMPILED_PROVER_CACHING;1;true;;30000;7244609;817441
STANFORD/sudoku/oJ1qyQ;ALLOY_COMPILED_PROVER_CACHING;1;true;;30000;173767;4213
DRESDEN/tictactoex9/rFkD4w;ALLOY_COMPILED_PROVER_CACHING;1;true;;30000;612926;21026
BASE/pawnWhopping/Ypc_6Q;ALLOY_COMPILED_PROVER_CACHING;1;true;;30000;1362319;39772
STANFORD/chinook/osFbPA;ALLOY_COMPILED_PROVER_CACHING;1;true;;30000;1113014;27825
BASE/ttcc4/Le0qjQ;ALLOY_COMPILED_PROVER_CACHING;1;true;;30000;1112151;39476
BASE/checkersTorusNoKings/pwb6oQ;ALLOY_COMPILED_PROVER_CACHING;1;true;;30000;1483176;24543
BASE/ruleDepthExponential/UamhHQ;ALLOY_COMPILED_PROVER_CACHING;1;true;;30000;7922127;3961499
DRESDEN/bidding-tictactoe/yW5vTA;ALLOY_COMPILED_PROVER_CACHING;1;true;;30000;3929438;267910
DRESDEN/3qbf-5cnf-20var-40cl.2.qdimacs.SAT/Q8-axQ;ALLOY_COMPILED_PROVER_CACHING;1;true;;30000;802849;13722
STANFORD/buttonsandlights/eyhJpA;ALLOY_COMPILED_PROVER_CACHING;1;true;;30000;21827495;3637915
DRESDEN/pacman3p/rBnk8Q;ALLOY_COMPILED_PROVER_CACHING;1;true;;30000;1302916;26385
DRESDEN/checkers-newgoals/IJOqXQ;ALLOY_COMPILED_PROVER_CACHING;1;true;;30000;553276;5641
DRESDEN/breakthroughsuicide_v2/LU1nAw;ALLOY_COMPILED_PROVER_CACHING;1;true;;30000;1559774;24352
DRESDEN/hanoi_6_disks/MeubgQ;ALLOY_COMPILED_PROVER_CACHING;1;true;;30000;7645347;2149428
DRESDEN/knightwar/7hhAqg;ALLOY_COMPILED_PROVER_CACHING;1;true;;30000;2044605;238711
DRESDEN/2player_normal_form_2010/NG_Kdg;ALLOY_COMPILED_PROVER_CACHING;1;true;;30000;5619440;5619440
BASE/cubicup_3player/e2yA_g;ALLOY_COMPILED_PROVER_CACHING;1;true;;30000;374902;4463
BASE/four_way_battle/xSOQXA;ALLOY_COMPILED_PROVER_CACHING;1;true;;30000;224285;7223
DRESDEN/roshambo2/jgSlkQ;ALLOY_COMPILED_PROVER_CACHING;1;true;;30000;8371338;984661
BASE/blobwars/0XT15Q;ALLOY_COMPILED_PROVER_CACHING;1;true;;30000;378693;9469
BASE/connect4/50bOyw;ALLOY_COMPILED_PROVER_CACHING;1;true;;30000;788251;36980
DRESDEN/tictactoe_3d_6player/ulZPWg;ALLOY_COMPILED_PROVER_CACHING;1;true;;30000;403639;3970
BASE/racetrackcorridor/k1OQRg;ALLOY_COMPILED_PROVER_CACHING;1;false;GameDescriptionException: Goal is poorly defined for black in [( true ( cell blane a 1 b ) ), ( true ( cell blane a 2 b ) ), ( true ( cell blane a 3 b ) ), ( true ( cell blane b 1 b ) ), ( true ( cell blane b 2 b ) ), ( true ( cell blane b 3 b ) ), ( true ( cell blane c 1 b ) ), ( true ( cell blane c 2 b ) ), ( true ( cell blane c 3 b ) ), ( true ( cell blane d 1 b ) ), ( true ( cell blane d 2 b ) ), ( true ( cell blane d 3 b ) ), ( true ( cell blane e 1 black ) ), ( true ( cell blane e 2 b ) ), ( true ( cell blane e 3 b ) ), ( true ( cell wlane a 1 b ) ), ( true ( cell wlane a 2 b ) ), ( true ( cell wlane a 3 b ) ), ( true ( cell wlane b 1 b ) ), ( true ( cell wlane b 2 b ) ), ( true ( cell wlane b 3 b ) ), ( true ( cell wlane c 1 b ) ), ( true ( cell wlane c 2 b ) ), ( true ( cell wlane c 3 b ) ), ( true ( cell wlane d 1 b ) ), ( true ( cell wlane d 2 b ) ), ( true ( cell wlane d 3 b ) ), ( true ( cell wlane e 1 b ) ), ( true ( cell wlane e 2 white ) ), ( true ( cell wlane e 3 b ) ), ( true ( step 8 ) ), ( true ( wall blane c none ) ), ( true ( wall blane d right ) ), ( true ( wall wlane a none ) ), ( true ( wall wlane c left ) ), ( true ( wall wlane d none ) ), ( true ( walls black 6 ) ), ( true ( walls white 7 ) )];0;0;0
STANFORD/eightpuzzle/W_aWbA;ALLOY_COMPILED_PROVER_CACHING;1;true;;30000;3095551;61911
BASE/lightsOut/5P1ZBw;ALLOY_COMPILED_PROVER_CACHING;1;true;;30000;3202285;160114
DRESDEN/knightazons/02I8BQ;ALLOY_COMPILED_PROVER_CACHING;1;true;;30000;852087;12899
BASE/sudoku/NTaNkw;ALLOY_COMPILED_PROVER_CACHING;1;true;;30000;397173;4903
DRESDEN/nim1/M9BALA;ALLOY_COMPILED_PROVER_CACHING;1;true;;30000;8253128;1201892
BASE/chickentoetictac/l57rfQ;ALLOY_COMPILED_PROVER_CACHING;1;true;;30000;7613951;1070729
DRESDEN/chinesecheckers4/-oVNYg;ALLOY_COMPILED_PROVER_CACHING;1;true;;30000;903930;15649
BASE/pegEuro/5awwhg;ALLOY_COMPILED_PROVER_CACHING;1;true;;30000;545965;21262
STANFORD/hex/MTqWcw;ALLOY_COMPILED_PROVER_CACHING;1;true;;30000;777401;10940
BASE/slaughter/cOch8A;ALLOY_COMPILED_PROVER_CACHING;1;true;;30000;154226;801
BASE/queens08lg/Ru7eqQ;ALLOY_COMPILED_PROVER_CACHING;1;true;;30000;379569;61625
BASE/checkers-mustjump/T-8UuQ;ALLOY_COMPILED_PROVER_CACHING;1;true;;30000;461032;8958
DRESDEN/vacuumcleaner_obstacles_6/NVwsZw;ALLOY_COMPILED_PROVER_CACHING;1;true;;30000;550070;91668
BASE/tttcc4/8Bs2lg;ALLOY_COMPILED_PROVER_CACHING;1;true;;30000;1129593;40071
BASE/cylinder-checkers/hlldmw;ALLOY_COMPILED_PROVER_CACHING;1;true;;30000;503164;5139
BASE/blocksWorldParallel/RseaAQ;ALLOY_COMPILED_PROVER_CACHING;1;true;;30000;1447840;482613
BASE/guess/SPpk1A;ALLOY_COMPILED_PROVER_CACHING;1;true;;30000;5050226;568198
BASE/quarto/EwBMVQ;ALLOY_COMPILED_PROVER_CACHING;1;true;;30000;1767868;75812
BASE/hallway/ckCJOw;ALLOY_COMPILED_PROVER_CACHING;1;true;;30000;641518;21384
DRESDEN/ggp-course2013_jordi/9QI6Kw;ALLOY_COMPILED_PROVER_CACHING;1;true;;30000;600109;18675
DRESDEN/statespacemedium/dVJZ_w;ALLOY_COMPILED_PROVER_CACHING;1;true;;30000;12591940;1399104
DRESDEN/stratego/Z2wovg;ALLOY_COMPILED_PROVER_CACHING;1;true;;30000;934545;22523
BASE/pacman2p/4LEdQg;ALLOY_COMPILED_PROVER_CACHING;1;true;;30000;1246783;25366
DRESDEN/twisty-passages/j7NPyg;ALLOY_COMPILED_PROVER_CACHING;1;true;;30000;2962432;14886
BASE/ticblock/T21C1g;ALLOY_COMPILED_PROVER_CACHING;1;true;;30000;2942549;178081
BASE/4pttc/AL1k2Q;ALLOY_COMPILED_PROVER_CACHING;1;true;;30000;1680270;53480
BASE/eotcatcit/AfZSzA;ALLOY_COMPILED_PROVER_CACHING;1;true;;30000;3825672;501753
BASE/hanoi7_bugfix/3gdnFw;ALLOY_COMPILED_PROVER_CACHING;1;true;;30000;9681513;76232
STANFORD/freeforall/Lfp40Q;ALLOY_COMPILED_PROVER_CACHING;1;true;;30000;2147903;71596
BASE/factoringMutuallyAssuredDestruction/NH0LGg;ALLOY_COMPILED_PROVER_CACHING;1;true;;30000;5120946;256047
DRESDEN/sum15/CsgWKg;ALLOY_COMPILED_PROVER_CACHING;1;true;;30000;5137283;673684
BASE/battle/8oAvhQ;ALLOY_COMPILED_PROVER_CACHING;1;true;;30000;80300;2676
BASE/breakthrough/TGxk-g;ALLOY_COMPILED_PROVER_CACHING;1;true;;30000;1507173;23470
BASE/wargame02/BkVqqQ;ALLOY_COMPILED_PROVER_CACHING;1;true;;30000;952155;317611
STANFORD/untwistycomplex/HTWEwg;ALLOY_COMPILED_PROVER_CACHING;1;true;;30000;19237761;2137529
BASE/wallmaze/uxNQ9g;ALLOY_COMPILED_PROVER_CACHING;1;true;;30000;813749;28060
DRESDEN/vacuumcleaner_random/_6AGDA;ALLOY_COMPILED_PROVER_CACHING;1;true;;30000;3839540;639406
BASE/knightmove/jBaJEw;ALLOY_COMPILED_PROVER_CACHING;1;true;;30000;1642598;46661
BASE/snake_2008/i6K26g;ALLOY_COMPILED_PROVER_CACHING;1;true;;30000;2724788;169336
STANFORD/tictactoe7/-bE9-A;ALLOY_COMPILED_PROVER_CACHING;1;true;;30000;4516710;815010
BASE/queens08ug/kJ_ZFQ;ALLOY_COMPILED_PROVER_CACHING;1;true;;30000;1727460;215932
STANFORD/knightstour/cEwgNA;ALLOY_COMPILED_PROVER_CACHING;1;true;;30000;10650126;2190473
BASE/eightPuzzle/vLrgFg;ALLOY_COMPILED_PROVER_CACHING;1;true;;30000;3283656;54727
DRESDEN/small_dominion/yB5GJA;ALLOY_COMPILED_PROVER_CACHING;1;true;;30000;87474;2971
BASE/mummyMaze2p_2007/YGA3Vw;ALLOY_COMPILED_PROVER_CACHING;1;true;;30000;3220514;68556
STANFORD/ttcc4/Cx9SGw;ALLOY_COMPILED_PROVER_CACHING;1;true;;30000;1120809;20605
DRESDEN/pancakes6/SZXMyQ;ALLOY_COMPILED_PROVER_CACHING;1;true;;30000;20881991;526381
DRESDEN/CephalopodMicro/H3XQfg;ALLOY_COMPILED_PROVER_CACHING;1;true;;30000;92952;2121
DRESDEN/ggp-course2013_nicolai/uEin8g;ALLOY_COMPILED_PROVER_CACHING;1;true;;30000;155128;4810
DRESDEN/oisters_farm/pTQMLg;ALLOY_COMPILED_PROVER_CACHING;1;true;;30000;11128276;227134
BASE/peg/fJHVWw;ALLOY_COMPILED_PROVER_CACHING;1;true;;30000;674650;27696
DRESDEN/quarto/OQzRYQ;ALLOY_COMPILED_PROVER_CACHING;1;true;;30000;1735254;74395
DRESDEN/tictactoe_orthogonal/y69QFQ;ALLOY_COMPILED_PROVER_CACHING;1;true;;30000;4572287;570945
DRESDEN/skirmish2/iPpWhQ;ALLOY_COMPILED_PROVER_CACHING;1;true;;30000;1063031;26580
BASE/bomberman2p/4CClwA;ALLOY_COMPILED_PROVER_CACHING;1;true;;30000;2547457;326570
DRESDEN/3qbf-5cnf-20var-40cl.1.qdimacs.SAT/2034pg;ALLOY_COMPILED_PROVER_CACHING;1;true;;30000;761392;13083
BASE/cittaceot/fDxhXg;ALLOY_COMPILED_PROVER_CACHING;1;true;;30000;1190622;55014
BASE/sudokuGrade4/DTy07w;ALLOY_COMPILED_PROVER_CACHING;1;true;;30000;177732;4548
BASE/asteroidsSerial/id2QkA;ALLOY_COMPILED_PROVER_CACHING;1;true;;30000;8054630;86781
DRESDEN/amazons/dNB28A;ALLOY_COMPILED_PROVER_CACHING;1;true;;30000;116809;1643
BASE/god/qF06gw;ALLOY_COMPILED_PROVER_CACHING;1;true;;30000;197930;9195
STANFORD/skirmish/w4V6Vw;ALLOY_COMPILED_PROVER_CACHING;1;true;;30000;233322;2357
BASE/hanoi/iGLsJg;ALLOY_COMPILED_PROVER_CACHING;1;true;;30000;10471342;337785
BASE/skirmishZeroSum/zh4hcw;ALLOY_COMPILED_PROVER_CACHING;1;true;;30000;470786;4707
BASE/breakthroughSuicide/wZDpIg;ALLOY_COMPILED_PROVER_CACHING;1;true;;30000;1480891;23062
STANFORD/nineboardtictactoe/y28P-A;ALLOY_COMPILED_PROVER_CACHING;1;true;;30000;1010031;34420
DRESDEN/4pttc/9pB9AQ;ALLOY_COMPILED_PROVER_CACHING;1;true;;30000;1899803;60202
BASE/haystack/UkweGA;ALLOY_COMPILED_PROVER_CACHING;1;true;;30000;19503016;6501094
BASE/chomp/-LcqYQ;ALLOY_COMPILED_PROVER_CACHING;1;true;;30000;2275586;322786
DRESDEN/uf20-010.cnf.SAT.satlike/g7LF6g;ALLOY_COMPILED_PROVER_CACHING;1;true;;30000;611936;30596
BASE/chickentictactoe/DSlZCA;ALLOY_COMPILED_PROVER_CACHING;1;true;;30000;3730648;524775
BASE/skirmish/Y_psYQ;ALLOY_COMPILED_PROVER_CACHING;1;true;;30000;229412;2317
DRESDEN/tictactoe-init1/3ltIBQ;ALLOY_COMPILED_PROVER_CACHING;1;true;;30000;4353837;1243888
BASE/knightfight/SJRkAg;ALLOY_COMPILED_PROVER_CACHING;1;true;;30000;3348965;310009
STANFORD/knightstourmedium/x1wu8Q;ALLOY_COMPILED_PROVER_CACHING;1;true;;30000;10422086;2607200
DRESDEN/chickentictactoe/Ipbo-g;ALLOY_COMPILED_PROVER_CACHING;1;true;;30000;3615428;508563
DRESDEN/knightthrough/J7Fc_Q;ALLOY_COMPILED_PROVER_CACHING;1;true;;30000;1493006;44431
STANFORD/selectivesukoshi/3xmXYg;ALLOY_COMPILED_PROVER_CACHING;1;true;;30000;342067;11783
DRESDEN/blocker/S815zQ;ALLOY_COMPILED_PROVER_CACHING;1;true;;30000;4386067;555960
DRESDEN/chomp/-LcqYQ;ALLOY_COMPILED_PROVER_CACHING;1;true;;30000;2292075;325253
BASE/double_tictactoe_dengji/zgaSbA;ALLOY_COMPILED_PROVER_CACHING;1;true;;30000;2465733;173419
DRESDEN/battle/8oAvhQ;ALLOY_COMPILED_PROVER_CACHING;1;true;;30000;79975;2665
BASE/queens/HyJJnQ;ALLOY_COMPILED_PROVER_CACHING;1;true;;30000;944754;94475
DRESDEN/blocks2player/3ev8nQ;ALLOY_COMPILED_PROVER_CACHING;1;true;;30000;7912437;439585
BASE/mummymaze2p/vpjDdA;ALLOY_COMPILED_PROVER_CACHING;1;true;;30000;1949089;39622
DRESDEN/knightfight/4_Ly4w;ALLOY_COMPILED_PROVER_CACHING;1;true;;30000;3285319;304365
DRESDEN/knightmove/97Ipcw;ALLOY_COMPILED_PROVER_CACHING;1;true;;30000;1649541;46799
BASE/troublemaker01/s3tlEQ;ALLOY_COMPILED_PROVER_CACHING;1;true;;30000;16978501;5659898
BASE/aipsrovers01/4C4jsw;ALLOY_COMPILED_PROVER_CACHING;1;true;;30000;5937880;205154
DRESDEN/3qbf-5cnf-20var-40cl.1.qdimacs.viz.SAT/2034pg;ALLOY_COMPILED_PROVER_CACHING;1;true;;30000;823532;14149
BASE/snake_2008_tweaked/bX0NJQ;ALLOY_COMPILED_PROVER_CACHING;1;true;;30000;2698022;167942
BASE/nim1/hin2Qw;ALLOY_COMPILED_PROVER_CACHING;1;true;;30000;8716150;1269392
BASE/ad_game_2x2/D0aWqg;ALLOY_COMPILED_PROVER_CACHING;1;true;;30000;1845657;968344
BASE/merrills/pku8Tg;ALLOY_COMPILED_PROVER_CACHING;1;true;;30000;554723;9255
BASE/checkers-suicide-cylinder-mustjump/YeW5Tw;ALLOY_COMPILED_PROVER_CACHING;1;true;;30000;409675;9199
DRESDEN/crisscross/GsY16g;ALLOY_COMPILED_PROVER_CACHING;1;true;;30000;1549414;59847
BASE/ttcc4_2player_small/Cv72TA;ALLOY_COMPILED_PROVER_CACHING;1;true;;30000;1967720;128911
BASE/sum15/QZ07Kg;ALLOY_COMPILED_PROVER_CACHING;1;true;;30000;5124368;671866
BASE/skirmishNew/sibw2g;ALLOY_COMPILED_PROVER_CACHING;1;true;;30000;460204;4602
DRESDEN/hitori/S8Gsyg;ALLOY_COMPILED_PROVER_CACHING;1;true;;30000;274467;2839
BASE/troublemaker02/DI83KA;ALLOY_COMPILED_PROVER_CACHING;1;true;;30000;15930872;5308526
BASE/futoshiki6/JmvXNA;ALLOY_COMPILED_PROVER_CACHING;1;true;;30000;291013;14428
DRESDEN/checkers-mustjump-torus/cVc3gA;ALLOY_COMPILED_PROVER_CACHING;1;true;;30000;381794;8737
STANFORD/dualrainbow/G3OnRQ;ALLOY_COMPILED_PROVER_CACHING;1;true;;30000;4011413;668568
DRESDEN/quartosuicide/WIU1oQ;ALLOY_COMPILED_PROVER_CACHING;1;true;;30000;1722722;73838
STANFORD/threepuzzle/41ibjA;ALLOY_COMPILED_PROVER_CACHING;1;true;;30000;9991114;1665185
BASE/knightThrough/gcwFjA;ALLOY_COMPILED_PROVER_CACHING;1;true;;30000;1388862;41292
BASE/lightsOn/MsXu3A;ALLOY_COMPILED_PROVER_CACHING;1;true;;30000;11132849;893564
BASE/max_knights/2fq3Ag;ALLOY_COMPILED_PROVER_CACHING;1;true;;30000;996424;188675
DRESDEN/hanoi/RQ0jiA;ALLOY_COMPILED_PROVER_CACHING;1;true;;30000;10417295;336041
BASE/ticTacToeNoVars/XT03NA;ALLOY_COMPILED_PROVER_CACHING;1;true;;30000;4188537;549047
BASE/stateSpaceMedium/3bUoIw;ALLOY_COMPILED_PROVER_CACHING;1;true;;30000;12840701;1426744
DRESDEN/vacuumcleaner_obstacles_5/fXBV4g;ALLOY_COMPILED_PROVER_CACHING;1;true;;30000;469539;78105
BASE/gt_staghunt/xPjLRA;ALLOY_COMPILED_PROVER_CACHING;1;true;;30000;12850924;642546
DRESDEN/ggp-course2013_michal13/jWKddg;ALLOY_COMPILED_PROVER_CACHING;1;true;;30000;73645;2280
DRESDEN/tictictoe/LAUtwg;ALLOY_COMPILED_PROVER_CACHING;1;true;;30000;2606804;519165
DRESDEN/battlesnakes1509/-qZrLw;ALLOY_COMPILED_PROVER_CACHING;1;true;;30000;1889028;44472
BASE/reversi/d8UMeA;ALLOY_COMPILED_PROVER_CACHING;1;true;;30000;71578;1185
DRESDEN/farmers/S_ASnw;ALLOY_COMPILED_PROVER_CACHING;1;true;;30000;1374207;137420
STANFORD/checkersonabarrelnokings/Zrevdw;ALLOY_COMPILED_PROVER_CACHING;1;true;;30000;1311277;26948
BASE/tictactoe_3d_6player/d7KSwg;ALLOY_COMPILED_PROVER_CACHING;1;true;;30000;401762;3963
DRESDEN/cylinder-checkers/clOO3Q;ALLOY_COMPILED_PROVER_CACHING;1;true;;30000;491655;5021
BASE/snake_2009_big/-oRfVw;ALLOY_COMPILED_PROVER_CACHING;1;true;;30000;2170746;121096
BASE/speedChess/bPnisA;ALLOY_COMPILED_PROVER_CACHING;1;true;;30000;518129;4733
DRESDEN/mummymaze1p/AekgaQ;ALLOY_COMPILED_PROVER_CACHING;1;true;;30000;2822805;499652
BASE/beatMania/qUHwvQ;ALLOY_COMPILED_PROVER_CACHING;1;true;;30000;7988744;133145
STANFORD/pilgrimage/ObRZnQ;ALLOY_COMPILED_PROVER_CACHING;1;true;;30000;1138069;15587
DRESDEN/mimikry/GJEhwA;ALLOY_COMPILED_PROVER_CACHING;1;true;;30000;1559414;64921
DRESDEN/statespacelarge/8-y5HQ;ALLOY_COMPILED_PROVER_CACHING;1;true;;30000;6649082;474934
BASE/connectFourLarge/aU644A;ALLOY_COMPILED_PROVER_CACHING;1;true;;30000;1782474;67800
DRESDEN/golden_rectangle/1uloXw;ALLOY_COMPILED_PROVER_CACHING;1;true;;30000;472942;15925
BASE/tictactoe_3d_small_6player/g_9lww;ALLOY_COMPILED_PROVER_CACHING;1;true;;30000;956951;26661
DRESDEN/uf20-01.cnf.SAT/42Rs8A;ALLOY_COMPILED_PROVER_CACHING;1;true;;30000;642776;32138
BASE/chineseCheckers6/rREH3A;ALLOY_COMPILED_PROVER_CACHING;1;true;;30000;1810900;30190
STANFORD/knightstourbig/TQUI2g;ALLOY_COMPILED_PROVER_CACHING;1;true;;30000;9347476;1634034
DRESDEN/double_tictactoe_dengji/bGaUyQ;ALLOY_COMPILED_PROVER_CACHING;1;true;;30000;2515072;176767
BASE/laikLee_hex/zbyscQ;ALLOY_COMPILED_PROVER_CACHING;1;false;Test process timed out after 240 seconds;0;0;0
DRESDEN/doubletoetictac/V89gKQ;ALLOY_COMPILED_PROVER_CACHING;1;true;;30000;2402376;288058
BASE/sudokuGrade1/tDRNRw;ALLOY_COMPILED_PROVER_CACHING;1;true;;30000;178285;5033
BASE/crossers3/O0rORg;ALLOY_COMPILED_PROVER_CACHING;1;true;;30000;2149177;162630
BASE/tictactoe_3player/GtM71g;ALLOY_COMPILED_PROVER_CACHING;1;true;;30000;1550147;76289
BASE/pearls/6k_mEQ;ALLOY_COMPILED_PROVER_CACHING;1;true;;30000;21301820;1936529
DRESDEN/vacuumcleaner_obstacles_2/Y-R7tA;ALLOY_COMPILED_PROVER_CACHING;1;true;;30000;5570802;928633
DRESDEN/pancakes/hl9aiQ;ALLOY_COMPILED_PROVER_CACHING;1;true;;30000;20301604;511759
BASE/duplicateStateMedium/U163eQ;ALLOY_COMPILED_PROVER_CACHING;1;true;;30000;10990276;1221141
DRESDEN/gt_prisoner/huCp4w;ALLOY_COMPILED_PROVER_CACHING;1;true;;30000;12128106;606405
BASE/knightsTour/mvtVIg;ALLOY_COMPILED_PROVER_CACHING;1;true;;30000;10361912;2132474
BASE/gt_coordination/IVMOzA;ALLOY_COMPILED_PROVER_CACHING;1;true;;30000;12968012;648400
BASE/ghostMaze2p/W-NU-w;ALLOY_COMPILED_PROVER_CACHING;1;true;;30000;3912674;80839
DRESDEN/capture_the_king/EQ229Q;ALLOY_COMPILED_PROVER_CACHING;1;true;;30000;226481;3591
DRESDEN/pawn_whopping/4ogBkg;ALLOY_COMPILED_PROVER_CACHING;1;true;;30000;1493708;40893
BASE/checkers/rOC3Xg;ALLOY_COMPILED_PROVER_CACHING;1;true;;30000;721391;7220
DRESDEN/tictactoe_3player/ESLQQQ;ALLOY_COMPILED_PROVER_CACHING;1;true;;30000;1556750;76596
BASE/pancakes88/l2Xaig;ALLOY_COMPILED_PROVER_CACHING;1;true;;30000;19667037;491730
BASE/ticTacHeavenFC/mrletw;ALLOY_COMPILED_PROVER_CACHING;1;true;;30000;968307;35480
BASE/amazonsTorus/soxT8g;ALLOY_COMPILED_PROVER_CACHING;1;false;Exception of type StackOverflowError;0;0;0
BASE/conn4/va9Y7A;ALLOY_COMPILED_PROVER_CACHING;1;true;;30000;1244541;58339
BASE/ttcc4_2player_alt/ZEJvYA;ALLOY_COMPILED_PROVER_CACHING;1;true;;30000;1334862;36503
BASE/dotsAndBoxes/EHwA_w;ALLOY_COMPILED_PROVER_CACHING;1;true;;30000;1975778;32929
BASE/biddingTicTacToe/8mESVw;ALLOY_COMPILED_PROVER_CACHING;1;true;;30000;4012175;273479
BASE/tictactoex9/BI26ow;ALLOY_COMPILED_PROVER_CACHING;1;true;;30000;590033;20289
DRESDEN/tttcc4/sAvtFg;ALLOY_COMPILED_PROVER_CACHING;1;true;;30000;1133666;40260
BASE/catcha_mouse/cHv4dw;ALLOY_COMPILED_PROVER_CACHING;1;true;;30000;1626096;122090
DRESDEN/grid_game/U7_Yeg;ALLOY_COMPILED_PROVER_CACHING;1;true;;30000;2463974;69793
DRESDEN/3pttc/uwYBZw;ALLOY_COMPILED_PROVER_CACHING;1;true;;30000;2237954;76557
STANFORD/madness/UO_B3A;ALLOY_COMPILED_PROVER_CACHING;1;true;;30000;246810;4183
DRESDEN/quad_5x5_8_2/JRTLJg;ALLOY_COMPILED_PROVER_CACHING;1;true;;30000;155067;8461
STANFORD/kono/HI7CHA;ALLOY_COMPILED_PROVER_CACHING;1;false;IllegalArgumentException: bound must be positive;0;0;0
BASE/snakeParallel/RCVNtw;ALLOY_COMPILED_PROVER_CACHING;1;true;;30000;4713288;1020345
BASE/brain_teaser_extended/ZDp94A;ALLOY_COMPILED_PROVER_CACHING;1;true;;30000;6299392;419961
BASE/gt_two_thirds_4p/DStnxQ;ALLOY_COMPILED_PROVER_CACHING;1;true;;30000;973417;973417
BASE/quad/tw-Ufg;ALLOY_COMPILED_PROVER_CACHING;1;true;;30011;1481;35
DRESDEN/eotcatcit/mQUxzA;ALLOY_COMPILED_PROVER_CACHING;1;true;;30000;3807874;499370
DRESDEN/chinesecheckers3/QsCb2A;ALLOY_COMPILED_PROVER_CACHING;1;true;;30000;1371700;25333
BASE/mineClearingSmall/frsbvw;ALLOY_COMPILED_PROVER_CACHING;1;true;;30000;1258200;106198
BASE/kalaha5x2x3/WviNsw;ALLOY_COMPILED_PROVER_CACHING;1;true;;30000;3238614;32989
DRESDEN/tpeg/h-Scbg;ALLOY_COMPILED_PROVER_CACHING;1;true;;30000;752697;61894
DRESDEN/peg/Vo31eg;ALLOY_COMPILED_PROVER_CACHING;1;true;;30000;671965;27571
STANFORD/tictictoe/rpt_Dw;ALLOY_COMPILED_PROVER_CACHING;1;true;;30000;2434526;484693
DRESDEN/battlesnakes2011/93VtTw;ALLOY_COMPILED_PROVER_CACHING;1;true;;30000;1866664;56605
DRESDEN/lightsout2/LFtfyQ;ALLOY_COMPILED_PROVER_CACHING;1;true;;30000;3181650;159082
DRESDEN/grid_game2/kypTYQ;ALLOY_COMPILED_PROVER_CACHING;1;true;;30000;435726;8911
DRESDEN/chinesecheckers6/yTbPDA;ALLOY_COMPILED_PROVER_CACHING;1;true;;30000;1151104;19516
DRESDEN/max_knights/hCipiA;ALLOY_COMPILED_PROVER_CACHING;1;true;;30000;1021652;193320
DRESDEN/Thief_Police/CX18rA;ALLOY_COMPILED_PROVER_CACHING;1;true;;30000;5771855;170444
BASE/minichess/8NQEiA;ALLOY_COMPILED_PROVER_CACHING;1;true;;30000;2476386;825462
BASE/qyshinsu/R08Lzw;ALLOY_COMPILED_PROVER_CACHING;1;true;;30000;681867;28702
BASE/nineBoardTicTacToePie/B8LzeQ;ALLOY_COMPILED_PROVER_CACHING;1;true;;30000;918099;31256
DRESDEN/sat_test_20v_91c_version2/a1mPBA;ALLOY_COMPILED_PROVER_CACHING;1;true;;30000;632032;31601
DRESDEN/blockerparallel/dVQgSg;ALLOY_COMPILED_PROVER_CACHING;1;true;;30000;574670;82240
DRESDEN/point_grab/r5DPmQ;ALLOY_COMPILED_PROVER_CACHING;1;true;;30000;12017640;400588
BASE/factoringGeorgeForman/HGRorQ;ALLOY_COMPILED_PROVER_CACHING;1;true;;30000;11283411;236375
DRESDEN/snake_2008/E56l3A;ALLOY_COMPILED_PROVER_CACHING;1;true;;30000;2733187;170487
BASE/connectFourLarger/qKi60A;ALLOY_COMPILED_PROVER_CACHING;1;true;;30000;1226866;37654
DRESDEN/doubletictactoe/lJzgmQ;ALLOY_COMPILED_PROVER_CACHING;1;true;;30000;2456581;294621
DRESDEN/checkers-cylinder-mustjump/vW_-pA;ALLOY_COMPILED_PROVER_CACHING;1;true;;30000;410418;9256
DRESDEN/chinesecheckers2/06E6-Q;ALLOY_COMPILED_PROVER_CACHING;1;true;;30000;1478570;39157
DRESDEN/satlike_20v_91c/yeuENQ;ALLOY_COMPILED_PROVER_CACHING;1;true;;30000;641301;32065
DRESDEN/mummymaze2p/k-8edg;ALLOY_COMPILED_PROVER_CACHING;1;true;;30000;1902043;38655
BASE/dotsAndBoxesSuicide/jzQbLw;ALLOY_COMPILED_PROVER_CACHING;1;true;;30000;1941829;32363
BASE/futoshiki4/BaCwSw;ALLOY_COMPILED_PROVER_CACHING;1;true;;30000;1091677;118396
DRESDEN/battlebrushes/QHXV4A;ALLOY_COMPILED_PROVER_CACHING;1;true;;30000;326693;17194
DRESDEN/fizzbuzz/t1xHzQ;ALLOY_COMPILED_PROVER_CACHING;1;true;;30000;17985283;599509
DRESDEN/sheep_and_wolf/enAIzQ;ALLOY_COMPILED_PROVER_CACHING;1;true;;30000;813791;19803
DRESDEN/othello-cornercontrol/r5Gdlg;ALLOY_COMPILED_PROVER_CACHING;1;true;;30002;18468;407
BASE/checkersSmall/SYmq8w;ALLOY_COMPILED_PROVER_CACHING;1;true;;30000;974790;10404
BASE/blocks/xIV5hQ;ALLOY_COMPILED_PROVER_CACHING;1;true;;30000;10053304;3351101
BASE/ticTacToeLarge/TZC0dg;ALLOY_COMPILED_PROVER_CACHING;1;true;;30000;3418102;144143
STANFORD/rainbow/_4qNSQ;ALLOY_COMPILED_PROVER_CACHING;1;true;;30000;7140589;1190098
DRESDEN/skirmishfinal/hzq8ww;ALLOY_COMPILED_PROVER_CACHING;1;true;;30000;309393;5244
BASE/eotcitcit/V_9_bg;ALLOY_COMPILED_PROVER_CACHING;1;true;;30000;2409688;479803
BASE/numbertictactoe/rvJ-iQ;ALLOY_COMPILED_PROVER_CACHING;1;true;;30000;1934931;240810
BASE/asteroids/BKCmPQ;ALLOY_COMPILED_PROVER_CACHING;1;true;;30000;16296979;351195
DRESDEN/gt_chicken/CeuKtw;ALLOY_COMPILED_PROVER_CACHING;1;true;;30000;12036658;601832
DRESDEN/chickentoetictac/cxYaRQ;ALLOY_COMPILED_PROVER_CACHING;1;true;;30000;7067592;993766
STANFORD/hunter/14dD-g;ALLOY_COMPILED_PROVER_CACHING;1;true;;30000;4928350;352025
BASE/knightsTourLarge/M8jgLA;ALLOY_COMPILED_PROVER_CACHING;1;true;;30000;9708241;1620529
BASE/factoringMediumTurtleBrain/8RBqmQ;ALLOY_COMPILED_PROVER_CACHING;1;true;;30000;1808206;21526
BASE/sudokuGrade6E/ihYFZA;ALLOY_COMPILED_PROVER_CACHING;1;true;;30000;158827;3392
BASE/skirmishHoles/AUCxCA;ALLOY_COMPILED_PROVER_CACHING;1;true;;30000;228664;2309
STANFORD/duidoku/3SoMaA;ALLOY_COMPILED_PROVER_CACHING;1;true;;30000;141814;3440
BASE/withConviction/3Xm54A;ALLOY_COMPILED_PROVER_CACHING;1;true;;30000;1196392;47855
BASE/queens31lg/0gID-A;ALLOY_COMPILED_PROVER_CACHING;1;true;;30007;2745;108
BASE/englishDraughts/jFkQxg;ALLOY_COMPILED_PROVER_CACHING;1;true;;30000;1578549;22703
BASE/biddingTicTacToe_10coins/a-9ccQ;ALLOY_COMPILED_PROVER_CACHING;1;true;;30000;3149744;213597
BASE/nim3/1OwUqw;ALLOY_COMPILED_PROVER_CACHING;1;true;;30000;5506321;415403
BASE/chineseCheckers2/eCMR3Q;ALLOY_COMPILED_PROVER_CACHING;1;true;;30000;3057091;80947
BASE/switches/tPUoCg;ALLOY_COMPILED_PROVER_CACHING;1;true;;30000;6606625;6606625
DRESDEN/latenttictactoe/kITHKg;ALLOY_COMPILED_PROVER_CACHING;1;true;;30000;2334753;221854
DRESDEN/uf20-020.cnf.SAT.satlike/WbqXoA;ALLOY_COMPILED_PROVER_CACHING;1;true;;30000;607546;30377
BASE/blocker/dIWtxg;ALLOY_COMPILED_PROVER_CACHING;1;true;;30000;4336352;549462
BASE/snake2p/I3wWPQ;ALLOY_COMPILED_PROVER_CACHING;1;true;;30000;2915003;2183372
BASE/slidingpieces/uFJWEw;ALLOY_COMPILED_PROVER_CACHING;1;true;;30000;488374;6029
BASE/toetictac/mTThmg;ALLOY_COMPILED_PROVER_CACHING;1;true;;30000;7468113;979298
DRESDEN/SC_TestOnly_enabled/09o7gQ;ALLOY_COMPILED_PROVER_CACHING;1;false;RuntimeException: CompiledProver could not be created;0;0;0
BASE/ruleDepthLinear/OUBJpQ;ALLOY_COMPILED_PROVER_CACHING;1;true;;30000;14332258;7163732
BASE/nim4/twk16w;ALLOY_COMPILED_PROVER_CACHING;1;true;;30000;5479999;408894
BASE/amazons_8x8/7SOsIw;ALLOY_COMPILED_PROVER_CACHING;1;true;;30000;1001592;11007
BASE/connectFour/WAIKTw;ALLOY_COMPILED_PROVER_CACHING;1;true;;30000;2124382;94994
DRESDEN/buttons/ADUaHw;ALLOY_COMPILED_PROVER_CACHING;1;true;;30000;18547142;3091190
BASE/golden_rectangle/_nYzfw;ALLOY_COMPILED_PROVER_CACHING;1;true;;30000;471848;15873
DRESDEN/cubicup_3player/awDtsQ;ALLOY_COMPILED_PROVER_CACHING;1;true;;30000;374888;4462
BASE/checkersTiny/Lr48cg;ALLOY_COMPILED_PROVER_CACHING;1;true;;30000;1265401;20676
DRESDEN/mummymaze2p-comp2007/oTQRQg;ALLOY_COMPILED_PROVER_CACHING;1;true;;30000;3219857;68534
DRESDEN/four_way_battle/xSOQXA;ALLOY_COMPILED_PROVER_CACHING;1;true;;30000;230224;7362
STANFORD/dualhunter/1rPZjQ;ALLOY_COMPILED_PROVER_CACHING;1;true;;30000;2302552;164468
BASE/hanoi_6_disks/MeubgQ;ALLOY_COMPILED_PROVER_CACHING;1;true;;30000;7839109;2207008
DRESDEN/CatchMeIfYouCanTest/CX18rA;ALLOY_COMPILED_PROVER_CACHING;1;true;;30000;6023609;177799
BASE/amazonsSuicide_10x10/XIbQkg;ALLOY_COMPILED_PROVER_CACHING;1;true;;30000;833655;6108
DRESDEN/3qbf-5cnf-20var-40cl.2.qdimacs.satlike/724YWg;ALLOY_COMPILED_PROVER_CACHING;1;true;;30000;798126;13638
DRESDEN/guess/PhxGhg;ALLOY_COMPILED_PROVER_CACHING;1;true;;30000;5231256;588068
BASE/snakeAssemblit/sOydSg;ALLOY_COMPILED_PROVER_CACHING;1;false;GameDescriptionException: Goal is poorly defined for red in [( true ( at blue 4 1 ) ), ( true ( at red 4 1 ) ), ( true ( cell 3 3 f ) ), ( true ( cell 4 1 red ) ), ( true ( cell 4 2 f ) ), ( true ( cell 4 3 f ) ), ( true ( cell 4 4 f ) ), ( true ( cell 4 5 f ) ), ( true ( cell 4 6 f ) ), ( true ( cell 5 1 f ) ), ( true ( cell 5 2 f ) ), ( true ( cell 5 6 f ) ), ( true ( cell 6 2 f ) ), ( true ( cell 6 3 f ) ), ( true ( cell 6 4 f ) ), ( true ( cell 6 5 f ) ), ( true ( cell 6 6 f ) ), ( true ( cell 7 2 blue ) ), ( true ( control_assem blue ) ), ( true ( control_snake red ) ), ( true ( marked 2 4 ) ), ( true ( marked 3 4 ) ), ( true ( marked 4 3 ) ), ( true ( marked 4 4 ) ), ( true ( marked 6 3 ) ), ( true ( marks_remain blue 5 ) ), ( true ( marks_remain red 5 ) ), ( true ( score blue 20 ) ), ( true ( score red 12 ) ), ( true ( step 40 ) )];0;0;0
STANFORD/triplesukoshi/Iu9mbA;ALLOY_COMPILED_PROVER_CACHING;1;true;;30000;1461520;208788
BASE/tron_10x10/7ZTgDg;ALLOY_COMPILED_PROVER_CACHING;1;true;;30000;3276454;1091321
BASE/tictactoe_3d_2player/IUC1rQ;ALLOY_COMPILED_PROVER_CACHING;1;true;;30000;402885;11349
BASE/skirmishFinal1/ecWTnQ;ALLOY_COMPILED_PROVER_CACHING;1;true;;30000;324360;5497
BASE/hexPie/48CH6Q;ALLOY_COMPILED_PROVER_CACHING;1;true;;30000;695858;9811
BASE/ticTacHeaven/18n58A;ALLOY_COMPILED_PROVER_CACHING;1;true;;30000;931399;40131
BASE/ticTacToeLargeSuicide/727_8g;ALLOY_COMPILED_PROVER_CACHING;1;true;;30000;3346470;141122
BASE/checkers-newgoals/0XkFiA;ALLOY_COMPILED_PROVER_CACHING;1;true;;30000;550148;5621
DRESDEN/crossers3/xiPTxg;ALLOY_COMPILED_PROVER_CACHING;1;true;;30000;2197795;166432
STANFORD/3puzzle/41ibjA;ALLOY_COMPILED_PROVER_CACHING;1;true;;30000;10117807;1686301
BASE/othelloSuicide/B442jg;ALLOY_COMPILED_PROVER_CACHING;1;true;;30000;26723;442
BASE/maze/cCX3qQ;ALLOY_COMPILED_PROVER_CACHING;1;true;;30000;19676162;2240767
DRESDEN/vacuumcleaner_random_big/DwzFaQ;ALLOY_COMPILED_PROVER_CACHING;1;true;;30000;1832571;305300
BASE/breakthroughSmallHoles/bxclRw;ALLOY_COMPILED_PROVER_CACHING;1;true;;30000;1728929;66609
DRESDEN/pawntoqueen/f_x6Aw;ALLOY_COMPILED_PROVER_CACHING;1;true;;30000;70370;5342
BASE/chineseCheckers3/-1rZdQ;ALLOY_COMPILED_PROVER_CACHING;1;true;;30000;2825910;52128
BASE/chineseCheckers4/avfBcQ;ALLOY_COMPILED_PROVER_CACHING;1;true;;30000;1905283;33010
BASE/asteroidsParallel/WauZiA;ALLOY_COMPILED_PROVER_CACHING;1;true;;30000;9280866;210707
STANFORD/duikoshi/tpw1sw;ALLOY_COMPILED_PROVER_CACHING;1;true;;30000;1702624;127267
STANFORD/8puzzle/jNiGtw;ALLOY_COMPILED_PROVER_CACHING;1;true;;30000;3248595;54143
BASE/stateSpaceSmall/Q7osKA;ALLOY_COMPILED_PROVER_CACHING;1;true;;30000;14440040;3610010
DRESDEN/smallest_4player/ADDROA;ALLOY_COMPILED_PROVER_CACHING;1;true;;30000;3476510;147390
BASE/checkersTorus/2vm1EQ;ALLOY_COMPILED_PROVER_CACHING;1;true;;30000;1416970;23893
DRESDEN/bomberman2p/x4h6jQ;ALLOY_COMPILED_PROVER_CACHING;1;true;;30000;2566835;329270
BASE/majorities/ibJzSQ;ALLOY_COMPILED_PROVER_CACHING;1;true;;30000;872770;16472
BASE/bunk_t/xbpfIA;ALLOY_COMPILED_PROVER_CACHING;1;true;;30000;2326572;279045
STANFORD/bestbuttonsandlightsbig/g0JC6g;ALLOY_COMPILED_PROVER_CACHING;1;true;;30000;8267577;1377929
BASE/othello-comp2007/86ZoMw;ALLOY_COMPILED_PROVER_CACHING;1;true;;30000;27009;446
BASE/tpeg/QNs7Lw;ALLOY_COMPILED_PROVER_CACHING;1;true;;30000;744614;61131
DRESDEN/gt_ultimatum/pAiiQw;ALLOY_COMPILED_PROVER_CACHING;1;true;;30000;10233233;511661
DRESDEN/8puzzle/8fKC2w;ALLOY_COMPILED_PROVER_CACHING;1;true;;30000;3297317;54955
DRESDEN/toetictac/mJtxCA;ALLOY_COMPILED_PROVER_CACHING;1;true;;30000;7681351;1007458
DRESDEN/logistics/fPru1Q;ALLOY_COMPILED_PROVER_CACHING;1;true;;30000;2380129;47602
BASE/amazons/RKKZjw;ALLOY_COMPILED_PROVER_CACHING;1;true;;30000;23300;331
DRESDEN/uf20-020.cnf.SAT/hDrW_A;ALLOY_COMPILED_PROVER_CACHING;1;true;;30000;629116;31455
DRESDEN/queens/mW2wHQ;ALLOY_COMPILED_PROVER_CACHING;1;true;;30000;963535;96353
DRESDEN/checkers-mustjump/HUr33w;ALLOY_COMPILED_PROVER_CACHING;1;true;;30000;454223;8805
BASE/blokbox_simple/JBx4bg;ALLOY_COMPILED_PROVER_CACHING;1;true;;30004;3862;168
STANFORD/tictactoe5/WFRReg;ALLOY_COMPILED_PROVER_CACHING;1;true;;30000;4412158;1214635
DRESDEN/firefighter/WJmoPw;ALLOY_COMPILED_PROVER_CACHING;1;true;;30000;6904858;156221
BASE/incredible/8Qh-6Q;ALLOY_COMPILED_PROVER_CACHING;1;true;;30000;4755784;250308
BASE/breakthroughWalls/vOZaYA;ALLOY_COMPILED_PROVER_CACHING;1;true;;30000;1460408;22634
DRESDEN/sat_test_20v_91c/dK7nVw;ALLOY_COMPILED_PROVER_CACHING;1;true;;30000;627724;31386
STANFORD/breakthroughsmall/HM0s5w;ALLOY_COMPILED_PROVER_CACHING;1;false;Exception of type NullPointerException;0;0;0
BASE/tictactoe_3d_small_2player/oOryKA;ALLOY_COMPILED_PROVER_CACHING;1;true;;30000;1141108;92703
DRESDEN/cubicup/SBn_lw;ALLOY_COMPILED_PROVER_CACHING;1;true;;30000;670356;11970
BASE/tictactoe_orthogonal/WRzlVw;ALLOY_COMPILED_PROVER_CACHING;1;true;;30000;4677092;584055
DRESDEN/racetrackcorridor/O0DoTA;ALLOY_COMPILED_PROVER_CACHING;1;true;;30000;1734852;97769
DRESDEN/connectfoursuicide/M9CNQg;ALLOY_COMPILED_PROVER_CACHING;1;true;;30000;2011244;89933
DRESDEN/brawl/2kXtfQ;ALLOY_COMPILED_PROVER_CACHING;1;true;;30000;494346;49434
BASE/roshambo2/KNPokQ;ALLOY_COMPILED_PROVER_CACHING;1;true;;30000;8356238;982893
STANFORD/jointbuttonsandlights/qAKuIQ;ALLOY_COMPILED_PROVER_CACHING;1;true;;30000;7185666;1246452
DRESDEN/vacuum_cleaner_1/eUNjpw;ALLOY_COMPILED_PROVER_CACHING;1;true;;30000;6623363;1103729
BASE/coins/QnGtnQ;ALLOY_COMPILED_PROVER_CACHING;1;true;;30000;1436415;574364
DRESDEN/towerworld/HCX34w;ALLOY_COMPILED_PROVER_CACHING;1;true;;30000;39671;81
DRESDEN/breakthrough/z4hK7Q;ALLOY_COMPILED_PROVER_CACHING;1;true;;30000;1531624;23890
BASE/skirmishFinal3/-Olhfw;ALLOY_COMPILED_PROVER_CACHING;1;true;;30000;349891;5930
STANFORD/platformjumpers/HEQskA;ALLOY_COMPILED_PROVER_CACHING;1;true;;30000;918049;18237
BASE/connectFourSimultaneous/7ITr3g;ALLOY_COMPILED_PROVER_CACHING;1;true;;30000;1330092;74700
BASE/doubletictactoe/HH1htg;ALLOY_COMPILED_PROVER_CACHING;1;true;;30000;2434940;291980
BASE/gt_dollar/TGjqRw;ALLOY_COMPILED_PROVER_CACHING;1;true;;30000;8299000;4147535
DRESDEN/blocks/vg0DRw;ALLOY_COMPILED_PROVER_CACHING;1;true;;30000;9906627;3302209
BASE/lightsOnParallel/SC6enA;ALLOY_COMPILED_PROVER_CACHING;1;true;;30000;5353779;270239
BASE/queens06ug/7Lq3tw;ALLOY_COMPILED_PROVER_CACHING;1;true;;30000;2917285;486214
BASE/point_grab/r5DPmQ;ALLOY_COMPILED_PROVER_CACHING;1;true;;30000;11533487;384449
DRESDEN/ticblock/Z2yNWQ;ALLOY_COMPILED_PROVER_CACHING;1;true;;30000;2743866;166115
DRESDEN/pawn_whopping_corrected/7Ov0jQ;ALLOY_COMPILED_PROVER_CACHING;1;true;;30000;1467856;42836
STANFORD/trifecta/ss1kyQ;ALLOY_COMPILED_PROVER_CACHING;1;true;;30000;4321417;566725
STANFORD/multiplebuttonsandlights/cK70Yg;ALLOY_COMPILED_PROVER_CACHING;1;true;;30000;10504590;1750765
STANFORD/untwistycorridor/EDPPAQ;ALLOY_COMPILED_PROVER_CACHING;1;true;;30000;17081043;2440149
BASE/hodgepodge/9yjRkw;ALLOY_COMPILED_PROVER_CACHING;1;true;;30000;5796217;5796217
BASE/endgame/jYjfOA;ALLOY_COMPILED_PROVER_CACHING;1;true;;30000;814667;58190
DRESDEN/Goldrush/VeWczQ;ALLOY_COMPILED_PROVER_CACHING;1;false;RuntimeException: CompiledProver could not be created;0;0;0
DRESDEN/connectfour/5tc-Mg;ALLOY_COMPILED_PROVER_CACHING;1;true;;30000;1961083;87805
DRESDEN/catcha_mouse/cHv4dw;ALLOY_COMPILED_PROVER_CACHING;1;true;;30000;1530067;114811
BASE/3pffa/pR0dzA;ALLOY_COMPILED_PROVER_CACHING;1;true;;30000;2009759;66991
BASE/alexChess/LNo83g;ALLOY_COMPILED_PROVER_CACHING;1;false;Exception of type StackOverflowError;0;0;0
BASE/lightsOnSimultaneous/_VN6lw;ALLOY_COMPILED_PROVER_CACHING;1;true;;30000;1277086;84163
DRESDEN/babel/WdSW4A;ALLOY_COMPILED_PROVER_CACHING;1;true;;30000;2071516;103575
BASE/blockerParallel/7-nDJA;ALLOY_COMPILED_PROVER_CACHING;1;true;;30000;567314;81251
DRESDEN/sat_test_20v_91c_visualisation/aw8BIA;ALLOY_COMPILED_PROVER_CACHING;1;true;;30000;602075;30103
DRESDEN/tictactoe_3d_2player/LMuX9w;ALLOY_COMPILED_PROVER_CACHING;1;true;;30000;417059;11765
BASE/cubicup/4wNWJA;ALLOY_COMPILED_PROVER_CACHING;1;true;;30000;689997;12321
BASE/coloredtrails/EZvr7g;ALLOY_COMPILED_PROVER_CACHING;1;true;;30000;3027902;336434
BASE/pentago/86NgKw;ALLOY_COMPILED_PROVER_CACHING;1;true;;30000;412370;7545
STANFORD/multiplesukoshi/vLSQPg;ALLOY_COMPILED_PROVER_CACHING;1;false;ArrayIndexOutOfBoundsException: 5;0;0;0
BASE/ticTacToeSerial/Amrwqw;ALLOY_COMPILED_PROVER_CACHING;1;true;;30000;2846557;186629
BASE/sudokuGrade2/u80Tfw;ALLOY_COMPILED_PROVER_CACHING;1;true;;30000;175930;4625
DRESDEN/brain_teaser_extended/ZDp94A;ALLOY_COMPILED_PROVER_CACHING;1;true;;30000;6248702;416581
DRESDEN/endgame/IJhh3Q;ALLOY_COMPILED_PROVER_CACHING;1;true;;30000;662126;47294
BASE/chinook/XQh0IQ;ALLOY_COMPILED_PROVER_CACHING;1;true;;30000;1205329;41181
DRESDEN/backgammon/mqCW0Q;ALLOY_COMPILED_PROVER_CACHING;1;true;;30000;744300;4300
DRESDEN/quad_5x5/JAEP5g;ALLOY_COMPILED_PROVER_CACHING;1;true;;30000;121051;8370
BASE/knightazons/apnJBQ;ALLOY_COMPILED_PROVER_CACHING;1;true;;30000;844579;12807
BASE/knightwar/DVGY4Q;ALLOY_COMPILED_PROVER_CACHING;1;true;;30000;1958566;228723
BASE/gt_attrition/kD_SCA;ALLOY_COMPILED_PROVER_CACHING;1;true;;30000;3582882;716576
BASE/futoshiki5/TJ4BZg;ALLOY_COMPILED_PROVER_CACHING;1;true;;30000;493933;36231
BASE/nineBoardTicTacToe/wRmqqA;ALLOY_COMPILED_PROVER_CACHING;1;true;;30000;1018408;34863
DRESDEN/Runners/3bOCQw;ALLOY_COMPILED_PROVER_CACHING;1;true;;30000;9618112;196303
DRESDEN/hallway/0H4l-Q;ALLOY_COMPILED_PROVER_CACHING;1;true;;30000;649783;21659
BASE/crisscross/ICagEg;ALLOY_COMPILED_PROVER_CACHING;1;true;;30000;1505394;58082
BASE/quartoSuicide/-23jUg;ALLOY_COMPILED_PROVER_CACHING;1;true;;30000;1767084;75813
BASE/nim2/eF2Qqw;ALLOY_COMPILED_PROVER_CACHING;1;true;;30000;6960340;785782
BASE/sheepAndWolf/g4THrg;ALLOY_COMPILED_PROVER_CACHING;1;true;;30000;751505;18337
BASE/onestep/xi53wA;ALLOY_COMPILED_PROVER_CACHING;1;true;;30000;11378011;11378011
DRESDEN/nim4/F5YAYg;ALLOY_COMPILED_PROVER_CACHING;1;true;;30000;5547446;414118
DRESDEN/pancakes88/aD3E7g;ALLOY_COMPILED_PROVER_CACHING;1;true;;30000;19279003;482030
DRESDEN/vacuumcleaner_obstacles_3/4NjSmw;ALLOY_COMPILED_PROVER_CACHING;1;true;;30000;546404;91186
STANFORD/breakthrough/d5j0cQ;ALLOY_COMPILED_PROVER_CACHING;1;true;;30000;1507282;23564
BASE/mummymaze1p/PT_EXA;ALLOY_COMPILED_PROVER_CACHING;1;true;;30000;2713626;480293
DRESDEN/checkers/jIDMIg;ALLOY_COMPILED_PROVER_CACHING;1;true;;30000;551749;5527
DRESDEN/chinesecheckers6-simultaneous/gPPGUw;ALLOY_COMPILED_PROVER_CACHING;1;true;;30000;366874;15993
BASE/sudokuGrade3/eI8dvg;ALLOY_COMPILED_PROVER_CACHING;1;true;;30000;172098;4427
BASE/sudokuGrade6H/ieE_9A;ALLOY_COMPILED_PROVER_CACHING;1;true;;30000;160478;3382
BASE/choicethroughalt/tt71Lg;ALLOY_COMPILED_PROVER_CACHING;1;true;;30000;852914;21537
DRESDEN/circlesolitaire/ruUilQ;ALLOY_COMPILED_PROVER_CACHING;1;true;;30000;8274443;802719
DRESDEN/crissrace/KWb9bw;ALLOY_COMPILED_PROVER_CACHING;1;true;;30000;1415041;31713
BASE/kalaha6x2x4/XS81Mg;ALLOY_COMPILED_PROVER_CACHING;1;true;;30000;3022704;16247
BASE/tictactoe-init1/7M19vA;ALLOY_COMPILED_PROVER_CACHING;1;true;;30000;4337220;1239782
DRESDEN/Catch-Me-If-You-Can/ghGWrA;ALLOY_COMPILED_PROVER_CACHING;1;true;;30000;5826060;171542
BASE/3pConnectFour/PqXOFQ;ALLOY_COMPILED_PROVER_CACHING;1;true;;30000;1538731;43938
BASE/3pttc/0sol9g;ALLOY_COMPILED_PROVER_CACHING;1;true;;30000;2078016;71524
BASE/blocksWorldSerial/Wyg96Q;ALLOY_COMPILED_PROVER_CACHING;1;true;;30000;5632485;938747
BASE/factoringEasyTurtleBrain/lUj94Q;ALLOY_COMPILED_PROVER_CACHING;1;true;;30000;5322238;88703
DRESDEN/quad/JPe6fg;ALLOY_COMPILED_PROVER_CACHING;1;true;;30005;1208;26
DRESDEN/bidding-tictactoe_10coins/mu5VhQ;ALLOY_COMPILED_PROVER_CACHING;1;true;;30000;3315149;224661
BASE/dualConnect4/WbCQkg;ALLOY_COMPILED_PROVER_CACHING;1;true;;30000;1365904;43708
BASE/wargame01/_GZFZg;ALLOY_COMPILED_PROVER_CACHING;1;true;;30000;1524907;152195
DRESDEN/cube_2x2x2/fp-34Q;ALLOY_COMPILED_PROVER_CACHING;1;true;;30000;2861461;238658
BASE/blocksWorld/SEdXLQ;ALLOY_COMPILED_PROVER_CACHING;1;true;;30000;9752905;3250968
BASE/smallest_4player/ADDROA;ALLOY_COMPILED_PROVER_CACHING;1;true;;30000;3475127;147306
BASE/kitten_escapes_from_fire/uW-YiA;ALLOY_COMPILED_PROVER_CACHING;1;true;;30000;3359344;404572
BASE/gt_chicken/gmepTQ;ALLOY_COMPILED_PROVER_CACHING;1;true;;30000;12761759;638087
BASE/colonelBlottoVariant/X-n-KQ;ALLOY_COMPILED_PROVER_CACHING;1;true;;30000;7494291;749429
DRESDEN/uf20-010.cnf.SAT/5ICbCg;ALLOY_COMPILED_PROVER_CACHING;1;true;;30000;608323;30416
BASE/duplicateStateLarge/dcjyuw;ALLOY_COMPILED_PROVER_CACHING;1;true;;30000;2812833;200916
BASE/brawl/6Ymo_Q;ALLOY_COMPILED_PROVER_CACHING;1;true;;30000;461811;46181
BASE/untwistycomplex2/EDPPAQ;ALLOY_COMPILED_PROVER_CACHING;1;true;;30000;18555176;2650739
BASE/gt_prisoner/klthDw;ALLOY_COMPILED_PROVER_CACHING;1;true;;30000;12978156;648907
DRESDEN/kalaha_2009/gcC8uA;ALLOY_COMPILED_PROVER_CACHING;1;true;;30000;2860892;34195
DRESDEN/aipsrovers01/qS47Mw;ALLOY_COMPILED_PROVER_CACHING;1;true;;30000;6511224;224994
BASE/hitori/S8Gsyg;ALLOY_COMPILED_PROVER_CACHING;1;true;;30000;275297;2854
BASE/ttcc4_2player/_aH_Mw;ALLOY_COMPILED_PROVER_CACHING;1;true;;30000;1099184;27649
DRESDEN/quad_7x7/q-JOXg;ALLOY_COMPILED_PROVER_CACHING;1;true;;30001;19252;629
DRESDEN/knightstour/cGISAA;ALLOY_COMPILED_PROVER_CACHING;1;true;;30000;10699953;2201554
DRESDEN/pentago_2008/hLjVpQ;ALLOY_COMPILED_PROVER_CACHING;1;true;;30000;389891;7125
DRESDEN/satlike_20v_91c_version2/yd9ioQ;ALLOY_COMPILED_PROVER_CACHING;1;true;;30000;645037;32251
DRESDEN/catch_me/ghGWrA;ALLOY_COMPILED_PROVER_CACHING;1;true;;30000;5757797;170579
DRESDEN/smallest/9kaGFw;ALLOY_COMPILED_PROVER_CACHING;1;true;;30000;2652574;111062
BASE/colonelBlotto/jip21A;ALLOY_COMPILED_PROVER_CACHING;1;true;;30000;2546393;509278
BASE/blockerSerial/3eqDuw;ALLOY_COMPILED_PROVER_CACHING;1;true;;30000;2502074;158529
BASE/lightsOnSimul4/9FeASw;ALLOY_COMPILED_PROVER_CACHING;1;true;;30000;1072563;166696
BASE/stateSpaceLarge/0Ge_CQ;ALLOY_COMPILED_PROVER_CACHING;1;true;;30000;6603792;471699
BASE/2pttc/unkkYA;ALLOY_COMPILED_PROVER_CACHING;1;true;;30000;2222511;80558
STANFORD/pentago/ZxzLmg;ALLOY_COMPILED_PROVER_CACHING;1;true;;30000;860011;15754
DRESDEN/slidingpieces/s9_44g;ALLOY_COMPILED_PROVER_CACHING;1;true;;30000;475324;5868
BASE/snake_2009/7l-qAQ;ALLOY_COMPILED_PROVER_CACHING;1;true;;30000;2583019;160731
BASE/checkers-mustjump-torus/uSApKQ;ALLOY_COMPILED_PROVER_CACHING;1;true;;30000;389481;8904
DRESDEN/kitten_escapes_from_fire/uW-YiA;ALLOY_COMPILED_PROVER_CACHING;1;true;;30000;3339198;401919
BASE/gt_tinfoil/Q8DyKg;ALLOY_COMPILED_PROVER_CACHING;1;true;;30000;9914920;991492
BASE/othelloHoles/c0qAzw;ALLOY_COMPILED_PROVER_CACHING;1;true;;30001;31472;557
DRESDEN/snake_2009/zIYLVw;ALLOY_COMPILED_PROVER_CACHING;1;true;;30000;2513491;156431
BASE/quad_7x7/q-JOXg;ALLOY_COMPILED_PROVER_CACHING;1;true;;30004;18005;594
BASE/duplicateStateSmall/bCPAXw;ALLOY_COMPILED_PROVER_CACHING;1;true;;30000;14308899;3577224
DRESDEN/lightsout/XgLpzQ;ALLOY_COMPILED_PROVER_CACHING;1;true;;30000;3140675;157033
DRESDEN/breakthroughsuicide/Y9QzqQ;ALLOY_COMPILED_PROVER_CACHING;1;true;;30000;1576484;24651
DRESDEN/tictactoelargesuicide/6J4DeA;ALLOY_COMPILED_PROVER_CACHING;1;true;;30000;3359874;141594
DRESDEN/Zhadu/9zpQ5w;ALLOY_COMPILED_PROVER_CACHING;1;true;;30000;458549;12368
BASE/cephalopodMicro/9l2D3g;ALLOY_COMPILED_PROVER_CACHING;1;true;;30000;93581;2134
STANFORD/tictactoe3/X7myng;ALLOY_COMPILED_PROVER_CACHING;1;true;;30000;4560362;1710309
BASE/doubletoetictac/fu35bg;ALLOY_COMPILED_PROVER_CACHING;1;true;;30000;2377556;285200
BASE/kalaha_2009/dRiN3g;ALLOY_COMPILED_PROVER_CACHING;1;true;;30000;2916512;34874
BASE/factoringImpossibleTurtleBrain/kcBhdw;ALLOY_COMPILED_PROVER_CACHING;1;true;;30000;99540;1185
DRESDEN/tictactoeparallel/yk_DSg;ALLOY_COMPILED_PROVER_CACHING;1;true;;30000;1828976;264593
DRESDEN/ghostmaze2p/HY0UwA;ALLOY_COMPILED_PROVER_CACHING;1;true;;30000;3926018;81139
DRESDEN/blobwars/ZaMluQ;ALLOY_COMPILED_PROVER_CACHING;1;true;;30000;378244;9458
BASE/connectFourSuicide/c8p9Kw;ALLOY_COMPILED_PROVER_CACHING;1;true;;30000;2187521;97992
BASE/quad_5x5/JAEP5g;ALLOY_COMPILED_PROVER_CACHING;1;true;;30000;121761;8435
BASE/colonelBlottoVariant2/jruwGw;ALLOY_COMPILED_PROVER_CACHING;1;true;;30000;7223014;1446947
DRESDEN/javastrike/whONTQ;ALLOY_COMPILED_PROVER_CACHING;1;false;Exception of type StackOverflowError;0;0;0
DRESDEN/peg_bugfixed/u_B7MA;ALLOY_COMPILED_PROVER_CACHING;1;true;;30000;681315;27988
BASE/twisty-passages/DiZmmg;ALLOY_COMPILED_PROVER_CACHING;1;true;;30000;2957466;14861
DRESDEN/checkers-suicide-cylinder-mustjump/L2BYWg;ALLOY_COMPILED_PROVER_CACHING;1;true;;30000;408536;9219
BASE/coins_atomic/AA3SSw;ALLOY_COMPILED_PROVER_CACHING;1;true;;30000;1455292;581689
BASE/connect5/d-BVQg;ALLOY_COMPILED_PROVER_CACHING;1;true;;30000;608445;13289
BASE/pancakes/yUgbXw;ALLOY_COMPILED_PROVER_CACHING;1;true;;30000;20753538;523152
DRESDEN/tictactoe/BTTzPw;ALLOY_COMPILED_PROVER_CACHING;1;true;;30000;4193575;549892
BASE/sudokuGrade5/BQfUQA;ALLOY_COMPILED_PROVER_CACHING;1;true;;30000;179283;4659
BASE/pawnToQueen/-O1_JA;ALLOY_COMPILED_PROVER_CACHING;1;true;;30000;65206;4958
DRESDEN/laikLee_hex/ZeP3QQ;ALLOY_COMPILED_PROVER_CACHING;1;false;Test process timed out after 240 seconds;0;0;0
BASE/4pffa/Q3ADlg;ALLOY_COMPILED_PROVER_CACHING;1;true;;30000;1904200;47605
BASE/zhadu/DlA8iQ;ALLOY_COMPILED_PROVER_CACHING;1;true;;30000;99199;2662
DRESDEN/connect5/1kYzSg;ALLOY_COMPILED_PROVER_CACHING;1;true;;30000;607990;13263
BASE/2pffa_zerosum/o0_uZA;ALLOY_COMPILED_PROVER_CACHING;1;true;;30000;2164504;72150
BASE/pacman3p/wW7UVQ;ALLOY_COMPILED_PROVER_CACHING;1;true;;30000;1250079;25371
BASE/blocks2player/wnTLOQ;ALLOY_COMPILED_PROVER_CACHING;1;true;;30000;8490935;471725
DRESDEN/minichess/c7GMFw;ALLOY_COMPILED_PROVER_CACHING;1;true;;30000;1832609;207362
DRESDEN/frogs_and_toads/GjchhQ;ALLOY_COMPILED_PROVER_CACHING;1;true;;30000;1696664;14626
DRESDEN/3pffa/0YrmQw;ALLOY_COMPILED_PROVER_CACHING;1;true;;30000;2345225;78174
DRESDEN/skirmish/RjGQYQ;ALLOY_COMPILED_PROVER_CACHING;1;true;;30000;953538;23847
BASE/buttons/hTcUjw;ALLOY_COMPILED_PROVER_CACHING;1;true;;30000;19052485;3175414
BASE/checkersBarrelNoKings/rnKNeg;ALLOY_COMPILED_PROVER_CACHING;1;true;;30000;1488957;22873
DRESDEN/tictactoe_3d_small_6player/llDEDQ;ALLOY_COMPILED_PROVER_CACHING;1;true;;30000;949622;26497
STANFORD/tictactoe/ss1kyQ;ALLOY_COMPILED_PROVER_CACHING;1;true;;30000;4114894;539530
BASE/gt_two_thirds_2p/1APDGg;ALLOY_COMPILED_PROVER_CACHING;1;true;;30000;1841891;1841891
DRESDEN/vacuumcleaner_obstacles_1/CqS-7A;ALLOY_COMPILED_PROVER_CACHING;1;true;;30000;5684582;947055
BASE/hex/T1MK8g;ALLOY_COMPILED_PROVER_CACHING;1;true;;30000;775881;10932
BASE/amazonsTorus_10x10/Uxc08g;ALLOY_COMPILED_PROVER_CACHING;1;true;;30000;612108;4012
DRESDEN/bunk_t/7-tPfA;ALLOY_COMPILED_PROVER_CACHING;1;true;;30000;2414381;289547
DRESDEN/Travelers-Dilemma/PvZwYw;ALLOY_COMPILED_PROVER_CACHING;1;true;;30000;11017187;1101718
DRESDEN/lightson2x2/gBHuig;ALLOY_COMPILED_PROVER_CACHING;1;true;;30000;6119860;611986
BASE/racer/QQYQNw;ALLOY_COMPILED_PROVER_CACHING;1;true;;30000;2004214;145264
BASE/ticTacToe/JRFsaQ;ALLOY_COMPILED_PROVER_CACHING;1;true;;30000;4310325;565224
STANFORD/connectfour/VMpZkQ;ALLOY_COMPILED_PROVER_CACHING;1;true;;30000;2114643;94641
BASE/checkers-cylinder-mustjump/rjr6qQ;ALLOY_COMPILED_PROVER_CACHING;1;true;;30000;406001;9161
DRESDEN/tictactoelarge/IwXcbg;ALLOY_COMPILED_PROVER_CACHING;1;true;;30000;3345964;141091
BASE/skirmishFinal2/gdB62Q;ALLOY_COMPILED_PROVER_CACHING;1;true;;30000;315233;5343
BASE/minichess-evilconjuncts/4OpQzw;ALLOY_COMPILED_PROVER_CACHING;1;true;;30000;395640;44771
BASE/gt_centipede/9fRMpw;ALLOY_COMPILED_PROVER_CACHING;1;true;;30000;10979842;5487682
DRESDEN/troublemaker01/C-lPWw;ALLOY_COMPILED_PROVER_CACHING;1;true;;30000;16648706;5549479
BASE/amazonsSuicide/dE1QEQ;ALLOY_COMPILED_PROVER_CACHING;1;true;;30000;23149;326
BASE/breakthroughSmall/HJ0tIA;ALLOY_COMPILED_PROVER_CACHING;1;true;;30000;2003745;71373
DRESDEN/nim3/sG_axA;ALLOY_COMPILED_PROVER_CACHING;1;true;;30000;5507955;415323
BASE/wargame03/klXI8w;ALLOY_COMPILED_PROVER_CACHING;1;true;;30000;1312264;204555
DRESDEN/skirmish3/3LU8Nw;ALLOY_COMPILED_PROVER_CACHING;1;true;;30000;942349;23558
DRESDEN/chinesecheckers1/Y-ftaA;ALLOY_COMPILED_PROVER_CACHING;1;true;;30000;1839331;64844
BASE/pentagoSuicide/SBgNhw;ALLOY_COMPILED_PROVER_CACHING;1;true;;30000;410800;7504
BASE/circlesolitaire/azuQFQ;ALLOY_COMPILED_PROVER_CACHING;1;true;;30000;8085611;784856
DRESDEN/connect4/T0-rHQ;ALLOY_COMPILED_PROVER_CACHING;1;true;;30000;796854;37553
STANFORD/alquerquezero/uVgA_A;ALLOY_COMPILED_PROVER_CACHING;1;true;;30000;1679200;57903
DRESDEN/god/2EDD5w;ALLOY_COMPILED_PROVER_CACHING;1;true;;30000;188950;8856
BASE/strangeSkirmish/gc1zKA;ALLOY_COMPILED_PROVER_CACHING;1;true;;30000;207835;2099
DRESDEN/snake_2009_big/DgC1NQ;ALLOY_COMPILED_PROVER_CACHING;1;true;;30000;2246361;125617
DRESDEN/hanoi7_bugfix/3gdnFw;ALLOY_COMPILED_PROVER_CACHING;1;true;;30000;9618774;75738
BASE/gt_ultimatum/GE-uOA;ALLOY_COMPILED_PROVER_CACHING;1;true;;30000;10059871;502993
DRESDEN/coins/QwFP9w;ALLOY_COMPILED_PROVER_CACHING;1;true;;30000;1430260;572251
BASE/pancakes6/QZTdnw;ALLOY_COMPILED_PROVER_CACHING;1;true;;30000;21079972;531280
BASE/escortLatch/mX9BjQ;ALLOY_COMPILED_PROVER_CACHING;1;true;;30000;1547894;26237
DRESDEN/merrills/aYEzwA;ALLOY_COMPILED_PROVER_CACHING;1;true;;30000;550751;9191
DRESDEN/tttcc4/sAvtFg;ALLOY_COMPILED_PROVER_CACHING;2;true;;30000;1105858;39237
DRESDEN/connect5/1kYzSg;ALLOY_COMPILED_PROVER_CACHING;2;true;;30000;584552;12780
BASE/troublemaker01/s3tlEQ;ALLOY_COMPILED_PROVER_CACHING;2;true;;30000;16224928;5409168
BASE/choicethroughalt/tt71Lg;ALLOY_COMPILED_PROVER_CACHING;2;true;;30000;872473;22092
DRESDEN/kitten_escapes_from_fire/uW-YiA;ALLOY_COMPILED_PROVER_CACHING;2;true;;30000;3295297;396777
BASE/troublemaker02/DI83KA;ALLOY_COMPILED_PROVER_CACHING;2;true;;30000;15524049;5174479
BASE/knightazons/apnJBQ;ALLOY_COMPILED_PROVER_CACHING;2;true;;30000;830147;12552
BASE/kitten_escapes_from_fire/uW-YiA;ALLOY_COMPILED_PROVER_CACHING;2;true;;30000;3347459;402960
BASE/lightsOnSimul4/9FeASw;ALLOY_COMPILED_PROVER_CACHING;2;true;;30000;1073703;166856
DRESDEN/4pttc/9pB9AQ;ALLOY_COMPILED_PROVER_CACHING;2;true;;30000;1916829;60774
BASE/blockerSerial/3eqDuw;ALLOY_COMPILED_PROVER_CACHING;2;true;;30000;2517978;159541
DRESDEN/skirmish/RjGQYQ;ALLOY_COMPILED_PROVER_CACHING;2;true;;30000;949847;23754
BASE/3pConnectFour/PqXOFQ;ALLOY_COMPILED_PROVER_CACHING;2;true;;30000;1547936;44273
BASE/nim1/hin2Qw;ALLOY_COMPILED_PROVER_CACHING;2;true;;30000;8210035;1195558
BASE/gt_attrition/kD_SCA;ALLOY_COMPILED_PROVER_CACHING;2;true;;30000;3562503;712500
BASE/tictactoe-init1/7M19vA;ALLOY_COMPILED_PROVER_CACHING;2;true;;30000;4470349;1276693
DRESDEN/pancakes6/SZXMyQ;ALLOY_COMPILED_PROVER_CACHING;2;true;;30000;20819571;524707
BASE/factoringEasyTurtleBrain/lUj94Q;ALLOY_COMPILED_PROVER_CACHING;2;true;;30000;5345397;89089
DRESDEN/Thief_Police/CX18rA;ALLOY_COMPILED_PROVER_CACHING;2;true;;30000;5756661;169955
DRESDEN/checkers-cylinder-mustjump/vW_-pA;ALLOY_COMPILED_PROVER_CACHING;2;true;;30000;400586;9015
DRESDEN/skirmish2/iPpWhQ;ALLOY_COMPILED_PROVER_CACHING;2;true;;30000;1069527;26745
DRESDEN/3pffa/0YrmQw;ALLOY_COMPILED_PROVER_CACHING;2;true;;30000;2310257;77008
BASE/checkers-mustjump-torus/uSApKQ;ALLOY_COMPILED_PROVER_CACHING;2;true;;30000;386038;8842
BASE/gt_tinfoil/Q8DyKg;ALLOY_COMPILED_PROVER_CACHING;2;true;;30000;9736130;973613
BASE/stateSpaceLarge/0Ge_CQ;ALLOY_COMPILED_PROVER_CACHING;2;true;;30000;6723082;480220
DRESDEN/doubletictactoe/lJzgmQ;ALLOY_COMPILED_PROVER_CACHING;2;true;;30000;2435273;292052
BASE/sudokuGrade6H/ieE_9A;ALLOY_COMPILED_PROVER_CACHING;2;true;;30000;160789;3386
DRESDEN/bunk_t/7-tPfA;ALLOY_COMPILED_PROVER_CACHING;2;true;;30000;2313113;277457
BASE/mummymaze2p/vpjDdA;ALLOY_COMPILED_PROVER_CACHING;2;true;;30000;1910224;38820
DRESDEN/minichess/c7GMFw;ALLOY_COMPILED_PROVER_CACHING;2;true;;30000;1799022;203513
BASE/nineBoardTicTacToePie/B8LzeQ;ALLOY_COMPILED_PROVER_CACHING;2;true;;30000;915934;31159
STANFORD/knightstour/cEwgNA;ALLOY_COMPILED_PROVER_CACHING;2;true;;30000;9962311;2050120
STANFORD/dualrainbow/G3OnRQ;ALLOY_COMPILED_PROVER_CACHING;2;true;;30000;3934782;655797
BASE/tictactoe_3d_small_6player/g_9lww;ALLOY_COMPILED_PROVER_CACHING;2;true;;30000;899597;25251
DRESDEN/pawn_whopping/4ogBkg;ALLOY_COMPILED_PROVER_CACHING;2;true;;30000;1439338;39373
BASE/numbertictactoe/rvJ-iQ;ALLOY_COMPILED_PROVER_CACHING;2;true;;30000;1881811;234074
DRESDEN/3qbf-5cnf-20var-40cl.1.qdimacs.SAT/2034pg;ALLOY_COMPILED_PROVER_CACHING;2;true;;30000;849340;14582
DRESDEN/skirmishfinal/hzq8ww;ALLOY_COMPILED_PROVER_CACHING;2;true;;30000;315106;5341
DRESDEN/fizzbuzz/t1xHzQ;ALLOY_COMPILED_PROVER_CACHING;2;true;;30000;18312660;610422
BASE/sudokuGrade4/DTy07w;ALLOY_COMPILED_PROVER_CACHING;2;true;;30000;174233;4463
DRESDEN/sum15/CsgWKg;ALLOY_COMPILED_PROVER_CACHING;2;true;;30000;5088267;667250
BASE/blocksWorld/SEdXLQ;ALLOY_COMPILED_PROVER_CACHING;2;true;;30000;9844384;3281461
DRESDEN/snake_2009_big/DgC1NQ;ALLOY_COMPILED_PROVER_CACHING;2;true;;30000;2078305;115993
DRESDEN/uf20-010.cnf.SAT.satlike/g7LF6g;ALLOY_COMPILED_PROVER_CACHING;2;true;;30000;658569;32928
BASE/4pffa/Q3ADlg;ALLOY_COMPILED_PROVER_CACHING;2;true;;30000;1902085;47552
DRESDEN/eotcatcit/mQUxzA;ALLOY_COMPILED_PROVER_CACHING;2;true;;30000;4111301;539286
DRESDEN/troublemaker01/C-lPWw;ALLOY_COMPILED_PROVER_CACHING;2;true;;30000;16845584;5613880
BASE/beatMania/qUHwvQ;ALLOY_COMPILED_PROVER_CACHING;2;true;;30000;8196444;136607
DRESDEN/tictactoe-init1/3ltIBQ;ALLOY_COMPILED_PROVER_CACHING;2;true;;30000;4303546;1229083
BASE/othelloHoles/c0qAzw;ALLOY_COMPILED_PROVER_CACHING;2;true;;30000;31780;561
DRESDEN/grid_game2/kypTYQ;ALLOY_COMPILED_PROVER_CACHING;2;true;;30000;426454;8727
BASE/tictactoe_3d_6player/d7KSwg;ALLOY_COMPILED_PROVER_CACHING;2;true;;30000;403772;3976
DRESDEN/coins/QwFP9w;ALLOY_COMPILED_PROVER_CACHING;2;true;;30000;1434467;574131
BASE/connectFourSuicide/c8p9Kw;ALLOY_COMPILED_PROVER_CACHING;2;true;;30000;2131304;95518
DRESDEN/oisters_farm/pTQMLg;ALLOY_COMPILED_PROVER_CACHING;2;true;;30000;11108719;226719
BASE/peg/fJHVWw;ALLOY_COMPILED_PROVER_CACHING;2;true;;30000;670026;27481
DRESDEN/chomp/-LcqYQ;ALLOY_COMPILED_PROVER_CACHING;2;true;;30000;2322484;329731
BASE/dotsAndBoxesSuicide/jzQbLw;ALLOY_COMPILED_PROVER_CACHING;2;true;;30000;1969343;32822
DRESDEN/checkers-mustjump-torus/cVc3gA;ALLOY_COMPILED_PROVER_CACHING;2;true;;30000;385446;8840
DRESDEN/quarto/OQzRYQ;ALLOY_COMPILED_PROVER_CACHING;2;true;;30000;1792821;76812
BASE/point_grab/r5DPmQ;ALLOY_COMPILED_PROVER_CACHING;2;true;;30000;11861705;395390
BASE/skirmishNew/sibw2g;ALLOY_COMPILED_PROVER_CACHING;2;true;;30000;486540;4865
STANFORD/checkersonabarrelnokings/Zrevdw;ALLOY_COMPILED_PROVER_CACHING;2;true;;30000;1323581;27197
BASE/gt_dollar/TGjqRw;ALLOY_COMPILED_PROVER_CACHING;2;true;;30000;7460916;3729648
BASE/quad/tw-Ufg;ALLOY_COMPILED_PROVER_CACHING;2;true;;32151;812;16
BASE/duplicateStateLarge/dcjyuw;ALLOY_COMPILED_PROVER_CACHING;2;true;;30000;2995687;213977
DRESDEN/tictactoe_orthogonal/y69QFQ;ALLOY_COMPILED_PROVER_CACHING;2;true;;30000;4260945;532190
BASE/incredible/8Qh-6Q;ALLOY_COMPILED_PROVER_CACHING;2;true;;30000;4814972;253422
BASE/brawl/6Ymo_Q;ALLOY_COMPILED_PROVER_CACHING;2;true;;30000;491903;49190
DRESDEN/crissrace/KWb9bw;ALLOY_COMPILED_PROVER_CACHING;2;true;;30000;1369539;30706
BASE/sudokuGrade3/eI8dvg;ALLOY_COMPILED_PROVER_CACHING;2;true;;30003;173638;4467
BASE/gt_chicken/gmepTQ;ALLOY_COMPILED_PROVER_CACHING;2;true;;30000;12243370;612168
DRESDEN/tictactoe_3player/ESLQQQ;ALLOY_COMPILED_PROVER_CACHING;2;true;;30000;1555784;76540
DRESDEN/battlebrushes/QHXV4A;ALLOY_COMPILED_PROVER_CACHING;2;true;;30000;323532;17028
DRESDEN/chickentictactoe/Ipbo-g;ALLOY_COMPILED_PROVER_CACHING;2;true;;30000;3670891;516317
DRESDEN/stratego/Z2wovg;ALLOY_COMPILED_PROVER_CACHING;2;true;;30000;936032;22667
DRESDEN/Catch-Me-If-You-Can/ghGWrA;ALLOY_COMPILED_PROVER_CACHING;2;true;;30000;5910362;174254
BASE/cylinder-checkers/hlldmw;ALLOY_COMPILED_PROVER_CACHING;2;true;;30000;496130;5068
DRESDEN/slidingpieces/s9_44g;ALLOY_COMPILED_PROVER_CACHING;2;true;;30000;493723;6095
DRESDEN/pawn_whopping_simultaneous/r8dLfw;ALLOY_COMPILED_PROVER_CACHING;2;true;;30000;938593;51834
STANFORD/pilgrimage/ObRZnQ;ALLOY_COMPILED_PROVER_CACHING;2;true;;30000;1142933;15665
BASE/tictactoe_orthogonal/WRzlVw;ALLOY_COMPILED_PROVER_CACHING;2;true;;30000;4303001;537436
BASE/kalaha_2009/dRiN3g;ALLOY_COMPILED_PROVER_CACHING;2;true;;30000;3078923;36821
DRESDEN/statespacesmall/h-NqjA;ALLOY_COMPILED_PROVER_CACHING;2;true;;30000;14418860;3604715
BASE/amazons/RKKZjw;ALLOY_COMPILED_PROVER_CACHING;2;true;;30000;22981;326
DRESDEN/god/2EDD5w;ALLOY_COMPILED_PROVER_CACHING;2;true;;30000;196512;9175
STANFORD/ttcc4/Cx9SGw;ALLOY_COMPILED_PROVER_CACHING;2;true;;30000;1089108;19944
DRESDEN/sheep_and_wolf/enAIzQ;ALLOY_COMPILED_PROVER_CACHING;2;true;;30000;785573;19161
STANFORD/pentago/ZxzLmg;ALLOY_COMPILED_PROVER_CACHING;2;true;;30000;868390;15907
BASE/slaughter/cOch8A;ALLOY_COMPILED_PROVER_CACHING;2;true;;30000;149785;783
BASE/checkers-newgoals/0XkFiA;ALLOY_COMPILED_PROVER_CACHING;2;true;;30000;555922;5678
DRESDEN/tictactoex9/rFkD4w;ALLOY_COMPILED_PROVER_CACHING;2;true;;30000;613976;20974
BASE/eotcatcit/AfZSzA;ALLOY_COMPILED_PROVER_CACHING;2;true;;30000;4055998;531779
BASE/snake_2009_big/-oRfVw;ALLOY_COMPILED_PROVER_CACHING;2;true;;30000;2169112;120918
BASE/hallway/ckCJOw;ALLOY_COMPILED_PROVER_CACHING;2;true;;30000;635641;21188
DRESDEN/point_grab/r5DPmQ;ALLOY_COMPILED_PROVER_CACHING;2;true;;30000;12109381;403646
STANFORD/multiplesukoshi/vLSQPg;ALLOY_COMPILED_PROVER_CACHING;2;false;ArrayIndexOutOfBoundsException: 5;0;0;0
BASE/chomp/-LcqYQ;ALLOY_COMPILED_PROVER_CACHING;2;true;;30000;2330464;330832
BASE/blocksWorldParallel/RseaAQ;ALLOY_COMPILED_PROVER_CACHING;2;true;;30000;1445886;481962
DRESDEN/bidding-tictactoe/yW5vTA;ALLOY_COMPILED_PROVER_CACHING;2;true;;30000;3923892;267342
BASE/ticblock/T21C1g;ALLOY_COMPILED_PROVER_CACHING;2;true;;30000;2937906;177899
BASE/sudokuGrade2/u80Tfw;ALLOY_COMPILED_PROVER_CACHING;2;true;;30000;175669;4612
DRESDEN/hanoi7/51zz5Q;ALLOY_COMPILED_PROVER_CACHING;2;true;;30000;9529713;75037
STANFORD/threepuzzle/41ibjA;ALLOY_COMPILED_PROVER_CACHING;2;true;;30000;10097804;1682967
STANFORD/skirmish/w4V6Vw;ALLOY_COMPILED_PROVER_CACHING;2;true;;30000;231779;2341
BASE/tpeg/QNs7Lw;ALLOY_COMPILED_PROVER_CACHING;2;true;;30000;755392;61952
STANFORD/tictactoe7/-bE9-A;ALLOY_COMPILED_PROVER_CACHING;2;true;;30000;4483288;808530
BASE/knightwar/DVGY4Q;ALLOY_COMPILED_PROVER_CACHING;2;true;;30000;2065371;241460
BASE/quartoSuicide/-23jUg;ALLOY_COMPILED_PROVER_CACHING;2;true;;30000;1763057;75556
DRESDEN/blocker/S815zQ;ALLOY_COMPILED_PROVER_CACHING;2;true;;30000;4278690;542328
BASE/chickentoetictac/l57rfQ;ALLOY_COMPILED_PROVER_CACHING;2;true;;30000;7164891;1008163
DRESDEN/chinesecheckers4/-oVNYg;ALLOY_COMPILED_PROVER_CACHING;2;true;;30000;913679;15830
BASE/pentago/86NgKw;ALLOY_COMPILED_PROVER_CACHING;2;true;;30000;410093;7478
BASE/mummymaze1p/PT_EXA;ALLOY_COMPILED_PROVER_CACHING;2;true;;30002;2698639;479465
BASE/connectFour/WAIKTw;ALLOY_COMPILED_PROVER_CACHING;2;true;;30000;2115769;94738
DRESDEN/battlesnakes2011/93VtTw;ALLOY_COMPILED_PROVER_CACHING;2;true;;30000;1930249;58702
BASE/amazonsSuicide_10x10/XIbQkg;ALLOY_COMPILED_PROVER_CACHING;2;true;;30000;819036;6004
DRESDEN/tictactoe_3d_small_6player/llDEDQ;ALLOY_COMPILED_PROVER_CACHING;2;true;;30000;922141;25747
BASE/factoringMutuallyAssuredDestruction/NH0LGg;ALLOY_COMPILED_PROVER_CACHING;2;true;;30000;5470471;273523
STANFORD/selectivesukoshi/3xmXYg;ALLOY_COMPILED_PROVER_CACHING;2;true;;30000;346439;11947
DRESDEN/snake_2009/zIYLVw;ALLOY_COMPILED_PROVER_CACHING;2;true;;30000;2541673;157783
DRESDEN/hitori/S8Gsyg;ALLOY_COMPILED_PROVER_CACHING;2;true;;30000;280393;2913
BASE/ticTacToeLargeSuicide/727_8g;ALLOY_COMPILED_PROVER_CACHING;2;true;;30000;3376732;142325
DRESDEN/peg/Vo31eg;ALLOY_COMPILED_PROVER_CACHING;2;true;;30000;680355;27925
DRESDEN/quartosuicide/WIU1oQ;ALLOY_COMPILED_PROVER_CACHING;2;true;;30000;1735363;74371
DRESDEN/uf20-01.cnf.SAT/42Rs8A;ALLOY_COMPILED_PROVER_CACHING;2;true;;30000;644225;32211
BASE/sum15/QZ07Kg;ALLOY_COMPILED_PROVER_CACHING;2;true;;30000;5067665;664497
BASE/queens31lg/0gID-A;ALLOY_COMPILED_PROVER_CACHING;2;true;;30002;2712;108
DRESDEN/max_knights/hCipiA;ALLOY_COMPILED_PROVER_CACHING;2;true;;30000;1005642;190407
BASE/asteroidsSerial/id2QkA;ALLOY_COMPILED_PROVER_CACHING;2;true;;30000;8144349;87702
DRESDEN/capture_the_king/EQ229Q;ALLOY_COMPILED_PROVER_CACHING;2;true;;30000;227320;3598
BASE/chinook/XQh0IQ;ALLOY_COMPILED_PROVER_CACHING;2;true;;30000;1197549;40930
BASE/skirmishZeroSum/zh4hcw;ALLOY_COMPILED_PROVER_CACHING;2;true;;30000;475786;4757
BASE/breakthroughWalls/vOZaYA;ALLOY_COMPILED_PROVER_CACHING;2;true;;30000;1522963;23621
BASE/snake_2008/i6K26g;ALLOY_COMPILED_PROVER_CACHING;2;true;;30000;2556857;159811
STANFORD/tictactoe5/WFRReg;ALLOY_COMPILED_PROVER_CACHING;2;true;;30000;4633525;1274980
BASE/alexChess/LNo83g;ALLOY_COMPILED_PROVER_CACHING;2;false;Exception of type StackOverflowError;0;0;0
DRESDEN/ghostmaze2p/HY0UwA;ALLOY_COMPILED_PROVER_CACHING;2;true;;30000;3978671;82239
STANFORD/knightstourmedium/x1wu8Q;ALLOY_COMPILED_PROVER_CACHING;2;true;;30000;10323879;2582031
BASE/toetictac/mTThmg;ALLOY_COMPILED_PROVER_CACHING;2;true;;30000;7722843;1012361
BASE/knightmove/jBaJEw;ALLOY_COMPILED_PROVER_CACHING;2;true;;30000;1614794;45769
BASE/cubicup/4wNWJA;ALLOY_COMPILED_PROVER_CACHING;2;true;;30000;681104;12162
DRESDEN/javastrike/whONTQ;ALLOY_COMPILED_PROVER_CACHING;2;false;Exception of type StackOverflowError;0;0;0
DRESDEN/tictactoe_3d_small_2player/HYttcg;ALLOY_COMPILED_PROVER_CACHING;2;true;;30000;1117408;90771
BASE/battle/8oAvhQ;ALLOY_COMPILED_PROVER_CACHING;2;true;;30000;79869;2662
BASE/lightsOnSimultaneous/_VN6lw;ALLOY_COMPILED_PROVER_CACHING;2;true;;30000;1252961;82646
BASE/breakthrough/TGxk-g;ALLOY_COMPILED_PROVER_CACHING;2;true;;30000;1533165;23896
BASE/3pffa/pR0dzA;ALLOY_COMPILED_PROVER_CACHING;2;true;;30000;2072171;69072
BASE/colonelBlottoVariant/X-n-KQ;ALLOY_COMPILED_PROVER_CACHING;2;true;;30000;7785777;778577
BASE/bomberman2p/4CClwA;ALLOY_COMPILED_PROVER_CACHING;2;true;;30000;2606635;334076
DRESDEN/smallest/9kaGFw;ALLOY_COMPILED_PROVER_CACHING;2;true;;30000;2745228;114943
BASE/amazons_8x8/7SOsIw;ALLOY_COMPILED_PROVER_CACHING;2;true;;30000;999153;10963
BASE/connectFourSimultaneous/7ITr3g;ALLOY_COMPILED_PROVER_CACHING;2;true;;30000;1339561;75121
BASE/breakthroughHoles/nZk0Sg;ALLOY_COMPILED_PROVER_CACHING;2;true;;30000;1335624;21445
DRESDEN/satlike_20v_91c_version2/yd9ioQ;ALLOY_COMPILED_PROVER_CACHING;2;true;;30000;630623;31531
DRESDEN/checkers-suicide-cylinder-mustjump/L2BYWg;ALLOY_COMPILED_PROVER_CACHING;2;true;;30000;406751;9171
DRESDEN/tictictoe/LAUtwg;ALLOY_COMPILED_PROVER_CACHING;2;true;;30000;2572355;512414
BASE/doubletictactoe/HH1htg;ALLOY_COMPILED_PROVER_CACHING;2;true;;30000;2443043;292999
DRESDEN/2player_normal_form_2010/NG_Kdg;ALLOY_COMPILED_PROVER_CACHING;2;true;;30000;5684101;5684101
DRESDEN/connectfoursuicide/M9CNQg;ALLOY_COMPILED_PROVER_CACHING;2;true;;30000;2138345;95903
DRESDEN/CephalopodMicro/H3XQfg;ALLOY_COMPILED_PROVER_CACHING;2;true;;30000;94653;2162
STANFORD/sukoshi/4LYZZQ;ALLOY_COMPILED_PROVER_CACHING;2;true;;30000;4038121;743199
DRESDEN/gt_chicken/CeuKtw;ALLOY_COMPILED_PROVER_CACHING;2;true;;30000;12175551;608777
BASE/ticTicToe/c1OobQ;ALLOY_COMPILED_PROVER_CACHING;2;true;;30000;2346936;467474
DRESDEN/sat_test_20v_91c/dK7nVw;ALLOY_COMPILED_PROVER_CACHING;2;true;;30000;639008;31950
BASE/slidingpieces/uFJWEw;ALLOY_COMPILED_PROVER_CACHING;2;true;;30000;487990;6024
BASE/simultaneousWin2/PfjRjw;ALLOY_COMPILED_PROVER_CACHING;2;true;;30000;1162245;18824
BASE/othelloSuicide/B442jg;ALLOY_COMPILED_PROVER_CACHING;2;true;;30000;26952;446
BASE/knightsTourLarge/M8jgLA;ALLOY_COMPILED_PROVER_CACHING;2;true;;30000;9767670;1630356
STANFORD/multiplebuttonsandlights_9/SqB9BA;ALLOY_COMPILED_PROVER_CACHING;2;true;;30000;10609718;1768292
BASE/snake2p/I3wWPQ;ALLOY_COMPILED_PROVER_CACHING;2;true;;30000;2838201;2126333
BASE/chineseCheckers4/avfBcQ;ALLOY_COMPILED_PROVER_CACHING;2;true;;30000;2017224;34945
DRESDEN/tpeg/h-Scbg;ALLOY_COMPILED_PROVER_CACHING;2;true;;30000;753522;61677
DRESDEN/pancakes/hl9aiQ;ALLOY_COMPILED_PROVER_CACHING;2;true;;30000;20371254;513508
BASE/chineseCheckers3/-1rZdQ;ALLOY_COMPILED_PROVER_CACHING;2;true;;30000;2786879;51383
DRESDEN/3pttc/uwYBZw;ALLOY_COMPILED_PROVER_CACHING;2;true;;30000;2314432;79174
BASE/bunk_t/xbpfIA;ALLOY_COMPILED_PROVER_CACHING;2;true;;30000;2411787;289275
BASE/skirmishFinal2/gdB62Q;ALLOY_COMPILED_PROVER_CACHING;2;true;;30000;315240;5343
DRESDEN/firefighter/WJmoPw;ALLOY_COMPILED_PROVER_CACHING;2;true;;30000;6831041;154510
STANFORD/duidoku/3SoMaA;ALLOY_COMPILED_PROVER_CACHING;2;true;;30000;141540;3432
STANFORD/bestbuttonsandlights/nm0wEA;ALLOY_COMPILED_PROVER_CACHING;2;true;;30000;9564721;1594120
BASE/gt_centipede/9fRMpw;ALLOY_COMPILED_PROVER_CACHING;2;true;;30000;11365282;5680681
DRESDEN/ggp-course2013_nicolai/uEin8g;ALLOY_COMPILED_PROVER_CACHING;2;true;;30000;153340;4757
BASE/tictactoe2/bhrDoQ;ALLOY_COMPILED_PROVER_CACHING;2;true;;30000;5546185;726992
DRESDEN/hanoi_6_disks/MeubgQ;ALLOY_COMPILED_PROVER_CACHING;2;true;;30000;7637548;2147550
BASE/stateSpaceSmall/Q7osKA;ALLOY_COMPILED_PROVER_CACHING;2;true;;30000;14021345;3505336
DRESDEN/logistics/fPru1Q;ALLOY_COMPILED_PROVER_CACHING;2;true;;30000;2337828;46756
DRESDEN/sat_test_20v_91c_version2/a1mPBA;ALLOY_COMPILED_PROVER_CACHING;2;true;;30000;617225;30861
BASE/gt_two_thirds_6p/867v3Q;ALLOY_COMPILED_PROVER_CACHING;2;true;;30000;638016;638016
STANFORD/chinook/osFbPA;ALLOY_COMPILED_PROVER_CACHING;2;true;;30000;1092098;27302
DRESDEN/ggp-course2013_jordi/9QI6Kw;ALLOY_COMPILED_PROVER_CACHING;2;true;;30000;598987;18610
DRESDEN/vacuumcleaner_random/_6AGDA;ALLOY_COMPILED_PROVER_CACHING;2;true;;30000;3714894;618223
BASE/asteroidsParallel/WauZiA;ALLOY_COMPILED_PROVER_CACHING;2;true;;30000;9566606;217017
DRESDEN/twisty-passages/j7NPyg;ALLOY_COMPILED_PROVER_CACHING;2;true;;30000;3004303;15097
DRESDEN/grid_game/U7_Yeg;ALLOY_COMPILED_PROVER_CACHING;2;true;;30000;2409960;68311
DRESDEN/vacuumcleaner_obstacles_6/NVwsZw;ALLOY_COMPILED_PROVER_CACHING;2;true;;30000;552508;92357
BASE/sudoku/NTaNkw;ALLOY_COMPILED_PROVER_CACHING;2;true;;30000;394048;4864
BASE/othello-comp2007/86ZoMw;ALLOY_COMPILED_PROVER_CACHING;2;true;;30000;26322;435
BASE/tron_10x10/7ZTgDg;ALLOY_COMPILED_PROVER_CACHING;2;true;;30000;3278436;1092247
BASE/blockerParallel/7-nDJA;ALLOY_COMPILED_PROVER_CACHING;2;true;;30000;564815;80818
BASE/strangeSkirmish/gc1zKA;ALLOY_COMPILED_PROVER_CACHING;2;true;;30000;206780;2088
BASE/skirmishFinal1/ecWTnQ;ALLOY_COMPILED_PROVER_CACHING;2;true;;30000;319579;5416
BASE/wargame03/klXI8w;ALLOY_COMPILED_PROVER_CACHING;2;true;;30000;1302336;202435
BASE/skirmishFinal3/-Olhfw;ALLOY_COMPILED_PROVER_CACHING;2;true;;30000;338561;5738
DRESDEN/nim2/z5_exA;ALLOY_COMPILED_PROVER_CACHING;2;true;;30000;7314563;825534
BASE/breakthroughSmallHoles/bxclRw;ALLOY_COMPILED_PROVER_CACHING;2;true;;30000;1578220;60961
DRESDEN/chinesecheckers3/QsCb2A;ALLOY_COMPILED_PROVER_CACHING;2;true;;30000;1430361;26387
BASE/coins/QnGtnQ;ALLOY_COMPILED_PROVER_CACHING;2;true;;30000;1300854;520260
BASE/four_way_battle/xSOQXA;ALLOY_COMPILED_PROVER_CACHING;2;true;;30000;230156;7421
DRESDEN/small_dominion/yB5GJA;ALLOY_COMPILED_PROVER_CACHING;2;true;;30000;84795;2838
DRESDEN/gt_prisoner/huCp4w;ALLOY_COMPILED_PROVER_CACHING;2;true;;30006;12040031;602001
STANFORD/triplesukoshi/Iu9mbA;ALLOY_COMPILED_PROVER_CACHING;2;true;;30000;1407725;201103
DRESDEN/doubletoetictac/V89gKQ;ALLOY_COMPILED_PROVER_CACHING;2;true;;30000;2370087;284393
DRESDEN/pawn_whopping_corrected/7Ov0jQ;ALLOY_COMPILED_PROVER_CACHING;2;true;;30000;1428647;41735
STANFORD/breakthroughsmall/HM0s5w;ALLOY_COMPILED_PROVER_CACHING;2;false;Exception of type NullPointerException;0;0;0
BASE/gt_two_thirds_2p/1APDGg;ALLOY_COMPILED_PROVER_CACHING;2;true;;30000;1822732;1822732
DRESDEN/vacuumcleaner_obstacles_2/Y-R7tA;ALLOY_COMPILED_PROVER_CACHING;2;true;;30000;5712967;950710
BASE/factoringMediumTurtleBrain/8RBqmQ;ALLOY_COMPILED_PROVER_CACHING;2;true;;30000;1786366;21266
DRESDEN/Goldrush/VeWczQ;ALLOY_COMPILED_PROVER_CACHING;2;true;;30000;2058628;272875
DRESDEN/chinesecheckers2/06E6-Q;ALLOY_COMPILED_PROVER_CACHING;2;true;;30000;1443605;38232
DRESDEN/satlike_20v_91c/yeuENQ;ALLOY_COMPILED_PROVER_CACHING;2;true;;30000;667734;33386
BASE/zhadu/DlA8iQ;ALLOY_COMPILED_PROVER_CACHING;2;true;;30000;95181;2570
BASE/chineseCheckers2/eCMR3Q;ALLOY_COMPILED_PROVER_CACHING;2;true;;30000;3219283;85252
DRESDEN/minichess-evilconjuncts/th24Tw;ALLOY_COMPILED_PROVER_CACHING;2;true;;30000;377600;42713
DRESDEN/endgame/IJhh3Q;ALLOY_COMPILED_PROVER_CACHING;2;true;;30000;653588;46684
DRESDEN/othello-cornercontrol/r5Gdlg;ALLOY_COMPILED_PROVER_CACHING;2;true;;30002;18259;403
STANFORD/8puzzle/jNiGtw;ALLOY_COMPILED_PROVER_CACHING;2;true;;30000;3282392;54706
STANFORD/buttonsandlights/eyhJpA;ALLOY_COMPILED_PROVER_CACHING;2;true;;30000;21531142;3588523
BASE/blocks2player/wnTLOQ;ALLOY_COMPILED_PROVER_CACHING;2;true;;30000;7953771;441883
DRESDEN/blocksworldparallel/2JfVaw;ALLOY_COMPILED_PROVER_CACHING;2;true;;30000;4812421;1604140
BASE/pancakes/yUgbXw;ALLOY_COMPILED_PROVER_CACHING;2;true;;30000;20542685;517856
STANFORD/hex/MTqWcw;ALLOY_COMPILED_PROVER_CACHING;2;true;;30000;766944;10794
BASE/factoringImpossibleTurtleBrain/kcBhdw;ALLOY_COMPILED_PROVER_CACHING;2;true;;30000;105552;1256
BASE/doubletoetictac/fu35bg;ALLOY_COMPILED_PROVER_CACHING;2;true;;30000;2309516;276993
BASE/wallmaze/uxNQ9g;ALLOY_COMPILED_PROVER_CACHING;2;true;;30000;806355;27805
BASE/sudokuGrade5/BQfUQA;ALLOY_COMPILED_PROVER_CACHING;2;true;;30000;180423;4686
DRESDEN/racer/vk_ZBA;ALLOY_COMPILED_PROVER_CACHING;2;true;;30000;1973188;143225
DRESDEN/mummymaze2p-comp2007/oTQRQg;ALLOY_COMPILED_PROVER_CACHING;2;true;;30000;3261560;69386
BASE/roshambo2/KNPokQ;ALLOY_COMPILED_PROVER_CACHING;2;true;;30000;8135121;956919
DRESDEN/battle/8oAvhQ;ALLOY_COMPILED_PROVER_CACHING;2;true;;30000;80644;2688
STANFORD/rainbow/_4qNSQ;ALLOY_COMPILED_PROVER_CACHING;2;true;;30000;7074876;1179146
BASE/twisty-passages/DiZmmg;ALLOY_COMPILED_PROVER_CACHING;2;true;;30000;3060504;15379
BASE/colonelBlottoVariant2/jruwGw;ALLOY_COMPILED_PROVER_CACHING;2;true;;30000;7102586;1421525
DRESDEN/mummymaze1p/AekgaQ;ALLOY_COMPILED_PROVER_CACHING;2;true;;30000;2753909;488670
BASE/quad_5x5/JAEP5g;ALLOY_COMPILED_PROVER_CACHING;2;true;;30001;121791;8445
BASE/4pttc/AL1k2Q;ALLOY_COMPILED_PROVER_CACHING;2;true;;30000;1704031;54212
DRESDEN/knightmove/97Ipcw;ALLOY_COMPILED_PROVER_CACHING;2;true;;30000;1664733;47226
DRESDEN/3qbf-5cnf-20var-40cl.2.qdimacs.SAT/Q8-axQ;ALLOY_COMPILED_PROVER_CACHING;2;true;;30000;768019;13117
DRESDEN/knightthrough/J7Fc_Q;ALLOY_COMPILED_PROVER_CACHING;2;true;;30000;1495985;44401
DRESDEN/hanoi/RQ0jiA;ALLOY_COMPILED_PROVER_CACHING;2;true;;30000;10219298;329654
BASE/snake_2009/7l-qAQ;ALLOY_COMPILED_PROVER_CACHING;2;true;;30000;2550102;158957
BASE/hitori/S8Gsyg;ALLOY_COMPILED_PROVER_CACHING;2;true;;30000;275150;2853
BASE/checkers-mustjump/T-8UuQ;ALLOY_COMPILED_PROVER_CACHING;2;true;;30000;469682;9106
STANFORD/sudoku/oJ1qyQ;ALLOY_COMPILED_PROVER_CACHING;2;true;;30000;179020;4342
BASE/checkersTorusNoKings/pwb6oQ;ALLOY_COMPILED_PROVER_CACHING;2;true;;30000;1507265;24859
DRESDEN/roshambo2/jgSlkQ;ALLOY_COMPILED_PROVER_CACHING;2;true;;30000;8308900;977416
BASE/lightsOut/5P1ZBw;ALLOY_COMPILED_PROVER_CACHING;2;true;;30000;3146451;157322
DRESDEN/brain_teaser_extended/ZDp94A;ALLOY_COMPILED_PROVER_CACHING;2;true;;30000;5983399;398894
DRESDEN/catcha_mouse/cHv4dw;ALLOY_COMPILED_PROVER_CACHING;2;true;;30000;1643454;123283
STANFORD/madness/UO_B3A;ALLOY_COMPILED_PROVER_CACHING;2;true;;30000;251622;4264
STANFORD/tictictoe/rpt_Dw;ALLOY_COMPILED_PROVER_CACHING;2;true;;30000;2457078;489183
DRESDEN/blocks2player/3ev8nQ;ALLOY_COMPILED_PROVER_CACHING;2;true;;30000;8384669;465822
BASE/pancakes6/QZTdnw;ALLOY_COMPILED_PROVER_CACHING;2;true;;30000;20493025;516555
BASE/breakthroughSmall/HJ0tIA;ALLOY_COMPILED_PROVER_CACHING;2;true;;30000;2025090;72025
BASE/checkLines/Vop7oQ;ALLOY_COMPILED_PROVER_CACHING;2;true;;30000;3093125;201212
DRESDEN/mimikry/GJEhwA;ALLOY_COMPILED_PROVER_CACHING;2;true;;30000;1606312;66804
BASE/checkers-cylinder-mustjump/rjr6qQ;ALLOY_COMPILED_PROVER_CACHING;2;true;;30000;409062;9215
DRESDEN/breakthrough/z4hK7Q;ALLOY_COMPILED_PROVER_CACHING;2;true;;30000;1521908;23754
DRESDEN/battlesnakes1509/-qZrLw;ALLOY_COMPILED_PROVER_CACHING;2;true;;30000;1813260;42738
STANFORD/kono/HI7CHA;ALLOY_COMPILED_PROVER_CACHING;2;false;IllegalArgumentException: bound must be positive;0;0;0
BASE/gt_ultimatum/GE-uOA;ALLOY_COMPILED_PROVER_CACHING;2;true;;30000;10386869;519343
BASE/ticTacToe/JRFsaQ;ALLOY_COMPILED_PROVER_CACHING;2;true;;30000;4150477;544332
BASE/amazonsSuicide/dE1QEQ;ALLOY_COMPILED_PROVER_CACHING;2;true;;30000;23062;327
BASE/minichess-evilconjuncts/4OpQzw;ALLOY_COMPILED_PROVER_CACHING;2;true;;30000;360551;40800
BASE/2pffa_zerosum/o0_uZA;ALLOY_COMPILED_PROVER_CACHING;2;true;;30000;2190750;73025
BASE/pentagoSuicide/SBgNhw;ALLOY_COMPILED_PROVER_CACHING;2;true;;30000;410259;7499
BASE/racer/QQYQNw;ALLOY_COMPILED_PROVER_CACHING;2;true;;30000;1970948;143139
DRESDEN/pawntoqueen/f_x6Aw;ALLOY_COMPILED_PROVER_CACHING;2;true;;30000;67471;5100
BASE/circlesolitaire/azuQFQ;ALLOY_COMPILED_PROVER_CACHING;2;true;;30000;8046561;781136
BASE/dualConnect4/WbCQkg;ALLOY_COMPILED_PROVER_CACHING;2;true;;30000;1355481;43387
DRESDEN/double_tictactoe_dengji/bGaUyQ;ALLOY_COMPILED_PROVER_CACHING;2;true;;30000;2376947;167097
BASE/connect5/d-BVQg;ALLOY_COMPILED_PROVER_CACHING;2;true;;30000;616468;13457
DRESDEN/gt_ultimatum/pAiiQw;ALLOY_COMPILED_PROVER_CACHING;2;true;;30000;10021188;501059
DRESDEN/brawl/2kXtfQ;ALLOY_COMPILED_PROVER_CACHING;2;true;;30000;488486;48848
BASE/pacman3p/wW7UVQ;ALLOY_COMPILED_PROVER_CACHING;2;true;;30000;1290968;26373
STANFORD/hunter/14dD-g;ALLOY_COMPILED_PROVER_CACHING;2;true;;30000;5182637;370188
DRESDEN/crisscross/GsY16g;ALLOY_COMPILED_PROVER_CACHING;2;true;;30000;1486233;57417
DRESDEN/farmers/S_ASnw;ALLOY_COMPILED_PROVER_CACHING;2;true;;30000;1354880;135488
BASE/hex/T1MK8g;ALLOY_COMPILED_PROVER_CACHING;2;true;;30000;746814;10531
DRESDEN/tictactoe_3d_6player/ulZPWg;ALLOY_COMPILED_PROVER_CACHING;2;true;;30000;396040;3886
DRESDEN/checkers-newgoals/IJOqXQ;ALLOY_COMPILED_PROVER_CACHING;2;true;;30000;552377;5641
DRESDEN/breakthroughsuicide_v2/LU1nAw;ALLOY_COMPILED_PROVER_CACHING;2;true;;30000;1562019;24401
BASE/checkersBarrelNoKings/rnKNeg;ALLOY_COMPILED_PROVER_CACHING;2;true;;30000;1472078;22588
BASE/buttons/hTcUjw;ALLOY_COMPILED_PROVER_CACHING;2;true;;30000;18829767;3138294
DRESDEN/cylinder-checkers/clOO3Q;ALLOY_COMPILED_PROVER_CACHING;2;true;;30000;477371;4877
DRESDEN/crossers3/xiPTxg;ALLOY_COMPILED_PROVER_CACHING;2;true;;30000;2235349;169260
BASE/wargame01/_GZFZg;ALLOY_COMPILED_PROVER_CACHING;2;true;;30000;1487746;147935
DRESDEN/racetrackcorridor/O0DoTA;ALLOY_COMPILED_PROVER_CACHING;2;true;;30000;1819304;102545
DRESDEN/laikLee_hex/ZeP3QQ;ALLOY_COMPILED_PROVER_CACHING;2;false;Test process timed out after 240 seconds;0;0;0
BASE/chineseCheckers6/rREH3A;ALLOY_COMPILED_PROVER_CACHING;2;true;;30000;1823794;30407
STANFORD/knightstourbig/TQUI2g;ALLOY_COMPILED_PROVER_CACHING;2;true;;30000;9083632;1587651
BASE/checkers-suicide-cylinder-mustjump/YeW5Tw;ALLOY_COMPILED_PROVER_CACHING;2;true;;30000;406818;9143
BASE/double_tictactoe_dengji/zgaSbA;ALLOY_COMPILED_PROVER_CACHING;2;true;;30000;2480729;174505
BASE/blocks/xIV5hQ;ALLOY_COMPILED_PROVER_CACHING;2;true;;30000;10020934;3340311
BASE/merrills/pku8Tg;ALLOY_COMPILED_PROVER_CACHING;2;true;;30000;541220;9029
DRESDEN/queens/mW2wHQ;ALLOY_COMPILED_PROVER_CACHING;2;true;;30000;985160;98516
BASE/aipsrovers01/4C4jsw;ALLOY_COMPILED_PROVER_CACHING;2;true;;30000;5913513;204338
STANFORD/trifecta/ss1kyQ;ALLOY_COMPILED_PROVER_CACHING;2;true;;30000;4230824;554860
STANFORD/multiplebuttonsandlights/cK70Yg;ALLOY_COMPILED_PROVER_CACHING;2;true;;30000;10501756;1750292
BASE/kalaha6x2x4/XS81Mg;ALLOY_COMPILED_PROVER_CACHING;2;true;;30000;2908293;15625
DRESDEN/hallway/0H4l-Q;ALLOY_COMPILED_PROVER_CACHING;2;true;;30000;657512;21917
BASE/escortLatch/mX9BjQ;ALLOY_COMPILED_PROVER_CACHING;2;true;;30000;1498636;25415
BASE/quad_7x7/q-JOXg;ALLOY_COMPILED_PROVER_CACHING;2;true;;30001;18791;623
DRESDEN/toetictac/mJtxCA;ALLOY_COMPILED_PROVER_CACHING;2;true;;30000;7409109;971714
BASE/duplicateStateSmall/bCPAXw;ALLOY_COMPILED_PROVER_CACHING;2;true;;30000;13728757;3432189
BASE/queens/HyJJnQ;ALLOY_COMPILED_PROVER_CACHING;2;true;;30000;948279;94827
BASE/stateSpaceMedium/3bUoIw;ALLOY_COMPILED_PROVER_CACHING;2;true;;30000;13119642;1457738
DRESDEN/blocks/vg0DRw;ALLOY_COMPILED_PROVER_CACHING;2;true;;30000;9806786;3268928
BASE/skirmish/Y_psYQ;ALLOY_COMPILED_PROVER_CACHING;2;true;;30000;222255;2245
DRESDEN/quad_5x5_8_2/JRTLJg;ALLOY_COMPILED_PROVER_CACHING;2;true;;30000;156174;8537
DRESDEN/mummymaze2p/k-8edg;ALLOY_COMPILED_PROVER_CACHING;2;true;;30000;1866536;37945
DRESDEN/towerworld/HCX34w;ALLOY_COMPILED_PROVER_CACHING;2;true;;30000;40459;85
DRESDEN/cubicup/SBn_lw;ALLOY_COMPILED_PROVER_CACHING;2;true;;30000;681391;12167
BASE/max_knights/2fq3Ag;ALLOY_COMPILED_PROVER_CACHING;2;true;;30000;1018027;192746
BASE/cittaceot/fDxhXg;ALLOY_COMPILED_PROVER_CACHING;2;true;;30000;1178726;54484
BASE/2pttc/unkkYA;ALLOY_COMPILED_PROVER_CACHING;2;true;;30000;2249479;81565
BASE/amazonsTorus_10x10/Uxc08g;ALLOY_COMPILED_PROVER_CACHING;2;true;;30000;615919;4032
BASE/catcha_mouse/cHv4dw;ALLOY_COMPILED_PROVER_CACHING;2;true;;30000;1519987;113935
DRESDEN/cube_2x2x2/fp-34Q;ALLOY_COMPILED_PROVER_CACHING;2;true;;30000;2717944;226699
BASE/ttcc4_2player_alt/ZEJvYA;ALLOY_COMPILED_PROVER_CACHING;2;true;;30000;1333280;36507
BASE/snake_2008_tweaked/bX0NJQ;ALLOY_COMPILED_PROVER_CACHING;2;true;;30000;2671489;166631
DRESDEN/lightson2x2/gBHuig;ALLOY_COMPILED_PROVER_CACHING;2;true;;30000;6129203;612920
DRESDEN/ticblock/Z2yNWQ;ALLOY_COMPILED_PROVER_CACHING;2;true;;30000;2924348;176973
BASE/gt_prisoner/klthDw;ALLOY_COMPILED_PROVER_CACHING;2;true;;30000;12526898;626344
DRESDEN/babel/WdSW4A;ALLOY_COMPILED_PROVER_CACHING;2;true;;30000;2102241;105112
DRESDEN/circlesolitaire/ruUilQ;ALLOY_COMPILED_PROVER_CACHING;2;true;;30000;8093088;785698
DRESDEN/knightfight/4_Ly4w;ALLOY_COMPILED_PROVER_CACHING;2;true;;30000;3280489;303385
DRESDEN/connectfour/5tc-Mg;ALLOY_COMPILED_PROVER_CACHING;2;true;;30000;2101688;94138
DRESDEN/blockerparallel/dVQgSg;ALLOY_COMPILED_PROVER_CACHING;2;true;;30000;569977;81575
BASE/3pttc/0sol9g;ALLOY_COMPILED_PROVER_CACHING;2;true;;30000;1992402;68577
BASE/gt_staghunt/xPjLRA;ALLOY_COMPILED_PROVER_CACHING;2;true;;30000;12013047;600652
BASE/lightsOnParallel/SC6enA;ALLOY_COMPILED_PROVER_CACHING;2;true;;30000;5404289;272804
DRESDEN/Runners/3bOCQw;ALLOY_COMPILED_PROVER_CACHING;2;true;;30000;9949869;203075
BASE/reversi/d8UMeA;ALLOY_COMPILED_PROVER_CACHING;2;true;;30000;71263;1178
BASE/pawnToQueen/-O1_JA;ALLOY_COMPILED_PROVER_CACHING;2;true;;30000;70266;5331
BASE/ad_game_2x2/D0aWqg;ALLOY_COMPILED_PROVER_CACHING;2;true;;30000;1817162;953128
DRESDEN/3qbf-5cnf-20var-40cl.1.qdimacs.viz.SAT/2034pg;ALLOY_COMPILED_PROVER_CACHING;2;true;;30000;805984;13845
BASE/mummyMaze2p_2007/YGA3Vw;ALLOY_COMPILED_PROVER_CACHING;2;true;;30000;3297845;70213
DRESDEN/sat_test_20v_91c_visualisation/aw8BIA;ALLOY_COMPILED_PROVER_CACHING;2;true;;30000;630025;31501
DRESDEN/backgammon/mqCW0Q;ALLOY_COMPILED_PROVER_CACHING;2;true;;30000;788912;4549
BASE/brain_teaser_extended/ZDp94A;ALLOY_COMPILED_PROVER_CACHING;2;true;;30000;6216803;414454
BASE/cephalopodMicro/9l2D3g;ALLOY_COMPILED_PROVER_CACHING;2;true;;30000;95328;2170
BASE/lightsOn/MsXu3A;ALLOY_COMPILED_PROVER_CACHING;2;true;;30000;11303295;906516
DRESDEN/chickentoetictac/cxYaRQ;ALLOY_COMPILED_PROVER_CACHING;2;true;;30000;7279019;1023807
BASE/hanoi7_bugfix/3gdnFw;ALLOY_COMPILED_PROVER_CACHING;2;true;;30000;10008506;78807
STANFORD/duikoshi/tpw1sw;ALLOY_COMPILED_PROVER_CACHING;2;true;;30000;1672999;125000
BASE/guess/SPpk1A;ALLOY_COMPILED_PROVER_CACHING;2;true;;30000;5380076;605075
BASE/tttcc4/8Bs2lg;ALLOY_COMPILED_PROVER_CACHING;2;true;;30000;1136127;40316
BASE/nim2/eF2Qqw;ALLOY_COMPILED_PROVER_CACHING;2;true;;30000;7278035;821760
DRESDEN/hanoi7_bugfix/3gdnFw;ALLOY_COMPILED_PROVER_CACHING;2;true;;30000;9509994;74881
DRESDEN/latenttictactoe/kITHKg;ALLOY_COMPILED_PROVER_CACHING;2;true;;30000;2474590;234999
BASE/sudokuGrade1/tDRNRw;ALLOY_COMPILED_PROVER_CACHING;2;true;;30000;180482;5086
BASE/laikLee_hex/zbyscQ;ALLOY_COMPILED_PROVER_CACHING;2;false;Test process timed out after 240 seconds;0;0;0
DRESDEN/buttons/ADUaHw;ALLOY_COMPILED_PROVER_CACHING;2;true;;30000;18366855;3061142
STANFORD/3puzzle/41ibjA;ALLOY_COMPILED_PROVER_CACHING;2;true;;30000;10080183;1680030
BASE/coins_atomic/AA3SSw;ALLOY_COMPILED_PROVER_CACHING;2;true;;30000;1422212;569136
DRESDEN/breakthroughsuicide/Y9QzqQ;ALLOY_COMPILED_PROVER_CACHING;2;true;;30000;1555658;24302
BASE/tictactoe_3d_small_2player/oOryKA;ALLOY_COMPILED_PROVER_CACHING;2;true;;30000;1133257;92040
DRESDEN/uf20-010.cnf.SAT/5ICbCg;ALLOY_COMPILED_PROVER_CACHING;2;true;;30000;637726;31886
BASE/pacman2p/4LEdQg;ALLOY_COMPILED_PROVER_CACHING;2;true;;30000;1282378;26174
BASE/quarto/EwBMVQ;ALLOY_COMPILED_PROVER_CACHING;2;true;;30000;1759746;75466
BASE/haystack/UkweGA;ALLOY_COMPILED_PROVER_CACHING;2;true;;30000;19984999;6660061
STANFORD/dualhunter/1rPZjQ;ALLOY_COMPILED_PROVER_CACHING;2;true;;30000;2308931;164923
BASE/knightfight/SJRkAg;ALLOY_COMPILED_PROVER_CACHING;2;true;;30000;3298254;305265
DRESDEN/four_way_battle/xSOQXA;ALLOY_COMPILED_PROVER_CACHING;2;true;;30000;220602;7082
BASE/ttcc4_2player/_aH_Mw;ALLOY_COMPILED_PROVER_CACHING;2;true;;30000;1032306;26036
BASE/ticTacToeSerial/Amrwqw;ALLOY_COMPILED_PROVER_CACHING;2;true;;30000;2918975;191485
BASE/connectFourLarge/aU644A;ALLOY_COMPILED_PROVER_CACHING;2;true;;30000;1728089;65779
BASE/racetrackcorridor/k1OQRg;ALLOY_COMPILED_PROVER_CACHING;2;true;;30000;1928044;96569
BASE/chickentictactoe/DSlZCA;ALLOY_COMPILED_PROVER_CACHING;2;true;;30000;3555832;500051
BASE/breakthroughSuicide/wZDpIg;ALLOY_COMPILED_PROVER_CACHING;2;true;;30000;1470966;22989
BASE/maze/cCX3qQ;ALLOY_COMPILED_PROVER_CACHING;2;true;;30000;19700420;2243402
BASE/endgame/jYjfOA;ALLOY_COMPILED_PROVER_CACHING;2;true;;30000;824685;58906
STANFORD/platformjumpers/HEQskA;ALLOY_COMPILED_PROVER_CACHING;2;true;;30000;909366;18098
STANFORD/untwistycomplex/HTWEwg;ALLOY_COMPILED_PROVER_CACHING;2;true;;30000;19791155;2199017
BASE/crisscross/ICagEg;ALLOY_COMPILED_PROVER_CACHING;2;true;;30000;1574822;60785
BASE/colonelBlotto/jip21A;ALLOY_COMPILED_PROVER_CACHING;2;true;;30000;2404924;480984
BASE/futoshiki5/TJ4BZg;ALLOY_COMPILED_PROVER_CACHING;2;true;;30000;503685;36993
DRESDEN/chinesecheckers6/yTbPDA;ALLOY_COMPILED_PROVER_CACHING;2;true;;30000;1166353;19774
BASE/coloredtrails/EZvr7g;ALLOY_COMPILED_PROVER_CACHING;2;true;;30000;3047545;338616
BASE/blobwars/0XT15Q;ALLOY_COMPILED_PROVER_CACHING;2;true;;30000;383211;9583
DRESDEN/vacuumcleaner_random_big/DwzFaQ;ALLOY_COMPILED_PROVER_CACHING;2;true;;30000;1824738;303996
BASE/onestep/xi53wA;ALLOY_COMPILED_PROVER_CACHING;2;true;;30000;11054259;11054259
BASE/nineBoardTicTacToe/wRmqqA;ALLOY_COMPILED_PROVER_CACHING;2;true;;30000;1032771;35230
BASE/eightPuzzle/vLrgFg;ALLOY_COMPILED_PROVER_CACHING;2;true;;30000;3266403;54440
DRESDEN/SC_TestOnly_enabled/09o7gQ;ALLOY_COMPILED_PROVER_CACHING;2;true;;30000;3272811;363645
BASE/god/qF06gw;ALLOY_COMPILED_PROVER_CACHING;2;true;;30000;189617;8912
DRESDEN/statespacelarge/8-y5HQ;ALLOY_COMPILED_PROVER_CACHING;2;true;;30000;6651708;475122
BASE/untwistycomplex2/EDPPAQ;ALLOY_COMPILED_PROVER_CACHING;2;true;;30000;18201967;2600281
DRESDEN/vacuumcleaner_obstacles_5/fXBV4g;ALLOY_COMPILED_PROVER_CACHING;2;true;;30000;464465;77495
DRESDEN/lightsout2/LFtfyQ;ALLOY_COMPILED_PROVER_CACHING;2;true;;30000;3175022;158751
DRESDEN/snake_2008/E56l3A;ALLOY_COMPILED_PROVER_CACHING;2;true;;30000;2681072;167085
BASE/hanoi/iGLsJg;ALLOY_COMPILED_PROVER_CACHING;2;true;;30000;10429088;336422
DRESDEN/CatchMeIfYouCanTest/CX18rA;ALLOY_COMPILED_PROVER_CACHING;2;true;;30000;5964450;176377
DRESDEN/aipsrovers01/qS47Mw;ALLOY_COMPILED_PROVER_CACHING;2;true;;30000;6108925;211065
BASE/tictactoe_3d_2player/IUC1rQ;ALLOY_COMPILED_PROVER_CACHING;2;true;;30000;402196;11324
BASE/blocksWorldSerial/Wyg96Q;ALLOY_COMPILED_PROVER_CACHING;2;true;;30000;5547366;924561
DRESDEN/golden_rectangle/1uloXw;ALLOY_COMPILED_PROVER_CACHING;2;true;;30000;474907;16003
DRESDEN/ggp-course2013_michal13/jWKddg;ALLOY_COMPILED_PROVER_CACHING;2;true;;30000;74160;2296
BASE/smallest_4player/ADDROA;ALLOY_COMPILED_PROVER_CACHING;2;true;;30000;3401322;144202
STANFORD/jointbuttonsandlights/qAKuIQ;ALLOY_COMPILED_PROVER_CACHING;2;true;;30000;7288172;1264321
BASE/queens06ug/7Lq3tw;ALLOY_COMPILED_PROVER_CACHING;2;true;;30000;2953799;492299
DRESDEN/3qbf-5cnf-20var-40cl.2.qdimacs.satlike/724YWg;ALLOY_COMPILED_PROVER_CACHING;2;true;;30000;744896;12723
BASE/ticTacToeParallel/ymRGPw;ALLOY_COMPILED_PROVER_CACHING;2;true;;30000;1859352;268938
BASE/switches/tPUoCg;ALLOY_COMPILED_PROVER_CACHING;2;true;;30000;6600115;6600115
DRESDEN/catch_me/ghGWrA;ALLOY_COMPILED_PROVER_CACHING;2;true;;30000;5872376;173824
STANFORD/breakthrough/d5j0cQ;ALLOY_COMPILED_PROVER_CACHING;2;true;;30000;1445978;22563
BASE/amazons_10x10/Bun8dA;ALLOY_COMPILED_PROVER_CACHING;2;true;;30000;820044;6011
BASE/ttcc4/Le0qjQ;ALLOY_COMPILED_PROVER_CACHING;2;true;;30000;1143141;40565
DRESDEN/peg_bugfixed/u_B7MA;ALLOY_COMPILED_PROVER_CACHING;2;true;;30000;684740;28084
BASE/nim4/twk16w;ALLOY_COMPILED_PROVER_CACHING;2;true;;30000;5463666;407718
STANFORD/untwistycorridor/EDPPAQ;ALLOY_COMPILED_PROVER_CACHING;2;true;;30000;18574945;2653563
BASE/2pffa/6oHijA;ALLOY_COMPILED_PROVER_CACHING;2;true;;30000;2156350;71878
BASE/biddingTicTacToe_10coins/a-9ccQ;ALLOY_COMPILED_PROVER_CACHING;2;true;;30000;3100537;210204
BASE/withConviction/3Xm54A;ALLOY_COMPILED_PROVER_CACHING;2;true;;30000;1215493;48620
BASE/sheepAndWolf/g4THrg;ALLOY_COMPILED_PROVER_CACHING;2;true;;30000;813091;19820
DRESDEN/tictactoe/BTTzPw;ALLOY_COMPILED_PROVER_CACHING;2;true;;30000;4413510;579089
STANFORD/eightpuzzle/W_aWbA;ALLOY_COMPILED_PROVER_CACHING;2;true;;30000;3382320;67646
BASE/sudokuGrade6E/ihYFZA;ALLOY_COMPILED_PROVER_CACHING;2;true;;30000;159339;3403
BASE/survival/YVIjJA;ALLOY_COMPILED_PROVER_CACHING;2;true;;30000;14915517;12786403
BASE/chineseCheckers1/gqtwHw;ALLOY_COMPILED_PROVER_CACHING;2;true;;30000;4361706;153744
DRESDEN/tictactoeparallel/yk_DSg;ALLOY_COMPILED_PROVER_CACHING;2;true;;30000;1838000;265855
DRESDEN/pancakes88/aD3E7g;ALLOY_COMPILED_PROVER_CACHING;2;true;;30000;19206549;480215
DRESDEN/nim1/M9BALA;ALLOY_COMPILED_PROVER_CACHING;2;true;;30000;8157185;1187761
BASE/skirmishHoles/AUCxCA;ALLOY_COMPILED_PROVER_CACHING;2;true;;30000;231724;2340
STANFORD/nineboardtictactoe/y28P-A;ALLOY_COMPILED_PROVER_CACHING;2;true;;30000;936242;31957
DRESDEN/vacuumcleaner_obstacles_1/CqS-7A;ALLOY_COMPILED_PROVER_CACHING;2;true;;30000;5563180;927148
BASE/checkersTorus/2vm1EQ;ALLOY_COMPILED_PROVER_CACHING;2;true;;30000;1352025;22847
DRESDEN/Zhadu/9zpQ5w;ALLOY_COMPILED_PROVER_CACHING;2;true;;30000;451673;12047
STANFORD/multipletictactoe/_bkafQ;ALLOY_COMPILED_PROVER_CACHING;2;true;;30000;859064;47872
BASE/asteroids/BKCmPQ;ALLOY_COMPILED_PROVER_CACHING;2;true;;30000;16207335;349224
DRESDEN/pacman3p/rBnk8Q;ALLOY_COMPILED_PROVER_CACHING;2;true;;30000;1265715;25833
DRESDEN/amazons/dNB28A;ALLOY_COMPILED_PROVER_CACHING;2;true;;30000;114590;1614
BASE/majorities/ibJzSQ;ALLOY_COMPILED_PROVER_CACHING;2;true;;30000;879525;16593
DRESDEN/statespacemedium/dVJZ_w;ALLOY_COMPILED_PROVER_CACHING;2;true;;30000;12827218;1425246
BASE/connect4/50bOyw;ALLOY_COMPILED_PROVER_CACHING;2;true;;30000;807887;37801
BASE/hodgepodge/9yjRkw;ALLOY_COMPILED_PROVER_CACHING;2;true;;30000;5859850;5859850
STANFORD/connectfour/VMpZkQ;ALLOY_COMPILED_PROVER_CACHING;2;true;;30000;2020286;90311
DRESDEN/nim3/sG_axA;ALLOY_COMPILED_PROVER_CACHING;2;true;;30000;5483452;413489
DRESDEN/troublemaker02/iZLVuA;ALLOY_COMPILED_PROVER_CACHING;2;true;;30000;15769453;5256398
STANFORD/bestbuttonsandlightsbig/g0JC6g;ALLOY_COMPILED_PROVER_CACHING;2;true;;30000;8235796;1372632
BASE/eotcitcit/V_9_bg;ALLOY_COMPILED_PROVER_CACHING;2;true;;30000;2468823;491770
STANFORD/freeforall/Lfp40Q;ALLOY_COMPILED_PROVER_CACHING;2;true;;30000;2151370;71712
DRESDEN/frogs_and_toads/GjchhQ;ALLOY_COMPILED_PROVER_CACHING;2;true;;30000;1721174;14837
BASE/factoringGeorgeForman/HGRorQ;ALLOY_COMPILED_PROVER_CACHING;2;true;;30000;10478890;220002
DRESDEN/skirmish3/3LU8Nw;ALLOY_COMPILED_PROVER_CACHING;2;true;;30000;893036;22325
DRESDEN/tictactoe_3d_2player/LMuX9w;ALLOY_COMPILED_PROVER_CACHING;2;true;;30000;413455;11621
DRESDEN/vacuumcleaner_obstacles_3/4NjSmw;ALLOY_COMPILED_PROVER_CACHING;2;true;;30000;485727;81216
BASE/crissrace/ERWGDA;ALLOY_COMPILED_PROVER_CACHING;2;true;;30000;1390749;31154
DRESDEN/guess/PhxGhg;ALLOY_COMPILED_PROVER_CACHING;2;true;;30000;5223620;587186
BASE/conn4/va9Y7A;ALLOY_COMPILED_PROVER_CACHING;2;true;;30000;1222270;57487
BASE/hexPie/48CH6Q;ALLOY_COMPILED_PROVER_CACHING;2;true;;30000;711011;10035
BASE/ticTacHeaven/18n58A;ALLOY_COMPILED_PROVER_CACHING;2;true;;30000;974941;42018
DRESDEN/merrills/aYEzwA;ALLOY_COMPILED_PROVER_CACHING;2;true;;30000;545877;9105
BASE/firefighter/WJmoPw;ALLOY_COMPILED_PROVER_CACHING;2;true;;30000;6822648;154421
DRESDEN/8puzzle/8fKC2w;ALLOY_COMPILED_PROVER_CACHING;2;true;;30000;3206754;53445
BASE/cubicup_3player/e2yA_g;ALLOY_COMPILED_PROVER_CACHING;2;true;;30000;369296;4396
BASE/snakeAssemblit/sOydSg;ALLOY_COMPILED_PROVER_CACHING;2;false;GameDescriptionException: Goal is poorly defined for red in [( true ( at blue 5 4 ) ), ( true ( at red 2 6 ) ), ( true ( cell 0 6 blue ) ), ( true ( cell 1 6 f ) ), ( true ( cell 2 5 f ) ), ( true ( cell 2 6 f ) ), ( true ( cell 3 3 f ) ), ( true ( cell 3 5 f ) ), ( true ( cell 4 3 f ) ), ( true ( cell 4 4 f ) ), ( true ( cell 4 5 f ) ), ( true ( cell 5 1 red ) ), ( true ( cell 5 3 f ) ), ( true ( cell 6 1 f ) ), ( true ( cell 6 2 f ) ), ( true ( cell 6 3 f ) ), ( true ( control_assem blue ) ), ( true ( control_snake red ) ), ( true ( marked 2 5 ) ), ( true ( marked 3 4 ) ), ( true ( marked 3 6 ) ), ( true ( marked 4 6 ) ), ( true ( marked 5 4 ) ), ( true ( marks_remain blue 5 ) ), ( true ( marks_remain red 6 ) ), ( true ( score blue 23 ) ), ( true ( score red 33 ) ), ( true ( step 40 ) )];0;0;0
BASE/queens08ug/kJ_ZFQ;ALLOY_COMPILED_PROVER_CACHING;2;true;;30000;1727495;215936
BASE/wargame02/BkVqqQ;ALLOY_COMPILED_PROVER_CACHING;2;true;;30000;1013051;337732
BASE/englishDraughts/jFkQxg;ALLOY_COMPILED_PROVER_CACHING;2;true;;30000;1532087;22122
BASE/checkersTiny/Lr48cg;ALLOY_COMPILED_PROVER_CACHING;2;true;;30000;1346209;22068
DRESDEN/vacuum_cleaner_1/eUNjpw;ALLOY_COMPILED_PROVER_CACHING;2;true;;30000;6275852;1045225
DRESDEN/blobwars/ZaMluQ;ALLOY_COMPILED_PROVER_CACHING;2;true;;30000;382795;9570
DRESDEN/Travelers-Dilemma/PvZwYw;ALLOY_COMPILED_PROVER_CACHING;2;true;;30000;11310556;1131055
DRESDEN/tictactoelarge/IwXcbg;ALLOY_COMPILED_PROVER_CACHING;2;true;;30000;3381310;142573
DRESDEN/connect4/T0-rHQ;ALLOY_COMPILED_PROVER_CACHING;2;true;;30000;771150;36209
BASE/pawnWhopping/Ypc_6Q;ALLOY_COMPILED_PROVER_CACHING;2;true;;30000;1456505;42529
DRESDEN/chinesecheckers1/Y-ftaA;ALLOY_COMPILED_PROVER_CACHING;2;true;;30000;1860494;65528
BASE/golden_rectangle/_nYzfw;ALLOY_COMPILED_PROVER_CACHING;2;true;;30000;479505;16152
BASE/nim3/1OwUqw;ALLOY_COMPILED_PROVER_CACHING;2;true;;30000;5570676;420001
BASE/ruleDepthExponential/UamhHQ;ALLOY_COMPILED_PROVER_CACHING;2;true;;30000;7958577;3980657
DRESDEN/quad_5x5/JAEP5g;ALLOY_COMPILED_PROVER_CACHING;2;true;;30000;123297;8565
BASE/dotsAndBoxes/EHwA_w;ALLOY_COMPILED_PROVER_CACHING;2;true;;30000;1962712;32711
DRESDEN/quad/JPe6fg;ALLOY_COMPILED_PROVER_CACHING;2;true;;30025;998;22
BASE/mineClearingSmall/frsbvw;ALLOY_COMPILED_PROVER_CACHING;2;true;;30000;1196175;101336
BASE/pancakes88/l2Xaig;ALLOY_COMPILED_PROVER_CACHING;2;true;;30000;19398390;485013
BASE/tictactoe_3player/GtM71g;ALLOY_COMPILED_PROVER_CACHING;2;true;;30000;1554301;76467
BASE/crossers3/O0rORg;ALLOY_COMPILED_PROVER_CACHING;2;true;;30000;2224231;168408
DRESDEN/knightazons/02I8BQ;ALLOY_COMPILED_PROVER_CACHING;2;true;;30000;851121;12887
BASE/ticTacToeLarge/TZC0dg;ALLOY_COMPILED_PROVER_CACHING;2;true;;30000;3402394;143458
DRESDEN/cubicup_3player/awDtsQ;ALLOY_COMPILED_PROVER_CACHING;2;true;;30000;383286;4562
DRESDEN/nim4/F5YAYg;ALLOY_COMPILED_PROVER_CACHING;2;true;;30000;5419814;404411
BASE/gt_coordination/IVMOzA;ALLOY_COMPILED_PROVER_CACHING;2;true;;30000;12674069;633703
BASE/biddingTicTacToe/8mESVw;ALLOY_COMPILED_PROVER_CACHING;2;true;;30000;3719738;253494
BASE/tictactoex9/BI26ow;ALLOY_COMPILED_PROVER_CACHING;2;true;;30000;609834;20839
BASE/ticTacHeavenFC/mrletw;ALLOY_COMPILED_PROVER_CACHING;2;true;;30000;975182;35895
BASE/futoshiki4/BaCwSw;ALLOY_COMPILED_PROVER_CACHING;2;true;;30000;1109727;120306
BASE/queens08lg/Ru7eqQ;ALLOY_COMPILED_PROVER_CACHING;2;true;;30000;370828;60245
DRESDEN/checkers/jIDMIg;ALLOY_COMPILED_PROVER_CACHING;2;true;;30000;546984;5465
DRESDEN/uf20-020.cnf.SAT.satlike/WbqXoA;ALLOY_COMPILED_PROVER_CACHING;2;true;;30000;621144;31057
BASE/pearls/6k_mEQ;ALLOY_COMPILED_PROVER_CACHING;2;true;;30000;21589480;1962680
BASE/ghostMaze2p/W-NU-w;ALLOY_COMPILED_PROVER_CACHING;2;true;;30000;3943851;81496
BASE/blokbox_simple/JBx4bg;ALLOY_COMPILED_PROVER_CACHING;2;true;;30008;3876;170
DRESDEN/3qbf-5cnf-20var-40cl.0.qdimacs/-6hrIw;ALLOY_COMPILED_PROVER_CACHING;2;true;;30000;875997;14905
DRESDEN/bidding-tictactoe_10coins/mu5VhQ;ALLOY_COMPILED_PROVER_CACHING;2;true;;30000;3150831;213492
STANFORD/tictactoe/ss1kyQ;ALLOY_COMPILED_PROVER_CACHING;2;true;;30000;4163380;545895
BASE/pegEuro/5awwhg;ALLOY_COMPILED_PROVER_CACHING;2;true;;30000;556413;21644
BASE/speedChess/bPnisA;ALLOY_COMPILED_PROVER_CACHING;2;true;;30000;515770;4651
BASE/checkersSmall/SYmq8w;ALLOY_COMPILED_PROVER_CACHING;2;true;;30000;952538;10180
STANFORD/tictactoe3/X7myng;ALLOY_COMPILED_PROVER_CACHING;2;true;;30000;4606906;1727727
DRESDEN/pentago_2008/hLjVpQ;ALLOY_COMPILED_PROVER_CACHING;2;true;;30000;382929;6981
BASE/ttcc4_2player_small/Cv72TA;ALLOY_COMPILED_PROVER_CACHING;2;true;;30000;1860939;121937
DRESDEN/knightwar/7hhAqg;ALLOY_COMPILED_PROVER_CACHING;2;true;;30000;2098254;245337
DRESDEN/bomberman2p/x4h6jQ;ALLOY_COMPILED_PROVER_CACHING;2;true;;30000;2652172;340154
STANFORD/alquerquezero/uVgA_A;ALLOY_COMPILED_PROVER_CACHING;2;true;;30000;1669359;57564
BASE/ticTacToeNoVars/XT03NA;ALLOY_COMPILED_PROVER_CACHING;2;true;;30000;4179849;548160
DRESDEN/smallest_4player/ADDROA;ALLOY_COMPILED_PROVER_CACHING;2;true;;30000;3365111;142666
DRESDEN/lightsout/XgLpzQ;ALLOY_COMPILED_PROVER_CACHING;2;true;;30000;3183106;159155
DRESDEN/tictactoelargesuicide/6J4DeA;ALLOY_COMPILED_PROVER_CACHING;2;true;;30000;3486716;146973
BASE/minichess/8NQEiA;ALLOY_COMPILED_PROVER_CACHING;2;true;;30000;2467291;822430
DRESDEN/quad_7x7/q-JOXg;ALLOY_COMPILED_PROVER_CACHING;2;true;;30056;18910;618
DRESDEN/chinesecheckers6-simultaneous/gPPGUw;ALLOY_COMPILED_PROVER_CACHING;2;true;;30000;359229;15626
DRESDEN/kalaha_2009/gcC8uA;ALLOY_COMPILED_PROVER_CACHING;2;true;;30000;2959199;35387
BASE/kalaha5x2x3/WviNsw;ALLOY_COMPILED_PROVER_CACHING;2;true;;30000;3123209;31826
BASE/amazonsTorus/soxT8g;ALLOY_COMPILED_PROVER_CACHING;2;false;Exception of type StackOverflowError;0;0;0
BASE/ruleDepthLinear/OUBJpQ;ALLOY_COMPILED_PROVER_CACHING;2;true;;30000;14014191;7004063
BASE/knightsTour/mvtVIg;ALLOY_COMPILED_PROVER_CACHING;2;true;;30000;10464191;2152222
DRESDEN/knightstour/cGISAA;ALLOY_COMPILED_PROVER_CACHING;2;true;;30000;10467595;2153092
BASE/gt_two_thirds_4p/DStnxQ;ALLOY_COMPILED_PROVER_CACHING;2;true;;30000;956180;956180
BASE/knightThrough/gcwFjA;ALLOY_COMPILED_PROVER_CACHING;2;true;;30000;1402103;41732
BASE/checkers/rOC3Xg;ALLOY_COMPILED_PROVER_CACHING;2;true;;30000;716120;7160
BASE/blocker/dIWtxg;ALLOY_COMPILED_PROVER_CACHING;2;true;;30000;4237969;537025
DRESDEN/checkers-mustjump/HUr33w;ALLOY_COMPILED_PROVER_CACHING;2;true;;30000;466397;9024
DRESDEN/uf20-020.cnf.SAT/hDrW_A;ALLOY_COMPILED_PROVER_CACHING;2;true;;30000;642108;32105
BASE/duplicateStateMedium/U163eQ;ALLOY_COMPILED_PROVER_CACHING;2;true;;30000;10472954;1163661
BASE/snakeParallel/RCVNtw;ALLOY_COMPILED_PROVER_CACHING;2;true;;30000;4636341;1002987
BASE/qyshinsu/R08Lzw;ALLOY_COMPILED_PROVER_CACHING;2;true;;30000;675683;28543
BASE/hanoi_6_disks/MeubgQ;ALLOY_COMPILED_PROVER_CACHING;2;true;;30000;7628440;2145329
BASE/futoshiki6/JmvXNA;ALLOY_COMPILED_PROVER_CACHING;2;true;;30000;282706;13994
BASE/connectFourLarger/qKi60A;ALLOY_COMPILED_PROVER_CACHING;2;true;;30000;1280970;39379
BASE/reversiSuicide/9OxJlg;ALLOY_COMPILED_PROVER_CACHING;2;true;;30000;69303;1146
BASE/rubiksCube/9tNO9Q;ALLOY_COMPILED_PROVER_CACHING;2;true;;30000;1195240;23904
BASE/battlebrushes/arCwyA;ALLOY_COMPILED_PROVER_CACHING;2;true;;30000;334521;17606
BASE/breakthroughSuicideSmall/XSbJog;ALLOY_COMPILED_PROVER_CACHING;2;true;;30000;1977950;70255
BASE/copolymer_4/2LDVhQ;ALLOY_COMPILED_PROVER_CACHING;2;true;;30000;2956215;84856
BASE/racer4/0vs7Ww;ALLOY_COMPILED_PROVER_CACHING;2;true;;30000;707515;32217
BASE/solitaireChineseCheckers/-ET6gw;ALLOY_COMPILED_PROVER_CACHING;2;true;;30000;2685582;49733
BASE/nonogram_5x5_1/qLKEZw;ALLOY_COMPILED_PROVER_CACHING;2;true;;30000;1755355;301319
BASE/shmup/ssTNlg;ALLOY_COMPILED_PROVER_CACHING;2;true;;30000;3087694;372945
BASE/copolymer_4_pie/IN5_jA;ALLOY_COMPILED_PROVER_CACHING;2;true;;30000;2429747;67799
BASE/connectFour_9x6/B9TtMw;ALLOY_COMPILED_PROVER_CACHING;2;true;;30000;2054738;88123
BASE/nonogram_10x10_1/0Xc62g;ALLOY_COMPILED_PROVER_CACHING;2;true;;30000;470812;18716
BASE/chess_200/XsTpYA;ALLOY_COMPILED_PROVER_CACHING;2;true;;30000;222884;1161
BASE/hidato37/pBrqxw;ALLOY_COMPILED_PROVER_CACHING;2;true;;30000;214181;16122
BASE/hidato19/rRHSmA;ALLOY_COMPILED_PROVER_CACHING;2;true;;30000;907671;134492
BASE/queens16ug/gT-ylw;ALLOY_COMPILED_PROVER_CACHING;2;true;;30000;471231;29451
BASE/queens12ug/u6Bkmg;ALLOY_COMPILED_PROVER_CACHING;2;true;;30000;872274;72689
BASE/racetrackcorridor/_RkdUg;ALLOY_COMPILED_PROVER_CACHING;2;true;;30000;1965058;98410
BASE/point_grab/V_osUg;ALLOY_COMPILED_PROVER_CACHING;2;true;;30003;12092430;403081
BASE/snakeAssemblit/UO4sdg;ALLOY_COMPILED_PROVER_CACHING;2;true;;30000;761972;92855
