BASE/zhadu/DlA8iQ;GGP_BASE_PROVER;2015-04-26;true;;30044;660;20
BASE/racetrackcorridor/k1OQRg;GGP_BASE_PROVER;2015-04-26;true;;30000;41903;2099
BASE/gt_two_thirds_4p/DStnxQ;GGP_BASE_PROVER;2015-04-26;true;;30000;33173;33173
DRESDEN/nim4/F5YAYg;GGP_BASE_PROVER;2015-04-26;true;;30000;220385;16487
BASE/lightsOut/5P1ZBw;GGP_BASE_PROVER;2015-04-26;true;;30000;33813;1690
DRESDEN/crossers3/xiPTxg;GGP_BASE_PROVER;2015-04-26;true;;30000;29071;2213
BASE/twisty-passages/DiZmmg;GGP_BASE_PROVER;2015-04-26;true;;30000;202435;1017
DRESDEN/sat_test_20v_91c_visualisation/aw8BIA;GGP_BASE_PROVER;2015-04-26;true;;30000;30484;1524
DRESDEN/hanoi7_bugfix/3gdnFw;GGP_BASE_PROVER;2015-04-26;true;;30000;202335;1593
DRESDEN/mummymaze2p-comp2007/oTQRQg;GGP_BASE_PROVER;2015-04-26;true;;30000;45331;963
DRESDEN/cubicup_3player/awDtsQ;GGP_BASE_PROVER;2015-04-26;true;;30007;5030;59
DRESDEN/backgammon/mqCW0Q;GGP_BASE_PROVER;2015-04-26;true;;30002;9118;48
STANFORD/multipletictactoe/_bkafQ;GGP_BASE_PROVER;2015-04-26;true;;30001;19672;1094
BASE/guess/SPpk1A;GGP_BASE_PROVER;2015-04-26;true;;30000;24504;2756
BASE/kalaha5x2x3/WviNsw;GGP_BASE_PROVER;2015-04-26;true;;30000;73290;739
BASE/ttcc4/Le0qjQ;GGP_BASE_PROVER;2015-04-26;true;;30000;21263;758
BASE/cephalopodMicro/9l2D3g;GGP_BASE_PROVER;2015-04-26;true;;30017;1546;34
DRESDEN/brain_teaser_extended/ZDp94A;GGP_BASE_PROVER;2015-04-26;true;;30000;114418;7627
DRESDEN/catcha_mouse/cHv4dw;GGP_BASE_PROVER;2015-04-26;true;;30000;42530;3190
BASE/checkersTorusNoKings/pwb6oQ;GGP_BASE_PROVER;2015-04-26;true;;30000;20451;337
BASE/knightsTour/mvtVIg;GGP_BASE_PROVER;2015-04-26;true;;30000;407764;83922
STANFORD/nineboardtictactoe/y28P-A;GGP_BASE_PROVER;2015-04-26;true;;30002;12686;430
BASE/tttcc4/8Bs2lg;GGP_BASE_PROVER;2015-04-26;true;;30000;21307;757
BASE/blobwars/0XT15Q;GGP_BASE_PROVER;2015-04-26;true;;30004;8915;222
DRESDEN/buttons/ADUaHw;GGP_BASE_PROVER;2015-04-26;true;;30000;679083;113180
BASE/pancakes/yUgbXw;GGP_BASE_PROVER;2015-04-26;true;;30000;656212;16537
BASE/wargame03/klXI8w;GGP_BASE_PROVER;2015-04-26;true;;30000;19398;3050
BASE/hanoi7_bugfix/3gdnFw;GGP_BASE_PROVER;2015-04-26;true;;30000;197539;1555
BASE/blocks2player/wnTLOQ;GGP_BASE_PROVER;2015-04-26;true;;30000;206416;11467
DRESDEN/connectfour/5tc-Mg;GGP_BASE_PROVER;2015-04-26;true;;30000;30611;1356
BASE/quarto/EwBMVQ;GGP_BASE_PROVER;2015-04-26;true;;30000;42252;1790
BASE/quad_5x5/JAEP5g;GGP_BASE_PROVER;2015-04-26;true;;30000;2506;168
BASE/dotsAndBoxes/EHwA_w;GGP_BASE_PROVER;2015-04-26;true;;30000;18397;306
BASE/pacman2p/4LEdQg;GGP_BASE_PROVER;2015-04-26;true;;30000;27643;568
DRESDEN/latenttictactoe/kITHKg;GGP_BASE_PROVER;2015-04-26;true;;30000;52727;4993
DRESDEN/uf20-020.cnf.SAT.satlike/WbqXoA;GGP_BASE_PROVER;2015-04-26;true;;30000;13789;689
BASE/mineClearingSmall/frsbvw;GGP_BASE_PROVER;2015-04-26;true;;30002;10295;845
DRESDEN/breakthrough/z4hK7Q;GGP_BASE_PROVER;2015-04-26;true;;30000;15365;234
STANFORD/bestbuttonsandlights/nm0wEA;GGP_BASE_PROVER;2015-04-26;true;;30000;345020;57503
STANFORD/skirmish/w4V6Vw;GGP_BASE_PROVER;2015-04-26;true;;30023;1231;12
BASE/factoringImpossibleTurtleBrain/kcBhdw;GGP_BASE_PROVER;2015-04-26;true;;30052;435;5
DRESDEN/four_way_battle/xSOQXA;GGP_BASE_PROVER;2015-04-26;true;;30002;7810;252
DRESDEN/snake_2008/E56l3A;GGP_BASE_PROVER;2015-04-26;true;;30000;12104;745
BASE/ttcc4_2player_alt/ZEJvYA;GGP_BASE_PROVER;2015-04-26;true;;30000;28650;788
BASE/crissrace/ERWGDA;GGP_BASE_PROVER;2015-04-26;true;;30000;28269;634
STANFORD/buttonsandlights/eyhJpA;GGP_BASE_PROVER;2015-04-26;true;;30000;1112086;185347
BASE/hanoi/iGLsJg;GGP_BASE_PROVER;2015-04-26;true;;30000;228348;7366
BASE/strangeSkirmish/gc1zKA;GGP_BASE_PROVER;2015-04-26;true;;30017;1263;12
BASE/god/qF06gw;GGP_BASE_PROVER;2015-04-26;true;;30003;3287;149
DRESDEN/quad_5x5_8_2/JRTLJg;GGP_BASE_PROVER;2015-04-26;true;;30000;4517;246
BASE/ticTacToeParallel/ymRGPw;GGP_BASE_PROVER;2015-04-26;true;;30000;42272;6091
BASE/haystack/UkweGA;GGP_BASE_PROVER;2015-04-26;true;;30000;1111690;370624
STANFORD/hex/MTqWcw;GGP_BASE_PROVER;2015-04-26;true;;30004;5777;82
STANFORD/ttcc4/Cx9SGw;GGP_BASE_PROVER;2015-04-26;true;;30000;28305;517
STANFORD/chinook/osFbPA;GGP_BASE_PROVER;2015-04-26;true;;30001;16881;422
BASE/asteroids/BKCmPQ;GGP_BASE_PROVER;2015-04-26;true;;30000;241288;5182
BASE/breakthroughSuicide/wZDpIg;GGP_BASE_PROVER;2015-04-26;true;;30000;16319;247
BASE/checkLines/Vop7oQ;GGP_BASE_PROVER;2015-04-26;true;;30000;36260;2351
BASE/survival/YVIjJA;GGP_BASE_PROVER;2015-04-26;true;;30000;859486;736369
BASE/knightfight/SJRkAg;GGP_BASE_PROVER;2015-04-26;true;;30000;87340;8086
STANFORD/eightpuzzle/W_aWbA;GGP_BASE_PROVER;2015-04-26;true;;30000;103809;2076
DRESDEN/lightson2x2/gBHuig;GGP_BASE_PROVER;2015-04-26;true;;30000;174285;17428
STANFORD/multiplebuttonsandlights_9/SqB9BA;GGP_BASE_PROVER;2015-04-26;true;;30000;408728;68121
DRESDEN/hallway/0H4l-Q;GGP_BASE_PROVER;2015-04-26;true;;30001;11412;380
BASE/escortLatch/mX9BjQ;GGP_BASE_PROVER;2015-04-26;true;;30000;25162;427
BASE/chickentictactoe/DSlZCA;GGP_BASE_PROVER;2015-04-26;true;;30000;88026;12396
BASE/skirmish/Y_psYQ;GGP_BASE_PROVER;2015-04-26;true;;30014;1339;13
BASE/ticTacToe/JRFsaQ;GGP_BASE_PROVER;2015-04-26;true;;30000;103993;13662
BASE/circlesolitaire/azuQFQ;GGP_BASE_PROVER;2015-04-26;true;;30000;214778;20926
BASE/pentagoSuicide/SBgNhw;GGP_BASE_PROVER;2015-04-26;true;;30006;13907;254
DRESDEN/checkers/jIDMIg;GGP_BASE_PROVER;2015-04-26;true;;30001;7362;73
BASE/tictactoe2/bhrDoQ;GGP_BASE_PROVER;2015-04-26;true;;30000;92562;12150
DRESDEN/Runners/3bOCQw;GGP_BASE_PROVER;2015-04-26;true;;30000;460657;9402
DRESDEN/quad_5x5/JAEP5g;GGP_BASE_PROVER;2015-04-26;true;;30042;2715;189
STANFORD/freeforall/Lfp40Q;GGP_BASE_PROVER;2015-04-26;true;;30000;49923;1664
BASE/ad_game_2x2/D0aWqg;GGP_BASE_PROVER;2015-04-26;true;;30000;24392;12773
BASE/simultaneousWin2/PfjRjw;GGP_BASE_PROVER;2015-04-26;true;;30000;32616;509
DRESDEN/endgame/IJhh3Q;GGP_BASE_PROVER;2015-04-26;true;;30000;12638;902
STANFORD/tictactoe3/X7myng;GGP_BASE_PROVER;2015-04-26;true;;30000;84291;31588
BASE/checkers-suicide-cylinder-mustjump/YeW5Tw;GGP_BASE_PROVER;2015-04-26;true;;30007;5733;129
BASE/firefighter/WJmoPw;GGP_BASE_PROVER;2015-04-26;true;;30000;188894;4258
DRESDEN/nim3/sG_axA;GGP_BASE_PROVER;2015-04-26;true;;30000;232190;17553
BASE/skirmishFinal2/gdB62Q;GGP_BASE_PROVER;2015-04-26;true;;30015;1910;32
DRESDEN/babel/WdSW4A;GGP_BASE_PROVER;2015-04-26;true;;30002;9237;461
BASE/breakthroughHoles/nZk0Sg;GGP_BASE_PROVER;2015-04-26;true;;30000;22178;355
DRESDEN/checkers-suicide-cylinder-mustjump/L2BYWg;GGP_BASE_PROVER;2015-04-26;true;;30001;5729;129
BASE/reversi/d8UMeA;GGP_BASE_PROVER;2015-04-26;true;;30007;917;15
DRESDEN/towerworld/HCX34w;GGP_BASE_PROVER;2015-04-26;true;;30008;1212;2
BASE/amazons_10x10/Bun8dA;GGP_BASE_PROVER;2015-04-26;true;;30001;9083;67
STANFORD/madness/UO_B3A;GGP_BASE_PROVER;2015-04-26;true;;30010;1301;22
BASE/ruleDepthExponential/UamhHQ;GGP_BASE_PROVER;2015-04-26;true;;47447;29008;14480
STANFORD/rainbow/_4qNSQ;GGP_BASE_PROVER;2015-04-26;true;;30000;272718;45453
DRESDEN/8puzzle/8fKC2w;GGP_BASE_PROVER;2015-04-26;true;;30000;99952;1665
BASE/smallest_4player/ADDROA;GGP_BASE_PROVER;2015-04-26;true;;30000;114355;4859
DRESDEN/pancakes/hl9aiQ;GGP_BASE_PROVER;2015-04-26;true;;30000;675812;17040
BASE/eightPuzzle/vLrgFg;GGP_BASE_PROVER;2015-04-26;true;;30000;101367;1689
DRESDEN/CatchMeIfYouCanTest/CX18rA;GGP_BASE_PROVER;2015-04-26;true;;30000;210132;6187
DRESDEN/ticblock/Z2yNWQ;GGP_BASE_PROVER;2015-04-26;true;;30000;53839;3254
BASE/blocksWorldSerial/Wyg96Q;GGP_BASE_PROVER;2015-04-26;true;;30000;111760;18626
BASE/kalaha6x2x4/XS81Mg;GGP_BASE_PROVER;2015-04-26;true;;30000;68805;380
DRESDEN/cube_2x2x2/fp-34Q;GGP_BASE_PROVER;2015-04-26;true;;30000;75651;6311
DRESDEN/guess/PhxGhg;GGP_BASE_PROVER;2015-04-26;true;;30000;24049;2687
BASE/catcha_mouse/cHv4dw;GGP_BASE_PROVER;2015-04-26;true;;30000;42564;3209
DRESDEN/uf20-01.cnf.SAT/42Rs8A;GGP_BASE_PROVER;2015-04-26;true;;30000;31220;1561
DRESDEN/SC_TestOnly_enabled/09o7gQ;GGP_BASE_PROVER;2015-04-26;true;;30000;109505;12167
BASE/pawnToQueen/-O1_JA;GGP_BASE_PROVER;2015-04-26;true;;30018;704;54
BASE/2pttc/unkkYA;GGP_BASE_PROVER;2015-04-26;true;;30000;47886;1730
DRESDEN/smallest/9kaGFw;GGP_BASE_PROVER;2015-04-26;true;;30000;76106;3188
DRESDEN/logistics/fPru1Q;GGP_BASE_PROVER;2015-04-26;true;;30000;50444;1008
DRESDEN/vacuumcleaner_random_big/DwzFaQ;GGP_BASE_PROVER;2015-04-26;true;;30000;78462;13240
STANFORD/sudoku/oJ1qyQ;GGP_BASE_PROVER;2015-04-26;true;;30017;749;18
BASE/brain_teaser_extended/ZDp94A;GGP_BASE_PROVER;2015-04-26;true;;30000;120608;8040
BASE/laikLee_hex/zbyscQ;GGP_BASE_PROVER;2015-04-26;true;;33608;4733;226
BASE/gt_two_thirds_6p/867v3Q;GGP_BASE_PROVER;2015-04-26;true;;30000;17767;17767
DRESDEN/peg_bugfixed/u_B7MA;GGP_BASE_PROVER;2015-04-26;true;;30000;22074;910
BASE/kalaha_2009/dRiN3g;GGP_BASE_PROVER;2015-04-26;true;;30000;72424;862
BASE/sudokuGrade1/tDRNRw;GGP_BASE_PROVER;2015-04-26;true;;30014;732;20
DRESDEN/snake_2009/zIYLVw;GGP_BASE_PROVER;2015-04-26;true;;30002;12366;754
BASE/chickentoetictac/l57rfQ;GGP_BASE_PROVER;2015-04-26;true;;30000;127567;17901
BASE/cubicup_3player/e2yA_g;GGP_BASE_PROVER;2015-04-26;true;;30001;4797;57
BASE/chineseCheckers6/rREH3A;GGP_BASE_PROVER;2015-04-26;true;;30000;43402;723
DRESDEN/aipsrovers01/qS47Mw;GGP_BASE_PROVER;2015-04-26;true;;30000;132189;4567
BASE/quad_7x7/q-JOXg;GGP_BASE_PROVER;2015-04-26;true;;34461;149;5
DRESDEN/capture_the_king/EQ229Q;GGP_BASE_PROVER;2015-04-26;true;;30008;3627;56
BASE/stateSpaceMedium/3bUoIw;GGP_BASE_PROVER;2015-04-26;true;;30000;364223;40469
DRESDEN/golden_rectangle/1uloXw;GGP_BASE_PROVER;2015-04-26;true;;30001;8482;285
BASE/coins_atomic/AA3SSw;GGP_BASE_PROVER;2015-04-26;true;;30000;9628;3836
DRESDEN/3qbf-5cnf-20var-40cl.2.qdimacs.satlike/724YWg;GGP_BASE_PROVER;2015-04-26;true;;30000;28966;495
BASE/colonelBlotto/jip21A;GGP_BASE_PROVER;2015-04-26;true;;30000;93723;18744
BASE/snake_2009_big/-oRfVw;GGP_BASE_PROVER;2015-04-26;true;;30002;8622;474
DRESDEN/uf20-010.cnf.SAT/5ICbCg;GGP_BASE_PROVER;2015-04-26;true;;30000;32345;1617
DRESDEN/bidding-tictactoe_10coins/mu5VhQ;GGP_BASE_PROVER;2015-04-26;true;;30000;77307;5266
BASE/pancakes88/l2Xaig;GGP_BASE_PROVER;2015-04-26;true;;30000;529611;13242
BASE/ticTacToeLarge/TZC0dg;GGP_BASE_PROVER;2015-04-26;true;;30000;42000;1772
DRESDEN/pentago_2008/hLjVpQ;GGP_BASE_PROVER;2015-04-26;true;;30000;12961;239
BASE/tictactoex9/BI26ow;GGP_BASE_PROVER;2015-04-26;true;;30000;17795;607
BASE/futoshiki4/BaCwSw;GGP_BASE_PROVER;2015-04-26;true;;30000;20718;2202
BASE/asteroidsSerial/id2QkA;GGP_BASE_PROVER;2015-04-26;true;;30000;94920;1021
DRESDEN/Catch-Me-If-You-Can/ghGWrA;GGP_BASE_PROVER;2015-04-26;true;;30000;196483;5720
BASE/gt_staghunt/xPjLRA;GGP_BASE_PROVER;2015-04-26;true;;30000;256780;12839
BASE/cylinder-checkers/hlldmw;GGP_BASE_PROVER;2015-04-26;true;;30000;6579;66
BASE/ttcc4_2player/_aH_Mw;GGP_BASE_PROVER;2015-04-26;true;;30001;23609;597
BASE/lightsOn/MsXu3A;GGP_BASE_PROVER;2015-04-26;true;;30000;243677;19596
DRESDEN/kalaha_2009/gcC8uA;GGP_BASE_PROVER;2015-04-26;true;;30000;70826;851
BASE/duplicateStateMedium/U163eQ;GGP_BASE_PROVER;2015-04-26;true;;30000;237565;26396
BASE/untwistycomplex2/EDPPAQ;GGP_BASE_PROVER;2015-04-26;true;;30000;680466;97209
BASE/pearls/6k_mEQ;GGP_BASE_PROVER;2015-04-26;true;;30000;754780;68616
BASE/crossers3/O0rORg;GGP_BASE_PROVER;2015-04-26;true;;30000;28450;2138
BASE/eotcatcit/AfZSzA;GGP_BASE_PROVER;2015-04-26;true;;30000;100810;13222
BASE/gt_coordination/IVMOzA;GGP_BASE_PROVER;2015-04-26;true;;30000;271132;13556
BASE/ticTacHeavenFC/mrletw;GGP_BASE_PROVER;2015-04-26;true;;30004;6915;246
DRESDEN/blocker/S815zQ;GGP_BASE_PROVER;2015-04-26;true;;30000;106106;13472
DRESDEN/quad/JPe6fg;GGP_BASE_PROVER;2015-04-26;true;;36011;48;1
DRESDEN/checkers-mustjump-torus/cVc3gA;GGP_BASE_PROVER;2015-04-26;true;;30004;5594;125
STANFORD/multiplesukoshi/vLSQPg;GGP_BASE_PROVER;2015-04-26;true;;30004;3701;80
BASE/conn4/va9Y7A;GGP_BASE_PROVER;2015-04-26;true;;30001;17242;806
BASE/ticTacToeNoVars/XT03NA;GGP_BASE_PROVER;2015-04-26;true;;30000;103225;13524
DRESDEN/frogs_and_toads/GjchhQ;GGP_BASE_PROVER;2015-04-26;true;;30000;28107;242
BASE/peg/fJHVWw;GGP_BASE_PROVER;2015-04-26;true;;30000;22325;917
DRESDEN/tictactoe-init1/3ltIBQ;GGP_BASE_PROVER;2015-04-26;true;;30000;96202;27470
DRESDEN/statespacemedium/dVJZ_w;GGP_BASE_PROVER;2015-04-26;true;;30000;362212;40245
DRESDEN/vacuum_cleaner_1/eUNjpw;GGP_BASE_PROVER;2015-04-26;true;;30000;172562;28735
BASE/snake_2008_tweaked/bX0NJQ;GGP_BASE_PROVER;2015-04-26;true;;30000;12850;810
BASE/nineBoardTicTacToe/wRmqqA;GGP_BASE_PROVER;2015-04-26;true;;30003;13123;460
BASE/queens06ug/7Lq3tw;GGP_BASE_PROVER;2015-04-26;true;;30000;79595;13265
DRESDEN/blobwars/ZaMluQ;GGP_BASE_PROVER;2015-04-26;true;;30002;8776;219
BASE/hallway/ckCJOw;GGP_BASE_PROVER;2015-04-26;true;;30000;11439;381
DRESDEN/Zhadu/9zpQ5w;GGP_BASE_PROVER;2015-04-26;true;;30018;1733;43
BASE/mummymaze2p/vpjDdA;GGP_BASE_PROVER;2015-04-26;true;;30000;34305;696
BASE/checkers/rOC3Xg;GGP_BASE_PROVER;2015-04-26;true;;30000;9615;96
DRESDEN/circlesolitaire/ruUilQ;GGP_BASE_PROVER;2015-04-26;true;;30000;215553;20961
BASE/numbertictactoe/rvJ-iQ;GGP_BASE_PROVER;2015-04-26;true;;30000;64155;7966
DRESDEN/skirmish3/3LU8Nw;GGP_BASE_PROVER;2015-04-26;true;;30000;13787;344
BASE/ghostMaze2p/W-NU-w;GGP_BASE_PROVER;2015-04-26;true;;30000;77142;1596
DRESDEN/tictactoelarge/IwXcbg;GGP_BASE_PROVER;2015-04-26;true;;30000;42463;1794
BASE/snake_2008/i6K26g;GGP_BASE_PROVER;2015-04-26;true;;30001;12587;759
BASE/ttcc4_2player_small/Cv72TA;GGP_BASE_PROVER;2015-04-26;true;;30000;35628;2363
BASE/snakeParallel/RCVNtw;GGP_BASE_PROVER;2015-04-26;true;;30000;125230;27193
BASE/crisscross/ICagEg;GGP_BASE_PROVER;2015-04-26;true;;30000;38540;1491
BASE/endgame/jYjfOA;GGP_BASE_PROVER;2015-04-26;true;;30000;18487;1320
DRESDEN/snake_2009_big/DgC1NQ;GGP_BASE_PROVER;2015-04-26;true;;30000;9114;535
DRESDEN/knightfight/4_Ly4w;GGP_BASE_PROVER;2015-04-26;true;;30000;91749;8496
STANFORD/knightstourbig/TQUI2g;GGP_BASE_PROVER;2015-04-26;true;;30000;396988;69452
DRESDEN/merrills/aYEzwA;GGP_BASE_PROVER;2015-04-26;true;;30000;6159;102
BASE/double_tictactoe_dengji/zgaSbA;GGP_BASE_PROVER;2015-04-26;true;;30000;43305;3044
DRESDEN/vacuumcleaner_obstacles_3/4NjSmw;GGP_BASE_PROVER;2015-04-26;true;;30000;21100;3505
DRESDEN/tictactoe_3d_2player/LMuX9w;GGP_BASE_PROVER;2015-04-26;true;;30001;8505;246
DRESDEN/crissrace/KWb9bw;GGP_BASE_PROVER;2015-04-26;true;;30000;26630;593
BASE/hodgepodge/9yjRkw;GGP_BASE_PROVER;2015-04-26;true;;30000;157016;157016
BASE/nim2/eF2Qqw;GGP_BASE_PROVER;2015-04-26;true;;30000;260334;29355
BASE/queens/HyJJnQ;GGP_BASE_PROVER;2015-04-26;true;;30006;14820;1482
DRESDEN/god/2EDD5w;GGP_BASE_PROVER;2015-04-26;true;;30004;3261;144
DRESDEN/skirmish/RjGQYQ;GGP_BASE_PROVER;2015-04-26;true;;30001;7980;199
BASE/nim1/hin2Qw;GGP_BASE_PROVER;2015-04-26;true;;30000;288578;42046
BASE/blocks/xIV5hQ;GGP_BASE_PROVER;2015-04-26;true;;30000;252856;84285
BASE/merrills/pku8Tg;GGP_BASE_PROVER;2015-04-26;true;;30002;6030;100
DRESDEN/pancakes88/aD3E7g;GGP_BASE_PROVER;2015-04-26;true;;30000;512233;12807
STANFORD/tictactoe5/WFRReg;GGP_BASE_PROVER;2015-04-26;true;;30000;94530;26013
BASE/aipsrovers01/4C4jsw;GGP_BASE_PROVER;2015-04-26;true;;30000;132007;4559
DRESDEN/knightstour/cGISAA;GGP_BASE_PROVER;2015-04-26;true;;30000;439871;90597
BASE/knightazons/apnJBQ;GGP_BASE_PROVER;2015-04-26;true;;30002;7646;115
BASE/majorities/ibJzSQ;GGP_BASE_PROVER;2015-04-26;true;;30006;4863;91
BASE/connect4/50bOyw;GGP_BASE_PROVER;2015-04-26;true;;30000;13605;621
BASE/2pffa/6oHijA;GGP_BASE_PROVER;2015-04-26;true;;30000;49903;1663
DRESDEN/quad_7x7/q-JOXg;GGP_BASE_PROVER;2015-04-26;true;;39366;66;2
DRESDEN/chinesecheckers1/Y-ftaA;GGP_BASE_PROVER;2015-04-26;true;;30000;59826;2106
DRESDEN/amazons/dNB28A;GGP_BASE_PROVER;2015-04-26;true;;30024;1122;16
DRESDEN/Travelers-Dilemma/PvZwYw;GGP_BASE_PROVER;2015-04-26;true;;30000;440601;44060
DRESDEN/connect4/T0-rHQ;GGP_BASE_PROVER;2015-04-26;true;;30001;13666;642
DRESDEN/cubicup/SBn_lw;GGP_BASE_PROVER;2015-04-26;true;;30000;10372;185
BASE/knightThrough/gcwFjA;GGP_BASE_PROVER;2015-04-26;true;;30000;33169;997
BASE/futoshiki6/JmvXNA;GGP_BASE_PROVER;2015-04-26;true;;30002;6223;303
STANFORD/untwistycomplex/HTWEwg;GGP_BASE_PROVER;2015-04-26;true;;30000;366696;40744
BASE/chineseCheckers1/gqtwHw;GGP_BASE_PROVER;2015-04-26;true;;30000;112008;3963
DRESDEN/3qbf-5cnf-20var-40cl.1.qdimacs.SAT/2034pg;GGP_BASE_PROVER;2015-04-26;true;;30000;29584;510
STANFORD/pilgrimage/ObRZnQ;GGP_BASE_PROVER;2015-04-26;true;;30001;19123;261
BASE/hanoi_6_disks/MeubgQ;GGP_BASE_PROVER;2015-04-26;true;;30000;168603;47465
BASE/qyshinsu/R08Lzw;GGP_BASE_PROVER;2015-04-26;true;;30002;2908;118
BASE/checkersTiny/Lr48cg;GGP_BASE_PROVER;2015-04-26;true;;30001;17447;289
DRESDEN/vacuumcleaner_obstacles_1/CqS-7A;GGP_BASE_PROVER;2015-04-26;true;;30000;149274;24759
DRESDEN/tictactoe/BTTzPw;GGP_BASE_PROVER;2015-04-26;true;;30000;102733;13467
DRESDEN/blocks/vg0DRw;GGP_BASE_PROVER;2015-04-26;true;;30000;263075;87691
DRESDEN/laikLee_hex/ZeP3QQ;GGP_BASE_PROVER;2015-04-26;true;;30015;3607;171
BASE/cittaceot/fDxhXg;GGP_BASE_PROVER;2015-04-26;true;;30000;29555;1366
DRESDEN/3pffa/0YrmQw;GGP_BASE_PROVER;2015-04-26;true;;30000;49622;1654
STANFORD/trifecta/ss1kyQ;GGP_BASE_PROVER;2015-04-26;true;;30000;101943;13419
DRESDEN/bomberman2p/x4h6jQ;GGP_BASE_PROVER;2015-04-26;true;;30000;37502;4778
BASE/speedChess/bPnisA;GGP_BASE_PROVER;2015-04-26;true;;30004;4746;43
BASE/pawnWhopping/Ypc_6Q;GGP_BASE_PROVER;2015-04-26;true;;30000;19720;577
BASE/hexPie/48CH6Q;GGP_BASE_PROVER;2015-04-26;true;;30005;5848;82
DRESDEN/smallest_4player/ADDROA;GGP_BASE_PROVER;2015-04-26;true;;30000;116416;4935
STANFORD/untwistycorridor/EDPPAQ;GGP_BASE_PROVER;2015-04-26;true;;30000;705626;100803
BASE/wargame02/BkVqqQ;GGP_BASE_PROVER;2015-04-26;true;;30001;13184;4391
STANFORD/dualrainbow/G3OnRQ;GGP_BASE_PROVER;2015-04-26;true;;30000;139719;23286
BASE/mummyMaze2p_2007/YGA3Vw;GGP_BASE_PROVER;2015-04-26;true;;30000;49051;1053
BASE/queens08ug/kJ_ZFQ;GGP_BASE_PROVER;2015-04-26;true;;30000;49434;6179
STANFORD/sukoshi/4LYZZQ;GGP_BASE_PROVER;2015-04-26;true;;30000;52455;9649
BASE/golden_rectangle/_nYzfw;GGP_BASE_PROVER;2015-04-26;true;;30000;9003;303
DRESDEN/knightwar/7hhAqg;GGP_BASE_PROVER;2015-04-26;true;;30000;50467;5875
BASE/queens08lg/Ru7eqQ;GGP_BASE_PROVER;2015-04-26;true;;30001;10448;1692
DRESDEN/uf20-020.cnf.SAT/hDrW_A;GGP_BASE_PROVER;2015-04-26;true;;30000;31699;1584
BASE/max_knights/2fq3Ag;GGP_BASE_PROVER;2015-04-26;true;;30000;35925;6825
DRESDEN/checkers-mustjump/HUr33w;GGP_BASE_PROVER;2015-04-26;true;;30002;7185;141
BASE/pegEuro/5awwhg;GGP_BASE_PROVER;2015-04-26;true;;30001;18105;700
BASE/sudokuGrade6E/ihYFZA;GGP_BASE_PROVER;2015-04-26;true;;30019;728;15
DRESDEN/chinesecheckers6-simultaneous/gPPGUw;GGP_BASE_PROVER;2015-04-26;true;;30000;10314;441
DRESDEN/kitten_escapes_from_fire/uW-YiA;GGP_BASE_PROVER;2015-04-26;true;;30000;147108;17728
BASE/blokbox_simple/JBx4bg;GGP_BASE_PROVER;2015-04-26;true;;31652;26;1
DRESDEN/lightsout/XgLpzQ;GGP_BASE_PROVER;2015-04-26;true;;30000;36539;1826
DRESDEN/tictactoelargesuicide/6J4DeA;GGP_BASE_PROVER;2015-04-26;true;;30001;45185;1898
DRESDEN/knightazons/02I8BQ;GGP_BASE_PROVER;2015-04-26;true;;30001;7985;121
BASE/tictactoe_3d_6player/d7KSwg;GGP_BASE_PROVER;2015-04-26;true;;30000;7269;74
DRESDEN/nim1/M9BALA;GGP_BASE_PROVER;2015-04-26;true;;30000;285767;41611
BASE/skirmishHoles/AUCxCA;GGP_BASE_PROVER;2015-04-26;true;;30012;1416;14
DRESDEN/roshambo2/jgSlkQ;GGP_BASE_PROVER;2015-04-26;true;;30000;408740;48113
BASE/checkers-newgoals/0XkFiA;GGP_BASE_PROVER;2015-04-26;true;;30001;6984;70
DRESDEN/battlebrushes/QHXV4A;GGP_BASE_PROVER;2015-04-26;true;;30001;2766;145
DRESDEN/racer/vk_ZBA;GGP_BASE_PROVER;2015-04-26;true;;30000;66092;4803
BASE/gt_two_thirds_2p/1APDGg;GGP_BASE_PROVER;2015-04-26;true;;30000;75325;75325
BASE/sudokuGrade2/u80Tfw;GGP_BASE_PROVER;2015-04-26;true;;30017;763;20
BASE/chinook/XQh0IQ;GGP_BASE_PROVER;2015-04-26;true;;30000;18261;620
STANFORD/duidoku/3SoMaA;GGP_BASE_PROVER;2015-04-26;true;;30048;720;17
DRESDEN/blocksworldparallel/2JfVaw;GGP_BASE_PROVER;2015-04-26;true;;30000;86316;28772
DRESDEN/point_grab/r5DPmQ;GGP_BASE_PROVER;2015-04-26;true;;30000;418561;13952
BASE/minichess/8NQEiA;GGP_BASE_PROVER;2015-04-26;true;;30000;50421;16807
DRESDEN/2player_normal_form_2010/NG_Kdg;GGP_BASE_PROVER;2015-04-26;true;;30000;183407;183407
DRESDEN/bidding-tictactoe/yW5vTA;GGP_BASE_PROVER;2015-04-26;true;;30000;80553;5506
BASE/checkersSmall/SYmq8w;GGP_BASE_PROVER;2015-04-26;true;;30002;12751;136
DRESDEN/statespacesmall/h-NqjA;GGP_BASE_PROVER;2015-04-26;true;;30000;507719;126929
BASE/connectFourSimultaneous/7ITr3g;GGP_BASE_PROVER;2015-04-26;true;;30000;14469;798
STANFORD/hunter/14dD-g;GGP_BASE_PROVER;2015-04-26;true;;30000;126586;9041
BASE/amazonsSuicide_10x10/XIbQkg;GGP_BASE_PROVER;2015-04-26;true;;30006;8945;65
BASE/connectFourLarger/qKi60A;GGP_BASE_PROVER;2015-04-26;true;;30001;14052;432
DRESDEN/3qbf-5cnf-20var-40cl.0.qdimacs/-6hrIw;GGP_BASE_PROVER;2015-04-26;true;;30000;31334;535
BASE/tictactoe_3player/GtM71g;GGP_BASE_PROVER;2015-04-26;true;;30001;28309;1385
DRESDEN/troublemaker01/C-lPWw;GGP_BASE_PROVER;2015-04-26;true;;30000;586204;195641
BASE/ticTacToeLargeSuicide/727_8g;GGP_BASE_PROVER;2015-04-26;true;;30000;41553;1748
BASE/doubletoetictac/fu35bg;GGP_BASE_PROVER;2015-04-26;true;;30000;39002;4696
DRESDEN/oisters_farm/pTQMLg;GGP_BASE_PROVER;2015-04-26;true;;30000;273230;5576
BASE/factoringGeorgeForman/HGRorQ;GGP_BASE_PROVER;2015-04-26;true;;30000;176983;3731
DRESDEN/pawn_whopping_simultaneous/r8dLfw;GGP_BASE_PROVER;2015-04-26;true;;30000;18026;996
DRESDEN/3qbf-5cnf-20var-40cl.2.qdimacs.SAT/Q8-axQ;GGP_BASE_PROVER;2015-04-26;true;;30000;30433;519
BASE/gt_dollar/TGjqRw;GGP_BASE_PROVER;2015-04-26;true;;30000;221709;110463
DRESDEN/tictactoex9/rFkD4w;GGP_BASE_PROVER;2015-04-26;true;;30000;17878;604
BASE/connectFour/WAIKTw;GGP_BASE_PROVER;2015-04-26;true;;30000;29923;1331
BASE/blockerParallel/7-nDJA;GGP_BASE_PROVER;2015-04-26;true;;30000;27430;3927
DRESDEN/tictactoe_3d_small_6player/llDEDQ;GGP_BASE_PROVER;2015-04-26;true;;30000;17387;485
DRESDEN/eotcatcit/mQUxzA;GGP_BASE_PROVER;2015-04-26;true;;30000;98499;12908
DRESDEN/stratego/Z2wovg;GGP_BASE_PROVER;2015-04-26;true;;30001;19315;481
BASE/blocker/dIWtxg;GGP_BASE_PROVER;2015-04-26;true;;30000;107636;13643
DRESDEN/othello-cornercontrol/r5Gdlg;GGP_BASE_PROVER;2015-04-26;true;;30232;106;2
DRESDEN/tictactoe_3player/ESLQQQ;GGP_BASE_PROVER;2015-04-26;true;;30002;28948;1425
DRESDEN/coins/QwFP9w;GGP_BASE_PROVER;2015-04-26;true;;30000;9232;3687
DRESDEN/nim2/z5_exA;GGP_BASE_PROVER;2015-04-26;true;;30000;261702;29580
STANFORD/tictictoe/rpt_Dw;GGP_BASE_PROVER;2015-04-26;true;;30000;61111;12152
STANFORD/triplesukoshi/Iu9mbA;GGP_BASE_PROVER;2015-04-26;true;;30000;23159;3308
STANFORD/connectfour/VMpZkQ;GGP_BASE_PROVER;2015-04-26;true;;30000;30405;1349
BASE/minichess-evilconjuncts/4OpQzw;GGP_BASE_PROVER;2015-04-26;true;;30001;5431;613
STANFORD/8puzzle/jNiGtw;GGP_BASE_PROVER;2015-04-26;true;;30000;106764;1779
STANFORD/duikoshi/tpw1sw;GGP_BASE_PROVER;2015-04-26;true;;30000;18223;1367
BASE/doubletictactoe/HH1htg;GGP_BASE_PROVER;2015-04-26;true;;30000;39782;4772
BASE/mummymaze1p/PT_EXA;GGP_BASE_PROVER;2015-04-26;true;;30000;50709;9101
BASE/amazons_8x8/7SOsIw;GGP_BASE_PROVER;2015-04-26;true;;30001;11731;128
BASE/toetictac/mTThmg;GGP_BASE_PROVER;2015-04-26;true;;30000;143948;18878
DRESDEN/sum15/CsgWKg;GGP_BASE_PROVER;2015-04-26;true;;30000;127212;16639
DRESDEN/pawn_whopping/4ogBkg;GGP_BASE_PROVER;2015-04-26;true;;30001;20268;552
BASE/eotcitcit/V_9_bg;GGP_BASE_PROVER;2015-04-26;true;;30000;64527;12858
BASE/ruleDepthLinear/OUBJpQ;GGP_BASE_PROVER;2015-04-26;true;;30000;971137;485727
BASE/lightsOnSimultaneous/_VN6lw;GGP_BASE_PROVER;2015-04-26;true;;30000;55333;3619
DRESDEN/minichess-evilconjuncts/th24Tw;GGP_BASE_PROVER;2015-04-26;true;;30002;5270;595
BASE/knightwar/DVGY4Q;GGP_BASE_PROVER;2015-04-26;true;;30000;52322;6124
BASE/nineBoardTicTacToePie/B8LzeQ;GGP_BASE_PROVER;2015-04-26;true;;30002;11560;403
BASE/biddingTicTacToe/8mESVw;GGP_BASE_PROVER;2015-04-26;true;;30000;80939;5491
BASE/amazons/RKKZjw;GGP_BASE_PROVER;2015-04-26;true;;30117;70;1
BASE/quartoSuicide/-23jUg;GGP_BASE_PROVER;2015-04-26;true;;30000;43089;1847
BASE/sheepAndWolf/g4THrg;GGP_BASE_PROVER;2015-04-26;true;;30000;24305;590
BASE/tictactoe_orthogonal/WRzlVw;GGP_BASE_PROVER;2015-04-26;true;;30000;119289;14888
DRESDEN/quarto/OQzRYQ;GGP_BASE_PROVER;2015-04-26;true;;30000;42108;1811
BASE/amazonsTorus/soxT8g;GGP_BASE_PROVER;2015-04-26;true;;32072;9;0
BASE/pentago/86NgKw;GGP_BASE_PROVER;2015-04-26;true;;30001;13250;241
BASE/queens31lg/0gID-A;GGP_BASE_PROVER;2015-04-26;true;;30054;101;4
BASE/checkers-cylinder-mustjump/rjr6qQ;GGP_BASE_PROVER;2015-04-26;true;;30003;5695;128
BASE/breakthroughWalls/vOZaYA;GGP_BASE_PROVER;2015-04-26;true;;30001;15575;238
DRESDEN/skirmishfinal/hzq8ww;GGP_BASE_PROVER;2015-04-26;true;;30012;1949;33
DRESDEN/4pttc/9pB9AQ;GGP_BASE_PROVER;2015-04-26;true;;30000;35375;1124
BASE/biddingTicTacToe_10coins/a-9ccQ;GGP_BASE_PROVER;2015-04-26;true;;30000;77053;5241
BASE/colonelBlottoVariant2/jruwGw;GGP_BASE_PROVER;2015-04-26;true;;30000;207960;41646
DRESDEN/uf20-010.cnf.SAT.satlike/g7LF6g;GGP_BASE_PROVER;2015-04-26;true;;30002;14240;712
BASE/gt_attrition/kD_SCA;GGP_BASE_PROVER;2015-04-26;true;;30000;64751;12950
BASE/switches/tPUoCg;GGP_BASE_PROVER;2015-04-26;true;;30000;339532;339532
BASE/chineseCheckers3/-1rZdQ;GGP_BASE_PROVER;2015-04-26;true;;30000;70469;1298
DRESDEN/vacuumcleaner_random/_6AGDA;GGP_BASE_PROVER;2015-04-26;true;;30000;126998;21098
BASE/gt_tinfoil/Q8DyKg;GGP_BASE_PROVER;2015-04-26;true;;30000;314675;31467
BASE/lightsOnSimul4/9FeASw;GGP_BASE_PROVER;2015-04-26;true;;30000;42411;6564
BASE/tictactoe-init1/7M19vA;GGP_BASE_PROVER;2015-04-26;true;;30000;95581;27294
DRESDEN/3pttc/uwYBZw;GGP_BASE_PROVER;2015-04-26;true;;30000;45636;1561
DRESDEN/tictictoe/LAUtwg;GGP_BASE_PROVER;2015-04-26;true;;30000;62551;12432
BASE/kitten_escapes_from_fire/uW-YiA;GGP_BASE_PROVER;2015-04-26;true;;30000;136108;16379
BASE/duplicateStateLarge/dcjyuw;GGP_BASE_PROVER;2015-04-26;true;;30000;142934;10209
BASE/withConviction/3Xm54A;GGP_BASE_PROVER;2015-04-26;true;;30002;18100;724
BASE/othelloSuicide/B442jg;GGP_BASE_PROVER;2015-04-26;true;;30188;151;2
BASE/snake2p/I3wWPQ;GGP_BASE_PROVER;2015-04-26;true;;30002;10407;7861
DRESDEN/connect5/1kYzSg;GGP_BASE_PROVER;2015-04-26;true;;30005;13952;303
BASE/nim4/twk16w;GGP_BASE_PROVER;2015-04-26;true;;30000;225462;16812
BASE/alexChess/LNo83g;GGP_BASE_PROVER;2015-04-26;true;;30064;131;0
DRESDEN/hanoi_6_disks/MeubgQ;GGP_BASE_PROVER;2015-04-26;true;;30000;177390;49846
BASE/cubicup/4wNWJA;GGP_BASE_PROVER;2015-04-26;true;;30001;10441;186
BASE/colonelBlottoVariant/X-n-KQ;GGP_BASE_PROVER;2015-04-26;true;;30000;194841;19484
DRESDEN/tictactoeparallel/yk_DSg;GGP_BASE_PROVER;2015-04-26;true;;30000;44452;6433
STANFORD/tictactoe/ss1kyQ;GGP_BASE_PROVER;2015-04-26;true;;30000;111262;14582
DRESDEN/doubletictactoe/lJzgmQ;GGP_BASE_PROVER;2015-04-26;true;;30000;38733;4648
BASE/3pffa/pR0dzA;GGP_BASE_PROVER;2015-04-26;true;;30000;44159;1471
BASE/knightsTourLarge/M8jgLA;GGP_BASE_PROVER;2015-04-26;true;;30000;410984;68710
BASE/troublemaker02/DI83KA;GGP_BASE_PROVER;2015-04-26;true;;30000;555435;185198
BASE/skirmishNew/sibw2g;GGP_BASE_PROVER;2015-04-26;true;;30001;5101;51
DRESDEN/checkers-cylinder-mustjump/vW_-pA;GGP_BASE_PROVER;2015-04-26;true;;30004;5812;129
BASE/dotsAndBoxesSuicide/jzQbLw;GGP_BASE_PROVER;2015-04-26;true;;30001;18474;307
DRESDEN/troublemaker02/iZLVuA;GGP_BASE_PROVER;2015-04-26;true;;30000;536217;178787
DRESDEN/pacman3p/rBnk8Q;GGP_BASE_PROVER;2015-04-26;true;;30000;28571;591
DRESDEN/max_knights/hCipiA;GGP_BASE_PROVER;2015-04-26;true;;30000;39503;7411
DRESDEN/bunk_t/7-tPfA;GGP_BASE_PROVER;2015-04-26;true;;30000;37195;4457
BASE/tictactoe_3d_2player/IUC1rQ;GGP_BASE_PROVER;2015-04-26;true;;30004;8176;227
DRESDEN/sat_test_20v_91c_version2/a1mPBA;GGP_BASE_PROVER;2015-04-26;true;;30000;29286;1464
DRESDEN/peg/Vo31eg;GGP_BASE_PROVER;2015-04-26;true;;30000;21096;867
DRESDEN/minichess/c7GMFw;GGP_BASE_PROVER;2015-04-26;true;;30000;35672;4045
BASE/factoringEasyTurtleBrain/lUj94Q;GGP_BASE_PROVER;2015-04-26;true;;30000;115727;1928
DRESDEN/lightsout2/LFtfyQ;GGP_BASE_PROVER;2015-04-26;true;;30000;42958;2147
BASE/chineseCheckers2/eCMR3Q;GGP_BASE_PROVER;2015-04-26;true;;30000;86778;2293
BASE/nim3/1OwUqw;GGP_BASE_PROVER;2015-04-26;true;;30000;228255;17197
BASE/4pffa/Q3ADlg;GGP_BASE_PROVER;2015-04-26;true;;30000;37919;947
BASE/beatMania/qUHwvQ;GGP_BASE_PROVER;2015-04-26;true;;30000;221985;3699
BASE/othelloHoles/c0qAzw;GGP_BASE_PROVER;2015-04-26;true;;30174;191;3
BASE/checkers-mustjump-torus/uSApKQ;GGP_BASE_PROVER;2015-04-26;true;;30002;5266;121
BASE/quad/tw-Ufg;GGP_BASE_PROVER;2015-04-26;true;;31169;81;1
DRESDEN/hanoi7/51zz5Q;GGP_BASE_PROVER;2015-04-26;true;;30000;190404;1499
BASE/blocksWorld/SEdXLQ;GGP_BASE_PROVER;2015-04-26;true;;30000;268757;89585
DRESDEN/hitori/S8Gsyg;GGP_BASE_PROVER;2015-04-26;true;;30005;3607;36
BASE/maze/cCX3qQ;GGP_BASE_PROVER;2015-04-26;true;;30000;514604;58563
DRESDEN/javastrike/whONTQ;GGP_BASE_PROVER;2015-04-26;true;;30002;8072;16
DRESDEN/twisty-passages/j7NPyg;GGP_BASE_PROVER;2015-04-26;true;;30000;203146;1020
BASE/skirmishFinal1/ecWTnQ;GGP_BASE_PROVER;2015-04-26;true;;30010;1920;32
BASE/othello-comp2007/86ZoMw;GGP_BASE_PROVER;2015-04-26;true;;30041;153;2
BASE/asteroidsParallel/WauZiA;GGP_BASE_PROVER;2015-04-26;true;;30000;97394;2212
BASE/tictactoe_3d_small_6player/g_9lww;GGP_BASE_PROVER;2015-04-26;true;;30000;17653;497
DRESDEN/ghostmaze2p/HY0UwA;GGP_BASE_PROVER;2015-04-26;true;;30000;75212;1554
BASE/checkersTorus/2vm1EQ;GGP_BASE_PROVER;2015-04-26;true;;30000;16570;285
BASE/tpeg/QNs7Lw;GGP_BASE_PROVER;2015-04-26;true;;30000;23673;1951
DRESDEN/satlike_20v_91c_version2/yd9ioQ;GGP_BASE_PROVER;2015-04-26;true;;30018;14300;715
DRESDEN/catch_me/ghGWrA;GGP_BASE_PROVER;2015-04-26;true;;30000;213681;6322
DRESDEN/tictactoe_3d_small_2player/HYttcg;GGP_BASE_PROVER;2015-04-26;true;;30000;25386;2079
DRESDEN/vacuumcleaner_obstacles_5/fXBV4g;GGP_BASE_PROVER;2015-04-26;true;;30000;21418;3591
STANFORD/kono/HI7CHA;GGP_BASE_PROVER;2015-04-26;false;IndexOutOfBoundsException: index (4) must be less than size (4);0;0;0
BASE/factoringMediumTurtleBrain/8RBqmQ;GGP_BASE_PROVER;2015-04-26;true;;30000;29860;355
BASE/englishDraughts/jFkQxg;GGP_BASE_PROVER;2015-04-26;true;;30000;19926;290
BASE/snakeAssemblit/sOydSg;GGP_BASE_PROVER;2015-04-26;true;;30000;11320;1369
BASE/bunk_t/xbpfIA;GGP_BASE_PROVER;2015-04-26;true;;30000;38532;4618
DRESDEN/chinesecheckers4/-oVNYg;GGP_BASE_PROVER;2015-04-26;true;;30000;21137;365
DRESDEN/statespacelarge/8-y5HQ;GGP_BASE_PROVER;2015-04-26;true;;30000;260216;18586
BASE/ticTacHeaven/18n58A;GGP_BASE_PROVER;2015-04-26;true;;30002;7675;328
BASE/connectFourSuicide/c8p9Kw;GGP_BASE_PROVER;2015-04-26;true;;30000;30661;1384
DRESDEN/slidingpieces/s9_44g;GGP_BASE_PROVER;2015-04-26;true;;30002;10318;127
BASE/chineseCheckers4/avfBcQ;GGP_BASE_PROVER;2015-04-26;true;;30000;37263;646
BASE/breakthroughSmallHoles/bxclRw;GGP_BASE_PROVER;2015-04-26;true;;30000;20930;805
DRESDEN/farmers/S_ASnw;GGP_BASE_PROVER;2015-04-26;true;;30000;33560;3356
BASE/sudokuGrade5/BQfUQA;GGP_BASE_PROVER;2015-04-26;true;;30033;743;19
STANFORD/selectivesukoshi/3xmXYg;GGP_BASE_PROVER;2015-04-26;true;;30010;2262;76
DRESDEN/cylinder-checkers/clOO3Q;GGP_BASE_PROVER;2015-04-26;true;;30004;6593;67
BASE/pacman3p/wW7UVQ;GGP_BASE_PROVER;2015-04-26;true;;30001;27700;584
DRESDEN/breakthroughsuicide/Y9QzqQ;GGP_BASE_PROVER;2015-04-26;true;;30000;26817;421
BASE/wallmaze/uxNQ9g;GGP_BASE_PROVER;2015-04-26;true;;30000;25160;867
DRESDEN/crisscross/GsY16g;GGP_BASE_PROVER;2015-04-26;true;;30000;38178;1476
BASE/tictactoe_3d_small_2player/oOryKA;GGP_BASE_PROVER;2015-04-26;true;;30000;24550;2007
BASE/connectFourLarge/aU644A;GGP_BASE_PROVER;2015-04-26;true;;30000;21870;821
DRESDEN/mummymaze1p/AekgaQ;GGP_BASE_PROVER;2015-04-26;true;;30000;54593;9822
BASE/battle/8oAvhQ;GGP_BASE_PROVER;2015-04-26;true;;30008;2737;91
DRESDEN/ggp-course2013_michal13/jWKddg;GGP_BASE_PROVER;2015-04-26;true;;30024;369;12
BASE/chomp/-LcqYQ;GGP_BASE_PROVER;2015-04-26;true;;30000;81245;11532
DRESDEN/chinesecheckers2/06E6-Q;GGP_BASE_PROVER;2015-04-26;true;;30000;44084;1165
DRESDEN/sheep_and_wolf/enAIzQ;GGP_BASE_PROVER;2015-04-26;true;;30000;24517;591
DRESDEN/Goldrush/VeWczQ;GGP_BASE_PROVER;2015-04-26;true;;30000;42963;5665
BASE/bomberman2p/4CClwA;GGP_BASE_PROVER;2015-04-26;true;;30000;40191;5158
DRESDEN/satlike_20v_91c/yeuENQ;GGP_BASE_PROVER;2015-04-26;true;;30023;14940;747
BASE/amazonsTorus_10x10/Uxc08g;GGP_BASE_PROVER;2015-04-26;true;;30002;6141;40
BASE/lightsOnParallel/SC6enA;GGP_BASE_PROVER;2015-04-26;true;;30000;108596;5479
DRESDEN/small_dominion/yB5GJA;GGP_BASE_PROVER;2015-04-26;true;;30014;3979;136
DRESDEN/quartosuicide/WIU1oQ;GGP_BASE_PROVER;2015-04-26;true;;30000;42462;1812
DRESDEN/blocks2player/3ev8nQ;GGP_BASE_PROVER;2015-04-26;true;;30000;207330;11518
BASE/ticTacToeSerial/Amrwqw;GGP_BASE_PROVER;2015-04-26;true;;30000;34721;2269
DRESDEN/pawn_whopping_corrected/7Ov0jQ;GGP_BASE_PROVER;2015-04-26;true;;30000;19758;572
DRESDEN/knightthrough/J7Fc_Q;GGP_BASE_PROVER;2015-04-26;true;;30000;37841;1130
DRESDEN/chinesecheckers6/yTbPDA;GGP_BASE_PROVER;2015-04-26;true;;30000;29780;504
DRESDEN/hanoi/RQ0jiA;GGP_BASE_PROVER;2015-04-26;true;;30000;220433;7110
DRESDEN/battlesnakes2011/93VtTw;GGP_BASE_PROVER;2015-04-26;true;;30000;37403;1141
STANFORD/alquerquezero/uVgA_A;GGP_BASE_PROVER;2015-04-26;true;;30000;34974;1206
STANFORD/threepuzzle/41ibjA;GGP_BASE_PROVER;2015-04-26;true;;30000;294774;49129
BASE/factoringMutuallyAssuredDestruction/NH0LGg;GGP_BASE_PROVER;2015-04-26;true;;30000;143125;7156
BASE/knightmove/jBaJEw;GGP_BASE_PROVER;2015-04-26;true;;30000;52543;1484
DRESDEN/3qbf-5cnf-20var-40cl.1.qdimacs.viz.SAT/2034pg;GGP_BASE_PROVER;2015-04-26;true;;30000;28941;497
BASE/connect5/d-BVQg;GGP_BASE_PROVER;2015-04-26;true;;30001;13655;304
BASE/breakthrough/TGxk-g;GGP_BASE_PROVER;2015-04-26;true;;30000;15320;238
DRESDEN/chinesecheckers3/QsCb2A;GGP_BASE_PROVER;2015-04-26;true;;30000;39201;717
BASE/sudokuGrade4/DTy07w;GGP_BASE_PROVER;2015-04-26;true;;30000;726;18
BASE/ticblock/T21C1g;GGP_BASE_PROVER;2015-04-26;true;;30000;52227;3159
BASE/coloredtrails/EZvr7g;GGP_BASE_PROVER;2015-04-26;true;;30000;80708;8967
BASE/futoshiki5/TJ4BZg;GGP_BASE_PROVER;2015-04-26;true;;30000;9748;717
BASE/sum15/QZ07Kg;GGP_BASE_PROVER;2015-04-26;true;;30000;123235;16165
BASE/pancakes6/QZTdnw;GGP_BASE_PROVER;2015-04-26;true;;30000;660200;16653
DRESDEN/chomp/-LcqYQ;GGP_BASE_PROVER;2015-04-26;true;;30000;79693;11366
DRESDEN/gt_prisoner/huCp4w;GGP_BASE_PROVER;2015-04-26;true;;30000;212589;10629
BASE/amazonsSuicide/dE1QEQ;GGP_BASE_PROVER;2015-04-26;true;;30254;67;1
DRESDEN/firefighter/WJmoPw;GGP_BASE_PROVER;2015-04-26;true;;30000;186241;4239
DRESDEN/fizzbuzz/t1xHzQ;GGP_BASE_PROVER;2015-04-26;true;;30000;581214;19373
BASE/blocksWorldParallel/RseaAQ;GGP_BASE_PROVER;2015-04-26;true;;30000;23334;7778
DRESDEN/mummymaze2p/k-8edg;GGP_BASE_PROVER;2015-04-26;true;;30000;34362;701
DRESDEN/tictactoe_orthogonal/y69QFQ;GGP_BASE_PROVER;2015-04-26;true;;30000;116781;14565
BASE/slaughter/cOch8A;GGP_BASE_PROVER;2015-04-26;true;;30005;786;3
BASE/onestep/xi53wA;GGP_BASE_PROVER;2015-04-26;true;;30000;1044945;1044945
DRESDEN/chickentictactoe/Ipbo-g;GGP_BASE_PROVER;2015-04-26;true;;30000;86294;12178
BASE/troublemaker01/s3tlEQ;GGP_BASE_PROVER;2015-04-26;true;;30000;601568;200508
DRESDEN/chickentoetictac/cxYaRQ;GGP_BASE_PROVER;2015-04-26;true;;30000;120636;16939
BASE/gt_ultimatum/GE-uOA;GGP_BASE_PROVER;2015-04-26;true;;30000;244901;12245
STANFORD/breakthroughsmall/HM0s5w;GGP_BASE_PROVER;2015-04-26;true;;30000;25744;910
BASE/skirmishZeroSum/zh4hcw;GGP_BASE_PROVER;2015-04-26;true;;30003;4940;49
BASE/racer/QQYQNw;GGP_BASE_PROVER;2015-04-26;true;;30000;65470;4689
STANFORD/checkersonabarrelnokings/Zrevdw;GGP_BASE_PROVER;2015-04-26;true;;30001;17694;363
BASE/gt_centipede/9fRMpw;GGP_BASE_PROVER;2015-04-26;true;;30000;326481;163608
DRESDEN/gt_chicken/CeuKtw;GGP_BASE_PROVER;2015-04-26;true;;30000;218829;10941
BASE/breakthroughSmall/HJ0tIA;GGP_BASE_PROVER;2015-04-26;true;;30000;25685;919
DRESDEN/vacuumcleaner_obstacles_2/Y-R7tA;GGP_BASE_PROVER;2015-04-26;true;;30000;144714;24207
BASE/3pConnectFour/PqXOFQ;GGP_BASE_PROVER;2015-04-26;true;;30000;18606;515
DRESDEN/Thief_Police/CX18rA;GGP_BASE_PROVER;2015-04-26;true;;30000;195766;5833
BASE/blockerSerial/3eqDuw;GGP_BASE_PROVER;2015-04-26;true;;30000;43707;2773
DRESDEN/grid_game/U7_Yeg;GGP_BASE_PROVER;2015-04-26;true;;30000;32015;914
BASE/ticTicToe/c1OobQ;GGP_BASE_PROVER;2015-04-26;true;;30000;64071;12738
BASE/stateSpaceLarge/0Ge_CQ;GGP_BASE_PROVER;2015-04-26;true;;30000;253697;18121
BASE/slidingpieces/uFJWEw;GGP_BASE_PROVER;2015-04-26;true;;30002;11123;137
BASE/3pttc/0sol9g;GGP_BASE_PROVER;2015-04-26;true;;30000;40603;1388
DRESDEN/tictactoe_3d_6player/ulZPWg;GGP_BASE_PROVER;2015-04-26;true;;30003;6911;68
DRESDEN/skirmish2/iPpWhQ;GGP_BASE_PROVER;2015-04-26;true;;30001;8884;222
STANFORD/platformjumpers/HEQskA;GGP_BASE_PROVER;2015-04-26;true;;30003;7092;139
DRESDEN/connectfoursuicide/M9CNQg;GGP_BASE_PROVER;2015-04-26;true;;30000;29981;1326
BASE/wargame01/_GZFZg;GGP_BASE_PROVER;2015-04-26;true;;30000;25609;2527
STANFORD/bestbuttonsandlightsbig/g0JC6g;GGP_BASE_PROVER;2015-04-26;true;;30000;277961;46326
DRESDEN/tttcc4/sAvtFg;GGP_BASE_PROVER;2015-04-26;true;;30000;20887;737
DRESDEN/ggp-course2013_nicolai/uEin8g;GGP_BASE_PROVER;2015-04-26;true;;30002;4557;137
DRESDEN/ggp-course2013_jordi/9QI6Kw;GGP_BASE_PROVER;2015-04-26;true;;30002;5542;172
DRESDEN/blockerparallel/dVQgSg;GGP_BASE_PROVER;2015-04-26;true;;30000;27096;3906
STANFORD/pentago/ZxzLmg;GGP_BASE_PROVER;2015-04-26;true;;30001;17968;328
BASE/sudokuGrade3/eI8dvg;GGP_BASE_PROVER;2015-04-26;true;;30026;754;19
BASE/choicethroughalt/tt71Lg;GGP_BASE_PROVER;2015-04-26;true;;30000;14791;371
BASE/hex/T1MK8g;GGP_BASE_PROVER;2015-04-26;true;;30001;6187;87
STANFORD/3puzzle/41ibjA;GGP_BASE_PROVER;2015-04-26;true;;30000;288997;48166
BASE/gt_chicken/gmepTQ;GGP_BASE_PROVER;2015-04-26;true;;30000;227764;11388
DRESDEN/vacuumcleaner_obstacles_6/NVwsZw;GGP_BASE_PROVER;2015-04-26;true;;30001;21529;3649
BASE/checkersBarrelNoKings/rnKNeg;GGP_BASE_PROVER;2015-04-26;true;;30000;20363;313
BASE/buttons/hTcUjw;GGP_BASE_PROVER;2015-04-26;true;;30000;662939;110489
BASE/brawl/6Ymo_Q;GGP_BASE_PROVER;2015-04-26;true;;30003;4814;481
DRESDEN/sat_test_20v_91c/dK7nVw;GGP_BASE_PROVER;2015-04-26;true;;30000;30375;1518
DRESDEN/doubletoetictac/V89gKQ;GGP_BASE_PROVER;2015-04-26;true;;30000;39086;4681
STANFORD/tictactoe7/-bE9-A;GGP_BASE_PROVER;2015-04-26;true;;30000;99676;17964
DRESDEN/tpeg/h-Scbg;GGP_BASE_PROVER;2015-04-26;true;;30000;23326;1913
STANFORD/knightstour/cEwgNA;GGP_BASE_PROVER;2015-04-26;true;;30000;436150;89714
DRESDEN/CephalopodMicro/H3XQfg;GGP_BASE_PROVER;2015-04-26;true;;30012;1544;35
BASE/skirmishFinal3/-Olhfw;GGP_BASE_PROVER;2015-04-26;true;;30002;2089;35
BASE/dualConnect4/WbCQkg;GGP_BASE_PROVER;2015-04-26;true;;30005;17845;567
DRESDEN/pancakes6/SZXMyQ;GGP_BASE_PROVER;2015-04-26;true;;30000;656713;16566
DRESDEN/toetictac/mJtxCA;GGP_BASE_PROVER;2015-04-26;true;;30000;145105;19049
BASE/2pffa_zerosum/o0_uZA;GGP_BASE_PROVER;2015-04-26;true;;30000;52436;1747
DRESDEN/grid_game2/kypTYQ;GGP_BASE_PROVER;2015-04-26;true;;30001;10815;220
DRESDEN/racetrackcorridor/O0DoTA;GGP_BASE_PROVER;2015-04-26;true;;30000;41231;2317
STANFORD/multiplebuttonsandlights/cK70Yg;GGP_BASE_PROVER;2015-04-26;true;;30000;411193;68532
BASE/coins/QnGtnQ;GGP_BASE_PROVER;2015-04-26;true;;30000;9012;3618
DRESDEN/pawntoqueen/f_x6Aw;GGP_BASE_PROVER;2015-04-26;true;;30026;686;51
DRESDEN/brawl/2kXtfQ;GGP_BASE_PROVER;2015-04-26;true;;30003;4850;485
DRESDEN/knightmove/97Ipcw;GGP_BASE_PROVER;2015-04-26;true;;30000;52351;1501
BASE/point_grab/r5DPmQ;GGP_BASE_PROVER;2015-04-26;true;;30000;426730;14224
DRESDEN/breakthroughsuicide_v2/LU1nAw;GGP_BASE_PROVER;2015-04-26;true;;30000;15471;242
BASE/snake_2009/7l-qAQ;GGP_BASE_PROVER;2015-04-26;true;;30002;12408;766
DRESDEN/gt_ultimatum/pAiiQw;GGP_BASE_PROVER;2015-04-26;true;;30000;232119;11605
STANFORD/breakthrough/d5j0cQ;GGP_BASE_PROVER;2015-04-26;true;;30000;33633;517
BASE/sudoku/NTaNkw;GGP_BASE_PROVER;2015-04-26;true;;30006;3049;37
STANFORD/knightstourmedium/x1wu8Q;GGP_BASE_PROVER;2015-04-26;true;;30000;441045;110439
STANFORD/dualhunter/1rPZjQ;GGP_BASE_PROVER;2015-04-26;true;;30000;63047;4503
DRESDEN/queens/mW2wHQ;GGP_BASE_PROVER;2015-04-26;true;;30002;15220;1522
BASE/roshambo2/KNPokQ;GGP_BASE_PROVER;2015-04-26;true;;30000;400346;47076
BASE/incredible/8Qh-6Q;GGP_BASE_PROVER;2015-04-26;true;;30000;99528;5238
DRESDEN/battle/8oAvhQ;GGP_BASE_PROVER;2015-04-26;true;;30000;2772;92
BASE/gt_prisoner/klthDw;GGP_BASE_PROVER;2015-04-26;true;;30000;244841;12242
DRESDEN/checkers-newgoals/IJOqXQ;GGP_BASE_PROVER;2015-04-26;true;;30002;7262;73
DRESDEN/battlesnakes1509/-qZrLw;GGP_BASE_PROVER;2015-04-26;true;;30000;36848;850
BASE/sudokuGrade6H/ieE_9A;GGP_BASE_PROVER;2015-04-26;true;;30030;722;15
BASE/hitori/S8Gsyg;GGP_BASE_PROVER;2015-04-26;true;;30000;3452;37
BASE/checkers-mustjump/T-8UuQ;GGP_BASE_PROVER;2015-04-26;true;;30000;6773;129
BASE/duplicateStateSmall/bCPAXw;GGP_BASE_PROVER;2015-04-26;true;;30000;397508;99377
BASE/four_way_battle/xSOQXA;GGP_BASE_PROVER;2015-04-26;true;;30003;7726;249
DRESDEN/mimikry/GJEhwA;GGP_BASE_PROVER;2015-04-26;true;;30000;25386;1060
BASE/stateSpaceSmall/Q7osKA;GGP_BASE_PROVER;2015-04-26;true;;30000;495815;123953
DRESDEN/double_tictactoe_dengji/bGaUyQ;GGP_BASE_PROVER;2015-04-26;true;;30000;42649;2998
BASE/4pttc/AL1k2Q;GGP_BASE_PROVER;2015-04-26;true;;30000;30886;984
BASE/tron_10x10/7ZTgDg;GGP_BASE_PROVER;2015-04-26;true;;30000;84135;28046
STANFORD/jointbuttonsandlights/qAKuIQ;GGP_BASE_PROVER;2015-04-26;true;;30000;201521;34959
BASE/reversiSuicide/9OxJlg;GGP_BASE_PROVER;2015-04-26;true;;30034;896;14
BASE/rubiksCube/9tNO9Q;GGP_BASE_PROVER;2015-04-26;true;;30000;22830;456
BASE/battlebrushes/arCwyA;GGP_BASE_PROVER;2015-04-26;true;;30004;2008;105
BASE/breakthroughSuicideSmall/XSbJog;GGP_BASE_PROVER;2015-04-26;true;;30000;25931;928
BASE/copolymer_4/2LDVhQ;GGP_BASE_PROVER;2015-04-26;true;;30000;49024;1407
BASE/racer4/0vs7Ww;GGP_BASE_PROVER;2015-04-26;true;;30000;25909;1144
BASE/solitaireChineseCheckers/-ET6gw;GGP_BASE_PROVER;2015-04-26;true;;30000;51408;952
BASE/nonogram_5x5_1/qLKEZw;GGP_BASE_PROVER;2015-04-26;true;;30001;8062;1407
BASE/shmup/ssTNlg;GGP_BASE_PROVER;2015-04-26;true;;30000;88471;10698
BASE/copolymer_4_pie/IN5_jA;GGP_BASE_PROVER;2015-04-26;true;;30000;43580;1216
BASE/connectFour_9x6/B9TtMw;GGP_BASE_PROVER;2015-04-26;true;;30000;28754;1228
BASE/nonogram_10x10_1/0Xc62g;GGP_BASE_PROVER;2015-04-26;true;;30001;1129;41
BASE/chess_200/XsTpYA;GGP_BASE_PROVER;2015-04-26;true;;30006;1351;7
BASE/hidato37/pBrqxw;GGP_BASE_PROVER;2015-04-26;true;;30004;3321;249
BASE/hidato19/rRHSmA;GGP_BASE_PROVER;2015-04-26;true;;30000;15913;2355
BASE/queens16ug/gT-ylw;GGP_BASE_PROVER;2015-04-26;true;;30001;13106;819
BASE/queens12ug/u6Bkmg;GGP_BASE_PROVER;2015-04-26;true;;30000;23766;1980
BASE/racetrackcorridor/_RkdUg;GGP_BASE_PROVER;2015-04-26;true;;30000;41987;2101
BASE/point_grab/V_osUg;GGP_BASE_PROVER;2015-04-26;true;;30000;432656;14421
BASE/snakeAssemblit/UO4sdg;GGP_BASE_PROVER;2015-04-26;true;;30000;12170;1492
