BASE/zhadu/DlA8iQ;PALAMEDES_JAVA_PROVER_USEOPT_TRUE;0.6.1;true;;30027;341;9
BASE/racetrackcorridor/k1OQRg;PALAMEDES_JAVA_PROVER_USEOPT_TRUE;0.6.1;true;;30003;22665;1135
BASE/gt_two_thirds_4p/DStnxQ;PALAMEDES_JAVA_PROVER_USEOPT_TRUE;0.6.1;false;Exception of type NullPointerException;0;0;0
DRESDEN/nim4/F5YAYg;PALAMEDES_JAVA_PROVER_USEOPT_TRUE;0.6.1;true;;30000;126845;9440
BASE/lightsOut/5P1ZBw;PALAMEDES_JAVA_PROVER_USEOPT_TRUE;0.6.1;true;;30000;26938;1346
DRESDEN/crossers3/xiPTxg;PALAMEDES_JAVA_PROVER_USEOPT_TRUE;0.6.1;true;;30000;21554;1617
BASE/twisty-passages/DiZmmg;PALAMEDES_JAVA_PROVER_USEOPT_TRUE;0.6.1;true;;30000;34603;173
DRESDEN/sat_test_20v_91c_visualisation/aw8BIA;PALAMEDES_JAVA_PROVER_USEOPT_TRUE;0.6.1;true;;30001;19498;974
DRESDEN/hanoi7_bugfix/3gdnFw;PALAMEDES_JAVA_PROVER_USEOPT_TRUE;0.6.1;true;;30000;135247;1064
DRESDEN/mummymaze2p-comp2007/oTQRQg;PALAMEDES_JAVA_PROVER_USEOPT_TRUE;0.6.1;true;;30000;35322;751
DRESDEN/cubicup_3player/awDtsQ;PALAMEDES_JAVA_PROVER_USEOPT_TRUE;0.6.1;true;;30003;1846;21
DRESDEN/backgammon/mqCW0Q;PALAMEDES_JAVA_PROVER_USEOPT_TRUE;0.6.1;true;;30004;6090;34
STANFORD/multipletictactoe/_bkafQ;PALAMEDES_JAVA_PROVER_USEOPT_TRUE;0.6.1;true;;30001;8609;479
BASE/guess/SPpk1A;PALAMEDES_JAVA_PROVER_USEOPT_TRUE;0.6.1;true;;30000;32305;3647
BASE/kalaha5x2x3/WviNsw;PALAMEDES_JAVA_PROVER_USEOPT_TRUE;0.6.1;true;;30000;49745;509
BASE/ttcc4/Le0qjQ;PALAMEDES_JAVA_PROVER_USEOPT_TRUE;0.6.1;true;;30001;12717;451
BASE/cephalopodMicro/9l2D3g;PALAMEDES_JAVA_PROVER_USEOPT_TRUE;0.6.1;true;;30009;531;11
DRESDEN/brain_teaser_extended/ZDp94A;PALAMEDES_JAVA_PROVER_USEOPT_TRUE;0.6.1;true;;30000;54821;3654
DRESDEN/catcha_mouse/cHv4dw;PALAMEDES_JAVA_PROVER_USEOPT_TRUE;0.6.1;true;;30000;18172;1381
BASE/checkersTorusNoKings/pwb6oQ;PALAMEDES_JAVA_PROVER_USEOPT_TRUE;0.6.1;true;;30003;13081;215
BASE/knightsTour/mvtVIg;PALAMEDES_JAVA_PROVER_USEOPT_TRUE;0.6.1;true;;30000;246650;50874
STANFORD/nineboardtictactoe/y28P-A;PALAMEDES_JAVA_PROVER_USEOPT_TRUE;0.6.1;true;;30003;6415;214
BASE/tttcc4/8Bs2lg;PALAMEDES_JAVA_PROVER_USEOPT_TRUE;0.6.1;true;;30001;12791;449
BASE/blobwars/0XT15Q;PALAMEDES_JAVA_PROVER_USEOPT_TRUE;0.6.1;true;;30003;6227;155
DRESDEN/buttons/ADUaHw;PALAMEDES_JAVA_PROVER_USEOPT_TRUE;0.6.1;true;;30000;319202;53200
BASE/pancakes/yUgbXw;PALAMEDES_JAVA_PROVER_USEOPT_TRUE;0.6.1;true;;30000;322161;8118
BASE/wargame03/klXI8w;PALAMEDES_JAVA_PROVER_USEOPT_TRUE;0.6.1;true;;30001;11839;1879
BASE/hanoi7_bugfix/3gdnFw;PALAMEDES_JAVA_PROVER_USEOPT_TRUE;0.6.1;true;;30000;135737;1068
BASE/blocks2player/wnTLOQ;PALAMEDES_JAVA_PROVER_USEOPT_TRUE;0.6.1;true;;30000;161130;8952
DRESDEN/connectfour/5tc-Mg;PALAMEDES_JAVA_PROVER_USEOPT_TRUE;0.6.1;true;;30001;19776;886
BASE/quarto/EwBMVQ;PALAMEDES_JAVA_PROVER_USEOPT_TRUE;0.6.1;true;;30000;27739;1191
BASE/quad_5x5/JAEP5g;PALAMEDES_JAVA_PROVER_USEOPT_TRUE;0.6.1;true;;30000;2152;147
BASE/dotsAndBoxes/EHwA_w;PALAMEDES_JAVA_PROVER_USEOPT_TRUE;0.6.1;true;;30000;15913;265
BASE/pacman2p/4LEdQg;PALAMEDES_JAVA_PROVER_USEOPT_TRUE;0.6.1;true;;30000;18995;365
DRESDEN/latenttictactoe/kITHKg;PALAMEDES_JAVA_PROVER_USEOPT_TRUE;0.6.1;true;;30000;43299;4087
DRESDEN/uf20-020.cnf.SAT.satlike/WbqXoA;PALAMEDES_JAVA_PROVER_USEOPT_TRUE;0.6.1;true;;135813;60;3
BASE/mineClearingSmall/frsbvw;PALAMEDES_JAVA_PROVER_USEOPT_TRUE;0.6.1;true;;30001;5767;471
DRESDEN/breakthrough/z4hK7Q;PALAMEDES_JAVA_PROVER_USEOPT_TRUE;0.6.1;true;;30001;11163;175
STANFORD/bestbuttonsandlights/nm0wEA;PALAMEDES_JAVA_PROVER_USEOPT_TRUE;0.6.1;true;;30000;205810;34301
STANFORD/skirmish/w4V6Vw;PALAMEDES_JAVA_PROVER_USEOPT_TRUE;0.6.1;true;;30013;873;8
BASE/factoringImpossibleTurtleBrain/kcBhdw;PALAMEDES_JAVA_PROVER_USEOPT_TRUE;0.6.1;true;;31536;9;0
DRESDEN/four_way_battle/xSOQXA;PALAMEDES_JAVA_PROVER_USEOPT_TRUE;0.6.1;true;;30002;3980;128
DRESDEN/snake_2008/E56l3A;PALAMEDES_JAVA_PROVER_USEOPT_TRUE;0.6.1;true;;30001;14810;981
BASE/ttcc4_2player_alt/ZEJvYA;PALAMEDES_JAVA_PROVER_USEOPT_TRUE;0.6.1;true;;30000;15339;418
BASE/crissrace/ERWGDA;PALAMEDES_JAVA_PROVER_USEOPT_TRUE;0.6.1;true;;30000;18014;402
STANFORD/buttonsandlights/eyhJpA;PALAMEDES_JAVA_PROVER_USEOPT_TRUE;0.6.1;true;;30000;654915;109152
BASE/hanoi/iGLsJg;PALAMEDES_JAVA_PROVER_USEOPT_TRUE;0.6.1;true;;30000;147791;4767
BASE/strangeSkirmish/gc1zKA;PALAMEDES_JAVA_PROVER_USEOPT_TRUE;0.6.1;true;;30000;773;7
BASE/god/qF06gw;PALAMEDES_JAVA_PROVER_USEOPT_TRUE;0.6.1;true;;30015;1511;66
DRESDEN/quad_5x5_8_2/JRTLJg;PALAMEDES_JAVA_PROVER_USEOPT_TRUE;0.6.1;true;;30003;3320;180
BASE/ticTacToeParallel/ymRGPw;PALAMEDES_JAVA_PROVER_USEOPT_TRUE;0.6.1;true;;30000;27973;4033
BASE/haystack/UkweGA;PALAMEDES_JAVA_PROVER_USEOPT_TRUE;0.6.1;true;;30000;562666;187603
STANFORD/hex/MTqWcw;PALAMEDES_JAVA_PROVER_USEOPT_TRUE;0.6.1;true;;30001;5135;72
STANFORD/ttcc4/Cx9SGw;PALAMEDES_JAVA_PROVER_USEOPT_TRUE;0.6.1;true;;30001;14044;251
STANFORD/chinook/osFbPA;PALAMEDES_JAVA_PROVER_USEOPT_TRUE;0.6.1;true;;30001;10329;258
BASE/asteroids/BKCmPQ;PALAMEDES_JAVA_PROVER_USEOPT_TRUE;0.6.1;true;;30000;171777;3723
BASE/breakthroughSuicide/wZDpIg;PALAMEDES_JAVA_PROVER_USEOPT_TRUE;0.6.1;true;;30002;11157;177
BASE/checkLines/Vop7oQ;PALAMEDES_JAVA_PROVER_USEOPT_TRUE;0.6.1;true;;30000;31368;2029
BASE/survival/YVIjJA;PALAMEDES_JAVA_PROVER_USEOPT_TRUE;0.6.1;true;;30000;468615;401593
BASE/knightfight/SJRkAg;PALAMEDES_JAVA_PROVER_USEOPT_TRUE;0.6.1;true;;30000;58561;5442
STANFORD/eightpuzzle/W_aWbA;PALAMEDES_JAVA_PROVER_USEOPT_TRUE;0.6.1;true;;30000;97962;1959
DRESDEN/lightson2x2/gBHuig;PALAMEDES_JAVA_PROVER_USEOPT_TRUE;0.6.1;true;;30000;97969;9796
STANFORD/multiplebuttonsandlights_9/SqB9BA;PALAMEDES_JAVA_PROVER_USEOPT_TRUE;0.6.1;true;;30000;244455;40742
DRESDEN/hallway/0H4l-Q;PALAMEDES_JAVA_PROVER_USEOPT_TRUE;0.6.1;true;;30004;5467;182
BASE/escortLatch/mX9BjQ;PALAMEDES_JAVA_PROVER_USEOPT_TRUE;0.6.1;true;;30001;14358;243
BASE/chickentictactoe/DSlZCA;PALAMEDES_JAVA_PROVER_USEOPT_TRUE;0.6.1;true;;30000;62482;8770
BASE/skirmish/Y_psYQ;PALAMEDES_JAVA_PROVER_USEOPT_TRUE;0.6.1;true;;30023;869;8
BASE/ticTacToe/JRFsaQ;PALAMEDES_JAVA_PROVER_USEOPT_TRUE;0.6.1;true;;30000;74125;9686
BASE/circlesolitaire/azuQFQ;PALAMEDES_JAVA_PROVER_USEOPT_TRUE;0.6.1;true;;30000;130071;12636
BASE/pentagoSuicide/SBgNhw;PALAMEDES_JAVA_PROVER_USEOPT_TRUE;0.6.1;true;;30000;7399;130
DRESDEN/checkers/jIDMIg;PALAMEDES_JAVA_PROVER_USEOPT_TRUE;0.6.1;true;;30005;4275;43
BASE/tictactoe2/bhrDoQ;PALAMEDES_JAVA_PROVER_USEOPT_TRUE;0.6.1;true;;30000;72887;9529
DRESDEN/Runners/3bOCQw;PALAMEDES_JAVA_PROVER_USEOPT_TRUE;0.6.1;true;;30000;337877;6895
DRESDEN/quad_5x5/JAEP5g;PALAMEDES_JAVA_PROVER_USEOPT_TRUE;0.6.1;true;;30044;2109;147
STANFORD/freeforall/Lfp40Q;PALAMEDES_JAVA_PROVER_USEOPT_TRUE;0.6.1;true;;30000;24739;824
BASE/ad_game_2x2/D0aWqg;PALAMEDES_JAVA_PROVER_USEOPT_TRUE;0.6.1;true;;30086;540;287
BASE/simultaneousWin2/PfjRjw;PALAMEDES_JAVA_PROVER_USEOPT_TRUE;0.6.1;true;;30000;8691;146
DRESDEN/endgame/IJhh3Q;PALAMEDES_JAVA_PROVER_USEOPT_TRUE;0.6.1;true;;30004;6921;494
STANFORD/tictactoe3/X7myng;PALAMEDES_JAVA_PROVER_USEOPT_TRUE;0.6.1;true;;30000;65665;24584
BASE/checkers-suicide-cylinder-mustjump/YeW5Tw;PALAMEDES_JAVA_PROVER_USEOPT_TRUE;0.6.1;true;;30005;2896;64
BASE/firefighter/WJmoPw;PALAMEDES_JAVA_PROVER_USEOPT_TRUE;0.6.1;true;;30000;118220;2662
DRESDEN/nim3/sG_axA;PALAMEDES_JAVA_PROVER_USEOPT_TRUE;0.6.1;true;;30000;128754;9714
BASE/skirmishFinal2/gdB62Q;PALAMEDES_JAVA_PROVER_USEOPT_TRUE;0.6.1;true;;30014;1270;21
DRESDEN/babel/WdSW4A;PALAMEDES_JAVA_PROVER_USEOPT_TRUE;0.6.1;true;;30000;7124;356
BASE/breakthroughHoles/nZk0Sg;PALAMEDES_JAVA_PROVER_USEOPT_TRUE;0.6.1;true;;30000;11399;180
DRESDEN/checkers-suicide-cylinder-mustjump/L2BYWg;PALAMEDES_JAVA_PROVER_USEOPT_TRUE;0.6.1;true;;30011;2916;64
BASE/reversi/d8UMeA;PALAMEDES_JAVA_PROVER_USEOPT_TRUE;0.6.1;true;;30076;467;7
DRESDEN/towerworld/HCX34w;PALAMEDES_JAVA_PROVER_USEOPT_TRUE;0.6.1;true;;30018;668;1
BASE/amazons_10x10/Bun8dA;PALAMEDES_JAVA_PROVER_USEOPT_TRUE;0.6.1;true;;30000;6547;48
STANFORD/madness/UO_B3A;PALAMEDES_JAVA_PROVER_USEOPT_TRUE;0.6.1;true;;30027;866;14
BASE/ruleDepthExponential/UamhHQ;PALAMEDES_JAVA_PROVER_USEOPT_TRUE;0.6.1;true;;34256;317;145
STANFORD/rainbow/_4qNSQ;PALAMEDES_JAVA_PROVER_USEOPT_TRUE;0.6.1;false;Exception of type NullPointerException;0;0;0
DRESDEN/8puzzle/8fKC2w;PALAMEDES_JAVA_PROVER_USEOPT_TRUE;0.6.1;true;;30000;98391;1639
BASE/smallest_4player/ADDROA;PALAMEDES_JAVA_PROVER_USEOPT_TRUE;0.6.1;true;;30000;60518;2564
DRESDEN/pancakes/hl9aiQ;PALAMEDES_JAVA_PROVER_USEOPT_TRUE;0.6.1;true;;30000;337354;8506
BASE/eightPuzzle/vLrgFg;PALAMEDES_JAVA_PROVER_USEOPT_TRUE;0.6.1;true;;30000;101377;1689
DRESDEN/CatchMeIfYouCanTest/CX18rA;PALAMEDES_JAVA_PROVER_USEOPT_TRUE;0.6.1;true;;30000;133326;3925
DRESDEN/ticblock/Z2yNWQ;PALAMEDES_JAVA_PROVER_USEOPT_TRUE;0.6.1;true;;30000;45350;2744
BASE/blocksWorldSerial/Wyg96Q;PALAMEDES_JAVA_PROVER_USEOPT_TRUE;0.6.1;true;;30000;85770;14295
BASE/kalaha6x2x4/XS81Mg;PALAMEDES_JAVA_PROVER_USEOPT_TRUE;0.6.1;true;;30000;47344;253
DRESDEN/cube_2x2x2/fp-34Q;PALAMEDES_JAVA_PROVER_USEOPT_TRUE;0.6.1;true;;30000;38785;3233
DRESDEN/guess/PhxGhg;PALAMEDES_JAVA_PROVER_USEOPT_TRUE;0.6.1;true;;30002;33022;3673
BASE/catcha_mouse/cHv4dw;PALAMEDES_JAVA_PROVER_USEOPT_TRUE;0.6.1;true;;30001;18582;1411
DRESDEN/uf20-01.cnf.SAT/42Rs8A;PALAMEDES_JAVA_PROVER_USEOPT_TRUE;0.6.1;true;;30000;20294;1014
DRESDEN/SC_TestOnly_enabled/09o7gQ;PALAMEDES_JAVA_PROVER_USEOPT_TRUE;0.6.1;true;;30000;66205;7356
BASE/pawnToQueen/-O1_JA;PALAMEDES_JAVA_PROVER_USEOPT_TRUE;0.6.1;true;;30016;567;44
BASE/2pttc/unkkYA;PALAMEDES_JAVA_PROVER_USEOPT_TRUE;0.6.1;true;;30000;25136;925
DRESDEN/smallest/9kaGFw;PALAMEDES_JAVA_PROVER_USEOPT_TRUE;0.6.1;true;;30000;39732;1663
DRESDEN/logistics/fPru1Q;PALAMEDES_JAVA_PROVER_USEOPT_TRUE;0.6.1;true;;30000;33370;667
DRESDEN/vacuumcleaner_random_big/DwzFaQ;PALAMEDES_JAVA_PROVER_USEOPT_TRUE;0.6.1;true;;30006;17963;2978
STANFORD/sudoku/oJ1qyQ;PALAMEDES_JAVA_PROVER_USEOPT_TRUE;0.6.1;true;;30068;460;11
BASE/brain_teaser_extended/ZDp94A;PALAMEDES_JAVA_PROVER_USEOPT_TRUE;0.6.1;true;;30000;53807;3587
BASE/laikLee_hex/zbyscQ;PALAMEDES_JAVA_PROVER_USEOPT_TRUE;0.6.1;true;;37801;492;23
BASE/gt_two_thirds_6p/867v3Q;PALAMEDES_JAVA_PROVER_USEOPT_TRUE;0.6.1;false;Exception of type NullPointerException;0;0;0
DRESDEN/peg_bugfixed/u_B7MA;PALAMEDES_JAVA_PROVER_USEOPT_TRUE;0.6.1;true;;30001;12910;528
BASE/kalaha_2009/dRiN3g;PALAMEDES_JAVA_PROVER_USEOPT_TRUE;0.6.1;true;;30000;49066;586
BASE/sudokuGrade1/tDRNRw;PALAMEDES_JAVA_PROVER_USEOPT_TRUE;0.6.1;true;;30044;488;13
DRESDEN/snake_2009/zIYLVw;PALAMEDES_JAVA_PROVER_USEOPT_TRUE;0.6.1;true;;30002;13397;822
BASE/chickentoetictac/l57rfQ;PALAMEDES_JAVA_PROVER_USEOPT_TRUE;0.6.1;true;;30000;95356;13381
BASE/cubicup_3player/e2yA_g;PALAMEDES_JAVA_PROVER_USEOPT_TRUE;0.6.1;true;;30009;1898;22
BASE/chineseCheckers6/rREH3A;PALAMEDES_JAVA_PROVER_USEOPT_TRUE;0.6.1;true;;30001;27331;455
DRESDEN/aipsrovers01/qS47Mw;PALAMEDES_JAVA_PROVER_USEOPT_TRUE;0.6.1;true;;30000;57697;1993
BASE/quad_7x7/q-JOXg;PALAMEDES_JAVA_PROVER_USEOPT_TRUE;0.6.1;true;;30269;252;7
DRESDEN/capture_the_king/EQ229Q;PALAMEDES_JAVA_PROVER_USEOPT_TRUE;0.6.1;true;;30011;1413;23
BASE/stateSpaceMedium/3bUoIw;PALAMEDES_JAVA_PROVER_USEOPT_TRUE;0.6.1;true;;30000;81907;9100
DRESDEN/golden_rectangle/1uloXw;PALAMEDES_JAVA_PROVER_USEOPT_TRUE;0.6.1;true;;30002;3374;114
BASE/coins_atomic/AA3SSw;PALAMEDES_JAVA_PROVER_USEOPT_TRUE;0.6.1;true;;30000;10296;4111
DRESDEN/3qbf-5cnf-20var-40cl.2.qdimacs.satlike/724YWg;PALAMEDES_JAVA_PROVER_USEOPT_TRUE;0.6.1;true;;30000;18600;317
BASE/colonelBlotto/jip21A;PALAMEDES_JAVA_PROVER_USEOPT_TRUE;0.6.1;true;;30000;33927;6785
BASE/snake_2009_big/-oRfVw;PALAMEDES_JAVA_PROVER_USEOPT_TRUE;0.6.1;true;;30001;10297;570
DRESDEN/uf20-010.cnf.SAT/5ICbCg;PALAMEDES_JAVA_PROVER_USEOPT_TRUE;0.6.1;true;;30000;20431;1021
DRESDEN/bidding-tictactoe_10coins/mu5VhQ;PALAMEDES_JAVA_PROVER_USEOPT_TRUE;0.6.1;true;;30000;52013;3524
BASE/pancakes88/l2Xaig;PALAMEDES_JAVA_PROVER_USEOPT_TRUE;0.6.1;true;;30000;254588;6365
BASE/ticTacToeLarge/TZC0dg;PALAMEDES_JAVA_PROVER_USEOPT_TRUE;0.6.1;true;;30000;31502;1330
DRESDEN/pentago_2008/hLjVpQ;PALAMEDES_JAVA_PROVER_USEOPT_TRUE;0.6.1;true;;30001;7184;129
BASE/tictactoex9/BI26ow;PALAMEDES_JAVA_PROVER_USEOPT_TRUE;0.6.1;true;;30000;7719;259
BASE/futoshiki4/BaCwSw;PALAMEDES_JAVA_PROVER_USEOPT_TRUE;0.6.1;true;;30000;13555;1488
BASE/asteroidsSerial/id2QkA;PALAMEDES_JAVA_PROVER_USEOPT_TRUE;0.6.1;true;;30000;78776;848
DRESDEN/Catch-Me-If-You-Can/ghGWrA;PALAMEDES_JAVA_PROVER_USEOPT_TRUE;0.6.1;true;;30000;134009;3928
BASE/gt_staghunt/xPjLRA;PALAMEDES_JAVA_PROVER_USEOPT_TRUE;0.6.1;true;;30000;163155;8157
BASE/cylinder-checkers/hlldmw;PALAMEDES_JAVA_PROVER_USEOPT_TRUE;0.6.1;true;;30004;3960;41
BASE/ttcc4_2player/_aH_Mw;PALAMEDES_JAVA_PROVER_USEOPT_TRUE;0.6.1;true;;30002;12869;321
BASE/lightsOn/MsXu3A;PALAMEDES_JAVA_PROVER_USEOPT_TRUE;0.6.1;true;;30000;155155;12443
DRESDEN/kalaha_2009/gcC8uA;PALAMEDES_JAVA_PROVER_USEOPT_TRUE;0.6.1;true;;30000;47382;561
BASE/duplicateStateMedium/U163eQ;PALAMEDES_JAVA_PROVER_USEOPT_TRUE;0.6.1;true;;30000;56742;6304
BASE/untwistycomplex2/EDPPAQ;PALAMEDES_JAVA_PROVER_USEOPT_TRUE;0.6.1;true;;30000;403141;57591
BASE/pearls/6k_mEQ;PALAMEDES_JAVA_PROVER_USEOPT_TRUE;0.6.1;true;;30000;368844;33531
BASE/crossers3/O0rORg;PALAMEDES_JAVA_PROVER_USEOPT_TRUE;0.6.1;true;;30000;20795;1570
BASE/eotcatcit/AfZSzA;PALAMEDES_JAVA_PROVER_USEOPT_TRUE;0.6.1;true;;30000;70477;9237
BASE/gt_coordination/IVMOzA;PALAMEDES_JAVA_PROVER_USEOPT_TRUE;0.6.1;true;;30000;171520;8576
BASE/ticTacHeavenFC/mrletw;PALAMEDES_JAVA_PROVER_USEOPT_TRUE;0.6.1;true;;30003;7545;268
DRESDEN/blocker/S815zQ;PALAMEDES_JAVA_PROVER_USEOPT_TRUE;0.6.1;true;;30000;66935;8511
DRESDEN/quad/JPe6fg;PALAMEDES_JAVA_PROVER_USEOPT_TRUE;0.6.1;true;;32585;49;0
DRESDEN/checkers-mustjump-torus/cVc3gA;PALAMEDES_JAVA_PROVER_USEOPT_TRUE;0.6.1;true;;30002;2773;63
STANFORD/multiplesukoshi/vLSQPg;PALAMEDES_JAVA_PROVER_USEOPT_TRUE;0.6.1;true;;30011;1466;30
BASE/conn4/va9Y7A;PALAMEDES_JAVA_PROVER_USEOPT_TRUE;0.6.1;true;;30001;8848;425
BASE/ticTacToeNoVars/XT03NA;PALAMEDES_JAVA_PROVER_USEOPT_TRUE;0.6.1;true;;30000;33602;4394
DRESDEN/frogs_and_toads/GjchhQ;PALAMEDES_JAVA_PROVER_USEOPT_TRUE;0.6.1;true;;30001;14301;123
BASE/peg/fJHVWw;PALAMEDES_JAVA_PROVER_USEOPT_TRUE;0.6.1;true;;30001;12688;520
DRESDEN/tictactoe-init1/3ltIBQ;PALAMEDES_JAVA_PROVER_USEOPT_TRUE;0.6.1;true;;30000;72718;20768
DRESDEN/statespacemedium/dVJZ_w;PALAMEDES_JAVA_PROVER_USEOPT_TRUE;0.6.1;true;;30000;81856;9095
DRESDEN/vacuum_cleaner_1/eUNjpw;PALAMEDES_JAVA_PROVER_USEOPT_TRUE;0.6.1;true;;30000;102300;17105
BASE/snake_2008_tweaked/bX0NJQ;PALAMEDES_JAVA_PROVER_USEOPT_TRUE;0.6.1;true;;30001;14707;912
BASE/nineBoardTicTacToe/wRmqqA;PALAMEDES_JAVA_PROVER_USEOPT_TRUE;0.6.1;true;;30001;6163;209
BASE/queens06ug/7Lq3tw;PALAMEDES_JAVA_PROVER_USEOPT_TRUE;0.6.1;true;;30000;46339;7723
DRESDEN/blobwars/ZaMluQ;PALAMEDES_JAVA_PROVER_USEOPT_TRUE;0.6.1;true;;30002;6339;158
BASE/hallway/ckCJOw;PALAMEDES_JAVA_PROVER_USEOPT_TRUE;0.6.1;true;;30006;5433;181
DRESDEN/Zhadu/9zpQ5w;PALAMEDES_JAVA_PROVER_USEOPT_TRUE;0.6.1;true;;30015;1644;38
BASE/mummymaze2p/vpjDdA;PALAMEDES_JAVA_PROVER_USEOPT_TRUE;0.6.1;true;;30001;16584;336
BASE/checkers/rOC3Xg;PALAMEDES_JAVA_PROVER_USEOPT_TRUE;0.6.1;true;;30001;6628;66
DRESDEN/circlesolitaire/ruUilQ;PALAMEDES_JAVA_PROVER_USEOPT_TRUE;0.6.1;true;;30000;130751;12738
BASE/numbertictactoe/rvJ-iQ;PALAMEDES_JAVA_PROVER_USEOPT_TRUE;0.6.1;true;;30000;40338;5018
DRESDEN/skirmish3/3LU8Nw;PALAMEDES_JAVA_PROVER_USEOPT_TRUE;0.6.1;true;;30002;5960;149
BASE/ghostMaze2p/W-NU-w;PALAMEDES_JAVA_PROVER_USEOPT_TRUE;0.6.1;true;;30000;63151;1307
DRESDEN/tictactoelarge/IwXcbg;PALAMEDES_JAVA_PROVER_USEOPT_TRUE;0.6.1;true;;30000;32160;1355
BASE/snake_2008/i6K26g;PALAMEDES_JAVA_PROVER_USEOPT_TRUE;0.6.1;true;;30001;15069;966
BASE/ttcc4_2player_small/Cv72TA;PALAMEDES_JAVA_PROVER_USEOPT_TRUE;0.6.1;true;;30000;21482;1450
BASE/snakeParallel/RCVNtw;PALAMEDES_JAVA_PROVER_USEOPT_TRUE;0.6.1;true;;30001;61866;13451
BASE/crisscross/ICagEg;PALAMEDES_JAVA_PROVER_USEOPT_TRUE;0.6.1;true;;30000;24375;938
BASE/endgame/jYjfOA;PALAMEDES_JAVA_PROVER_USEOPT_TRUE;0.6.1;true;;30000;8054;575
DRESDEN/snake_2009_big/DgC1NQ;PALAMEDES_JAVA_PROVER_USEOPT_TRUE;0.6.1;true;;30000;10496;589
DRESDEN/knightfight/4_Ly4w;PALAMEDES_JAVA_PROVER_USEOPT_TRUE;0.6.1;true;;30000;57976;5396
STANFORD/knightstourbig/TQUI2g;PALAMEDES_JAVA_PROVER_USEOPT_TRUE;0.6.1;true;;30000;246439;42993
DRESDEN/merrills/aYEzwA;PALAMEDES_JAVA_PROVER_USEOPT_TRUE;0.6.1;true;;30058;628;10
BASE/double_tictactoe_dengji/zgaSbA;PALAMEDES_JAVA_PROVER_USEOPT_TRUE;0.6.1;true;;30000;39298;2770
DRESDEN/vacuumcleaner_obstacles_3/4NjSmw;PALAMEDES_JAVA_PROVER_USEOPT_TRUE;0.6.1;true;;30005;1558;272
DRESDEN/tictactoe_3d_2player/LMuX9w;PALAMEDES_JAVA_PROVER_USEOPT_TRUE;0.6.1;true;;30007;3818;108
DRESDEN/crissrace/KWb9bw;PALAMEDES_JAVA_PROVER_USEOPT_TRUE;0.6.1;true;;30001;18218;408
BASE/hodgepodge/9yjRkw;PALAMEDES_JAVA_PROVER_USEOPT_TRUE;0.6.1;true;;30000;110766;110766
BASE/nim2/eF2Qqw;PALAMEDES_JAVA_PROVER_USEOPT_TRUE;0.6.1;true;;30000;172302;19441
BASE/queens/HyJJnQ;PALAMEDES_JAVA_PROVER_USEOPT_TRUE;0.6.1;true;;31253;140;14
DRESDEN/god/2EDD5w;PALAMEDES_JAVA_PROVER_USEOPT_TRUE;0.6.1;true;;30013;1512;70
DRESDEN/skirmish/RjGQYQ;PALAMEDES_JAVA_PROVER_USEOPT_TRUE;0.6.1;true;;30003;5900;147
BASE/nim1/hin2Qw;PALAMEDES_JAVA_PROVER_USEOPT_TRUE;0.6.1;true;;30000;170240;24809
BASE/blocks/xIV5hQ;PALAMEDES_JAVA_PROVER_USEOPT_TRUE;0.6.1;true;;30000;191086;63695
BASE/merrills/pku8Tg;PALAMEDES_JAVA_PROVER_USEOPT_TRUE;0.6.1;true;;30061;637;10
DRESDEN/pancakes88/aD3E7g;PALAMEDES_JAVA_PROVER_USEOPT_TRUE;0.6.1;true;;30000;263598;6591
STANFORD/tictactoe5/WFRReg;PALAMEDES_JAVA_PROVER_USEOPT_TRUE;0.6.1;true;;30000;70851;19420
BASE/aipsrovers01/4C4jsw;PALAMEDES_JAVA_PROVER_USEOPT_TRUE;0.6.1;true;;30000;57035;1970
DRESDEN/knightstour/cGISAA;PALAMEDES_JAVA_PROVER_USEOPT_TRUE;0.6.1;true;;30000;255709;52778
BASE/knightazons/apnJBQ;PALAMEDES_JAVA_PROVER_USEOPT_TRUE;0.6.1;true;;30000;4912;74
BASE/majorities/ibJzSQ;PALAMEDES_JAVA_PROVER_USEOPT_TRUE;0.6.1;true;;30005;4000;75
BASE/connect4/50bOyw;PALAMEDES_JAVA_PROVER_USEOPT_TRUE;0.6.1;true;;30003;8069;364
BASE/2pffa/6oHijA;PALAMEDES_JAVA_PROVER_USEOPT_TRUE;0.6.1;true;;30000;27919;930
DRESDEN/quad_7x7/q-JOXg;PALAMEDES_JAVA_PROVER_USEOPT_TRUE;0.6.1;true;;30431;273;9
DRESDEN/chinesecheckers1/Y-ftaA;PALAMEDES_JAVA_PROVER_USEOPT_TRUE;0.6.1;true;;30000;30092;1081
DRESDEN/amazons/dNB28A;PALAMEDES_JAVA_PROVER_USEOPT_TRUE;0.6.1;true;;30225;293;4
DRESDEN/Travelers-Dilemma/PvZwYw;PALAMEDES_JAVA_PROVER_USEOPT_TRUE;0.6.1;true;;30000;270322;27032
DRESDEN/connect4/T0-rHQ;PALAMEDES_JAVA_PROVER_USEOPT_TRUE;0.6.1;true;;30000;8010;367
DRESDEN/cubicup/SBn_lw;PALAMEDES_JAVA_PROVER_USEOPT_TRUE;0.6.1;true;;30005;4229;75
BASE/knightThrough/gcwFjA;PALAMEDES_JAVA_PROVER_USEOPT_TRUE;0.6.1;true;;30001;16026;472
BASE/futoshiki6/JmvXNA;PALAMEDES_JAVA_PROVER_USEOPT_TRUE;0.6.1;true;;30006;3780;181
STANFORD/untwistycomplex/HTWEwg;PALAMEDES_JAVA_PROVER_USEOPT_TRUE;0.6.1;true;;30000;162710;18078
BASE/chineseCheckers1/gqtwHw;PALAMEDES_JAVA_PROVER_USEOPT_TRUE;0.6.1;true;;30000;68331;2420
DRESDEN/3qbf-5cnf-20var-40cl.1.qdimacs.SAT/2034pg;PALAMEDES_JAVA_PROVER_USEOPT_TRUE;0.6.1;true;;30001;21795;373
STANFORD/pilgrimage/ObRZnQ;PALAMEDES_JAVA_PROVER_USEOPT_TRUE;0.6.1;true;;30002;11920;164
BASE/hanoi_6_disks/MeubgQ;PALAMEDES_JAVA_PROVER_USEOPT_TRUE;0.6.1;true;;30000;108150;30389
BASE/qyshinsu/R08Lzw;PALAMEDES_JAVA_PROVER_USEOPT_TRUE;0.6.1;true;;30009;2769;120
BASE/checkersTiny/Lr48cg;PALAMEDES_JAVA_PROVER_USEOPT_TRUE;0.6.1;true;;30001;12221;201
DRESDEN/vacuumcleaner_obstacles_1/CqS-7A;PALAMEDES_JAVA_PROVER_USEOPT_TRUE;0.6.1;true;;30000;90837;15394
DRESDEN/tictactoe/BTTzPw;PALAMEDES_JAVA_PROVER_USEOPT_TRUE;0.6.1;true;;30000;74228;9777
DRESDEN/blocks/vg0DRw;PALAMEDES_JAVA_PROVER_USEOPT_TRUE;0.6.1;true;;30000;188210;62736
DRESDEN/laikLee_hex/ZeP3QQ;PALAMEDES_JAVA_PROVER_USEOPT_TRUE;0.6.1;true;;32695;803;36
BASE/cittaceot/fDxhXg;PALAMEDES_JAVA_PROVER_USEOPT_TRUE;0.6.1;true;;30001;15518;720
DRESDEN/3pffa/0YrmQw;PALAMEDES_JAVA_PROVER_USEOPT_TRUE;0.6.1;true;;30000;28690;956
STANFORD/trifecta/ss1kyQ;PALAMEDES_JAVA_PROVER_USEOPT_TRUE;0.6.1;true;;30000;72103;9443
DRESDEN/bomberman2p/x4h6jQ;PALAMEDES_JAVA_PROVER_USEOPT_TRUE;0.6.1;true;;30000;27766;3545
BASE/speedChess/bPnisA;PALAMEDES_JAVA_PROVER_USEOPT_TRUE;0.6.1;true;;30002;5138;44
BASE/pawnWhopping/Ypc_6Q;PALAMEDES_JAVA_PROVER_USEOPT_TRUE;0.6.1;true;;30001;17359;511
BASE/hexPie/48CH6Q;PALAMEDES_JAVA_PROVER_USEOPT_TRUE;0.6.1;true;;30002;5069;70
DRESDEN/smallest_4player/ADDROA;PALAMEDES_JAVA_PROVER_USEOPT_TRUE;0.6.1;true;;30000;62997;2671
STANFORD/untwistycorridor/EDPPAQ;PALAMEDES_JAVA_PROVER_USEOPT_TRUE;0.6.1;true;;30000;390430;55775
BASE/wargame02/BkVqqQ;PALAMEDES_JAVA_PROVER_USEOPT_TRUE;0.6.1;true;;30003;8214;2717
STANFORD/dualrainbow/G3OnRQ;PALAMEDES_JAVA_PROVER_USEOPT_TRUE;0.6.1;false;Exception of type NullPointerException;0;0;0
BASE/mummyMaze2p_2007/YGA3Vw;PALAMEDES_JAVA_PROVER_USEOPT_TRUE;0.6.1;true;;30000;35623;758
BASE/queens08ug/kJ_ZFQ;PALAMEDES_JAVA_PROVER_USEOPT_TRUE;0.6.1;true;;30000;23534;2941
STANFORD/sukoshi/4LYZZQ;PALAMEDES_JAVA_PROVER_USEOPT_TRUE;0.6.1;true;;30000;40154;7382
BASE/golden_rectangle/_nYzfw;PALAMEDES_JAVA_PROVER_USEOPT_TRUE;0.6.1;true;;30000;3381;109
DRESDEN/knightwar/7hhAqg;PALAMEDES_JAVA_PROVER_USEOPT_TRUE;0.6.1;true;;30000;32439;3795
BASE/queens08lg/Ru7eqQ;PALAMEDES_JAVA_PROVER_USEOPT_TRUE;0.6.1;true;;30001;7020;1141
DRESDEN/uf20-020.cnf.SAT/hDrW_A;PALAMEDES_JAVA_PROVER_USEOPT_TRUE;0.6.1;true;;30001;19285;964
BASE/max_knights/2fq3Ag;PALAMEDES_JAVA_PROVER_USEOPT_TRUE;0.6.1;true;;30000;15070;2938
DRESDEN/checkers-mustjump/HUr33w;PALAMEDES_JAVA_PROVER_USEOPT_TRUE;0.6.1;true;;30004;3505;67
BASE/pegEuro/5awwhg;PALAMEDES_JAVA_PROVER_USEOPT_TRUE;0.6.1;true;;30001;10490;411
BASE/sudokuGrade6E/ihYFZA;PALAMEDES_JAVA_PROVER_USEOPT_TRUE;0.6.1;true;;30005;439;9
DRESDEN/chinesecheckers6-simultaneous/gPPGUw;PALAMEDES_JAVA_PROVER_USEOPT_TRUE;0.6.1;true;;30003;6294;273
DRESDEN/kitten_escapes_from_fire/uW-YiA;PALAMEDES_JAVA_PROVER_USEOPT_TRUE;0.6.1;true;;30000;69796;8403
BASE/blokbox_simple/JBx4bg;PALAMEDES_JAVA_PROVER_USEOPT_TRUE;0.6.1;true;;31808;24;1
DRESDEN/lightsout/XgLpzQ;PALAMEDES_JAVA_PROVER_USEOPT_TRUE;0.6.1;true;;30000;26520;1326
DRESDEN/tictactoelargesuicide/6J4DeA;PALAMEDES_JAVA_PROVER_USEOPT_TRUE;0.6.1;true;;30000;31357;1323
DRESDEN/knightazons/02I8BQ;PALAMEDES_JAVA_PROVER_USEOPT_TRUE;0.6.1;true;;30000;4875;73
BASE/tictactoe_3d_6player/d7KSwg;PALAMEDES_JAVA_PROVER_USEOPT_TRUE;0.6.1;true;;30006;3564;35
DRESDEN/nim1/M9BALA;PALAMEDES_JAVA_PROVER_USEOPT_TRUE;0.6.1;true;;30000;184919;26951
BASE/skirmishHoles/AUCxCA;PALAMEDES_JAVA_PROVER_USEOPT_TRUE;0.6.1;true;;30002;993;10
DRESDEN/roshambo2/jgSlkQ;PALAMEDES_JAVA_PROVER_USEOPT_TRUE;0.6.1;true;;30000;252546;29710
BASE/checkers-newgoals/0XkFiA;PALAMEDES_JAVA_PROVER_USEOPT_TRUE;0.6.1;true;;30001;4294;44
DRESDEN/battlebrushes/QHXV4A;PALAMEDES_JAVA_PROVER_USEOPT_TRUE;0.6.1;true;;30242;608;32
DRESDEN/racer/vk_ZBA;PALAMEDES_JAVA_PROVER_USEOPT_TRUE;0.6.1;true;;30000;44982;3264
BASE/gt_two_thirds_2p/1APDGg;PALAMEDES_JAVA_PROVER_USEOPT_TRUE;0.6.1;false;Exception of type NullPointerException;0;0;0
BASE/sudokuGrade2/u80Tfw;PALAMEDES_JAVA_PROVER_USEOPT_TRUE;0.6.1;true;;30036;470;12
BASE/chinook/XQh0IQ;PALAMEDES_JAVA_PROVER_USEOPT_TRUE;0.6.1;true;;30000;11342;395
STANFORD/duidoku/3SoMaA;PALAMEDES_JAVA_PROVER_USEOPT_TRUE;0.6.1;true;;30006;459;11
DRESDEN/blocksworldparallel/2JfVaw;PALAMEDES_JAVA_PROVER_USEOPT_TRUE;0.6.1;true;;30000;49446;16482
DRESDEN/point_grab/r5DPmQ;PALAMEDES_JAVA_PROVER_USEOPT_TRUE;0.6.1;true;;30000;289748;9658
BASE/minichess/8NQEiA;PALAMEDES_JAVA_PROVER_USEOPT_TRUE;0.6.1;true;;30000;26881;8960
DRESDEN/2player_normal_form_2010/NG_Kdg;PALAMEDES_JAVA_PROVER_USEOPT_TRUE;0.6.1;true;;30000;125182;125182
DRESDEN/bidding-tictactoe/yW5vTA;PALAMEDES_JAVA_PROVER_USEOPT_TRUE;0.6.1;true;;30000;58972;4018
BASE/checkersSmall/SYmq8w;PALAMEDES_JAVA_PROVER_USEOPT_TRUE;0.6.1;true;;30000;8781;94
DRESDEN/statespacesmall/h-NqjA;PALAMEDES_JAVA_PROVER_USEOPT_TRUE;0.6.1;true;;30000;267429;66857
BASE/connectFourSimultaneous/7ITr3g;PALAMEDES_JAVA_PROVER_USEOPT_TRUE;0.6.1;true;;30001;8512;475
STANFORD/hunter/14dD-g;PALAMEDES_JAVA_PROVER_USEOPT_TRUE;0.6.1;true;;30000;65907;4707
BASE/amazonsSuicide_10x10/XIbQkg;PALAMEDES_JAVA_PROVER_USEOPT_TRUE;0.6.1;true;;30000;6607;49
BASE/connectFourLarger/qKi60A;PALAMEDES_JAVA_PROVER_USEOPT_TRUE;0.6.1;true;;30000;8234;244
DRESDEN/3qbf-5cnf-20var-40cl.0.qdimacs/-6hrIw;PALAMEDES_JAVA_PROVER_USEOPT_TRUE;0.6.1;true;;30000;22691;386
BASE/tictactoe_3player/GtM71g;PALAMEDES_JAVA_PROVER_USEOPT_TRUE;0.6.1;true;;30000;17502;857
DRESDEN/troublemaker01/C-lPWw;PALAMEDES_JAVA_PROVER_USEOPT_TRUE;0.6.1;true;;30000;368113;122562
BASE/ticTacToeLargeSuicide/727_8g;PALAMEDES_JAVA_PROVER_USEOPT_TRUE;0.6.1;true;;30000;31929;1349
BASE/doubletoetictac/fu35bg;PALAMEDES_JAVA_PROVER_USEOPT_TRUE;0.6.1;true;;30000;33679;4041
DRESDEN/oisters_farm/pTQMLg;PALAMEDES_JAVA_PROVER_USEOPT_TRUE;0.6.1;true;;30000;177031;3612
BASE/factoringGeorgeForman/HGRorQ;PALAMEDES_JAVA_PROVER_USEOPT_TRUE;0.6.1;true;;30000;100412;2102
DRESDEN/pawn_whopping_simultaneous/r8dLfw;PALAMEDES_JAVA_PROVER_USEOPT_TRUE;0.6.1;true;;30000;13734;755
DRESDEN/3qbf-5cnf-20var-40cl.2.qdimacs.SAT/Q8-axQ;PALAMEDES_JAVA_PROVER_USEOPT_TRUE;0.6.1;true;;30000;23051;393
BASE/gt_dollar/TGjqRw;PALAMEDES_JAVA_PROVER_USEOPT_TRUE;0.6.1;true;;30000;143713;71952
DRESDEN/tictactoex9/rFkD4w;PALAMEDES_JAVA_PROVER_USEOPT_TRUE;0.6.1;true;;30003;7608;262
BASE/connectFour/WAIKTw;PALAMEDES_JAVA_PROVER_USEOPT_TRUE;0.6.1;true;;30003;20106;924
BASE/blockerParallel/7-nDJA;PALAMEDES_JAVA_PROVER_USEOPT_TRUE;0.6.1;true;;30000;7688;1099
DRESDEN/tictactoe_3d_small_6player/llDEDQ;PALAMEDES_JAVA_PROVER_USEOPT_TRUE;0.6.1;true;;30001;9349;262
DRESDEN/eotcatcit/mQUxzA;PALAMEDES_JAVA_PROVER_USEOPT_TRUE;0.6.1;true;;30000;71118;9308
DRESDEN/stratego/Z2wovg;PALAMEDES_JAVA_PROVER_USEOPT_TRUE;0.6.1;true;;30002;14023;344
BASE/blocker/dIWtxg;PALAMEDES_JAVA_PROVER_USEOPT_TRUE;0.6.1;true;;30000;67789;8571
DRESDEN/othello-cornercontrol/r5Gdlg;PALAMEDES_JAVA_PROVER_USEOPT_TRUE;0.6.1;true;;30137;213;4
DRESDEN/tictactoe_3player/ESLQQQ;PALAMEDES_JAVA_PROVER_USEOPT_TRUE;0.6.1;true;;30000;17637;864
DRESDEN/coins/QwFP9w;PALAMEDES_JAVA_PROVER_USEOPT_TRUE;0.6.1;true;;30001;11006;4399
DRESDEN/nim2/z5_exA;PALAMEDES_JAVA_PROVER_USEOPT_TRUE;0.6.1;true;;30000;168600;19018
STANFORD/tictictoe/rpt_Dw;PALAMEDES_JAVA_PROVER_USEOPT_TRUE;0.6.1;true;;30000;54887;10992
STANFORD/triplesukoshi/Iu9mbA;PALAMEDES_JAVA_PROVER_USEOPT_TRUE;0.6.1;true;;30001;10683;1526
STANFORD/connectfour/VMpZkQ;PALAMEDES_JAVA_PROVER_USEOPT_TRUE;0.6.1;true;;30000;19956;895
BASE/minichess-evilconjuncts/4OpQzw;PALAMEDES_JAVA_PROVER_USEOPT_TRUE;0.6.1;false;Exception of type NullPointerException;0;0;0
STANFORD/8puzzle/jNiGtw;PALAMEDES_JAVA_PROVER_USEOPT_TRUE;0.6.1;true;;30000;99885;1664
STANFORD/duikoshi/tpw1sw;PALAMEDES_JAVA_PROVER_USEOPT_TRUE;0.6.1;true;;30000;14511;1088
BASE/doubletictactoe/HH1htg;PALAMEDES_JAVA_PROVER_USEOPT_TRUE;0.6.1;true;;30000;34370;4130
BASE/mummymaze1p/PT_EXA;PALAMEDES_JAVA_PROVER_USEOPT_TRUE;0.6.1;true;;30000;19502;3523
BASE/amazons_8x8/7SOsIw;PALAMEDES_JAVA_PROVER_USEOPT_TRUE;0.6.1;true;;30003;8864;98
BASE/toetictac/mTThmg;PALAMEDES_JAVA_PROVER_USEOPT_TRUE;0.6.1;true;;30000;121706;15950
DRESDEN/sum15/CsgWKg;PALAMEDES_JAVA_PROVER_USEOPT_TRUE;0.6.1;true;;30000;84125;11016
DRESDEN/pawn_whopping/4ogBkg;PALAMEDES_JAVA_PROVER_USEOPT_TRUE;0.6.1;true;;30001;17945;482
BASE/eotcitcit/V_9_bg;PALAMEDES_JAVA_PROVER_USEOPT_TRUE;0.6.1;true;;30000;53908;10701
BASE/ruleDepthLinear/OUBJpQ;PALAMEDES_JAVA_PROVER_USEOPT_TRUE;0.6.1;true;;30000;480097;239689
BASE/lightsOnSimultaneous/_VN6lw;PALAMEDES_JAVA_PROVER_USEOPT_TRUE;0.6.1;true;;30000;12060;806
DRESDEN/minichess-evilconjuncts/th24Tw;PALAMEDES_JAVA_PROVER_USEOPT_TRUE;0.6.1;false;Exception of type NullPointerException;0;0;0
BASE/knightwar/DVGY4Q;PALAMEDES_JAVA_PROVER_USEOPT_TRUE;0.6.1;true;;30000;32120;3749
BASE/nineBoardTicTacToePie/B8LzeQ;PALAMEDES_JAVA_PROVER_USEOPT_TRUE;0.6.1;true;;30006;6342;220
BASE/biddingTicTacToe/8mESVw;PALAMEDES_JAVA_PROVER_USEOPT_TRUE;0.6.1;true;;30000;58505;4000
BASE/amazons/RKKZjw;PALAMEDES_JAVA_PROVER_USEOPT_TRUE;0.6.1;true;;30450;26;0
BASE/quartoSuicide/-23jUg;PALAMEDES_JAVA_PROVER_USEOPT_TRUE;0.6.1;true;;30000;28059;1199
BASE/sheepAndWolf/g4THrg;PALAMEDES_JAVA_PROVER_USEOPT_TRUE;0.6.1;true;;30000;15800;389
BASE/tictactoe_orthogonal/WRzlVw;PALAMEDES_JAVA_PROVER_USEOPT_TRUE;0.6.1;true;;30000;87665;10929
DRESDEN/quarto/OQzRYQ;PALAMEDES_JAVA_PROVER_USEOPT_TRUE;0.6.1;true;;30000;27909;1197
BASE/amazonsTorus/soxT8g;PALAMEDES_JAVA_PROVER_USEOPT_TRUE;0.6.1;false;Test process timed out after 240 seconds;0;0;0
BASE/pentago/86NgKw;PALAMEDES_JAVA_PROVER_USEOPT_TRUE;0.6.1;true;;30000;7658;140
BASE/queens31lg/0gID-A;PALAMEDES_JAVA_PROVER_USEOPT_TRUE;0.6.1;true;;30021;22;0
BASE/checkers-cylinder-mustjump/rjr6qQ;PALAMEDES_JAVA_PROVER_USEOPT_TRUE;0.6.1;true;;30001;2929;67
BASE/breakthroughWalls/vOZaYA;PALAMEDES_JAVA_PROVER_USEOPT_TRUE;0.6.1;true;;30001;11533;179
DRESDEN/skirmishfinal/hzq8ww;PALAMEDES_JAVA_PROVER_USEOPT_TRUE;0.6.1;true;;30013;1305;22
DRESDEN/4pttc/9pB9AQ;PALAMEDES_JAVA_PROVER_USEOPT_TRUE;0.6.1;true;;30000;21083;666
BASE/biddingTicTacToe_10coins/a-9ccQ;PALAMEDES_JAVA_PROVER_USEOPT_TRUE;0.6.1;true;;30000;51866;3523
BASE/colonelBlottoVariant2/jruwGw;PALAMEDES_JAVA_PROVER_USEOPT_TRUE;0.6.1;true;;30000;130929;26283
DRESDEN/uf20-010.cnf.SAT.satlike/g7LF6g;PALAMEDES_JAVA_PROVER_USEOPT_TRUE;0.6.1;true;;77828;40;2
BASE/gt_attrition/kD_SCA;PALAMEDES_JAVA_PROVER_USEOPT_TRUE;0.6.1;true;;30452;609;121
BASE/switches/tPUoCg;PALAMEDES_JAVA_PROVER_USEOPT_TRUE;0.6.1;true;;30000;249470;249470
BASE/chineseCheckers3/-1rZdQ;PALAMEDES_JAVA_PROVER_USEOPT_TRUE;0.6.1;true;;30000;44454;824
DRESDEN/vacuumcleaner_random/_6AGDA;PALAMEDES_JAVA_PROVER_USEOPT_TRUE;0.6.1;true;;30000;68038;11269
BASE/gt_tinfoil/Q8DyKg;PALAMEDES_JAVA_PROVER_USEOPT_TRUE;0.6.1;true;;30000;198944;19894
BASE/lightsOnSimul4/9FeASw;PALAMEDES_JAVA_PROVER_USEOPT_TRUE;0.6.1;true;;30001;9653;1484
BASE/tictactoe-init1/7M19vA;PALAMEDES_JAVA_PROVER_USEOPT_TRUE;0.6.1;true;;30000;70152;20033
DRESDEN/3pttc/uwYBZw;PALAMEDES_JAVA_PROVER_USEOPT_TRUE;0.6.1;true;;30001;25998;894
DRESDEN/tictictoe/LAUtwg;PALAMEDES_JAVA_PROVER_USEOPT_TRUE;0.6.1;true;;30000;54198;10760
BASE/kitten_escapes_from_fire/uW-YiA;PALAMEDES_JAVA_PROVER_USEOPT_TRUE;0.6.1;true;;30000;68905;8295
BASE/duplicateStateLarge/dcjyuw;PALAMEDES_JAVA_PROVER_USEOPT_TRUE;0.6.1;true;;30000;18699;1335
BASE/withConviction/3Xm54A;PALAMEDES_JAVA_PROVER_USEOPT_TRUE;0.6.1;true;;30001;13319;532
BASE/othelloSuicide/B442jg;PALAMEDES_JAVA_PROVER_USEOPT_TRUE;0.6.1;true;;30064;134;2
BASE/snake2p/I3wWPQ;PALAMEDES_JAVA_PROVER_USEOPT_TRUE;0.6.1;true;;30001;7164;5402
DRESDEN/connect5/1kYzSg;PALAMEDES_JAVA_PROVER_USEOPT_TRUE;0.6.1;true;;30000;7559;166
BASE/nim4/twk16w;PALAMEDES_JAVA_PROVER_USEOPT_TRUE;0.6.1;true;;30000;128152;9557
BASE/alexChess/LNo83g;PALAMEDES_JAVA_PROVER_USEOPT_TRUE;0.6.1;false;Exception of type StackOverflowError;0;0;0
DRESDEN/hanoi_6_disks/MeubgQ;PALAMEDES_JAVA_PROVER_USEOPT_TRUE;0.6.1;true;;30000;113290;31916
BASE/cubicup/4wNWJA;PALAMEDES_JAVA_PROVER_USEOPT_TRUE;0.6.1;true;;30000;4176;74
BASE/colonelBlottoVariant/X-n-KQ;PALAMEDES_JAVA_PROVER_USEOPT_TRUE;0.6.1;true;;30000;147297;14729
DRESDEN/tictactoeparallel/yk_DSg;PALAMEDES_JAVA_PROVER_USEOPT_TRUE;0.6.1;true;;30000;27417;3983
STANFORD/tictactoe/ss1kyQ;PALAMEDES_JAVA_PROVER_USEOPT_TRUE;0.6.1;true;;30000;70619;9259
DRESDEN/doubletictactoe/lJzgmQ;PALAMEDES_JAVA_PROVER_USEOPT_TRUE;0.6.1;true;;30000;34655;4144
BASE/3pffa/pR0dzA;PALAMEDES_JAVA_PROVER_USEOPT_TRUE;0.6.1;true;;30000;25386;846
BASE/knightsTourLarge/M8jgLA;PALAMEDES_JAVA_PROVER_USEOPT_TRUE;0.6.1;true;;30000;250632;41915
BASE/troublemaker02/DI83KA;PALAMEDES_JAVA_PROVER_USEOPT_TRUE;0.6.1;true;;30000;315281;105091
BASE/skirmishNew/sibw2g;PALAMEDES_JAVA_PROVER_USEOPT_TRUE;0.6.1;true;;30002;4559;45
DRESDEN/checkers-cylinder-mustjump/vW_-pA;PALAMEDES_JAVA_PROVER_USEOPT_TRUE;0.6.1;true;;30009;2918;64
BASE/dotsAndBoxesSuicide/jzQbLw;PALAMEDES_JAVA_PROVER_USEOPT_TRUE;0.6.1;true;;30000;15491;258
DRESDEN/troublemaker02/iZLVuA;PALAMEDES_JAVA_PROVER_USEOPT_TRUE;0.6.1;true;;30000;358462;119617
DRESDEN/pacman3p/rBnk8Q;PALAMEDES_JAVA_PROVER_USEOPT_TRUE;0.6.1;true;;30001;18598;377
DRESDEN/max_knights/hCipiA;PALAMEDES_JAVA_PROVER_USEOPT_TRUE;0.6.1;true;;30000;15044;2825
DRESDEN/bunk_t/7-tPfA;PALAMEDES_JAVA_PROVER_USEOPT_TRUE;0.6.1;true;;30000;34759;4160
BASE/tictactoe_3d_2player/IUC1rQ;PALAMEDES_JAVA_PROVER_USEOPT_TRUE;0.6.1;true;;30002;3682;100
DRESDEN/sat_test_20v_91c_version2/a1mPBA;PALAMEDES_JAVA_PROVER_USEOPT_TRUE;0.6.1;true;;30000;19960;998
DRESDEN/peg/Vo31eg;PALAMEDES_JAVA_PROVER_USEOPT_TRUE;0.6.1;true;;30000;12701;517
DRESDEN/minichess/c7GMFw;PALAMEDES_JAVA_PROVER_USEOPT_TRUE;0.6.1;true;;30000;25192;2853
BASE/factoringEasyTurtleBrain/lUj94Q;PALAMEDES_JAVA_PROVER_USEOPT_TRUE;0.6.1;true;;30000;67046;1117
DRESDEN/lightsout2/LFtfyQ;PALAMEDES_JAVA_PROVER_USEOPT_TRUE;0.6.1;true;;30000;26992;1349
BASE/chineseCheckers2/eCMR3Q;PALAMEDES_JAVA_PROVER_USEOPT_TRUE;0.6.1;true;;30000;51900;1378
BASE/nim3/1OwUqw;PALAMEDES_JAVA_PROVER_USEOPT_TRUE;0.6.1;true;;30000;128866;9719
BASE/4pffa/Q3ADlg;PALAMEDES_JAVA_PROVER_USEOPT_TRUE;0.6.1;true;;30001;21694;542
BASE/beatMania/qUHwvQ;PALAMEDES_JAVA_PROVER_USEOPT_TRUE;0.6.1;true;;30000;127767;2129
BASE/othelloHoles/c0qAzw;PALAMEDES_JAVA_PROVER_USEOPT_TRUE;0.6.1;true;;30305;144;2
BASE/checkers-mustjump-torus/uSApKQ;PALAMEDES_JAVA_PROVER_USEOPT_TRUE;0.6.1;true;;30004;2793;63
BASE/quad/tw-Ufg;PALAMEDES_JAVA_PROVER_USEOPT_TRUE;0.6.1;true;;33410;50;0
DRESDEN/hanoi7/51zz5Q;PALAMEDES_JAVA_PROVER_USEOPT_TRUE;0.6.1;true;;30000;129706;1021
BASE/blocksWorld/SEdXLQ;PALAMEDES_JAVA_PROVER_USEOPT_TRUE;0.6.1;true;;30000;193733;64577
DRESDEN/hitori/S8Gsyg;PALAMEDES_JAVA_PROVER_USEOPT_TRUE;0.6.1;true;;30029;1141;11
BASE/maze/cCX3qQ;PALAMEDES_JAVA_PROVER_USEOPT_TRUE;0.6.1;true;;30000;337658;38461
DRESDEN/javastrike/whONTQ;PALAMEDES_JAVA_PROVER_USEOPT_TRUE;0.6.1;true;;30000;5937;13
DRESDEN/twisty-passages/j7NPyg;PALAMEDES_JAVA_PROVER_USEOPT_TRUE;0.6.1;true;;30000;31954;160
BASE/skirmishFinal1/ecWTnQ;PALAMEDES_JAVA_PROVER_USEOPT_TRUE;0.6.1;true;;30011;1239;21
BASE/othello-comp2007/86ZoMw;PALAMEDES_JAVA_PROVER_USEOPT_TRUE;0.6.1;true;;30154;130;2
BASE/asteroidsParallel/WauZiA;PALAMEDES_JAVA_PROVER_USEOPT_TRUE;0.6.1;true;;30000;81197;1849
BASE/tictactoe_3d_small_6player/g_9lww;PALAMEDES_JAVA_PROVER_USEOPT_TRUE;0.6.1;true;;30000;9161;249
DRESDEN/ghostmaze2p/HY0UwA;PALAMEDES_JAVA_PROVER_USEOPT_TRUE;0.6.1;true;;30000;63346;1310
BASE/checkersTorus/2vm1EQ;PALAMEDES_JAVA_PROVER_USEOPT_TRUE;0.6.1;true;;30002;11288;188
BASE/tpeg/QNs7Lw;PALAMEDES_JAVA_PROVER_USEOPT_TRUE;0.6.1;true;;30000;13417;1087
DRESDEN/satlike_20v_91c_version2/yd9ioQ;PALAMEDES_JAVA_PROVER_USEOPT_TRUE;0.6.1;true;;30347;20;1
DRESDEN/catch_me/ghGWrA;PALAMEDES_JAVA_PROVER_USEOPT_TRUE;0.6.1;true;;30000;135808;3923
DRESDEN/tictactoe_3d_small_2player/HYttcg;PALAMEDES_JAVA_PROVER_USEOPT_TRUE;0.6.1;true;;30002;12422;1003
DRESDEN/vacuumcleaner_obstacles_5/fXBV4g;PALAMEDES_JAVA_PROVER_USEOPT_TRUE;0.6.1;true;;30007;1757;276
STANFORD/kono/HI7CHA;PALAMEDES_JAVA_PROVER_USEOPT_TRUE;0.6.1;false;Exception of type NullPointerException;0;0;0
BASE/factoringMediumTurtleBrain/8RBqmQ;PALAMEDES_JAVA_PROVER_USEOPT_TRUE;0.6.1;true;;30001;15648;186
BASE/englishDraughts/jFkQxg;PALAMEDES_JAVA_PROVER_USEOPT_TRUE;0.6.1;true;;30001;13660;197
BASE/snakeAssemblit/sOydSg;PALAMEDES_JAVA_PROVER_USEOPT_TRUE;0.6.1;true;;30002;10135;1239
BASE/bunk_t/xbpfIA;PALAMEDES_JAVA_PROVER_USEOPT_TRUE;0.6.1;true;;30000;34338;4115
DRESDEN/chinesecheckers4/-oVNYg;PALAMEDES_JAVA_PROVER_USEOPT_TRUE;0.6.1;true;;30000;12316;213
DRESDEN/statespacelarge/8-y5HQ;PALAMEDES_JAVA_PROVER_USEOPT_TRUE;0.6.1;true;;30000;28255;2018
BASE/ticTacHeaven/18n58A;PALAMEDES_JAVA_PROVER_USEOPT_TRUE;0.6.1;true;;30000;7742;327
BASE/connectFourSuicide/c8p9Kw;PALAMEDES_JAVA_PROVER_USEOPT_TRUE;0.6.1;true;;30000;19091;833
DRESDEN/slidingpieces/s9_44g;PALAMEDES_JAVA_PROVER_USEOPT_TRUE;0.6.1;true;;30001;4538;56
BASE/chineseCheckers4/avfBcQ;PALAMEDES_JAVA_PROVER_USEOPT_TRUE;0.6.1;true;;30000;25167;435
BASE/breakthroughSmallHoles/bxclRw;PALAMEDES_JAVA_PROVER_USEOPT_TRUE;0.6.1;true;;30001;14329;548
DRESDEN/farmers/S_ASnw;PALAMEDES_JAVA_PROVER_USEOPT_TRUE;0.6.1;true;;30000;16577;1657
BASE/sudokuGrade5/BQfUQA;PALAMEDES_JAVA_PROVER_USEOPT_TRUE;0.6.1;true;;30057;486;12
STANFORD/selectivesukoshi/3xmXYg;PALAMEDES_JAVA_PROVER_USEOPT_TRUE;0.6.1;true;;30007;1519;50
DRESDEN/cylinder-checkers/clOO3Q;PALAMEDES_JAVA_PROVER_USEOPT_TRUE;0.6.1;true;;30001;3934;40
BASE/pacman3p/wW7UVQ;PALAMEDES_JAVA_PROVER_USEOPT_TRUE;0.6.1;true;;30000;19231;407
DRESDEN/breakthroughsuicide/Y9QzqQ;PALAMEDES_JAVA_PROVER_USEOPT_TRUE;0.6.1;true;;30000;11596;181
BASE/wallmaze/uxNQ9g;PALAMEDES_JAVA_PROVER_USEOPT_TRUE;0.6.1;true;;30000;9586;330
DRESDEN/crisscross/GsY16g;PALAMEDES_JAVA_PROVER_USEOPT_TRUE;0.6.1;true;;30000;24623;951
BASE/tictactoe_3d_small_2player/oOryKA;PALAMEDES_JAVA_PROVER_USEOPT_TRUE;0.6.1;true;;30001;12007;980
BASE/connectFourLarge/aU644A;PALAMEDES_JAVA_PROVER_USEOPT_TRUE;0.6.1;true;;30001;14320;550
DRESDEN/mummymaze1p/AekgaQ;PALAMEDES_JAVA_PROVER_USEOPT_TRUE;0.6.1;true;;30000;19471;3677
BASE/battle/8oAvhQ;PALAMEDES_JAVA_PROVER_USEOPT_TRUE;0.6.1;true;;30002;1441;48
DRESDEN/ggp-course2013_michal13/jWKddg;PALAMEDES_JAVA_PROVER_USEOPT_TRUE;0.6.1;true;;30023;119;3
BASE/chomp/-LcqYQ;PALAMEDES_JAVA_PROVER_USEOPT_TRUE;0.6.1;true;;30000;40287;5650
DRESDEN/chinesecheckers2/06E6-Q;PALAMEDES_JAVA_PROVER_USEOPT_TRUE;0.6.1;true;;30000;23867;634
DRESDEN/sheep_and_wolf/enAIzQ;PALAMEDES_JAVA_PROVER_USEOPT_TRUE;0.6.1;true;;30000;15439;376
DRESDEN/Goldrush/VeWczQ;PALAMEDES_JAVA_PROVER_USEOPT_TRUE;0.6.1;true;;30001;23273;3074
BASE/bomberman2p/4CClwA;PALAMEDES_JAVA_PROVER_USEOPT_TRUE;0.6.1;true;;30000;26960;3493
DRESDEN/satlike_20v_91c/yeuENQ;PALAMEDES_JAVA_PROVER_USEOPT_TRUE;0.6.1;true;;37157;20;1
BASE/amazonsTorus_10x10/Uxc08g;PALAMEDES_JAVA_PROVER_USEOPT_TRUE;0.6.1;true;;30000;3851;25
BASE/lightsOnParallel/SC6enA;PALAMEDES_JAVA_PROVER_USEOPT_TRUE;0.6.1;true;;30000;55153;2790
DRESDEN/small_dominion/yB5GJA;PALAMEDES_JAVA_PROVER_USEOPT_TRUE;0.6.1;true;;30650;56;1
DRESDEN/quartosuicide/WIU1oQ;PALAMEDES_JAVA_PROVER_USEOPT_TRUE;0.6.1;true;;30000;28135;1194
DRESDEN/blocks2player/3ev8nQ;PALAMEDES_JAVA_PROVER_USEOPT_TRUE;0.6.1;true;;30000;162918;9051
BASE/ticTacToeSerial/Amrwqw;PALAMEDES_JAVA_PROVER_USEOPT_TRUE;0.6.1;true;;30000;29634;1947
DRESDEN/pawn_whopping_corrected/7Ov0jQ;PALAMEDES_JAVA_PROVER_USEOPT_TRUE;0.6.1;true;;30000;16837;495
DRESDEN/knightthrough/J7Fc_Q;PALAMEDES_JAVA_PROVER_USEOPT_TRUE;0.6.1;true;;30001;16661;497
DRESDEN/chinesecheckers6/yTbPDA;PALAMEDES_JAVA_PROVER_USEOPT_TRUE;0.6.1;true;;30000;16125;273
DRESDEN/hanoi/RQ0jiA;PALAMEDES_JAVA_PROVER_USEOPT_TRUE;0.6.1;true;;30000;147771;4766
DRESDEN/battlesnakes2011/93VtTw;PALAMEDES_JAVA_PROVER_USEOPT_TRUE;0.6.1;true;;30001;14492;433
STANFORD/alquerquezero/uVgA_A;PALAMEDES_JAVA_PROVER_USEOPT_TRUE;0.6.1;true;;30001;15574;537
STANFORD/threepuzzle/41ibjA;PALAMEDES_JAVA_PROVER_USEOPT_TRUE;0.6.1;true;;30000;174120;29020
BASE/factoringMutuallyAssuredDestruction/NH0LGg;PALAMEDES_JAVA_PROVER_USEOPT_TRUE;0.6.1;true;;30000;77324;3866
BASE/knightmove/jBaJEw;PALAMEDES_JAVA_PROVER_USEOPT_TRUE;0.6.1;true;;30000;24791;706
DRESDEN/3qbf-5cnf-20var-40cl.1.qdimacs.viz.SAT/2034pg;PALAMEDES_JAVA_PROVER_USEOPT_TRUE;0.6.1;true;;30001;21327;367
BASE/connect5/d-BVQg;PALAMEDES_JAVA_PROVER_USEOPT_TRUE;0.6.1;true;;30000;7318;161
BASE/breakthrough/TGxk-g;PALAMEDES_JAVA_PROVER_USEOPT_TRUE;0.6.1;true;;30001;11145;171
DRESDEN/chinesecheckers3/QsCb2A;PALAMEDES_JAVA_PROVER_USEOPT_TRUE;0.6.1;true;;30000;21569;397
BASE/sudokuGrade4/DTy07w;PALAMEDES_JAVA_PROVER_USEOPT_TRUE;0.6.1;true;;30061;477;12
BASE/ticblock/T21C1g;PALAMEDES_JAVA_PROVER_USEOPT_TRUE;0.6.1;true;;30000;44821;2718
BASE/coloredtrails/EZvr7g;PALAMEDES_JAVA_PROVER_USEOPT_TRUE;0.6.1;true;;30000;60054;6672
BASE/futoshiki5/TJ4BZg;PALAMEDES_JAVA_PROVER_USEOPT_TRUE;0.6.1;true;;30005;6587;480
BASE/sum15/QZ07Kg;PALAMEDES_JAVA_PROVER_USEOPT_TRUE;0.6.1;true;;30000;85241;11176
BASE/pancakes6/QZTdnw;PALAMEDES_JAVA_PROVER_USEOPT_TRUE;0.6.1;true;;30000;334729;8436
DRESDEN/chomp/-LcqYQ;PALAMEDES_JAVA_PROVER_USEOPT_TRUE;0.6.1;true;;30000;40413;5743
DRESDEN/gt_prisoner/huCp4w;PALAMEDES_JAVA_PROVER_USEOPT_TRUE;0.6.1;true;;30000;144578;7228
BASE/amazonsSuicide/dE1QEQ;PALAMEDES_JAVA_PROVER_USEOPT_TRUE;0.6.1;true;;30127;41;0
DRESDEN/firefighter/WJmoPw;PALAMEDES_JAVA_PROVER_USEOPT_TRUE;0.6.1;true;;30000;116872;2638
DRESDEN/fizzbuzz/t1xHzQ;PALAMEDES_JAVA_PROVER_USEOPT_TRUE;0.6.1;true;;30000;355936;11864
BASE/blocksWorldParallel/RseaAQ;PALAMEDES_JAVA_PROVER_USEOPT_TRUE;0.6.1;true;;30001;12659;4219
DRESDEN/mummymaze2p/k-8edg;PALAMEDES_JAVA_PROVER_USEOPT_TRUE;0.6.1;true;;30000;16863;344
DRESDEN/tictactoe_orthogonal/y69QFQ;PALAMEDES_JAVA_PROVER_USEOPT_TRUE;0.6.1;true;;30000;87260;10900
BASE/slaughter/cOch8A;PALAMEDES_JAVA_PROVER_USEOPT_TRUE;0.6.1;true;;30041;650;3
BASE/onestep/xi53wA;PALAMEDES_JAVA_PROVER_USEOPT_TRUE;0.6.1;true;;30000;635333;635333
DRESDEN/chickentictactoe/Ipbo-g;PALAMEDES_JAVA_PROVER_USEOPT_TRUE;0.6.1;true;;30000;61438;8647
BASE/troublemaker01/s3tlEQ;PALAMEDES_JAVA_PROVER_USEOPT_TRUE;0.6.1;true;;30000;392284;130897
DRESDEN/chickentoetictac/cxYaRQ;PALAMEDES_JAVA_PROVER_USEOPT_TRUE;0.6.1;true;;30000;96970;13627
BASE/gt_ultimatum/GE-uOA;PALAMEDES_JAVA_PROVER_USEOPT_TRUE;0.6.1;true;;30000;129858;6492
STANFORD/breakthroughsmall/HM0s5w;PALAMEDES_JAVA_PROVER_USEOPT_TRUE;0.6.1;true;;30001;16750;599
BASE/skirmishZeroSum/zh4hcw;PALAMEDES_JAVA_PROVER_USEOPT_TRUE;0.6.1;true;;30006;4582;45
BASE/racer/QQYQNw;PALAMEDES_JAVA_PROVER_USEOPT_TRUE;0.6.1;true;;30000;45827;3356
STANFORD/checkersonabarrelnokings/Zrevdw;PALAMEDES_JAVA_PROVER_USEOPT_TRUE;0.6.1;true;;30001;12027;246
BASE/gt_centipede/9fRMpw;PALAMEDES_JAVA_PROVER_USEOPT_TRUE;0.6.1;true;;30000;223589;111705
DRESDEN/gt_chicken/CeuKtw;PALAMEDES_JAVA_PROVER_USEOPT_TRUE;0.6.1;true;;30000;136790;6839
BASE/breakthroughSmall/HJ0tIA;PALAMEDES_JAVA_PROVER_USEOPT_TRUE;0.6.1;true;;30001;16868;591
DRESDEN/vacuumcleaner_obstacles_2/Y-R7tA;PALAMEDES_JAVA_PROVER_USEOPT_TRUE;0.6.1;true;;30000;91306;15195
BASE/3pConnectFour/PqXOFQ;PALAMEDES_JAVA_PROVER_USEOPT_TRUE;0.6.1;true;;30000;11334;310
DRESDEN/Thief_Police/CX18rA;PALAMEDES_JAVA_PROVER_USEOPT_TRUE;0.6.1;true;;30000;131501;3929
BASE/blockerSerial/3eqDuw;PALAMEDES_JAVA_PROVER_USEOPT_TRUE;0.6.1;true;;30000;30148;1917
DRESDEN/grid_game/U7_Yeg;PALAMEDES_JAVA_PROVER_USEOPT_TRUE;0.6.1;true;;30000;21745;610
BASE/ticTicToe/c1OobQ;PALAMEDES_JAVA_PROVER_USEOPT_TRUE;0.6.1;true;;30000;54366;10845
BASE/stateSpaceLarge/0Ge_CQ;PALAMEDES_JAVA_PROVER_USEOPT_TRUE;0.6.1;true;;30000;28712;2050
BASE/slidingpieces/uFJWEw;PALAMEDES_JAVA_PROVER_USEOPT_TRUE;0.6.1;true;;30005;4379;54
BASE/3pttc/0sol9g;PALAMEDES_JAVA_PROVER_USEOPT_TRUE;0.6.1;true;;30001;22461;770
DRESDEN/tictactoe_3d_6player/ulZPWg;PALAMEDES_JAVA_PROVER_USEOPT_TRUE;0.6.1;true;;30010;3375;32
DRESDEN/skirmish2/iPpWhQ;PALAMEDES_JAVA_PROVER_USEOPT_TRUE;0.6.1;true;;30003;6334;158
STANFORD/platformjumpers/HEQskA;PALAMEDES_JAVA_PROVER_USEOPT_TRUE;0.6.1;true;;30001;7166;142
DRESDEN/connectfoursuicide/M9CNQg;PALAMEDES_JAVA_PROVER_USEOPT_TRUE;0.6.1;true;;30002;20189;913
BASE/wargame01/_GZFZg;PALAMEDES_JAVA_PROVER_USEOPT_TRUE;0.6.1;true;;30000;14863;1417
STANFORD/bestbuttonsandlightsbig/g0JC6g;PALAMEDES_JAVA_PROVER_USEOPT_TRUE;0.6.1;true;;30000;157583;26263
DRESDEN/tttcc4/sAvtFg;PALAMEDES_JAVA_PROVER_USEOPT_TRUE;0.6.1;true;;30000;12877;454
DRESDEN/ggp-course2013_nicolai/uEin8g;PALAMEDES_JAVA_PROVER_USEOPT_TRUE;0.6.1;true;;30000;2162;65
DRESDEN/ggp-course2013_jordi/9QI6Kw;PALAMEDES_JAVA_PROVER_USEOPT_TRUE;0.6.1;true;;30000;3176;94
DRESDEN/blockerparallel/dVQgSg;PALAMEDES_JAVA_PROVER_USEOPT_TRUE;0.6.1;true;;30003;7945;1136
STANFORD/pentago/ZxzLmg;PALAMEDES_JAVA_PROVER_USEOPT_TRUE;0.6.1;true;;30002;11026;197
BASE/sudokuGrade3/eI8dvg;PALAMEDES_JAVA_PROVER_USEOPT_TRUE;0.6.1;true;;30019;469;12
BASE/choicethroughalt/tt71Lg;PALAMEDES_JAVA_PROVER_USEOPT_TRUE;0.6.1;true;;30003;9196;232
BASE/hex/T1MK8g;PALAMEDES_JAVA_PROVER_USEOPT_TRUE;0.6.1;true;;30001;5144;72
STANFORD/3puzzle/41ibjA;PALAMEDES_JAVA_PROVER_USEOPT_TRUE;0.6.1;true;;30000;183539;30589
BASE/gt_chicken/gmepTQ;PALAMEDES_JAVA_PROVER_USEOPT_TRUE;0.6.1;true;;30000;138710;6935
DRESDEN/vacuumcleaner_obstacles_6/NVwsZw;PALAMEDES_JAVA_PROVER_USEOPT_TRUE;0.6.1;true;;30003;1873;303
BASE/checkersBarrelNoKings/rnKNeg;PALAMEDES_JAVA_PROVER_USEOPT_TRUE;0.6.1;true;;30000;13826;212
BASE/buttons/hTcUjw;PALAMEDES_JAVA_PROVER_USEOPT_TRUE;0.6.1;true;;30000;322434;53739
BASE/brawl/6Ymo_Q;PALAMEDES_JAVA_PROVER_USEOPT_TRUE;0.6.1;true;;30011;1736;173
DRESDEN/sat_test_20v_91c/dK7nVw;PALAMEDES_JAVA_PROVER_USEOPT_TRUE;0.6.1;true;;30001;20172;1008
DRESDEN/doubletoetictac/V89gKQ;PALAMEDES_JAVA_PROVER_USEOPT_TRUE;0.6.1;true;;30000;33359;4017
STANFORD/tictactoe7/-bE9-A;PALAMEDES_JAVA_PROVER_USEOPT_TRUE;0.6.1;true;;30000;72013;13003
DRESDEN/tpeg/h-Scbg;PALAMEDES_JAVA_PROVER_USEOPT_TRUE;0.6.1;true;;30002;13902;1153
STANFORD/knightstour/cEwgNA;PALAMEDES_JAVA_PROVER_USEOPT_TRUE;0.6.1;true;;30000;259206;53173
DRESDEN/CephalopodMicro/H3XQfg;PALAMEDES_JAVA_PROVER_USEOPT_TRUE;0.6.1;true;;30001;525;12
BASE/skirmishFinal3/-Olhfw;PALAMEDES_JAVA_PROVER_USEOPT_TRUE;0.6.1;true;;30006;1429;24
BASE/dualConnect4/WbCQkg;PALAMEDES_JAVA_PROVER_USEOPT_TRUE;0.6.1;true;;30001;14370;458
DRESDEN/pancakes6/SZXMyQ;PALAMEDES_JAVA_PROVER_USEOPT_TRUE;0.6.1;true;;30000;343117;8652
DRESDEN/toetictac/mJtxCA;PALAMEDES_JAVA_PROVER_USEOPT_TRUE;0.6.1;true;;30000;122178;15965
BASE/2pffa_zerosum/o0_uZA;PALAMEDES_JAVA_PROVER_USEOPT_TRUE;0.6.1;true;;30000;25383;846
DRESDEN/grid_game2/kypTYQ;PALAMEDES_JAVA_PROVER_USEOPT_TRUE;0.6.1;true;;30001;6119;125
DRESDEN/racetrackcorridor/O0DoTA;PALAMEDES_JAVA_PROVER_USEOPT_TRUE;0.6.1;true;;30000;21625;1211
STANFORD/multiplebuttonsandlights/cK70Yg;PALAMEDES_JAVA_PROVER_USEOPT_TRUE;0.6.1;true;;30000;245299;40883
BASE/coins/QnGtnQ;PALAMEDES_JAVA_PROVER_USEOPT_TRUE;0.6.1;true;;30002;11076;4430
DRESDEN/pawntoqueen/f_x6Aw;PALAMEDES_JAVA_PROVER_USEOPT_TRUE;0.6.1;true;;30016;585;46
DRESDEN/brawl/2kXtfQ;PALAMEDES_JAVA_PROVER_USEOPT_TRUE;0.6.1;true;;30000;1710;171
DRESDEN/knightmove/97Ipcw;PALAMEDES_JAVA_PROVER_USEOPT_TRUE;0.6.1;true;;30000;24919;712
BASE/point_grab/r5DPmQ;PALAMEDES_JAVA_PROVER_USEOPT_TRUE;0.6.1;true;;30000;287935;9597
DRESDEN/breakthroughsuicide_v2/LU1nAw;PALAMEDES_JAVA_PROVER_USEOPT_TRUE;0.6.1;true;;30001;11298;181
BASE/snake_2009/7l-qAQ;PALAMEDES_JAVA_PROVER_USEOPT_TRUE;0.6.1;true;;30001;13475;786
DRESDEN/gt_ultimatum/pAiiQw;PALAMEDES_JAVA_PROVER_USEOPT_TRUE;0.6.1;true;;30000;139810;6990
STANFORD/breakthrough/d5j0cQ;PALAMEDES_JAVA_PROVER_USEOPT_TRUE;0.6.1;true;;30001;14188;223
BASE/sudoku/NTaNkw;PALAMEDES_JAVA_PROVER_USEOPT_TRUE;0.6.1;false;Exception of type NullPointerException;0;0;0
STANFORD/knightstourmedium/x1wu8Q;PALAMEDES_JAVA_PROVER_USEOPT_TRUE;0.6.1;true;;30000;263956;66000
STANFORD/dualhunter/1rPZjQ;PALAMEDES_JAVA_PROVER_USEOPT_TRUE;0.6.1;true;;30000;28315;2022
DRESDEN/queens/mW2wHQ;PALAMEDES_JAVA_PROVER_USEOPT_TRUE;0.6.1;true;;31889;130;13
BASE/roshambo2/KNPokQ;PALAMEDES_JAVA_PROVER_USEOPT_TRUE;0.6.1;true;;30000;247261;29107
BASE/incredible/8Qh-6Q;PALAMEDES_JAVA_PROVER_USEOPT_TRUE;0.6.1;true;;30000;68709;3616
DRESDEN/battle/8oAvhQ;PALAMEDES_JAVA_PROVER_USEOPT_TRUE;0.6.1;true;;30009;1452;48
BASE/gt_prisoner/klthDw;PALAMEDES_JAVA_PROVER_USEOPT_TRUE;0.6.1;true;;30000;152739;7636
DRESDEN/checkers-newgoals/IJOqXQ;PALAMEDES_JAVA_PROVER_USEOPT_TRUE;0.6.1;true;;30005;4305;43
DRESDEN/battlesnakes1509/-qZrLw;PALAMEDES_JAVA_PROVER_USEOPT_TRUE;0.6.1;true;;30000;15420;387
BASE/sudokuGrade6H/ieE_9A;PALAMEDES_JAVA_PROVER_USEOPT_TRUE;0.6.1;true;;30038;439;9
BASE/hitori/S8Gsyg;PALAMEDES_JAVA_PROVER_USEOPT_TRUE;0.6.1;true;;30182;1203;13
BASE/checkers-mustjump/T-8UuQ;PALAMEDES_JAVA_PROVER_USEOPT_TRUE;0.6.1;true;;30001;3552;68
BASE/duplicateStateSmall/bCPAXw;PALAMEDES_JAVA_PROVER_USEOPT_TRUE;0.6.1;true;;30000;188643;47160
BASE/four_way_battle/xSOQXA;PALAMEDES_JAVA_PROVER_USEOPT_TRUE;0.6.1;true;;30005;4080;126
DRESDEN/mimikry/GJEhwA;PALAMEDES_JAVA_PROVER_USEOPT_TRUE;0.6.1;true;;30000;11170;465
BASE/stateSpaceSmall/Q7osKA;PALAMEDES_JAVA_PROVER_USEOPT_TRUE;0.6.1;true;;30000;266413;66603
DRESDEN/double_tictactoe_dengji/bGaUyQ;PALAMEDES_JAVA_PROVER_USEOPT_TRUE;0.6.1;true;;30000;39631;2788
BASE/4pttc/AL1k2Q;PALAMEDES_JAVA_PROVER_USEOPT_TRUE;0.6.1;true;;30001;18787;596
BASE/tron_10x10/7ZTgDg;PALAMEDES_JAVA_PROVER_USEOPT_TRUE;0.6.1;true;;30000;48117;16057
STANFORD/jointbuttonsandlights/qAKuIQ;PALAMEDES_JAVA_PROVER_USEOPT_TRUE;0.6.1;true;;30000;122570;21262
BASE/reversiSuicide/9OxJlg;PALAMEDES_JAVA_PROVER_USEOPT_TRUE;0.6.1;true;;30006;479;7
BASE/rubiksCube/9tNO9Q;PALAMEDES_JAVA_PROVER_USEOPT_TRUE;0.6.1;true;;30001;11719;234
BASE/battlebrushes/arCwyA;PALAMEDES_JAVA_PROVER_USEOPT_TRUE;0.6.1;true;;31089;266;14
BASE/breakthroughSuicideSmall/XSbJog;PALAMEDES_JAVA_PROVER_USEOPT_TRUE;0.6.1;true;;30000;16973;607
BASE/copolymer_4/2LDVhQ;PALAMEDES_JAVA_PROVER_USEOPT_TRUE;0.6.1;true;;30000;25330;728
BASE/racer4/0vs7Ww;PALAMEDES_JAVA_PROVER_USEOPT_TRUE;0.6.1;true;;30001;19953;916
BASE/solitaireChineseCheckers/-ET6gw;PALAMEDES_JAVA_PROVER_USEOPT_TRUE;0.6.1;true;;30000;30484;564
BASE/nonogram_5x5_1/qLKEZw;PALAMEDES_JAVA_PROVER_USEOPT_TRUE;0.6.1;false;Exception of type NullPointerException;0;0;0
BASE/shmup/ssTNlg;PALAMEDES_JAVA_PROVER_USEOPT_TRUE;0.6.1;true;;30000;55427;6772
BASE/copolymer_4_pie/IN5_jA;PALAMEDES_JAVA_PROVER_USEOPT_TRUE;0.6.1;true;;30001;23314;652
BASE/connectFour_9x6/B9TtMw;PALAMEDES_JAVA_PROVER_USEOPT_TRUE;0.6.1;true;;30000;18140;785
BASE/nonogram_10x10_1/0Xc62g;PALAMEDES_JAVA_PROVER_USEOPT_TRUE;0.6.1;false;Exception of type NullPointerException;0;0;0
BASE/chess_200/XsTpYA;PALAMEDES_JAVA_PROVER_USEOPT_TRUE;0.6.1;true;;30002;1613;8
BASE/hidato37/pBrqxw;PALAMEDES_JAVA_PROVER_USEOPT_TRUE;0.6.1;true;;30003;2300;169
BASE/hidato19/rRHSmA;PALAMEDES_JAVA_PROVER_USEOPT_TRUE;0.6.1;true;;30001;9545;1411
BASE/queens16ug/gT-ylw;PALAMEDES_JAVA_PROVER_USEOPT_TRUE;0.6.1;true;;30001;2524;157
BASE/queens12ug/u6Bkmg;PALAMEDES_JAVA_PROVER_USEOPT_TRUE;0.6.1;true;;30003;6516;543
BASE/racetrackcorridor/_RkdUg;PALAMEDES_JAVA_PROVER_USEOPT_TRUE;0.6.1;true;;30000;22748;1137
BASE/point_grab/V_osUg;PALAMEDES_JAVA_PROVER_USEOPT_TRUE;0.6.1;true;;30000;289521;9650
BASE/snakeAssemblit/UO4sdg;PALAMEDES_JAVA_PROVER_USEOPT_TRUE;0.6.1;true;;30001;10139;1225
