BASE/zhadu/DlA8iQ;PALAMEDES_JAVA_PROVER_USEOPT_FALSE;0.6.1;true;;30980;19;0
BASE/racetrackcorridor/k1OQRg;PALAMEDES_JAVA_PROVER_USEOPT_FALSE;0.6.1;true;;30001;18811;942
BASE/gt_two_thirds_4p/DStnxQ;PALAMEDES_JAVA_PROVER_USEOPT_FALSE;0.6.1;false;Exception of type NullPointerException;0;0;0
DRESDEN/nim4/F5YAYg;PALAMEDES_JAVA_PROVER_USEOPT_FALSE;0.6.1;true;;30032;773;56
BASE/lightsOut/5P1ZBw;PALAMEDES_JAVA_PROVER_USEOPT_FALSE;0.6.1;true;;30000;22971;1148
DRESDEN/crossers3/xiPTxg;PALAMEDES_JAVA_PROVER_USEOPT_FALSE;0.6.1;true;;30002;9658;733
BASE/twisty-passages/DiZmmg;PALAMEDES_JAVA_PROVER_USEOPT_FALSE;0.6.1;true;;30000;32633;163
DRESDEN/sat_test_20v_91c_visualisation/aw8BIA;PALAMEDES_JAVA_PROVER_USEOPT_FALSE;0.6.1;true;;30000;12957;647
DRESDEN/hanoi7_bugfix/3gdnFw;PALAMEDES_JAVA_PROVER_USEOPT_FALSE;0.6.1;true;;30000;27665;217
DRESDEN/mummymaze2p-comp2007/oTQRQg;PALAMEDES_JAVA_PROVER_USEOPT_FALSE;0.6.1;true;;30000;20190;431
DRESDEN/cubicup_3player/awDtsQ;PALAMEDES_JAVA_PROVER_USEOPT_FALSE;0.6.1;true;;30010;1201;14
DRESDEN/backgammon/mqCW0Q;PALAMEDES_JAVA_PROVER_USEOPT_FALSE;0.6.1;true;;30003;1539;9
STANFORD/multipletictactoe/_bkafQ;PALAMEDES_JAVA_PROVER_USEOPT_FALSE;0.6.1;true;;30002;13144;733
BASE/guess/SPpk1A;PALAMEDES_JAVA_PROVER_USEOPT_FALSE;0.6.1;true;;30277;179;20
BASE/kalaha5x2x3/WviNsw;PALAMEDES_JAVA_PROVER_USEOPT_FALSE;0.6.1;true;;30000;44652;452
BASE/ttcc4/Le0qjQ;PALAMEDES_JAVA_PROVER_USEOPT_FALSE;0.6.1;true;;30005;4284;153
BASE/cephalopodMicro/9l2D3g;PALAMEDES_JAVA_PROVER_USEOPT_FALSE;0.6.1;true;;30240;124;3
DRESDEN/brain_teaser_extended/ZDp94A;PALAMEDES_JAVA_PROVER_USEOPT_FALSE;0.6.1;true;;30001;24918;1661
DRESDEN/catcha_mouse/cHv4dw;PALAMEDES_JAVA_PROVER_USEOPT_FALSE;0.6.1;true;;30000;15378;1165
BASE/checkersTorusNoKings/pwb6oQ;PALAMEDES_JAVA_PROVER_USEOPT_FALSE;0.6.1;true;;30005;5238;91
BASE/knightsTour/mvtVIg;PALAMEDES_JAVA_PROVER_USEOPT_FALSE;0.6.1;true;;30000;83305;17050
STANFORD/nineboardtictactoe/y28P-A;PALAMEDES_JAVA_PROVER_USEOPT_FALSE;0.6.1;true;;30005;5283;182
BASE/tttcc4/8Bs2lg;PALAMEDES_JAVA_PROVER_USEOPT_FALSE;0.6.1;true;;30001;4299;153
BASE/blobwars/0XT15Q;PALAMEDES_JAVA_PROVER_USEOPT_FALSE;0.6.1;true;;30013;3735;93
DRESDEN/buttons/ADUaHw;PALAMEDES_JAVA_PROVER_USEOPT_FALSE;0.6.1;true;;30000;467971;77995
BASE/pancakes/yUgbXw;PALAMEDES_JAVA_PROVER_USEOPT_FALSE;0.6.1;true;;30000;420940;10616
BASE/wargame03/klXI8w;PALAMEDES_JAVA_PROVER_USEOPT_FALSE;0.6.1;true;;30010;1029;167
BASE/hanoi7_bugfix/3gdnFw;PALAMEDES_JAVA_PROVER_USEOPT_FALSE;0.6.1;true;;30000;27461;216
BASE/blocks2player/wnTLOQ;PALAMEDES_JAVA_PROVER_USEOPT_FALSE;0.6.1;true;;30000;232124;12896
DRESDEN/connectfour/5tc-Mg;PALAMEDES_JAVA_PROVER_USEOPT_FALSE;0.6.1;true;;30000;16711;742
BASE/quarto/EwBMVQ;PALAMEDES_JAVA_PROVER_USEOPT_FALSE;0.6.1;true;;30001;7359;322
BASE/quad_5x5/JAEP5g;PALAMEDES_JAVA_PROVER_USEOPT_FALSE;0.6.1;true;;31987;75;5
BASE/dotsAndBoxes/EHwA_w;PALAMEDES_JAVA_PROVER_USEOPT_FALSE;0.6.1;true;;30000;10268;171
BASE/pacman2p/4LEdQg;PALAMEDES_JAVA_PROVER_USEOPT_FALSE;0.6.1;true;;30000;6038;114
DRESDEN/latenttictactoe/kITHKg;PALAMEDES_JAVA_PROVER_USEOPT_FALSE;0.6.1;true;;30000;61583;5836
DRESDEN/uf20-020.cnf.SAT.satlike/WbqXoA;PALAMEDES_JAVA_PROVER_USEOPT_FALSE;0.6.1;true;;201148;20;1
BASE/mineClearingSmall/frsbvw;PALAMEDES_JAVA_PROVER_USEOPT_FALSE;0.6.1;true;;30000;4437;393
DRESDEN/breakthrough/z4hK7Q;PALAMEDES_JAVA_PROVER_USEOPT_FALSE;0.6.1;true;;30002;5133;81
STANFORD/bestbuttonsandlights/nm0wEA;PALAMEDES_JAVA_PROVER_USEOPT_FALSE;0.6.1;true;;30000;281093;46848
STANFORD/skirmish/w4V6Vw;PALAMEDES_JAVA_PROVER_USEOPT_FALSE;0.6.1;true;;30062;184;1
BASE/factoringImpossibleTurtleBrain/kcBhdw;PALAMEDES_JAVA_PROVER_USEOPT_FALSE;0.6.1;true;;31716;13;0
DRESDEN/four_way_battle/xSOQXA;PALAMEDES_JAVA_PROVER_USEOPT_FALSE;0.6.1;true;;30064;593;19
DRESDEN/snake_2008/E56l3A;PALAMEDES_JAVA_PROVER_USEOPT_FALSE;0.6.1;true;;30001;15430;963
BASE/ttcc4_2player_alt/ZEJvYA;PALAMEDES_JAVA_PROVER_USEOPT_FALSE;0.6.1;true;;30000;4693;123
BASE/crissrace/ERWGDA;PALAMEDES_JAVA_PROVER_USEOPT_FALSE;0.6.1;true;;30038;7619;168
STANFORD/buttonsandlights/eyhJpA;PALAMEDES_JAVA_PROVER_USEOPT_FALSE;0.6.1;true;;30000;971393;161898
BASE/hanoi/iGLsJg;PALAMEDES_JAVA_PROVER_USEOPT_FALSE;0.6.1;true;;30000;40630;1310
BASE/strangeSkirmish/gc1zKA;PALAMEDES_JAVA_PROVER_USEOPT_FALSE;0.6.1;true;;30018;218;2
BASE/god/qF06gw;PALAMEDES_JAVA_PROVER_USEOPT_FALSE;0.6.1;true;;30159;96;6
DRESDEN/quad_5x5_8_2/JRTLJg;PALAMEDES_JAVA_PROVER_USEOPT_FALSE;0.6.1;true;;30358;39;1
BASE/ticTacToeParallel/ymRGPw;PALAMEDES_JAVA_PROVER_USEOPT_FALSE;0.6.1;true;;30000;23433;3380
BASE/haystack/UkweGA;PALAMEDES_JAVA_PROVER_USEOPT_FALSE;0.6.1;true;;30000;1054819;351813
STANFORD/hex/MTqWcw;PALAMEDES_JAVA_PROVER_USEOPT_FALSE;0.6.1;true;;30001;3825;54
STANFORD/ttcc4/Cx9SGw;PALAMEDES_JAVA_PROVER_USEOPT_FALSE;0.6.1;true;;30009;3569;66
STANFORD/chinook/osFbPA;PALAMEDES_JAVA_PROVER_USEOPT_FALSE;0.6.1;true;;30009;1739;43
BASE/asteroids/BKCmPQ;PALAMEDES_JAVA_PROVER_USEOPT_FALSE;0.6.1;true;;30000;130013;2784
BASE/breakthroughSuicide/wZDpIg;PALAMEDES_JAVA_PROVER_USEOPT_FALSE;0.6.1;true;;30003;5155;81
BASE/checkLines/Vop7oQ;PALAMEDES_JAVA_PROVER_USEOPT_FALSE;0.6.1;true;;30001;11106;732
BASE/survival/YVIjJA;PALAMEDES_JAVA_PROVER_USEOPT_FALSE;0.6.1;true;;30000;877448;752031
BASE/knightfight/SJRkAg;PALAMEDES_JAVA_PROVER_USEOPT_FALSE;0.6.1;true;;30000;37945;3472
STANFORD/eightpuzzle/W_aWbA;PALAMEDES_JAVA_PROVER_USEOPT_FALSE;0.6.1;true;;30000;122041;2440
DRESDEN/lightson2x2/gBHuig;PALAMEDES_JAVA_PROVER_USEOPT_FALSE;0.6.1;true;;30000;125410;12541
STANFORD/multiplebuttonsandlights_9/SqB9BA;PALAMEDES_JAVA_PROVER_USEOPT_FALSE;0.6.1;true;;30000;335182;55863
DRESDEN/hallway/0H4l-Q;PALAMEDES_JAVA_PROVER_USEOPT_FALSE;0.6.1;true;;30001;7592;253
BASE/escortLatch/mX9BjQ;PALAMEDES_JAVA_PROVER_USEOPT_FALSE;0.6.1;true;;30002;7651;129
BASE/chickentictactoe/DSlZCA;PALAMEDES_JAVA_PROVER_USEOPT_FALSE;0.6.1;true;;30000;79737;11198
BASE/skirmish/Y_psYQ;PALAMEDES_JAVA_PROVER_USEOPT_FALSE;0.6.1;true;;30147;179;1
BASE/ticTacToe/JRFsaQ;PALAMEDES_JAVA_PROVER_USEOPT_FALSE;0.6.1;true;;30000;95683;12537
BASE/circlesolitaire/azuQFQ;PALAMEDES_JAVA_PROVER_USEOPT_FALSE;0.6.1;true;;30000;151621;14709
BASE/pentagoSuicide/SBgNhw;PALAMEDES_JAVA_PROVER_USEOPT_FALSE;0.6.1;true;;30008;2286;40
DRESDEN/checkers/jIDMIg;PALAMEDES_JAVA_PROVER_USEOPT_FALSE;0.6.1;true;;30003;944;9
BASE/tictactoe2/bhrDoQ;PALAMEDES_JAVA_PROVER_USEOPT_FALSE;0.6.1;true;;30000;63828;8350
DRESDEN/Runners/3bOCQw;PALAMEDES_JAVA_PROVER_USEOPT_FALSE;0.6.1;true;;30000;166327;3394
DRESDEN/quad_5x5/JAEP5g;PALAMEDES_JAVA_PROVER_USEOPT_FALSE;0.6.1;true;;46170;78;6
STANFORD/freeforall/Lfp40Q;PALAMEDES_JAVA_PROVER_USEOPT_FALSE;0.6.1;true;;30002;8243;274
BASE/ad_game_2x2/D0aWqg;PALAMEDES_JAVA_PROVER_USEOPT_FALSE;0.6.1;true;;42020;10;5
BASE/simultaneousWin2/PfjRjw;PALAMEDES_JAVA_PROVER_USEOPT_FALSE;0.6.1;true;;30005;517;6
DRESDEN/endgame/IJhh3Q;PALAMEDES_JAVA_PROVER_USEOPT_FALSE;0.6.1;true;;30001;3695;263
STANFORD/tictactoe3/X7myng;PALAMEDES_JAVA_PROVER_USEOPT_FALSE;0.6.1;true;;30000;52105;19516
BASE/checkers-suicide-cylinder-mustjump/YeW5Tw;PALAMEDES_JAVA_PROVER_USEOPT_FALSE;0.6.1;true;;30032;91;2
BASE/firefighter/WJmoPw;PALAMEDES_JAVA_PROVER_USEOPT_FALSE;0.6.1;true;;30000;165307;3754
DRESDEN/nim3/sG_axA;PALAMEDES_JAVA_PROVER_USEOPT_FALSE;0.6.1;true;;30033;780;59
BASE/skirmishFinal2/gdB62Q;PALAMEDES_JAVA_PROVER_USEOPT_FALSE;0.6.1;true;;30004;362;6
DRESDEN/babel/WdSW4A;PALAMEDES_JAVA_PROVER_USEOPT_FALSE;0.6.1;true;;30006;1725;86
BASE/breakthroughHoles/nZk0Sg;PALAMEDES_JAVA_PROVER_USEOPT_FALSE;0.6.1;true;;30002;5381;86
DRESDEN/checkers-suicide-cylinder-mustjump/L2BYWg;PALAMEDES_JAVA_PROVER_USEOPT_FALSE;0.6.1;true;;30207;105;2
BASE/reversi/d8UMeA;PALAMEDES_JAVA_PROVER_USEOPT_FALSE;0.6.1;false;Test process timed out after 240 seconds;0;0;0
DRESDEN/towerworld/HCX34w;PALAMEDES_JAVA_PROVER_USEOPT_FALSE;0.6.1;true;;30124;234;0
BASE/amazons_10x10/Bun8dA;PALAMEDES_JAVA_PROVER_USEOPT_FALSE;0.6.1;true;;30004;2187;16
STANFORD/madness/UO_B3A;PALAMEDES_JAVA_PROVER_USEOPT_FALSE;0.6.1;true;;30087;217;3
BASE/ruleDepthExponential/UamhHQ;PALAMEDES_JAVA_PROVER_USEOPT_FALSE;0.6.1;true;;34251;10450;5242
STANFORD/rainbow/_4qNSQ;PALAMEDES_JAVA_PROVER_USEOPT_FALSE;0.6.1;false;Exception of type NullPointerException;0;0;0
DRESDEN/8puzzle/8fKC2w;PALAMEDES_JAVA_PROVER_USEOPT_FALSE;0.6.1;true;;30000;127712;2128
BASE/smallest_4player/ADDROA;PALAMEDES_JAVA_PROVER_USEOPT_FALSE;0.6.1;true;;30001;6036;257
DRESDEN/pancakes/hl9aiQ;PALAMEDES_JAVA_PROVER_USEOPT_FALSE;0.6.1;true;;30000;409748;10325
BASE/eightPuzzle/vLrgFg;PALAMEDES_JAVA_PROVER_USEOPT_FALSE;0.6.1;true;;30000;127471;2124
DRESDEN/CatchMeIfYouCanTest/CX18rA;PALAMEDES_JAVA_PROVER_USEOPT_FALSE;0.6.1;true;;30000;99578;2978
DRESDEN/ticblock/Z2yNWQ;PALAMEDES_JAVA_PROVER_USEOPT_FALSE;0.6.1;true;;30000;14444;872
BASE/blocksWorldSerial/Wyg96Q;PALAMEDES_JAVA_PROVER_USEOPT_FALSE;0.6.1;true;;30000;109829;18304
BASE/kalaha6x2x4/XS81Mg;PALAMEDES_JAVA_PROVER_USEOPT_FALSE;0.6.1;true;;30000;38084;206
DRESDEN/cube_2x2x2/fp-34Q;PALAMEDES_JAVA_PROVER_USEOPT_FALSE;0.6.1;true;;30000;43084;3592
DRESDEN/guess/PhxGhg;PALAMEDES_JAVA_PROVER_USEOPT_FALSE;0.6.1;true;;30160;195;21
BASE/catcha_mouse/cHv4dw;PALAMEDES_JAVA_PROVER_USEOPT_FALSE;0.6.1;true;;30001;15564;1150
DRESDEN/uf20-01.cnf.SAT/42Rs8A;PALAMEDES_JAVA_PROVER_USEOPT_FALSE;0.6.1;true;;30000;13855;692
DRESDEN/SC_TestOnly_enabled/09o7gQ;PALAMEDES_JAVA_PROVER_USEOPT_FALSE;0.6.1;true;;30000;92052;10228
BASE/pawnToQueen/-O1_JA;PALAMEDES_JAVA_PROVER_USEOPT_FALSE;0.6.1;true;;30233;107;7
BASE/2pttc/unkkYA;PALAMEDES_JAVA_PROVER_USEOPT_FALSE;0.6.1;true;;30000;8584;315
DRESDEN/smallest/9kaGFw;PALAMEDES_JAVA_PROVER_USEOPT_FALSE;0.6.1;true;;30000;1838;76
DRESDEN/logistics/fPru1Q;PALAMEDES_JAVA_PROVER_USEOPT_FALSE;0.6.1;true;;30000;36989;739
DRESDEN/vacuumcleaner_random_big/DwzFaQ;PALAMEDES_JAVA_PROVER_USEOPT_FALSE;0.6.1;true;;30012;9812;1637
STANFORD/sudoku/oJ1qyQ;PALAMEDES_JAVA_PROVER_USEOPT_FALSE;0.6.1;true;;30071;58;1
BASE/brain_teaser_extended/ZDp94A;PALAMEDES_JAVA_PROVER_USEOPT_FALSE;0.6.1;true;;30000;24272;1618
BASE/laikLee_hex/zbyscQ;PALAMEDES_JAVA_PROVER_USEOPT_FALSE;0.6.1;true;;39218;80;4
BASE/gt_two_thirds_6p/867v3Q;PALAMEDES_JAVA_PROVER_USEOPT_FALSE;0.6.1;false;Exception of type NullPointerException;0;0;0
DRESDEN/peg_bugfixed/u_B7MA;PALAMEDES_JAVA_PROVER_USEOPT_FALSE;0.6.1;true;;30005;2902;120
BASE/kalaha_2009/dRiN3g;PALAMEDES_JAVA_PROVER_USEOPT_FALSE;0.6.1;true;;30000;35462;420
BASE/sudokuGrade1/tDRNRw;PALAMEDES_JAVA_PROVER_USEOPT_FALSE;0.6.1;true;;30439;78;2
DRESDEN/snake_2009/zIYLVw;PALAMEDES_JAVA_PROVER_USEOPT_FALSE;0.6.1;true;;30000;16679;1066
BASE/chickentoetictac/l57rfQ;PALAMEDES_JAVA_PROVER_USEOPT_FALSE;0.6.1;true;;30000;139613;19643
BASE/cubicup_3player/e2yA_g;PALAMEDES_JAVA_PROVER_USEOPT_FALSE;0.6.1;true;;30012;1238;14
BASE/chineseCheckers6/rREH3A;PALAMEDES_JAVA_PROVER_USEOPT_FALSE;0.6.1;true;;30000;16094;268
DRESDEN/aipsrovers01/qS47Mw;PALAMEDES_JAVA_PROVER_USEOPT_FALSE;0.6.1;true;;30000;26322;909
BASE/quad_7x7/q-JOXg;PALAMEDES_JAVA_PROVER_USEOPT_FALSE;0.6.1;true;;37355;27;1
DRESDEN/capture_the_king/EQ229Q;PALAMEDES_JAVA_PROVER_USEOPT_FALSE;0.6.1;true;;30055;553;8
BASE/stateSpaceMedium/3bUoIw;PALAMEDES_JAVA_PROVER_USEOPT_FALSE;0.6.1;true;;30000;48309;5367
DRESDEN/golden_rectangle/1uloXw;PALAMEDES_JAVA_PROVER_USEOPT_FALSE;0.6.1;true;;38314;0;0
BASE/coins_atomic/AA3SSw;PALAMEDES_JAVA_PROVER_USEOPT_FALSE;0.6.1;true;;30003;2553;1014
DRESDEN/3qbf-5cnf-20var-40cl.2.qdimacs.satlike/724YWg;PALAMEDES_JAVA_PROVER_USEOPT_FALSE;0.6.1;true;;30000;18211;312
BASE/colonelBlotto/jip21A;PALAMEDES_JAVA_PROVER_USEOPT_FALSE;0.6.1;true;;217000;1;0
BASE/snake_2009_big/-oRfVw;PALAMEDES_JAVA_PROVER_USEOPT_FALSE;0.6.1;true;;30001;13145;752
DRESDEN/uf20-010.cnf.SAT/5ICbCg;PALAMEDES_JAVA_PROVER_USEOPT_FALSE;0.6.1;true;;30000;13435;671
DRESDEN/bidding-tictactoe_10coins/mu5VhQ;PALAMEDES_JAVA_PROVER_USEOPT_FALSE;0.6.1;true;;30009;3085;208
BASE/pancakes88/l2Xaig;PALAMEDES_JAVA_PROVER_USEOPT_FALSE;0.6.1;true;;30000;314065;7852
BASE/ticTacToeLarge/TZC0dg;PALAMEDES_JAVA_PROVER_USEOPT_FALSE;0.6.1;true;;30000;22025;930
DRESDEN/pentago_2008/hLjVpQ;PALAMEDES_JAVA_PROVER_USEOPT_FALSE;0.6.1;true;;30008;2327;41
BASE/tictactoex9/BI26ow;PALAMEDES_JAVA_PROVER_USEOPT_FALSE;0.6.1;true;;30004;10324;348
BASE/futoshiki4/BaCwSw;PALAMEDES_JAVA_PROVER_USEOPT_FALSE;0.6.1;true;;30001;6065;671
BASE/asteroidsSerial/id2QkA;PALAMEDES_JAVA_PROVER_USEOPT_FALSE;0.6.1;true;;30000;54137;581
DRESDEN/Catch-Me-If-You-Can/ghGWrA;PALAMEDES_JAVA_PROVER_USEOPT_FALSE;0.6.1;true;;30000;97868;2925
BASE/gt_staghunt/xPjLRA;PALAMEDES_JAVA_PROVER_USEOPT_FALSE;0.6.1;true;;30000;50638;2531
BASE/cylinder-checkers/hlldmw;PALAMEDES_JAVA_PROVER_USEOPT_FALSE;0.6.1;true;;30033;634;6
BASE/ttcc4_2player/_aH_Mw;PALAMEDES_JAVA_PROVER_USEOPT_FALSE;0.6.1;true;;30000;3202;88
BASE/lightsOn/MsXu3A;PALAMEDES_JAVA_PROVER_USEOPT_FALSE;0.6.1;true;;30000;182562;14546
DRESDEN/kalaha_2009/gcC8uA;PALAMEDES_JAVA_PROVER_USEOPT_FALSE;0.6.1;true;;30000;34509;410
BASE/duplicateStateMedium/U163eQ;PALAMEDES_JAVA_PROVER_USEOPT_FALSE;0.6.1;true;;30000;33314;3701
BASE/untwistycomplex2/EDPPAQ;PALAMEDES_JAVA_PROVER_USEOPT_FALSE;0.6.1;true;;30000;534054;76293
BASE/pearls/6k_mEQ;PALAMEDES_JAVA_PROVER_USEOPT_FALSE;0.6.1;true;;30000;628873;57170
BASE/crossers3/O0rORg;PALAMEDES_JAVA_PROVER_USEOPT_FALSE;0.6.1;true;;30000;9429;713
BASE/eotcatcit/AfZSzA;PALAMEDES_JAVA_PROVER_USEOPT_FALSE;0.6.1;true;;30000;89068;11683
BASE/gt_coordination/IVMOzA;PALAMEDES_JAVA_PROVER_USEOPT_FALSE;0.6.1;true;;30000;76889;3844
BASE/ticTacHeavenFC/mrletw;PALAMEDES_JAVA_PROVER_USEOPT_FALSE;0.6.1;true;;30023;4251;155
DRESDEN/blocker/S815zQ;PALAMEDES_JAVA_PROVER_USEOPT_FALSE;0.6.1;true;;30000;83690;10605
DRESDEN/quad/JPe6fg;PALAMEDES_JAVA_PROVER_USEOPT_FALSE;0.6.1;true;;30964;37;0
DRESDEN/checkers-mustjump-torus/cVc3gA;PALAMEDES_JAVA_PROVER_USEOPT_FALSE;0.6.1;true;;30050;73;1
STANFORD/multiplesukoshi/vLSQPg;PALAMEDES_JAVA_PROVER_USEOPT_FALSE;0.6.1;true;;30013;659;14
BASE/conn4/va9Y7A;PALAMEDES_JAVA_PROVER_USEOPT_FALSE;0.6.1;true;;30002;5244;242
BASE/ticTacToeNoVars/XT03NA;PALAMEDES_JAVA_PROVER_USEOPT_FALSE;0.6.1;true;;30000;33490;4411
DRESDEN/frogs_and_toads/GjchhQ;PALAMEDES_JAVA_PROVER_USEOPT_FALSE;0.6.1;true;;30001;15608;134
BASE/peg/fJHVWw;PALAMEDES_JAVA_PROVER_USEOPT_FALSE;0.6.1;true;;30009;2993;121
DRESDEN/tictactoe-init1/3ltIBQ;PALAMEDES_JAVA_PROVER_USEOPT_FALSE;0.6.1;true;;30000;83263;23833
DRESDEN/statespacemedium/dVJZ_w;PALAMEDES_JAVA_PROVER_USEOPT_FALSE;0.6.1;true;;30000;48996;5444
DRESDEN/vacuum_cleaner_1/eUNjpw;PALAMEDES_JAVA_PROVER_USEOPT_FALSE;0.6.1;true;;30003;33614;5624
BASE/snake_2008_tweaked/bX0NJQ;PALAMEDES_JAVA_PROVER_USEOPT_FALSE;0.6.1;true;;30000;15926;1000
BASE/nineBoardTicTacToe/wRmqqA;PALAMEDES_JAVA_PROVER_USEOPT_FALSE;0.6.1;true;;30001;5138;173
BASE/queens06ug/7Lq3tw;PALAMEDES_JAVA_PROVER_USEOPT_FALSE;0.6.1;true;;41045;12;2
DRESDEN/blobwars/ZaMluQ;PALAMEDES_JAVA_PROVER_USEOPT_FALSE;0.6.1;true;;30001;3609;90
BASE/hallway/ckCJOw;PALAMEDES_JAVA_PROVER_USEOPT_FALSE;0.6.1;true;;30005;7417;247
DRESDEN/Zhadu/9zpQ5w;PALAMEDES_JAVA_PROVER_USEOPT_FALSE;0.6.1;true;;30136;156;5
BASE/mummymaze2p/vpjDdA;PALAMEDES_JAVA_PROVER_USEOPT_FALSE;0.6.1;true;;30000;27680;562
BASE/checkers/rOC3Xg;PALAMEDES_JAVA_PROVER_USEOPT_FALSE;0.6.1;true;;30010;917;9
DRESDEN/circlesolitaire/ruUilQ;PALAMEDES_JAVA_PROVER_USEOPT_FALSE;0.6.1;true;;30000;152226;14783
BASE/numbertictactoe/rvJ-iQ;PALAMEDES_JAVA_PROVER_USEOPT_FALSE;0.6.1;true;;30000;29497;3665
DRESDEN/skirmish3/3LU8Nw;PALAMEDES_JAVA_PROVER_USEOPT_FALSE;0.6.1;true;;30010;1898;47
BASE/ghostMaze2p/W-NU-w;PALAMEDES_JAVA_PROVER_USEOPT_FALSE;0.6.1;true;;30000;62594;1292
DRESDEN/tictactoelarge/IwXcbg;PALAMEDES_JAVA_PROVER_USEOPT_FALSE;0.6.1;true;;30000;22037;925
BASE/snake_2008/i6K26g;PALAMEDES_JAVA_PROVER_USEOPT_FALSE;0.6.1;true;;30001;15516;957
BASE/ttcc4_2player_small/Cv72TA;PALAMEDES_JAVA_PROVER_USEOPT_FALSE;0.6.1;true;;30002;8839;558
BASE/snakeParallel/RCVNtw;PALAMEDES_JAVA_PROVER_USEOPT_FALSE;0.6.1;true;;30000;73507;15955
BASE/crisscross/ICagEg;PALAMEDES_JAVA_PROVER_USEOPT_FALSE;0.6.1;true;;30000;10165;391
BASE/endgame/jYjfOA;PALAMEDES_JAVA_PROVER_USEOPT_FALSE;0.6.1;true;;30001;4446;317
DRESDEN/snake_2009_big/DgC1NQ;PALAMEDES_JAVA_PROVER_USEOPT_FALSE;0.6.1;true;;30000;13200;741
DRESDEN/knightfight/4_Ly4w;PALAMEDES_JAVA_PROVER_USEOPT_FALSE;0.6.1;true;;30001;36964;3404
STANFORD/knightstourbig/TQUI2g;PALAMEDES_JAVA_PROVER_USEOPT_FALSE;0.6.1;true;;30000;34774;6112
DRESDEN/merrills/aYEzwA;PALAMEDES_JAVA_PROVER_USEOPT_FALSE;0.6.1;true;;30114;106;1
BASE/double_tictactoe_dengji/zgaSbA;PALAMEDES_JAVA_PROVER_USEOPT_FALSE;0.6.1;true;;30000;17425;1224
DRESDEN/vacuumcleaner_obstacles_3/4NjSmw;PALAMEDES_JAVA_PROVER_USEOPT_FALSE;0.6.1;true;;30136;353;56
DRESDEN/tictactoe_3d_2player/LMuX9w;PALAMEDES_JAVA_PROVER_USEOPT_FALSE;0.6.1;true;;30024;2197;62
DRESDEN/crissrace/KWb9bw;PALAMEDES_JAVA_PROVER_USEOPT_FALSE;0.6.1;true;;30001;7173;160
BASE/hodgepodge/9yjRkw;PALAMEDES_JAVA_PROVER_USEOPT_FALSE;0.6.1;true;;30000;172771;172771
BASE/nim2/eF2Qqw;PALAMEDES_JAVA_PROVER_USEOPT_FALSE;0.6.1;true;;30025;784;90
BASE/queens/HyJJnQ;PALAMEDES_JAVA_PROVER_USEOPT_FALSE;0.6.1;false;Test process timed out after 240 seconds;0;0;0
DRESDEN/god/2EDD5w;PALAMEDES_JAVA_PROVER_USEOPT_FALSE;0.6.1;true;;30048;74;2
DRESDEN/skirmish/RjGQYQ;PALAMEDES_JAVA_PROVER_USEOPT_FALSE;0.6.1;true;;30006;2015;50
BASE/nim1/hin2Qw;PALAMEDES_JAVA_PROVER_USEOPT_FALSE;0.6.1;true;;30030;752;110
BASE/blocks/xIV5hQ;PALAMEDES_JAVA_PROVER_USEOPT_FALSE;0.6.1;true;;30000;337832;112610
BASE/merrills/pku8Tg;PALAMEDES_JAVA_PROVER_USEOPT_FALSE;0.6.1;true;;30296;107;1
DRESDEN/pancakes88/aD3E7g;PALAMEDES_JAVA_PROVER_USEOPT_FALSE;0.6.1;true;;30000;335121;8379
STANFORD/tictactoe5/WFRReg;PALAMEDES_JAVA_PROVER_USEOPT_FALSE;0.6.1;true;;30000;64588;17788
BASE/aipsrovers01/4C4jsw;PALAMEDES_JAVA_PROVER_USEOPT_FALSE;0.6.1;true;;30001;25694;887
DRESDEN/knightstour/cGISAA;PALAMEDES_JAVA_PROVER_USEOPT_FALSE;0.6.1;true;;30000;84458;17353
BASE/knightazons/apnJBQ;PALAMEDES_JAVA_PROVER_USEOPT_FALSE;0.6.1;true;;30000;1916;29
BASE/majorities/ibJzSQ;PALAMEDES_JAVA_PROVER_USEOPT_FALSE;0.6.1;true;;30012;3672;68
BASE/connect4/50bOyw;PALAMEDES_JAVA_PROVER_USEOPT_FALSE;0.6.1;true;;30004;3340;160
BASE/2pffa/6oHijA;PALAMEDES_JAVA_PROVER_USEOPT_FALSE;0.6.1;true;;30002;8684;289
DRESDEN/quad_7x7/q-JOXg;PALAMEDES_JAVA_PROVER_USEOPT_FALSE;0.6.1;true;;73942;34;1
DRESDEN/chinesecheckers1/Y-ftaA;PALAMEDES_JAVA_PROVER_USEOPT_FALSE;0.6.1;true;;30000;25231;892
DRESDEN/amazons/dNB28A;PALAMEDES_JAVA_PROVER_USEOPT_FALSE;0.6.1;true;;30030;68;1
DRESDEN/Travelers-Dilemma/PvZwYw;PALAMEDES_JAVA_PROVER_USEOPT_FALSE;0.6.1;true;;30007;1841;184
DRESDEN/connect4/T0-rHQ;PALAMEDES_JAVA_PROVER_USEOPT_FALSE;0.6.1;true;;30000;3420;163
DRESDEN/cubicup/SBn_lw;PALAMEDES_JAVA_PROVER_USEOPT_FALSE;0.6.1;true;;30004;3038;54
BASE/knightThrough/gcwFjA;PALAMEDES_JAVA_PROVER_USEOPT_FALSE;0.6.1;true;;30003;5202;151
BASE/futoshiki6/JmvXNA;PALAMEDES_JAVA_PROVER_USEOPT_FALSE;0.6.1;true;;30001;1131;56
STANFORD/untwistycomplex/HTWEwg;PALAMEDES_JAVA_PROVER_USEOPT_FALSE;0.6.1;true;;30000;184560;20506
BASE/chineseCheckers1/gqtwHw;PALAMEDES_JAVA_PROVER_USEOPT_FALSE;0.6.1;true;;30000;46450;1629
DRESDEN/3qbf-5cnf-20var-40cl.1.qdimacs.SAT/2034pg;PALAMEDES_JAVA_PROVER_USEOPT_FALSE;0.6.1;true;;30000;23244;398
STANFORD/pilgrimage/ObRZnQ;PALAMEDES_JAVA_PROVER_USEOPT_FALSE;0.6.1;true;;30002;7449;102
BASE/hanoi_6_disks/MeubgQ;PALAMEDES_JAVA_PROVER_USEOPT_FALSE;0.6.1;true;;30000;37694;10690
BASE/qyshinsu/R08Lzw;PALAMEDES_JAVA_PROVER_USEOPT_FALSE;0.6.1;true;;30007;2244;91
BASE/checkersTiny/Lr48cg;PALAMEDES_JAVA_PROVER_USEOPT_FALSE;0.6.1;true;;30005;3061;54
DRESDEN/vacuumcleaner_obstacles_1/CqS-7A;PALAMEDES_JAVA_PROVER_USEOPT_FALSE;0.6.1;true;;30000;42280;7020
DRESDEN/tictactoe/BTTzPw;PALAMEDES_JAVA_PROVER_USEOPT_FALSE;0.6.1;true;;30000;97114;12739
DRESDEN/blocks/vg0DRw;PALAMEDES_JAVA_PROVER_USEOPT_FALSE;0.6.1;true;;30000;347629;115876
DRESDEN/laikLee_hex/ZeP3QQ;PALAMEDES_JAVA_PROVER_USEOPT_FALSE;0.6.1;true;;39324;103;5
BASE/cittaceot/fDxhXg;PALAMEDES_JAVA_PROVER_USEOPT_FALSE;0.6.1;true;;30013;627;27
DRESDEN/3pffa/0YrmQw;PALAMEDES_JAVA_PROVER_USEOPT_FALSE;0.6.1;true;;30000;19117;637
STANFORD/trifecta/ss1kyQ;PALAMEDES_JAVA_PROVER_USEOPT_FALSE;0.6.1;true;;30000;89476;11725
DRESDEN/bomberman2p/x4h6jQ;PALAMEDES_JAVA_PROVER_USEOPT_FALSE;0.6.1;true;;30000;31816;4124
BASE/speedChess/bPnisA;PALAMEDES_JAVA_PROVER_USEOPT_FALSE;0.6.1;true;;30012;1750;15
BASE/pawnWhopping/Ypc_6Q;PALAMEDES_JAVA_PROVER_USEOPT_FALSE;0.6.1;true;;30000;10666;311
BASE/hexPie/48CH6Q;PALAMEDES_JAVA_PROVER_USEOPT_FALSE;0.6.1;true;;30012;3809;53
DRESDEN/smallest_4player/ADDROA;PALAMEDES_JAVA_PROVER_USEOPT_FALSE;0.6.1;true;;30002;6038;256
STANFORD/untwistycorridor/EDPPAQ;PALAMEDES_JAVA_PROVER_USEOPT_FALSE;0.6.1;true;;30000;529832;75690
BASE/wargame02/BkVqqQ;PALAMEDES_JAVA_PROVER_USEOPT_FALSE;0.6.1;true;;30026;857;282
STANFORD/dualrainbow/G3OnRQ;PALAMEDES_JAVA_PROVER_USEOPT_FALSE;0.6.1;false;Exception of type NullPointerException;0;0;0
BASE/mummyMaze2p_2007/YGA3Vw;PALAMEDES_JAVA_PROVER_USEOPT_FALSE;0.6.1;true;;30002;20217;430
BASE/queens08ug/kJ_ZFQ;PALAMEDES_JAVA_PROVER_USEOPT_FALSE;0.6.1;true;;207828;88;11
STANFORD/sukoshi/4LYZZQ;PALAMEDES_JAVA_PROVER_USEOPT_FALSE;0.6.1;true;;30001;26690;4913
BASE/golden_rectangle/_nYzfw;PALAMEDES_JAVA_PROVER_USEOPT_FALSE;0.6.1;true;;30407;29;1
DRESDEN/knightwar/7hhAqg;PALAMEDES_JAVA_PROVER_USEOPT_FALSE;0.6.1;true;;30000;15610;1831
BASE/queens08lg/Ru7eqQ;PALAMEDES_JAVA_PROVER_USEOPT_FALSE;0.6.1;false;Test process timed out after 240 seconds;0;0;0
DRESDEN/uf20-020.cnf.SAT/hDrW_A;PALAMEDES_JAVA_PROVER_USEOPT_FALSE;0.6.1;true;;30000;12918;645
BASE/max_knights/2fq3Ag;PALAMEDES_JAVA_PROVER_USEOPT_FALSE;0.6.1;true;;30001;11013;2080
DRESDEN/checkers-mustjump/HUr33w;PALAMEDES_JAVA_PROVER_USEOPT_FALSE;0.6.1;true;;30053;145;3
BASE/pegEuro/5awwhg;PALAMEDES_JAVA_PROVER_USEOPT_FALSE;0.6.1;true;;30009;2360;92
BASE/sudokuGrade6E/ihYFZA;PALAMEDES_JAVA_PROVER_USEOPT_FALSE;0.6.1;true;;30928;52;1
DRESDEN/chinesecheckers6-simultaneous/gPPGUw;PALAMEDES_JAVA_PROVER_USEOPT_FALSE;0.6.1;true;;30002;2962;132
DRESDEN/kitten_escapes_from_fire/uW-YiA;PALAMEDES_JAVA_PROVER_USEOPT_FALSE;0.6.1;true;;30000;29776;3591
BASE/blokbox_simple/JBx4bg;PALAMEDES_JAVA_PROVER_USEOPT_FALSE;0.6.1;true;;38231;2;0
DRESDEN/lightsout/XgLpzQ;PALAMEDES_JAVA_PROVER_USEOPT_FALSE;0.6.1;true;;30000;22797;1139
DRESDEN/tictactoelargesuicide/6J4DeA;PALAMEDES_JAVA_PROVER_USEOPT_FALSE;0.6.1;true;;30003;22168;935
DRESDEN/knightazons/02I8BQ;PALAMEDES_JAVA_PROVER_USEOPT_FALSE;0.6.1;true;;30008;1878;29
BASE/tictactoe_3d_6player/d7KSwg;PALAMEDES_JAVA_PROVER_USEOPT_FALSE;0.6.1;true;;30001;757;7
DRESDEN/nim1/M9BALA;PALAMEDES_JAVA_PROVER_USEOPT_FALSE;0.6.1;true;;30031;781;112
BASE/skirmishHoles/AUCxCA;PALAMEDES_JAVA_PROVER_USEOPT_FALSE;0.6.1;true;;30115;236;2
DRESDEN/roshambo2/jgSlkQ;PALAMEDES_JAVA_PROVER_USEOPT_FALSE;0.6.1;true;;30000;240727;28311
BASE/checkers-newgoals/0XkFiA;PALAMEDES_JAVA_PROVER_USEOPT_FALSE;0.6.1;true;;30012;806;8
DRESDEN/battlebrushes/QHXV4A;PALAMEDES_JAVA_PROVER_USEOPT_FALSE;0.6.1;true;;30001;1312;69
DRESDEN/racer/vk_ZBA;PALAMEDES_JAVA_PROVER_USEOPT_FALSE;0.6.1;true;;35178;4;0
BASE/gt_two_thirds_2p/1APDGg;PALAMEDES_JAVA_PROVER_USEOPT_FALSE;0.6.1;false;Exception of type NullPointerException;0;0;0
BASE/sudokuGrade2/u80Tfw;PALAMEDES_JAVA_PROVER_USEOPT_FALSE;0.6.1;true;;30156;71;1
BASE/chinook/XQh0IQ;PALAMEDES_JAVA_PROVER_USEOPT_FALSE;0.6.1;true;;30007;1793;60
STANFORD/duidoku/3SoMaA;PALAMEDES_JAVA_PROVER_USEOPT_FALSE;0.6.1;true;;30248;55;1
DRESDEN/blocksworldparallel/2JfVaw;PALAMEDES_JAVA_PROVER_USEOPT_FALSE;0.6.1;true;;30000;82001;27333
DRESDEN/point_grab/r5DPmQ;PALAMEDES_JAVA_PROVER_USEOPT_FALSE;0.6.1;true;;30000;222700;7423
BASE/minichess/8NQEiA;PALAMEDES_JAVA_PROVER_USEOPT_FALSE;0.6.1;true;;30001;19860;6620
DRESDEN/2player_normal_form_2010/NG_Kdg;PALAMEDES_JAVA_PROVER_USEOPT_FALSE;0.6.1;true;;30000;239552;239552
DRESDEN/bidding-tictactoe/yW5vTA;PALAMEDES_JAVA_PROVER_USEOPT_FALSE;0.6.1;true;;30002;13785;942
BASE/checkersSmall/SYmq8w;PALAMEDES_JAVA_PROVER_USEOPT_FALSE;0.6.1;true;;30001;1445;14
DRESDEN/statespacesmall/h-NqjA;PALAMEDES_JAVA_PROVER_USEOPT_FALSE;0.6.1;true;;30000;262288;65572
BASE/connectFourSimultaneous/7ITr3g;PALAMEDES_JAVA_PROVER_USEOPT_FALSE;0.6.1;true;;30006;6540;357
STANFORD/hunter/14dD-g;PALAMEDES_JAVA_PROVER_USEOPT_FALSE;0.6.1;true;;30000;103890;7420
BASE/amazonsSuicide_10x10/XIbQkg;PALAMEDES_JAVA_PROVER_USEOPT_FALSE;0.6.1;true;;30007;2144;15
BASE/connectFourLarger/qKi60A;PALAMEDES_JAVA_PROVER_USEOPT_FALSE;0.6.1;true;;30001;5218;158
DRESDEN/3qbf-5cnf-20var-40cl.0.qdimacs/-6hrIw;PALAMEDES_JAVA_PROVER_USEOPT_FALSE;0.6.1;true;;30000;24023;407
BASE/tictactoe_3player/GtM71g;PALAMEDES_JAVA_PROVER_USEOPT_FALSE;0.6.1;true;;30007;16095;778
DRESDEN/troublemaker01/C-lPWw;PALAMEDES_JAVA_PROVER_USEOPT_FALSE;0.6.1;true;;30000;711068;237050
BASE/ticTacToeLargeSuicide/727_8g;PALAMEDES_JAVA_PROVER_USEOPT_FALSE;0.6.1;true;;30000;22442;947
BASE/doubletoetictac/fu35bg;PALAMEDES_JAVA_PROVER_USEOPT_FALSE;0.6.1;true;;30000;19331;2317
DRESDEN/oisters_farm/pTQMLg;PALAMEDES_JAVA_PROVER_USEOPT_FALSE;0.6.1;true;;30000;232656;4748
BASE/factoringGeorgeForman/HGRorQ;PALAMEDES_JAVA_PROVER_USEOPT_FALSE;0.6.1;true;;30000;95136;2010
DRESDEN/pawn_whopping_simultaneous/r8dLfw;PALAMEDES_JAVA_PROVER_USEOPT_FALSE;0.6.1;true;;30000;3293;182
DRESDEN/3qbf-5cnf-20var-40cl.2.qdimacs.SAT/Q8-axQ;PALAMEDES_JAVA_PROVER_USEOPT_FALSE;0.6.1;true;;30000;24265;413
BASE/gt_dollar/TGjqRw;PALAMEDES_JAVA_PROVER_USEOPT_FALSE;0.6.1;true;;30000;178170;89101
DRESDEN/tictactoex9/rFkD4w;PALAMEDES_JAVA_PROVER_USEOPT_FALSE;0.6.1;true;;30001;10401;361
BASE/connectFour/WAIKTw;PALAMEDES_JAVA_PROVER_USEOPT_FALSE;0.6.1;true;;30009;17021;768
BASE/blockerParallel/7-nDJA;PALAMEDES_JAVA_PROVER_USEOPT_FALSE;0.6.1;true;;30002;5865;845
DRESDEN/tictactoe_3d_small_6player/llDEDQ;PALAMEDES_JAVA_PROVER_USEOPT_FALSE;0.6.1;true;;30001;2501;67
DRESDEN/eotcatcit/mQUxzA;PALAMEDES_JAVA_PROVER_USEOPT_FALSE;0.6.1;true;;30000;90240;11812
DRESDEN/stratego/Z2wovg;PALAMEDES_JAVA_PROVER_USEOPT_FALSE;0.6.1;true;;30001;10662;261
BASE/blocker/dIWtxg;PALAMEDES_JAVA_PROVER_USEOPT_FALSE;0.6.1;true;;30000;88630;11223
DRESDEN/othello-cornercontrol/r5Gdlg;PALAMEDES_JAVA_PROVER_USEOPT_FALSE;0.6.1;true;;30413;32;0
DRESDEN/tictactoe_3player/ESLQQQ;PALAMEDES_JAVA_PROVER_USEOPT_FALSE;0.6.1;true;;30001;15431;756
DRESDEN/coins/QwFP9w;PALAMEDES_JAVA_PROVER_USEOPT_FALSE;0.6.1;true;;30012;2546;1018
DRESDEN/nim2/z5_exA;PALAMEDES_JAVA_PROVER_USEOPT_FALSE;0.6.1;true;;30018;740;84
STANFORD/tictictoe/rpt_Dw;PALAMEDES_JAVA_PROVER_USEOPT_FALSE;0.6.1;true;;30000;62606;12489
STANFORD/triplesukoshi/Iu9mbA;PALAMEDES_JAVA_PROVER_USEOPT_FALSE;0.6.1;true;;30001;1540;220
STANFORD/connectfour/VMpZkQ;PALAMEDES_JAVA_PROVER_USEOPT_FALSE;0.6.1;true;;30000;16004;711
BASE/minichess-evilconjuncts/4OpQzw;PALAMEDES_JAVA_PROVER_USEOPT_FALSE;0.6.1;true;;30010;2275;259
STANFORD/8puzzle/jNiGtw;PALAMEDES_JAVA_PROVER_USEOPT_FALSE;0.6.1;true;;30000;127112;2118
STANFORD/duikoshi/tpw1sw;PALAMEDES_JAVA_PROVER_USEOPT_FALSE;0.6.1;true;;30005;4959;369
BASE/doubletictactoe/HH1htg;PALAMEDES_JAVA_PROVER_USEOPT_FALSE;0.6.1;true;;30000;19631;2349
BASE/mummymaze1p/PT_EXA;PALAMEDES_JAVA_PROVER_USEOPT_FALSE;0.6.1;true;;30005;3018;529
BASE/amazons_8x8/7SOsIw;PALAMEDES_JAVA_PROVER_USEOPT_FALSE;0.6.1;true;;30003;2730;30
BASE/toetictac/mTThmg;PALAMEDES_JAVA_PROVER_USEOPT_FALSE;0.6.1;true;;30000;174923;22938
DRESDEN/sum15/CsgWKg;PALAMEDES_JAVA_PROVER_USEOPT_FALSE;0.6.1;true;;30000;98363;12953
DRESDEN/pawn_whopping/4ogBkg;PALAMEDES_JAVA_PROVER_USEOPT_FALSE;0.6.1;true;;30001;11155;310
BASE/eotcitcit/V_9_bg;PALAMEDES_JAVA_PROVER_USEOPT_FALSE;0.6.1;true;;30000;64643;12915
BASE/ruleDepthLinear/OUBJpQ;PALAMEDES_JAVA_PROVER_USEOPT_FALSE;0.6.1;true;;30000;597153;299056
BASE/lightsOnSimultaneous/_VN6lw;PALAMEDES_JAVA_PROVER_USEOPT_FALSE;0.6.1;true;;30001;11130;740
DRESDEN/minichess-evilconjuncts/th24Tw;PALAMEDES_JAVA_PROVER_USEOPT_FALSE;0.6.1;true;;30003;2210;249
BASE/knightwar/DVGY4Q;PALAMEDES_JAVA_PROVER_USEOPT_FALSE;0.6.1;true;;30009;15680;1819
BASE/nineBoardTicTacToePie/B8LzeQ;PALAMEDES_JAVA_PROVER_USEOPT_FALSE;0.6.1;true;;30001;5106;174
BASE/biddingTicTacToe/8mESVw;PALAMEDES_JAVA_PROVER_USEOPT_FALSE;0.6.1;true;;30004;13443;921
BASE/amazons/RKKZjw;PALAMEDES_JAVA_PROVER_USEOPT_FALSE;0.6.1;true;;32416;6;0
BASE/quartoSuicide/-23jUg;PALAMEDES_JAVA_PROVER_USEOPT_FALSE;0.6.1;true;;30000;7658;329
BASE/sheepAndWolf/g4THrg;PALAMEDES_JAVA_PROVER_USEOPT_FALSE;0.6.1;true;;30000;20442;504
BASE/tictactoe_orthogonal/WRzlVw;PALAMEDES_JAVA_PROVER_USEOPT_FALSE;0.6.1;true;;30000;117756;14722
DRESDEN/quarto/OQzRYQ;PALAMEDES_JAVA_PROVER_USEOPT_FALSE;0.6.1;true;;30001;7707;333
BASE/amazonsTorus/soxT8g;PALAMEDES_JAVA_PROVER_USEOPT_FALSE;0.6.1;false;Exception of type StackOverflowError;0;0;0
BASE/pentago/86NgKw;PALAMEDES_JAVA_PROVER_USEOPT_FALSE;0.6.1;true;;30009;2456;44
BASE/queens31lg/0gID-A;PALAMEDES_JAVA_PROVER_USEOPT_FALSE;0.6.1;false;Test process timed out after 240 seconds;0;0;0
BASE/checkers-cylinder-mustjump/rjr6qQ;PALAMEDES_JAVA_PROVER_USEOPT_FALSE;0.6.1;true;;30009;90;1
BASE/breakthroughWalls/vOZaYA;PALAMEDES_JAVA_PROVER_USEOPT_FALSE;0.6.1;true;;30003;5034;76
DRESDEN/skirmishfinal/hzq8ww;PALAMEDES_JAVA_PROVER_USEOPT_FALSE;0.6.1;true;;30018;338;5
DRESDEN/4pttc/9pB9AQ;PALAMEDES_JAVA_PROVER_USEOPT_FALSE;0.6.1;true;;30001;20209;638
BASE/biddingTicTacToe_10coins/a-9ccQ;PALAMEDES_JAVA_PROVER_USEOPT_FALSE;0.6.1;true;;30008;2905;195
BASE/colonelBlottoVariant2/jruwGw;PALAMEDES_JAVA_PROVER_USEOPT_FALSE;0.6.1;true;;30224;120;25
DRESDEN/uf20-010.cnf.SAT.satlike/g7LF6g;PALAMEDES_JAVA_PROVER_USEOPT_FALSE;0.6.1;true;;39939;20;1
BASE/gt_attrition/kD_SCA;PALAMEDES_JAVA_PROVER_USEOPT_FALSE;0.6.1;true;;30289;3;0
BASE/switches/tPUoCg;PALAMEDES_JAVA_PROVER_USEOPT_FALSE;0.6.1;true;;30000;376558;376558
BASE/chineseCheckers3/-1rZdQ;PALAMEDES_JAVA_PROVER_USEOPT_FALSE;0.6.1;true;;30000;26334;489
DRESDEN/vacuumcleaner_random/_6AGDA;PALAMEDES_JAVA_PROVER_USEOPT_FALSE;0.6.1;true;;30002;29669;4908
BASE/gt_tinfoil/Q8DyKg;PALAMEDES_JAVA_PROVER_USEOPT_FALSE;0.6.1;true;;30001;19954;1995
BASE/lightsOnSimul4/9FeASw;PALAMEDES_JAVA_PROVER_USEOPT_FALSE;0.6.1;true;;30000;8762;1373
BASE/tictactoe-init1/7M19vA;PALAMEDES_JAVA_PROVER_USEOPT_FALSE;0.6.1;true;;30000;79233;22590
DRESDEN/3pttc/uwYBZw;PALAMEDES_JAVA_PROVER_USEOPT_FALSE;0.6.1;true;;30000;17783;607
DRESDEN/tictictoe/LAUtwg;PALAMEDES_JAVA_PROVER_USEOPT_FALSE;0.6.1;true;;30000;62806;12520
BASE/kitten_escapes_from_fire/uW-YiA;PALAMEDES_JAVA_PROVER_USEOPT_FALSE;0.6.1;true;;30000;29458;3535
BASE/duplicateStateLarge/dcjyuw;PALAMEDES_JAVA_PROVER_USEOPT_FALSE;0.6.1;true;;30001;9957;711
BASE/withConviction/3Xm54A;PALAMEDES_JAVA_PROVER_USEOPT_FALSE;0.6.1;true;;30000;14872;594
BASE/othelloSuicide/B442jg;PALAMEDES_JAVA_PROVER_USEOPT_FALSE;0.6.1;true;;30740;27;0
BASE/snake2p/I3wWPQ;PALAMEDES_JAVA_PROVER_USEOPT_FALSE;0.6.1;true;;30003;4716;3521
DRESDEN/connect5/1kYzSg;PALAMEDES_JAVA_PROVER_USEOPT_FALSE;0.6.1;true;;30008;6063;131
BASE/nim4/twk16w;PALAMEDES_JAVA_PROVER_USEOPT_FALSE;0.6.1;true;;30018;782;57
BASE/alexChess/LNo83g;PALAMEDES_JAVA_PROVER_USEOPT_FALSE;0.6.1;false;Exception of type StackOverflowError;0;0;0
DRESDEN/hanoi_6_disks/MeubgQ;PALAMEDES_JAVA_PROVER_USEOPT_FALSE;0.6.1;true;;30000;37449;10416
BASE/cubicup/4wNWJA;PALAMEDES_JAVA_PROVER_USEOPT_FALSE;0.6.1;true;;30009;3125;55
BASE/colonelBlottoVariant/X-n-KQ;PALAMEDES_JAVA_PROVER_USEOPT_FALSE;0.6.1;true;;30025;306;30
DRESDEN/tictactoeparallel/yk_DSg;PALAMEDES_JAVA_PROVER_USEOPT_FALSE;0.6.1;true;;30002;22432;3250
STANFORD/tictactoe/ss1kyQ;PALAMEDES_JAVA_PROVER_USEOPT_FALSE;0.6.1;true;;30000;88662;11590
DRESDEN/doubletictactoe/lJzgmQ;PALAMEDES_JAVA_PROVER_USEOPT_FALSE;0.6.1;true;;30000;19620;2343
BASE/3pffa/pR0dzA;PALAMEDES_JAVA_PROVER_USEOPT_FALSE;0.6.1;true;;30002;9854;328
BASE/knightsTourLarge/M8jgLA;PALAMEDES_JAVA_PROVER_USEOPT_FALSE;0.6.1;true;;30000;40367;6805
BASE/troublemaker02/DI83KA;PALAMEDES_JAVA_PROVER_USEOPT_FALSE;0.6.1;true;;30000;634267;211294
BASE/skirmishNew/sibw2g;PALAMEDES_JAVA_PROVER_USEOPT_FALSE;0.6.1;true;;30006;1619;16
DRESDEN/checkers-cylinder-mustjump/vW_-pA;PALAMEDES_JAVA_PROVER_USEOPT_FALSE;0.6.1;true;;30109;98;2
BASE/dotsAndBoxesSuicide/jzQbLw;PALAMEDES_JAVA_PROVER_USEOPT_FALSE;0.6.1;true;;30003;10192;169
DRESDEN/troublemaker02/iZLVuA;PALAMEDES_JAVA_PROVER_USEOPT_FALSE;0.6.1;true;;30000;615624;205146
DRESDEN/pacman3p/rBnk8Q;PALAMEDES_JAVA_PROVER_USEOPT_FALSE;0.6.1;true;;30004;6243;123
DRESDEN/max_knights/hCipiA;PALAMEDES_JAVA_PROVER_USEOPT_FALSE;0.6.1;true;;30000;10804;2075
DRESDEN/bunk_t/7-tPfA;PALAMEDES_JAVA_PROVER_USEOPT_FALSE;0.6.1;true;;30000;20398;2447
BASE/tictactoe_3d_2player/IUC1rQ;PALAMEDES_JAVA_PROVER_USEOPT_FALSE;0.6.1;true;;30018;2206;63
DRESDEN/sat_test_20v_91c_version2/a1mPBA;PALAMEDES_JAVA_PROVER_USEOPT_FALSE;0.6.1;true;;30000;12906;645
DRESDEN/peg/Vo31eg;PALAMEDES_JAVA_PROVER_USEOPT_FALSE;0.6.1;true;;30000;2867;117
DRESDEN/minichess/c7GMFw;PALAMEDES_JAVA_PROVER_USEOPT_FALSE;0.6.1;true;;30000;17858;2017
BASE/factoringEasyTurtleBrain/lUj94Q;PALAMEDES_JAVA_PROVER_USEOPT_FALSE;0.6.1;true;;30000;88876;1481
DRESDEN/lightsout2/LFtfyQ;PALAMEDES_JAVA_PROVER_USEOPT_FALSE;0.6.1;true;;30000;22717;1135
BASE/chineseCheckers2/eCMR3Q;PALAMEDES_JAVA_PROVER_USEOPT_FALSE;0.6.1;true;;30000;32187;851
BASE/nim3/1OwUqw;PALAMEDES_JAVA_PROVER_USEOPT_FALSE;0.6.1;true;;30032;738;56
BASE/4pffa/Q3ADlg;PALAMEDES_JAVA_PROVER_USEOPT_FALSE;0.6.1;true;;30002;9547;238
BASE/beatMania/qUHwvQ;PALAMEDES_JAVA_PROVER_USEOPT_FALSE;0.6.1;true;;30000;109610;1826
BASE/othelloHoles/c0qAzw;PALAMEDES_JAVA_PROVER_USEOPT_FALSE;0.6.1;true;;31346;29;0
BASE/checkers-mustjump-torus/uSApKQ;PALAMEDES_JAVA_PROVER_USEOPT_FALSE;0.6.1;true;;30057;66;1
BASE/quad/tw-Ufg;PALAMEDES_JAVA_PROVER_USEOPT_FALSE;0.6.1;true;;33498;30;0
DRESDEN/hanoi7/51zz5Q;PALAMEDES_JAVA_PROVER_USEOPT_FALSE;0.6.1;true;;30000;28119;221
BASE/blocksWorld/SEdXLQ;PALAMEDES_JAVA_PROVER_USEOPT_FALSE;0.6.1;true;;30000;341466;113822
DRESDEN/hitori/S8Gsyg;PALAMEDES_JAVA_PROVER_USEOPT_FALSE;0.6.1;true;;30162;139;1
BASE/maze/cCX3qQ;PALAMEDES_JAVA_PROVER_USEOPT_FALSE;0.6.1;true;;30000;495097;56372
DRESDEN/javastrike/whONTQ;PALAMEDES_JAVA_PROVER_USEOPT_FALSE;0.6.1;true;;30002;2111;5
DRESDEN/twisty-passages/j7NPyg;PALAMEDES_JAVA_PROVER_USEOPT_FALSE;0.6.1;true;;30000;33345;167
BASE/skirmishFinal1/ecWTnQ;PALAMEDES_JAVA_PROVER_USEOPT_FALSE;0.6.1;true;;30028;314;5
BASE/othello-comp2007/86ZoMw;PALAMEDES_JAVA_PROVER_USEOPT_FALSE;0.6.1;true;;30140;25;0
BASE/asteroidsParallel/WauZiA;PALAMEDES_JAVA_PROVER_USEOPT_FALSE;0.6.1;true;;30000;66853;1522
BASE/tictactoe_3d_small_6player/g_9lww;PALAMEDES_JAVA_PROVER_USEOPT_FALSE;0.6.1;true;;30004;2599;76
DRESDEN/ghostmaze2p/HY0UwA;PALAMEDES_JAVA_PROVER_USEOPT_FALSE;0.6.1;true;;30000;63591;1314
BASE/checkersTorus/2vm1EQ;PALAMEDES_JAVA_PROVER_USEOPT_FALSE;0.6.1;true;;30001;4849;79
BASE/tpeg/QNs7Lw;PALAMEDES_JAVA_PROVER_USEOPT_FALSE;0.6.1;true;;30003;3309;286
DRESDEN/satlike_20v_91c_version2/yd9ioQ;PALAMEDES_JAVA_PROVER_USEOPT_FALSE;0.6.1;true;;172307;40;2
DRESDEN/catch_me/ghGWrA;PALAMEDES_JAVA_PROVER_USEOPT_FALSE;0.6.1;true;;30000;96332;2860
DRESDEN/tictactoe_3d_small_2player/HYttcg;PALAMEDES_JAVA_PROVER_USEOPT_FALSE;0.6.1;true;;30004;8077;649
DRESDEN/vacuumcleaner_obstacles_5/fXBV4g;PALAMEDES_JAVA_PROVER_USEOPT_FALSE;0.6.1;true;;30007;722;114
STANFORD/kono/HI7CHA;PALAMEDES_JAVA_PROVER_USEOPT_FALSE;0.6.1;true;;30002;9685;333
BASE/factoringMediumTurtleBrain/8RBqmQ;PALAMEDES_JAVA_PROVER_USEOPT_FALSE;0.6.1;true;;30001;21145;251
BASE/englishDraughts/jFkQxg;PALAMEDES_JAVA_PROVER_USEOPT_FALSE;0.6.1;true;;30007;5005;76
BASE/snakeAssemblit/sOydSg;PALAMEDES_JAVA_PROVER_USEOPT_FALSE;0.6.1;true;;30002;7556;920
BASE/bunk_t/xbpfIA;PALAMEDES_JAVA_PROVER_USEOPT_FALSE;0.6.1;true;;30000;19665;2351
DRESDEN/chinesecheckers4/-oVNYg;PALAMEDES_JAVA_PROVER_USEOPT_FALSE;0.6.1;true;;30000;6420;111
DRESDEN/statespacelarge/8-y5HQ;PALAMEDES_JAVA_PROVER_USEOPT_FALSE;0.6.1;true;;30000;14532;1038
BASE/ticTacHeaven/18n58A;PALAMEDES_JAVA_PROVER_USEOPT_FALSE;0.6.1;true;;30001;3067;133
BASE/connectFourSuicide/c8p9Kw;PALAMEDES_JAVA_PROVER_USEOPT_FALSE;0.6.1;true;;30001;17057;763
DRESDEN/slidingpieces/s9_44g;PALAMEDES_JAVA_PROVER_USEOPT_FALSE;0.6.1;true;;30018;1761;21
BASE/chineseCheckers4/avfBcQ;PALAMEDES_JAVA_PROVER_USEOPT_FALSE;0.6.1;true;;30000;10331;178
BASE/breakthroughSmallHoles/bxclRw;PALAMEDES_JAVA_PROVER_USEOPT_FALSE;0.6.1;true;;30001;11204;436
DRESDEN/farmers/S_ASnw;PALAMEDES_JAVA_PROVER_USEOPT_FALSE;0.6.1;true;;30304;270;27
BASE/sudokuGrade5/BQfUQA;PALAMEDES_JAVA_PROVER_USEOPT_FALSE;0.6.1;true;;30337;63;1
STANFORD/selectivesukoshi/3xmXYg;PALAMEDES_JAVA_PROVER_USEOPT_FALSE;0.6.1;true;;30071;185;7
DRESDEN/cylinder-checkers/clOO3Q;PALAMEDES_JAVA_PROVER_USEOPT_FALSE;0.6.1;true;;30017;669;6
BASE/pacman3p/wW7UVQ;PALAMEDES_JAVA_PROVER_USEOPT_FALSE;0.6.1;true;;30001;6313;117
DRESDEN/breakthroughsuicide/Y9QzqQ;PALAMEDES_JAVA_PROVER_USEOPT_FALSE;0.6.1;true;;30004;5412;85
BASE/wallmaze/uxNQ9g;PALAMEDES_JAVA_PROVER_USEOPT_FALSE;0.6.1;true;;30001;7614;262
DRESDEN/crisscross/GsY16g;PALAMEDES_JAVA_PROVER_USEOPT_FALSE;0.6.1;true;;30002;9591;371
BASE/tictactoe_3d_small_2player/oOryKA;PALAMEDES_JAVA_PROVER_USEOPT_FALSE;0.6.1;true;;30002;8091;650
BASE/connectFourLarge/aU644A;PALAMEDES_JAVA_PROVER_USEOPT_FALSE;0.6.1;true;;30002;10381;402
DRESDEN/mummymaze1p/AekgaQ;PALAMEDES_JAVA_PROVER_USEOPT_FALSE;0.6.1;true;;30004;2968;524
BASE/battle/8oAvhQ;PALAMEDES_JAVA_PROVER_USEOPT_FALSE;0.6.1;true;;30155;127;4
DRESDEN/ggp-course2013_michal13/jWKddg;PALAMEDES_JAVA_PROVER_USEOPT_FALSE;0.6.1;true;;30322;68;1
BASE/chomp/-LcqYQ;PALAMEDES_JAVA_PROVER_USEOPT_FALSE;0.6.1;true;;30000;9961;1397
DRESDEN/chinesecheckers2/06E6-Q;PALAMEDES_JAVA_PROVER_USEOPT_FALSE;0.6.1;true;;30001;19413;513
DRESDEN/sheep_and_wolf/enAIzQ;PALAMEDES_JAVA_PROVER_USEOPT_FALSE;0.6.1;true;;30001;19972;497
DRESDEN/Goldrush/VeWczQ;PALAMEDES_JAVA_PROVER_USEOPT_FALSE;0.6.1;true;;30012;1077;144
BASE/bomberman2p/4CClwA;PALAMEDES_JAVA_PROVER_USEOPT_FALSE;0.6.1;true;;30000;31967;4085
DRESDEN/satlike_20v_91c/yeuENQ;PALAMEDES_JAVA_PROVER_USEOPT_FALSE;0.6.1;true;;128747;20;1
BASE/amazonsTorus_10x10/Uxc08g;PALAMEDES_JAVA_PROVER_USEOPT_FALSE;0.6.1;true;;30035;1382;9
BASE/lightsOnParallel/SC6enA;PALAMEDES_JAVA_PROVER_USEOPT_FALSE;0.6.1;true;;30000;65326;3300
DRESDEN/small_dominion/yB5GJA;PALAMEDES_JAVA_PROVER_USEOPT_FALSE;0.6.1;true;;36303;19;0
DRESDEN/quartosuicide/WIU1oQ;PALAMEDES_JAVA_PROVER_USEOPT_FALSE;0.6.1;true;;30009;7422;319
DRESDEN/blocks2player/3ev8nQ;PALAMEDES_JAVA_PROVER_USEOPT_FALSE;0.6.1;true;;30000;257250;14291
BASE/ticTacToeSerial/Amrwqw;PALAMEDES_JAVA_PROVER_USEOPT_FALSE;0.6.1;true;;30005;5719;377
DRESDEN/pawn_whopping_corrected/7Ov0jQ;PALAMEDES_JAVA_PROVER_USEOPT_FALSE;0.6.1;true;;30000;10592;304
DRESDEN/knightthrough/J7Fc_Q;PALAMEDES_JAVA_PROVER_USEOPT_FALSE;0.6.1;true;;30005;5161;158
DRESDEN/chinesecheckers6/yTbPDA;PALAMEDES_JAVA_PROVER_USEOPT_FALSE;0.6.1;true;;30000;11183;189
DRESDEN/hanoi/RQ0jiA;PALAMEDES_JAVA_PROVER_USEOPT_FALSE;0.6.1;true;;30000;41553;1340
DRESDEN/battlesnakes2011/93VtTw;PALAMEDES_JAVA_PROVER_USEOPT_FALSE;0.6.1;true;;30005;4903;140
STANFORD/alquerquezero/uVgA_A;PALAMEDES_JAVA_PROVER_USEOPT_FALSE;0.6.1;true;;30000;2917;100
STANFORD/threepuzzle/41ibjA;PALAMEDES_JAVA_PROVER_USEOPT_FALSE;0.6.1;true;;30000;287595;47932
BASE/factoringMutuallyAssuredDestruction/NH0LGg;PALAMEDES_JAVA_PROVER_USEOPT_FALSE;0.6.1;true;;30000;100815;5040
BASE/knightmove/jBaJEw;PALAMEDES_JAVA_PROVER_USEOPT_FALSE;0.6.1;true;;30001;4116;122
DRESDEN/3qbf-5cnf-20var-40cl.1.qdimacs.viz.SAT/2034pg;PALAMEDES_JAVA_PROVER_USEOPT_FALSE;0.6.1;true;;30000;22790;391
BASE/connect5/d-BVQg;PALAMEDES_JAVA_PROVER_USEOPT_FALSE;0.6.1;true;;30002;6085;132
BASE/breakthrough/TGxk-g;PALAMEDES_JAVA_PROVER_USEOPT_FALSE;0.6.1;true;;30001;5087;81
DRESDEN/chinesecheckers3/QsCb2A;PALAMEDES_JAVA_PROVER_USEOPT_FALSE;0.6.1;true;;30001;16106;295
BASE/sudokuGrade4/DTy07w;PALAMEDES_JAVA_PROVER_USEOPT_FALSE;0.6.1;true;;30057;62;1
BASE/ticblock/T21C1g;PALAMEDES_JAVA_PROVER_USEOPT_FALSE;0.6.1;true;;30001;14141;858
BASE/coloredtrails/EZvr7g;PALAMEDES_JAVA_PROVER_USEOPT_FALSE;0.6.1;true;;30000;71309;7923
BASE/futoshiki5/TJ4BZg;PALAMEDES_JAVA_PROVER_USEOPT_FALSE;0.6.1;true;;30011;2255;167
BASE/sum15/QZ07Kg;PALAMEDES_JAVA_PROVER_USEOPT_FALSE;0.6.1;true;;30000;97921;12840
BASE/pancakes6/QZTdnw;PALAMEDES_JAVA_PROVER_USEOPT_FALSE;0.6.1;true;;30003;409810;10332
DRESDEN/chomp/-LcqYQ;PALAMEDES_JAVA_PROVER_USEOPT_FALSE;0.6.1;true;;30005;10164;1432
DRESDEN/gt_prisoner/huCp4w;PALAMEDES_JAVA_PROVER_USEOPT_FALSE;0.6.1;true;;30000;49082;2454
BASE/amazonsSuicide/dE1QEQ;PALAMEDES_JAVA_PROVER_USEOPT_FALSE;0.6.1;true;;34056;6;0
DRESDEN/firefighter/WJmoPw;PALAMEDES_JAVA_PROVER_USEOPT_FALSE;0.6.1;true;;30000;171878;3912
DRESDEN/fizzbuzz/t1xHzQ;PALAMEDES_JAVA_PROVER_USEOPT_FALSE;0.6.1;true;;30069;327;10
BASE/blocksWorldParallel/RseaAQ;PALAMEDES_JAVA_PROVER_USEOPT_FALSE;0.6.1;true;;30000;7999;2666
DRESDEN/mummymaze2p/k-8edg;PALAMEDES_JAVA_PROVER_USEOPT_FALSE;0.6.1;true;;30000;27904;567
DRESDEN/tictactoe_orthogonal/y69QFQ;PALAMEDES_JAVA_PROVER_USEOPT_FALSE;0.6.1;true;;30000;118688;14813
BASE/slaughter/cOch8A;PALAMEDES_JAVA_PROVER_USEOPT_FALSE;0.6.1;true;;30018;84;0
BASE/onestep/xi53wA;PALAMEDES_JAVA_PROVER_USEOPT_FALSE;0.6.1;true;;30000;1202047;1202047
DRESDEN/chickentictactoe/Ipbo-g;PALAMEDES_JAVA_PROVER_USEOPT_FALSE;0.6.1;true;;30000;80128;11247
BASE/troublemaker01/s3tlEQ;PALAMEDES_JAVA_PROVER_USEOPT_FALSE;0.6.1;true;;30000;688652;229612
DRESDEN/chickentoetictac/cxYaRQ;PALAMEDES_JAVA_PROVER_USEOPT_FALSE;0.6.1;true;;30000;139316;19608
BASE/gt_ultimatum/GE-uOA;PALAMEDES_JAVA_PROVER_USEOPT_FALSE;0.6.1;true;;30133;462;23
STANFORD/breakthroughsmall/HM0s5w;PALAMEDES_JAVA_PROVER_USEOPT_FALSE;0.6.1;true;;30002;7692;268
BASE/skirmishZeroSum/zh4hcw;PALAMEDES_JAVA_PROVER_USEOPT_FALSE;0.6.1;true;;30016;1612;16
BASE/racer/QQYQNw;PALAMEDES_JAVA_PROVER_USEOPT_FALSE;0.6.1;true;;37498;4;0
STANFORD/checkersonabarrelnokings/Zrevdw;PALAMEDES_JAVA_PROVER_USEOPT_FALSE;0.6.1;true;;30006;4996;102
BASE/gt_centipede/9fRMpw;PALAMEDES_JAVA_PROVER_USEOPT_FALSE;0.6.1;true;;30000;303899;151409
DRESDEN/gt_chicken/CeuKtw;PALAMEDES_JAVA_PROVER_USEOPT_FALSE;0.6.1;true;;30000;40261;2013
BASE/breakthroughSmall/HJ0tIA;PALAMEDES_JAVA_PROVER_USEOPT_FALSE;0.6.1;true;;30001;8104;284
DRESDEN/vacuumcleaner_obstacles_2/Y-R7tA;PALAMEDES_JAVA_PROVER_USEOPT_FALSE;0.6.1;true;;30000;33660;5642
BASE/3pConnectFour/PqXOFQ;PALAMEDES_JAVA_PROVER_USEOPT_FALSE;0.6.1;true;;30000;9807;273
DRESDEN/Thief_Police/CX18rA;PALAMEDES_JAVA_PROVER_USEOPT_FALSE;0.6.1;true;;30000;96113;2724
BASE/blockerSerial/3eqDuw;PALAMEDES_JAVA_PROVER_USEOPT_FALSE;0.6.1;true;;30003;5195;328
DRESDEN/grid_game/U7_Yeg;PALAMEDES_JAVA_PROVER_USEOPT_FALSE;0.6.1;true;;30000;18858;537
BASE/ticTicToe/c1OobQ;PALAMEDES_JAVA_PROVER_USEOPT_FALSE;0.6.1;true;;30000;63091;12549
BASE/stateSpaceLarge/0Ge_CQ;PALAMEDES_JAVA_PROVER_USEOPT_FALSE;0.6.1;true;;30001;14769;1054
BASE/slidingpieces/uFJWEw;PALAMEDES_JAVA_PROVER_USEOPT_FALSE;0.6.1;true;;30013;1761;21
BASE/3pttc/0sol9g;PALAMEDES_JAVA_PROVER_USEOPT_FALSE;0.6.1;true;;30001;9552;327
DRESDEN/tictactoe_3d_6player/ulZPWg;PALAMEDES_JAVA_PROVER_USEOPT_FALSE;0.6.1;true;;30005;709;6
DRESDEN/skirmish2/iPpWhQ;PALAMEDES_JAVA_PROVER_USEOPT_FALSE;0.6.1;true;;30003;2067;51
STANFORD/platformjumpers/HEQskA;PALAMEDES_JAVA_PROVER_USEOPT_FALSE;0.6.1;true;;30000;2433;49
DRESDEN/connectfoursuicide/M9CNQg;PALAMEDES_JAVA_PROVER_USEOPT_FALSE;0.6.1;true;;30000;17214;769
BASE/wargame01/_GZFZg;PALAMEDES_JAVA_PROVER_USEOPT_FALSE;0.6.1;true;;30034;969;88
STANFORD/bestbuttonsandlightsbig/g0JC6g;PALAMEDES_JAVA_PROVER_USEOPT_FALSE;0.6.1;true;;30000;191808;31968
DRESDEN/tttcc4/sAvtFg;PALAMEDES_JAVA_PROVER_USEOPT_FALSE;0.6.1;true;;30002;4132;146
DRESDEN/ggp-course2013_nicolai/uEin8g;PALAMEDES_JAVA_PROVER_USEOPT_FALSE;0.6.1;true;;30049;812;26
DRESDEN/ggp-course2013_jordi/9QI6Kw;PALAMEDES_JAVA_PROVER_USEOPT_FALSE;0.6.1;true;;30021;1267;40
DRESDEN/blockerparallel/dVQgSg;PALAMEDES_JAVA_PROVER_USEOPT_FALSE;0.6.1;true;;30004;5840;827
STANFORD/pentago/ZxzLmg;PALAMEDES_JAVA_PROVER_USEOPT_FALSE;0.6.1;true;;30007;4974;88
BASE/sudokuGrade3/eI8dvg;PALAMEDES_JAVA_PROVER_USEOPT_FALSE;0.6.1;true;;30059;62;1
BASE/choicethroughalt/tt71Lg;PALAMEDES_JAVA_PROVER_USEOPT_FALSE;0.6.1;true;;30003;3341;91
BASE/hex/T1MK8g;PALAMEDES_JAVA_PROVER_USEOPT_FALSE;0.6.1;true;;30001;3852;54
STANFORD/3puzzle/41ibjA;PALAMEDES_JAVA_PROVER_USEOPT_FALSE;0.6.1;true;;30000;285983;47663
BASE/gt_chicken/gmepTQ;PALAMEDES_JAVA_PROVER_USEOPT_FALSE;0.6.1;true;;30000;39386;1969
DRESDEN/vacuumcleaner_obstacles_6/NVwsZw;PALAMEDES_JAVA_PROVER_USEOPT_FALSE;0.6.1;true;;31054;592;112
BASE/checkersBarrelNoKings/rnKNeg;PALAMEDES_JAVA_PROVER_USEOPT_FALSE;0.6.1;true;;30001;6016;91
BASE/buttons/hTcUjw;PALAMEDES_JAVA_PROVER_USEOPT_FALSE;0.6.1;true;;30000;463921;77320
BASE/brawl/6Ymo_Q;PALAMEDES_JAVA_PROVER_USEOPT_FALSE;0.6.1;true;;30027;983;98
DRESDEN/sat_test_20v_91c/dK7nVw;PALAMEDES_JAVA_PROVER_USEOPT_FALSE;0.6.1;true;;30001;12742;637
DRESDEN/doubletoetictac/V89gKQ;PALAMEDES_JAVA_PROVER_USEOPT_FALSE;0.6.1;true;;30000;20115;2419
STANFORD/tictactoe7/-bE9-A;PALAMEDES_JAVA_PROVER_USEOPT_FALSE;0.6.1;true;;30000;77962;14095
DRESDEN/tpeg/h-Scbg;PALAMEDES_JAVA_PROVER_USEOPT_FALSE;0.6.1;true;;30004;3342;280
STANFORD/knightstour/cEwgNA;PALAMEDES_JAVA_PROVER_USEOPT_FALSE;0.6.1;true;;30000;81051;16660
DRESDEN/CephalopodMicro/H3XQfg;PALAMEDES_JAVA_PROVER_USEOPT_FALSE;0.6.1;true;;30151;139;3
BASE/skirmishFinal3/-Olhfw;PALAMEDES_JAVA_PROVER_USEOPT_FALSE;0.6.1;true;;30058;428;7
BASE/dualConnect4/WbCQkg;PALAMEDES_JAVA_PROVER_USEOPT_FALSE;0.6.1;true;;30001;11552;377
DRESDEN/pancakes6/SZXMyQ;PALAMEDES_JAVA_PROVER_USEOPT_FALSE;0.6.1;true;;30000;415701;10472
DRESDEN/toetictac/mJtxCA;PALAMEDES_JAVA_PROVER_USEOPT_FALSE;0.6.1;true;;30000;178450;23392
BASE/2pffa_zerosum/o0_uZA;PALAMEDES_JAVA_PROVER_USEOPT_FALSE;0.6.1;true;;30002;8669;288
DRESDEN/grid_game2/kypTYQ;PALAMEDES_JAVA_PROVER_USEOPT_FALSE;0.6.1;true;;30029;328;6
DRESDEN/racetrackcorridor/O0DoTA;PALAMEDES_JAVA_PROVER_USEOPT_FALSE;0.6.1;true;;30000;30913;1736
STANFORD/multiplebuttonsandlights/cK70Yg;PALAMEDES_JAVA_PROVER_USEOPT_FALSE;0.6.1;true;;30000;322975;53829
BASE/coins/QnGtnQ;PALAMEDES_JAVA_PROVER_USEOPT_FALSE;0.6.1;true;;30003;2488;989
DRESDEN/pawntoqueen/f_x6Aw;PALAMEDES_JAVA_PROVER_USEOPT_FALSE;0.6.1;true;;30172;107;7
DRESDEN/brawl/2kXtfQ;PALAMEDES_JAVA_PROVER_USEOPT_FALSE;0.6.1;true;;30007;1008;100
DRESDEN/knightmove/97Ipcw;PALAMEDES_JAVA_PROVER_USEOPT_FALSE;0.6.1;true;;30003;4346;124
BASE/point_grab/r5DPmQ;PALAMEDES_JAVA_PROVER_USEOPT_FALSE;0.6.1;true;;30000;220292;7343
DRESDEN/breakthroughsuicide_v2/LU1nAw;PALAMEDES_JAVA_PROVER_USEOPT_FALSE;0.6.1;true;;30001;5358;80
BASE/snake_2009/7l-qAQ;PALAMEDES_JAVA_PROVER_USEOPT_FALSE;0.6.1;true;;30000;16866;1061
DRESDEN/gt_ultimatum/pAiiQw;PALAMEDES_JAVA_PROVER_USEOPT_FALSE;0.6.1;true;;30020;468;23
STANFORD/breakthrough/d5j0cQ;PALAMEDES_JAVA_PROVER_USEOPT_FALSE;0.6.1;true;;30001;17494;265
BASE/sudoku/NTaNkw;PALAMEDES_JAVA_PROVER_USEOPT_FALSE;0.6.1;false;Exception of type NullPointerException;0;0;0
STANFORD/knightstourmedium/x1wu8Q;PALAMEDES_JAVA_PROVER_USEOPT_FALSE;0.6.1;true;;30000;87513;21865
STANFORD/dualhunter/1rPZjQ;PALAMEDES_JAVA_PROVER_USEOPT_FALSE;0.6.1;true;;30000;39959;2854
DRESDEN/queens/mW2wHQ;PALAMEDES_JAVA_PROVER_USEOPT_FALSE;0.6.1;true;;123348;20;2
BASE/roshambo2/KNPokQ;PALAMEDES_JAVA_PROVER_USEOPT_FALSE;0.6.1;true;;30000;244993;28823
BASE/incredible/8Qh-6Q;PALAMEDES_JAVA_PROVER_USEOPT_FALSE;0.6.1;true;;30000;105800;5568
DRESDEN/battle/8oAvhQ;PALAMEDES_JAVA_PROVER_USEOPT_FALSE;0.6.1;true;;30234;127;4
BASE/gt_prisoner/klthDw;PALAMEDES_JAVA_PROVER_USEOPT_FALSE;0.6.1;true;;30000;50775;2538
DRESDEN/checkers-newgoals/IJOqXQ;PALAMEDES_JAVA_PROVER_USEOPT_FALSE;0.6.1;true;;30020;894;9
DRESDEN/battlesnakes1509/-qZrLw;PALAMEDES_JAVA_PROVER_USEOPT_FALSE;0.6.1;true;;30002;4932;115
BASE/sudokuGrade6H/ieE_9A;PALAMEDES_JAVA_PROVER_USEOPT_FALSE;0.6.1;true;;30667;51;1
BASE/hitori/S8Gsyg;PALAMEDES_JAVA_PROVER_USEOPT_FALSE;0.6.1;true;;30142;125;1
BASE/checkers-mustjump/T-8UuQ;PALAMEDES_JAVA_PROVER_USEOPT_FALSE;0.6.1;true;;30052;137;2
BASE/duplicateStateSmall/bCPAXw;PALAMEDES_JAVA_PROVER_USEOPT_FALSE;0.6.1;true;;30000;182560;45640
BASE/four_way_battle/xSOQXA;PALAMEDES_JAVA_PROVER_USEOPT_FALSE;0.6.1;true;;30002;642;20
DRESDEN/mimikry/GJEhwA;PALAMEDES_JAVA_PROVER_USEOPT_FALSE;0.6.1;true;;30002;7199;293
BASE/stateSpaceSmall/Q7osKA;PALAMEDES_JAVA_PROVER_USEOPT_FALSE;0.6.1;true;;30000;258217;64554
DRESDEN/double_tictactoe_dengji/bGaUyQ;PALAMEDES_JAVA_PROVER_USEOPT_FALSE;0.6.1;true;;30000;16377;1171
BASE/4pttc/AL1k2Q;PALAMEDES_JAVA_PROVER_USEOPT_FALSE;0.6.1;true;;30000;12604;401
BASE/tron_10x10/7ZTgDg;PALAMEDES_JAVA_PROVER_USEOPT_FALSE;0.6.1;true;;30000;69640;23153
STANFORD/jointbuttonsandlights/qAKuIQ;PALAMEDES_JAVA_PROVER_USEOPT_FALSE;0.6.1;true;;30000;158896;27554
BASE/reversiSuicide/9OxJlg;PALAMEDES_JAVA_PROVER_USEOPT_FALSE;0.6.1;false;Test process timed out after 240 seconds;0;0;0
BASE/rubiksCube/9tNO9Q;PALAMEDES_JAVA_PROVER_USEOPT_FALSE;0.6.1;true;;30000;5865;117
BASE/battlebrushes/arCwyA;PALAMEDES_JAVA_PROVER_USEOPT_FALSE;0.6.1;true;;41775;38;2
BASE/breakthroughSuicideSmall/XSbJog;PALAMEDES_JAVA_PROVER_USEOPT_FALSE;0.6.1;true;;30003;8211;294
BASE/copolymer_4/2LDVhQ;PALAMEDES_JAVA_PROVER_USEOPT_FALSE;0.6.1;true;;30124;266;7
BASE/racer4/0vs7Ww;PALAMEDES_JAVA_PROVER_USEOPT_FALSE;0.6.1;true;;30625;23;2
BASE/solitaireChineseCheckers/-ET6gw;PALAMEDES_JAVA_PROVER_USEOPT_FALSE;0.6.1;true;;30000;11614;215
BASE/nonogram_5x5_1/qLKEZw;PALAMEDES_JAVA_PROVER_USEOPT_FALSE;0.6.1;false;Exception of type NullPointerException;0;0;0
BASE/shmup/ssTNlg;PALAMEDES_JAVA_PROVER_USEOPT_FALSE;0.6.1;true;;30000;27325;3308
BASE/copolymer_4_pie/IN5_jA;PALAMEDES_JAVA_PROVER_USEOPT_FALSE;0.6.1;true;;30067;274;7
BASE/connectFour_9x6/B9TtMw;PALAMEDES_JAVA_PROVER_USEOPT_FALSE;0.6.1;true;;30000;14375;612
BASE/nonogram_10x10_1/0Xc62g;PALAMEDES_JAVA_PROVER_USEOPT_FALSE;0.6.1;false;Exception of type NullPointerException;0;0;0
BASE/chess_200/XsTpYA;PALAMEDES_JAVA_PROVER_USEOPT_FALSE;0.6.1;true;;30695;28;0
BASE/hidato37/pBrqxw;PALAMEDES_JAVA_PROVER_USEOPT_FALSE;0.6.1;true;;30050;89;6
BASE/hidato19/rRHSmA;PALAMEDES_JAVA_PROVER_USEOPT_FALSE;0.6.1;true;;30034;711;105
BASE/queens16ug/gT-ylw;PALAMEDES_JAVA_PROVER_USEOPT_FALSE;0.6.1;false;Test process timed out after 240 seconds;0;0;0
BASE/queens12ug/u6Bkmg;PALAMEDES_JAVA_PROVER_USEOPT_FALSE;0.6.1;false;Test process timed out after 240 seconds;0;0;0
BASE/racetrackcorridor/_RkdUg;PALAMEDES_JAVA_PROVER_USEOPT_FALSE;0.6.1;true;;30001;18898;946
BASE/point_grab/V_osUg;PALAMEDES_JAVA_PROVER_USEOPT_FALSE;0.6.1;true;;30000;229989;7666
BASE/snakeAssemblit/UO4sdg;PALAMEDES_JAVA_PROVER_USEOPT_FALSE;0.6.1;true;;30003;7257;922
