BASE/zhadu/DlA8iQ;REKKURA_GENERIC_FORWARD_PROVER;1.0.0;true;;30000;684;14
BASE/racetrackcorridor/k1OQRg;REKKURA_GENERIC_FORWARD_PROVER;1.0.0;true;;30006;1793;90
BASE/gt_two_thirds_4p/DStnxQ;REKKURA_GENERIC_FORWARD_PROVER;1.0.0;false;Test process timed out after 240 seconds;0;0;0
DRESDEN/nim4/F5YAYg;REKKURA_GENERIC_FORWARD_PROVER;1.0.0;true;;30011;945;70
BASE/lightsOut/5P1ZBw;REKKURA_GENERIC_FORWARD_PROVER;1.0.0;true;;30000;19873;993
DRESDEN/crossers3/xiPTxg;REKKURA_GENERIC_FORWARD_PROVER;1.0.0;true;;30156;98;3
BASE/twisty-passages/DiZmmg;REKKURA_GENERIC_FORWARD_PROVER;1.0.0;true;;37989;2;0
DRESDEN/sat_test_20v_91c_visualisation/aw8BIA;REKKURA_GENERIC_FORWARD_PROVER;1.0.0;true;;30003;4544;227
DRESDEN/hanoi7_bugfix/3gdnFw;REKKURA_GENERIC_FORWARD_PROVER;1.0.0;true;;31911;9;0
DRESDEN/mummymaze2p-comp2007/oTQRQg;REKKURA_GENERIC_FORWARD_PROVER;1.0.0;true;;30012;858;17
DRESDEN/cubicup_3player/awDtsQ;REKKURA_GENERIC_FORWARD_PROVER;1.0.0;true;;30001;5452;64
DRESDEN/backgammon/mqCW0Q;REKKURA_GENERIC_FORWARD_PROVER;1.0.0;true;;30013;1482;5
STANFORD/multipletictactoe/_bkafQ;REKKURA_GENERIC_FORWARD_PROVER;1.0.0;true;;30006;4668;260
BASE/guess/SPpk1A;REKKURA_GENERIC_FORWARD_PROVER;1.0.0;true;;30123;76;6
BASE/kalaha5x2x3/WviNsw;REKKURA_GENERIC_FORWARD_PROVER;1.0.0;true;;30015;493;4
BASE/ttcc4/Le0qjQ;REKKURA_GENERIC_FORWARD_PROVER;1.0.0;true;;30002;887;31
BASE/cephalopodMicro/9l2D3g;REKKURA_GENERIC_FORWARD_PROVER;1.0.0;true;;30032;632;0
DRESDEN/brain_teaser_extended/ZDp94A;REKKURA_GENERIC_FORWARD_PROVER;1.0.0;true;;30000;46067;3071
DRESDEN/catcha_mouse/cHv4dw;REKKURA_GENERIC_FORWARD_PROVER;1.0.0;true;;30000;11544;878
BASE/checkersTorusNoKings/pwb6oQ;REKKURA_GENERIC_FORWARD_PROVER;1.0.0;true;;30021;692;11
BASE/knightsTour/mvtVIg;REKKURA_GENERIC_FORWARD_PROVER;1.0.0;true;;30003;8326;1752
STANFORD/nineboardtictactoe/y28P-A;REKKURA_GENERIC_FORWARD_PROVER;1.0.0;true;;30000;6469;0
BASE/tttcc4/8Bs2lg;REKKURA_GENERIC_FORWARD_PROVER;1.0.0;true;;30010;879;32
BASE/blobwars/0XT15Q;REKKURA_GENERIC_FORWARD_PROVER;1.0.0;true;;35809;5;0
DRESDEN/buttons/ADUaHw;REKKURA_GENERIC_FORWARD_PROVER;1.0.0;true;;30000;117221;19536
BASE/pancakes/yUgbXw;REKKURA_GENERIC_FORWARD_PROVER;1.0.0;true;;30086;279;6
BASE/wargame03/klXI8w;REKKURA_GENERIC_FORWARD_PROVER;1.0.0;true;;30158;61;1
BASE/hanoi7_bugfix/3gdnFw;REKKURA_GENERIC_FORWARD_PROVER;1.0.0;true;;32744;9;0
BASE/blocks2player/wnTLOQ;REKKURA_GENERIC_FORWARD_PROVER;1.0.0;true;;30000;52375;2909
DRESDEN/connectfour/5tc-Mg;REKKURA_GENERIC_FORWARD_PROVER;1.0.0;true;;30000;13597;614
BASE/quarto/EwBMVQ;REKKURA_GENERIC_FORWARD_PROVER;1.0.0;true;;30242;116;5
BASE/quad_5x5/JAEP5g;REKKURA_GENERIC_FORWARD_PROVER;1.0.0;true;;30107;60;4
BASE/dotsAndBoxes/EHwA_w;REKKURA_GENERIC_FORWARD_PROVER;1.0.0;true;;30030;882;0
BASE/pacman2p/4LEdQg;REKKURA_GENERIC_FORWARD_PROVER;1.0.0;true;;30035;649;6
DRESDEN/latenttictactoe/kITHKg;REKKURA_GENERIC_FORWARD_PROVER;1.0.0;true;;30000;36733;8
DRESDEN/uf20-020.cnf.SAT.satlike/WbqXoA;REKKURA_GENERIC_FORWARD_PROVER;1.0.0;true;;31652;10;0
BASE/mineClearingSmall/frsbvw;REKKURA_GENERIC_FORWARD_PROVER;1.0.0;true;;30011;2054;158
DRESDEN/breakthrough/z4hK7Q;REKKURA_GENERIC_FORWARD_PROVER;1.0.0;true;;30000;1065;16
STANFORD/bestbuttonsandlights/nm0wEA;REKKURA_GENERIC_FORWARD_PROVER;1.0.0;true;;30000;36791;6131
STANFORD/skirmish/w4V6Vw;REKKURA_GENERIC_FORWARD_PROVER;1.0.0;true;;30155;72;0
BASE/factoringImpossibleTurtleBrain/kcBhdw;REKKURA_GENERIC_FORWARD_PROVER;1.0.0;true;;30199;114;1
DRESDEN/four_way_battle/xSOQXA;REKKURA_GENERIC_FORWARD_PROVER;1.0.0;true;;30304;50;1
DRESDEN/snake_2008/E56l3A;REKKURA_GENERIC_FORWARD_PROVER;1.0.0;true;;30055;153;6
BASE/ttcc4_2player_alt/ZEJvYA;REKKURA_GENERIC_FORWARD_PROVER;1.0.0;true;;30035;584;17
BASE/crissrace/ERWGDA;REKKURA_GENERIC_FORWARD_PROVER;1.0.0;true;;35122;1;0
STANFORD/buttonsandlights/eyhJpA;REKKURA_GENERIC_FORWARD_PROVER;1.0.0;true;;30000;102676;17112
BASE/hanoi/iGLsJg;REKKURA_GENERIC_FORWARD_PROVER;1.0.0;true;;30023;641;20
BASE/strangeSkirmish/gc1zKA;REKKURA_GENERIC_FORWARD_PROVER;1.0.0;true;;30007;403;4
BASE/god/qF06gw;REKKURA_GENERIC_FORWARD_PROVER;1.0.0;true;;30206;109;3
DRESDEN/quad_5x5_8_2/JRTLJg;REKKURA_GENERIC_FORWARD_PROVER;1.0.0;true;;30088;178;1
BASE/ticTacToeParallel/ymRGPw;REKKURA_GENERIC_FORWARD_PROVER;1.0.0;true;;30000;14937;31
BASE/haystack/UkweGA;REKKURA_GENERIC_FORWARD_PROVER;1.0.0;true;;30000;427195;142369
STANFORD/hex/MTqWcw;REKKURA_GENERIC_FORWARD_PROVER;1.0.0;true;;30005;730;11
STANFORD/ttcc4/Cx9SGw;REKKURA_GENERIC_FORWARD_PROVER;1.0.0;true;;30022;670;8
STANFORD/chinook/osFbPA;REKKURA_GENERIC_FORWARD_PROVER;1.0.0;true;;30049;651;16
BASE/asteroids/BKCmPQ;REKKURA_GENERIC_FORWARD_PROVER;1.0.0;true;;30000;13574;298
BASE/breakthroughSuicide/wZDpIg;REKKURA_GENERIC_FORWARD_PROVER;1.0.0;true;;30020;953;14
BASE/checkLines/Vop7oQ;REKKURA_GENERIC_FORWARD_PROVER;1.0.0;true;;30000;8876;558
BASE/survival/YVIjJA;REKKURA_GENERIC_FORWARD_PROVER;1.0.0;true;;30000;217390;186386
BASE/knightfight/SJRkAg;REKKURA_GENERIC_FORWARD_PROVER;1.0.0;true;;30066;366;38
STANFORD/eightpuzzle/W_aWbA;REKKURA_GENERIC_FORWARD_PROVER;1.0.0;true;;30000;14562;291
DRESDEN/lightson2x2/gBHuig;REKKURA_GENERIC_FORWARD_PROVER;1.0.0;true;;30000;50292;5029
STANFORD/multiplebuttonsandlights_9/SqB9BA;REKKURA_GENERIC_FORWARD_PROVER;1.0.0;true;;30000;37141;6190
DRESDEN/hallway/0H4l-Q;REKKURA_GENERIC_FORWARD_PROVER;1.0.0;true;;30034;527;17
BASE/escortLatch/mX9BjQ;REKKURA_GENERIC_FORWARD_PROVER;1.0.0;true;;30003;2537;43
BASE/chickentictactoe/DSlZCA;REKKURA_GENERIC_FORWARD_PROVER;1.0.0;true;;30000;34322;31
BASE/skirmish/Y_psYQ;REKKURA_GENERIC_FORWARD_PROVER;1.0.0;true;;30054;242;2
BASE/ticTacToe/JRFsaQ;REKKURA_GENERIC_FORWARD_PROVER;1.0.0;true;;30000;36020;11
BASE/circlesolitaire/azuQFQ;REKKURA_GENERIC_FORWARD_PROVER;1.0.0;true;;30000;49492;4817
BASE/pentagoSuicide/SBgNhw;REKKURA_GENERIC_FORWARD_PROVER;1.0.0;true;;30002;3673;62
DRESDEN/checkers/jIDMIg;REKKURA_GENERIC_FORWARD_PROVER;1.0.0;true;;35027;1;0
BASE/tictactoe2/bhrDoQ;REKKURA_GENERIC_FORWARD_PROVER;1.0.0;true;;30000;70559;12
DRESDEN/Runners/3bOCQw;REKKURA_GENERIC_FORWARD_PROVER;1.0.0;true;;30002;7069;144
DRESDEN/quad_5x5/JAEP5g;REKKURA_GENERIC_FORWARD_PROVER;1.0.0;true;;30373;61;4
STANFORD/freeforall/Lfp40Q;REKKURA_GENERIC_FORWARD_PROVER;1.0.0;true;;30010;2480;82
BASE/ad_game_2x2/D0aWqg;REKKURA_GENERIC_FORWARD_PROVER;1.0.0;true;;37516;1;1
BASE/simultaneousWin2/PfjRjw;REKKURA_GENERIC_FORWARD_PROVER;1.0.0;true;;30000;14598;251
DRESDEN/endgame/IJhh3Q;REKKURA_GENERIC_FORWARD_PROVER;1.0.0;true;;30013;757;54
STANFORD/tictactoe3/X7myng;REKKURA_GENERIC_FORWARD_PROVER;1.0.0;true;;30000;37939;0
BASE/checkers-suicide-cylinder-mustjump/YeW5Tw;REKKURA_GENERIC_FORWARD_PROVER;1.0.0;true;;30240;37;0
BASE/firefighter/WJmoPw;REKKURA_GENERIC_FORWARD_PROVER;1.0.0;true;;30000;30159;687
DRESDEN/nim3/sG_axA;REKKURA_GENERIC_FORWARD_PROVER;1.0.0;true;;30015;926;70
BASE/skirmishFinal2/gdB62Q;REKKURA_GENERIC_FORWARD_PROVER;1.0.0;true;;30007;448;7
DRESDEN/babel/WdSW4A;REKKURA_GENERIC_FORWARD_PROVER;1.0.0;true;;30009;2619;130
BASE/breakthroughHoles/nZk0Sg;REKKURA_GENERIC_FORWARD_PROVER;1.0.0;true;;30010;927;15
DRESDEN/checkers-suicide-cylinder-mustjump/L2BYWg;REKKURA_GENERIC_FORWARD_PROVER;1.0.0;true;;30830;17;0
BASE/reversi/d8UMeA;REKKURA_GENERIC_FORWARD_PROVER;1.0.0;true;;30566;55;0
DRESDEN/towerworld/HCX34w;REKKURA_GENERIC_FORWARD_PROVER;1.0.0;true;;30019;515;1
BASE/amazons_10x10/Bun8dA;REKKURA_GENERIC_FORWARD_PROVER;1.0.0;true;;30187;113;0
STANFORD/madness/UO_B3A;REKKURA_GENERIC_FORWARD_PROVER;1.0.0;true;;30345;70;1
BASE/ruleDepthExponential/UamhHQ;REKKURA_GENERIC_FORWARD_PROVER;1.0.0;true;;35697;4;1
STANFORD/rainbow/_4qNSQ;REKKURA_GENERIC_FORWARD_PROVER;1.0.0;true;;30000;44778;7463
DRESDEN/8puzzle/8fKC2w;REKKURA_GENERIC_FORWARD_PROVER;1.0.0;true;;30000;24480;408
BASE/smallest_4player/ADDROA;REKKURA_GENERIC_FORWARD_PROVER;1.0.0;true;;30009;1091;46
DRESDEN/pancakes/hl9aiQ;REKKURA_GENERIC_FORWARD_PROVER;1.0.0;true;;30081;311;7
BASE/eightPuzzle/vLrgFg;REKKURA_GENERIC_FORWARD_PROVER;1.0.0;true;;30001;15214;253
DRESDEN/CatchMeIfYouCanTest/CX18rA;REKKURA_GENERIC_FORWARD_PROVER;1.0.0;true;;30000;28555;0
DRESDEN/ticblock/Z2yNWQ;REKKURA_GENERIC_FORWARD_PROVER;1.0.0;true;;30000;36346;1
BASE/blocksWorldSerial/Wyg96Q;REKKURA_GENERIC_FORWARD_PROVER;1.0.0;true;;30000;31527;5254
BASE/kalaha6x2x4/XS81Mg;REKKURA_GENERIC_FORWARD_PROVER;1.0.0;true;;30198;138;1
DRESDEN/cube_2x2x2/fp-34Q;REKKURA_GENERIC_FORWARD_PROVER;1.0.0;true;;30001;12197;1016
DRESDEN/guess/PhxGhg;REKKURA_GENERIC_FORWARD_PROVER;1.0.0;true;;30125;77;7
BASE/catcha_mouse/cHv4dw;REKKURA_GENERIC_FORWARD_PROVER;1.0.0;true;;30001;11241;860
DRESDEN/uf20-01.cnf.SAT/42Rs8A;REKKURA_GENERIC_FORWARD_PROVER;1.0.0;true;;30003;4559;227
DRESDEN/SC_TestOnly_enabled/09o7gQ;REKKURA_GENERIC_FORWARD_PROVER;1.0.0;true;;30002;6715;746
BASE/pawnToQueen/-O1_JA;REKKURA_GENERIC_FORWARD_PROVER;1.0.0;true;;30421;39;2
BASE/2pttc/unkkYA;REKKURA_GENERIC_FORWARD_PROVER;1.0.0;true;;30028;933;32
DRESDEN/smallest/9kaGFw;REKKURA_GENERIC_FORWARD_PROVER;1.0.0;true;;30017;982;41
DRESDEN/logistics/fPru1Q;REKKURA_GENERIC_FORWARD_PROVER;1.0.0;true;;30002;8615;172
DRESDEN/vacuumcleaner_random_big/DwzFaQ;REKKURA_GENERIC_FORWARD_PROVER;1.0.0;true;;96071;0;0
STANFORD/sudoku/oJ1qyQ;REKKURA_GENERIC_FORWARD_PROVER;1.0.0;true;;30003;3624;0
BASE/brain_teaser_extended/ZDp94A;REKKURA_GENERIC_FORWARD_PROVER;1.0.0;true;;30000;45595;3039
BASE/laikLee_hex/zbyscQ;REKKURA_GENERIC_FORWARD_PROVER;1.0.0;false;Test process timed out after 240 seconds;0;0;0
BASE/gt_two_thirds_6p/867v3Q;REKKURA_GENERIC_FORWARD_PROVER;1.0.0;false;Test process timed out after 240 seconds;0;0;0
DRESDEN/peg_bugfixed/u_B7MA;REKKURA_GENERIC_FORWARD_PROVER;1.0.0;true;;30000;10446;0
BASE/kalaha_2009/dRiN3g;REKKURA_GENERIC_FORWARD_PROVER;1.0.0;true;;45181;2;0
BASE/sudokuGrade1/tDRNRw;REKKURA_GENERIC_FORWARD_PROVER;1.0.0;true;;30001;3643;0
DRESDEN/snake_2009/zIYLVw;REKKURA_GENERIC_FORWARD_PROVER;1.0.0;true;;30002;4992;172
BASE/chickentoetictac/l57rfQ;REKKURA_GENERIC_FORWARD_PROVER;1.0.0;true;;30000;42715;40
BASE/cubicup_3player/e2yA_g;REKKURA_GENERIC_FORWARD_PROVER;1.0.0;true;;30003;5165;61
BASE/chineseCheckers6/rREH3A;REKKURA_GENERIC_FORWARD_PROVER;1.0.0;true;;30007;1332;22
DRESDEN/aipsrovers01/qS47Mw;REKKURA_GENERIC_FORWARD_PROVER;1.0.0;true;;30000;11798;407
BASE/quad_7x7/q-JOXg;REKKURA_GENERIC_FORWARD_PROVER;1.0.0;true;;30005;511;16
DRESDEN/capture_the_king/EQ229Q;REKKURA_GENERIC_FORWARD_PROVER;1.0.0;true;;30056;436;7
BASE/stateSpaceMedium/3bUoIw;REKKURA_GENERIC_FORWARD_PROVER;1.0.0;true;;30000;59776;6641
DRESDEN/golden_rectangle/1uloXw;REKKURA_GENERIC_FORWARD_PROVER;1.0.0;true;;30002;1925;64
BASE/coins_atomic/AA3SSw;REKKURA_GENERIC_FORWARD_PROVER;1.0.0;true;;30000;85699;0
DRESDEN/3qbf-5cnf-20var-40cl.2.qdimacs.satlike/724YWg;REKKURA_GENERIC_FORWARD_PROVER;1.0.0;true;;30179;180;3
BASE/colonelBlotto/jip21A;REKKURA_GENERIC_FORWARD_PROVER;1.0.0;true;;30576;11;2
BASE/snake_2009_big/-oRfVw;REKKURA_GENERIC_FORWARD_PROVER;1.0.0;true;;30001;4158;115
DRESDEN/uf20-010.cnf.SAT/5ICbCg;REKKURA_GENERIC_FORWARD_PROVER;1.0.0;true;;30002;5047;252
DRESDEN/bidding-tictactoe_10coins/mu5VhQ;REKKURA_GENERIC_FORWARD_PROVER;1.0.0;true;;30017;898;4
BASE/pancakes88/l2Xaig;REKKURA_GENERIC_FORWARD_PROVER;1.0.0;true;;30017;34;0
BASE/ticTacToeLarge/TZC0dg;REKKURA_GENERIC_FORWARD_PROVER;1.0.0;true;;30001;20844;0
DRESDEN/pentago_2008/hLjVpQ;REKKURA_GENERIC_FORWARD_PROVER;1.0.0;true;;30001;4082;68
BASE/tictactoex9/BI26ow;REKKURA_GENERIC_FORWARD_PROVER;1.0.0;true;;30000;7093;249
BASE/futoshiki4/BaCwSw;REKKURA_GENERIC_FORWARD_PROVER;1.0.0;true;;30001;10298;1120
BASE/asteroidsSerial/id2QkA;REKKURA_GENERIC_FORWARD_PROVER;1.0.0;true;;30002;8944;93
DRESDEN/Catch-Me-If-You-Can/ghGWrA;REKKURA_GENERIC_FORWARD_PROVER;1.0.0;true;;30000;29097;14
BASE/gt_staghunt/xPjLRA;REKKURA_GENERIC_FORWARD_PROVER;1.0.0;true;;30001;4473;223
BASE/cylinder-checkers/hlldmw;REKKURA_GENERIC_FORWARD_PROVER;1.0.0;true;;31555;9;0
BASE/ttcc4_2player/_aH_Mw;REKKURA_GENERIC_FORWARD_PROVER;1.0.0;true;;30027;624;13
BASE/lightsOn/MsXu3A;REKKURA_GENERIC_FORWARD_PROVER;1.0.0;true;;30000;68649;5514
DRESDEN/kalaha_2009/gcC8uA;REKKURA_GENERIC_FORWARD_PROVER;1.0.0;true;;45605;2;0
BASE/duplicateStateMedium/U163eQ;REKKURA_GENERIC_FORWARD_PROVER;1.0.0;true;;30000;23725;2636
BASE/untwistycomplex2/EDPPAQ;REKKURA_GENERIC_FORWARD_PROVER;1.0.0;true;;30000;84030;12004
BASE/pearls/6k_mEQ;REKKURA_GENERIC_FORWARD_PROVER;1.0.0;true;;30000;445712;40519
BASE/crossers3/O0rORg;REKKURA_GENERIC_FORWARD_PROVER;1.0.0;true;;30183;98;3
BASE/eotcatcit/AfZSzA;REKKURA_GENERIC_FORWARD_PROVER;1.0.0;true;;30000;57347;0
BASE/gt_coordination/IVMOzA;REKKURA_GENERIC_FORWARD_PROVER;1.0.0;true;;30000;6109;305
BASE/ticTacHeavenFC/mrletw;REKKURA_GENERIC_FORWARD_PROVER;1.0.0;true;;30000;9612;6
DRESDEN/blocker/S815zQ;REKKURA_GENERIC_FORWARD_PROVER;1.0.0;true;;30000;37120;0
DRESDEN/quad/JPe6fg;REKKURA_GENERIC_FORWARD_PROVER;1.0.0;true;;30121;162;3
DRESDEN/checkers-mustjump-torus/cVc3gA;REKKURA_GENERIC_FORWARD_PROVER;1.0.0;true;;31870;7;0
STANFORD/multiplesukoshi/vLSQPg;REKKURA_GENERIC_FORWARD_PROVER;1.0.0;true;;30007;3685;6
BASE/conn4/va9Y7A;REKKURA_GENERIC_FORWARD_PROVER;1.0.0;true;;30001;11602;548
BASE/ticTacToeNoVars/XT03NA;REKKURA_GENERIC_FORWARD_PROVER;1.0.0;true;;30000;43191;2
DRESDEN/frogs_and_toads/GjchhQ;REKKURA_GENERIC_FORWARD_PROVER;1.0.0;true;;30010;2433;20
BASE/peg/fJHVWw;REKKURA_GENERIC_FORWARD_PROVER;1.0.0;true;;30008;2006;0
DRESDEN/tictactoe-init1/3ltIBQ;REKKURA_GENERIC_FORWARD_PROVER;1.0.0;true;;30000;42342;12078
DRESDEN/statespacemedium/dVJZ_w;REKKURA_GENERIC_FORWARD_PROVER;1.0.0;true;;30000;59079;6564
DRESDEN/vacuum_cleaner_1/eUNjpw;REKKURA_GENERIC_FORWARD_PROVER;1.0.0;true;;35055;2;0
BASE/snake_2008_tweaked/bX0NJQ;REKKURA_GENERIC_FORWARD_PROVER;1.0.0;true;;30170;152;5
BASE/nineBoardTicTacToe/wRmqqA;REKKURA_GENERIC_FORWARD_PROVER;1.0.0;true;;30000;6328;0
BASE/queens06ug/7Lq3tw;REKKURA_GENERIC_FORWARD_PROVER;1.0.0;true;;30011;2237;0
DRESDEN/blobwars/ZaMluQ;REKKURA_GENERIC_FORWARD_PROVER;1.0.0;true;;35887;5;0
BASE/hallway/ckCJOw;REKKURA_GENERIC_FORWARD_PROVER;1.0.0;true;;30007;515;17
DRESDEN/Zhadu/9zpQ5w;REKKURA_GENERIC_FORWARD_PROVER;1.0.0;true;;30008;769;21
BASE/mummymaze2p/vpjDdA;REKKURA_GENERIC_FORWARD_PROVER;1.0.0;true;;30020;454;9
BASE/checkers/rOC3Xg;REKKURA_GENERIC_FORWARD_PROVER;1.0.0;true;;30394;23;0
DRESDEN/circlesolitaire/ruUilQ;REKKURA_GENERIC_FORWARD_PROVER;1.0.0;true;;30000;50448;4902
BASE/numbertictactoe/rvJ-iQ;REKKURA_GENERIC_FORWARD_PROVER;1.0.0;true;;30000;24080;1
DRESDEN/skirmish3/3LU8Nw;REKKURA_GENERIC_FORWARD_PROVER;1.0.0;true;;30002;503;12
BASE/ghostMaze2p/W-NU-w;REKKURA_GENERIC_FORWARD_PROVER;1.0.0;true;;30033;920;18
DRESDEN/tictactoelarge/IwXcbg;REKKURA_GENERIC_FORWARD_PROVER;1.0.0;true;;30000;34241;0
BASE/snake_2008/i6K26g;REKKURA_GENERIC_FORWARD_PROVER;1.0.0;true;;30041;153;3
BASE/ttcc4_2player_small/Cv72TA;REKKURA_GENERIC_FORWARD_PROVER;1.0.0;true;;30006;1987;132
BASE/snakeParallel/RCVNtw;REKKURA_GENERIC_FORWARD_PROVER;1.0.0;true;;30000;15737;3391
BASE/crisscross/ICagEg;REKKURA_GENERIC_FORWARD_PROVER;1.0.0;true;;35948;2;0
BASE/endgame/jYjfOA;REKKURA_GENERIC_FORWARD_PROVER;1.0.0;true;;30014;1103;78
DRESDEN/snake_2009_big/DgC1NQ;REKKURA_GENERIC_FORWARD_PROVER;1.0.0;true;;30002;4118;115
DRESDEN/knightfight/4_Ly4w;REKKURA_GENERIC_FORWARD_PROVER;1.0.0;true;;30038;363;34
STANFORD/knightstourbig/TQUI2g;REKKURA_GENERIC_FORWARD_PROVER;1.0.0;true;;30002;2297;420
DRESDEN/merrills/aYEzwA;REKKURA_GENERIC_FORWARD_PROVER;1.0.0;true;;50940;1;0
BASE/double_tictactoe_dengji/zgaSbA;REKKURA_GENERIC_FORWARD_PROVER;1.0.0;true;;30000;28532;12
DRESDEN/vacuumcleaner_obstacles_3/4NjSmw;REKKURA_GENERIC_FORWARD_PROVER;1.0.0;false;Test process timed out after 240 seconds;0;0;0
DRESDEN/tictactoe_3d_2player/LMuX9w;REKKURA_GENERIC_FORWARD_PROVER;1.0.0;true;;30025;1369;40
DRESDEN/crissrace/KWb9bw;REKKURA_GENERIC_FORWARD_PROVER;1.0.0;true;;35742;1;0
BASE/hodgepodge/9yjRkw;REKKURA_GENERIC_FORWARD_PROVER;1.0.0;true;;30000;29885;29885
BASE/nim2/eF2Qqw;REKKURA_GENERIC_FORWARD_PROVER;1.0.0;true;;30013;900;99
BASE/queens/HyJJnQ;REKKURA_GENERIC_FORWARD_PROVER;1.0.0;false;IllegalArgumentException: too many occurrences: 2147483765;0;0;0
DRESDEN/god/2EDD5w;REKKURA_GENERIC_FORWARD_PROVER;1.0.0;true;;30060;102;3
DRESDEN/skirmish/RjGQYQ;REKKURA_GENERIC_FORWARD_PROVER;1.0.0;true;;30028;492;12
BASE/nim1/hin2Qw;REKKURA_GENERIC_FORWARD_PROVER;1.0.0;true;;30017;903;132
BASE/blocks/xIV5hQ;REKKURA_GENERIC_FORWARD_PROVER;1.0.0;true;;30000;80800;26933
BASE/merrills/pku8Tg;REKKURA_GENERIC_FORWARD_PROVER;1.0.0;true;;56427;1;0
DRESDEN/pancakes88/aD3E7g;REKKURA_GENERIC_FORWARD_PROVER;1.0.0;true;;30070;307;7
STANFORD/tictactoe5/WFRReg;REKKURA_GENERIC_FORWARD_PROVER;1.0.0;true;;30000;35812;4
BASE/aipsrovers01/4C4jsw;REKKURA_GENERIC_FORWARD_PROVER;1.0.0;true;;30001;11972;413
DRESDEN/knightstour/cGISAA;REKKURA_GENERIC_FORWARD_PROVER;1.0.0;true;;30000;16015;3289
BASE/knightazons/apnJBQ;REKKURA_GENERIC_FORWARD_PROVER;1.0.0;true;;30029;380;5
BASE/majorities/ibJzSQ;REKKURA_GENERIC_FORWARD_PROVER;1.0.0;true;;30007;2985;56
BASE/connect4/50bOyw;REKKURA_GENERIC_FORWARD_PROVER;1.0.0;true;;30001;5224;235
BASE/2pffa/6oHijA;REKKURA_GENERIC_FORWARD_PROVER;1.0.0;true;;30003;2123;70
DRESDEN/quad_7x7/q-JOXg;REKKURA_GENERIC_FORWARD_PROVER;1.0.0;true;;30040;526;17
DRESDEN/chinesecheckers1/Y-ftaA;REKKURA_GENERIC_FORWARD_PROVER;1.0.0;true;;30001;5629;197
DRESDEN/amazons/dNB28A;REKKURA_GENERIC_FORWARD_PROVER;1.0.0;true;;30009;165;2
DRESDEN/Travelers-Dilemma/PvZwYw;REKKURA_GENERIC_FORWARD_PROVER;1.0.0;true;;33168;9;0
DRESDEN/connect4/T0-rHQ;REKKURA_GENERIC_FORWARD_PROVER;1.0.0;true;;30003;5258;250
DRESDEN/cubicup/SBn_lw;REKKURA_GENERIC_FORWARD_PROVER;1.0.0;true;;30000;6714;119
BASE/knightThrough/gcwFjA;REKKURA_GENERIC_FORWARD_PROVER;1.0.0;true;;30001;346;12
BASE/futoshiki6/JmvXNA;REKKURA_GENERIC_FORWARD_PROVER;1.0.0;true;;30004;3995;193
STANFORD/untwistycomplex/HTWEwg;REKKURA_GENERIC_FORWARD_PROVER;1.0.0;true;;30000;74165;8240
BASE/chineseCheckers1/gqtwHw;REKKURA_GENERIC_FORWARD_PROVER;1.0.0;true;;30003;3966;140
DRESDEN/3qbf-5cnf-20var-40cl.1.qdimacs.SAT/2034pg;REKKURA_GENERIC_FORWARD_PROVER;1.0.0;true;;30000;6129;105
STANFORD/pilgrimage/ObRZnQ;REKKURA_GENERIC_FORWARD_PROVER;1.0.0;true;;30013;1304;17
BASE/hanoi_6_disks/MeubgQ;REKKURA_GENERIC_FORWARD_PROVER;1.0.0;true;;30274;57;20
BASE/qyshinsu/R08Lzw;REKKURA_GENERIC_FORWARD_PROVER;1.0.0;true;;30002;1809;71
BASE/checkersTiny/Lr48cg;REKKURA_GENERIC_FORWARD_PROVER;1.0.0;true;;30491;24;1
DRESDEN/vacuumcleaner_obstacles_1/CqS-7A;REKKURA_GENERIC_FORWARD_PROVER;1.0.0;true;;39823;3;0
DRESDEN/tictactoe/BTTzPw;REKKURA_GENERIC_FORWARD_PROVER;1.0.0;true;;30000;59494;6
DRESDEN/blocks/vg0DRw;REKKURA_GENERIC_FORWARD_PROVER;1.0.0;true;;30000;80494;26831
DRESDEN/laikLee_hex/ZeP3QQ;REKKURA_GENERIC_FORWARD_PROVER;1.0.0;false;Test process timed out after 240 seconds;0;0;0
BASE/cittaceot/fDxhXg;REKKURA_GENERIC_FORWARD_PROVER;1.0.0;true;;30004;6763;16
DRESDEN/3pffa/0YrmQw;REKKURA_GENERIC_FORWARD_PROVER;1.0.0;true;;30000;6401;213
STANFORD/trifecta/ss1kyQ;REKKURA_GENERIC_FORWARD_PROVER;1.0.0;true;;30000;36176;0
DRESDEN/bomberman2p/x4h6jQ;REKKURA_GENERIC_FORWARD_PROVER;1.0.0;true;;30000;863;109
BASE/speedChess/bPnisA;REKKURA_GENERIC_FORWARD_PROVER;1.0.0;true;;30059;152;0
BASE/pawnWhopping/Ypc_6Q;REKKURA_GENERIC_FORWARD_PROVER;1.0.0;true;;30000;8055;60
BASE/hexPie/48CH6Q;REKKURA_GENERIC_FORWARD_PROVER;1.0.0;true;;30007;725;10
DRESDEN/smallest_4player/ADDROA;REKKURA_GENERIC_FORWARD_PROVER;1.0.0;true;;30011;1149;48
STANFORD/untwistycorridor/EDPPAQ;REKKURA_GENERIC_FORWARD_PROVER;1.0.0;true;;30000;81765;11680
BASE/wargame02/BkVqqQ;REKKURA_GENERIC_FORWARD_PROVER;1.0.0;true;;30110;66;1
STANFORD/dualrainbow/G3OnRQ;REKKURA_GENERIC_FORWARD_PROVER;1.0.0;true;;30000;27605;4600
BASE/mummyMaze2p_2007/YGA3Vw;REKKURA_GENERIC_FORWARD_PROVER;1.0.0;true;;30009;871;17
BASE/queens08ug/kJ_ZFQ;REKKURA_GENERIC_FORWARD_PROVER;1.0.0;true;;30006;1110;0
STANFORD/sukoshi/4LYZZQ;REKKURA_GENERIC_FORWARD_PROVER;1.0.0;true;;30000;36598;0
BASE/golden_rectangle/_nYzfw;REKKURA_GENERIC_FORWARD_PROVER;1.0.0;true;;30006;3160;109
DRESDEN/knightwar/7hhAqg;REKKURA_GENERIC_FORWARD_PROVER;1.0.0;true;;30001;4576;531
BASE/queens08lg/Ru7eqQ;REKKURA_GENERIC_FORWARD_PROVER;1.0.0;true;;30021;1263;205
DRESDEN/uf20-020.cnf.SAT/hDrW_A;REKKURA_GENERIC_FORWARD_PROVER;1.0.0;true;;30002;4904;245
BASE/max_knights/2fq3Ag;REKKURA_GENERIC_FORWARD_PROVER;1.0.0;true;;30676;34;8
DRESDEN/checkers-mustjump/HUr33w;REKKURA_GENERIC_FORWARD_PROVER;1.0.0;true;;30683;7;0
BASE/pegEuro/5awwhg;REKKURA_GENERIC_FORWARD_PROVER;1.0.0;true;;30003;2014;0
BASE/sudokuGrade6E/ihYFZA;REKKURA_GENERIC_FORWARD_PROVER;1.0.0;true;;30004;3645;0
DRESDEN/chinesecheckers6-simultaneous/gPPGUw;REKKURA_GENERIC_FORWARD_PROVER;1.0.0;true;;32713;0;0
DRESDEN/kitten_escapes_from_fire/uW-YiA;REKKURA_GENERIC_FORWARD_PROVER;1.0.0;true;;30007;2270;265
BASE/blokbox_simple/JBx4bg;REKKURA_GENERIC_FORWARD_PROVER;1.0.0;true;;30171;124;4
DRESDEN/lightsout/XgLpzQ;REKKURA_GENERIC_FORWARD_PROVER;1.0.0;true;;30000;29867;1493
DRESDEN/tictactoelargesuicide/6J4DeA;REKKURA_GENERIC_FORWARD_PROVER;1.0.0;true;;30000;34848;0
DRESDEN/knightazons/02I8BQ;REKKURA_GENERIC_FORWARD_PROVER;1.0.0;true;;30060;376;5
BASE/tictactoe_3d_6player/d7KSwg;REKKURA_GENERIC_FORWARD_PROVER;1.0.0;true;;30002;1288;11
DRESDEN/nim1/M9BALA;REKKURA_GENERIC_FORWARD_PROVER;1.0.0;true;;30021;885;128
BASE/skirmishHoles/AUCxCA;REKKURA_GENERIC_FORWARD_PROVER;1.0.0;true;;30035;465;4
DRESDEN/roshambo2/jgSlkQ;REKKURA_GENERIC_FORWARD_PROVER;1.0.0;true;;30002;9326;1103
BASE/checkers-newgoals/0XkFiA;REKKURA_GENERIC_FORWARD_PROVER;1.0.0;true;;31690;14;0
DRESDEN/battlebrushes/QHXV4A;REKKURA_GENERIC_FORWARD_PROVER;1.0.0;true;;33873;6;0
DRESDEN/racer/vk_ZBA;REKKURA_GENERIC_FORWARD_PROVER;1.0.0;true;;37350;3;0
BASE/gt_two_thirds_2p/1APDGg;REKKURA_GENERIC_FORWARD_PROVER;1.0.0;true;;112852;0;0
BASE/sudokuGrade2/u80Tfw;REKKURA_GENERIC_FORWARD_PROVER;1.0.0;true;;30001;3669;0
BASE/chinook/XQh0IQ;REKKURA_GENERIC_FORWARD_PROVER;1.0.0;true;;30021;680;25
STANFORD/duidoku/3SoMaA;REKKURA_GENERIC_FORWARD_PROVER;1.0.0;true;;30007;2307;0
DRESDEN/blocksworldparallel/2JfVaw;REKKURA_GENERIC_FORWARD_PROVER;1.0.0;true;;30000;27785;9261
DRESDEN/point_grab/r5DPmQ;REKKURA_GENERIC_FORWARD_PROVER;1.0.0;true;;30000;40351;1345
BASE/minichess/8NQEiA;REKKURA_GENERIC_FORWARD_PROVER;1.0.0;true;;30006;3444;1148
DRESDEN/2player_normal_form_2010/NG_Kdg;REKKURA_GENERIC_FORWARD_PROVER;1.0.0;true;;30000;50586;50586
DRESDEN/bidding-tictactoe/yW5vTA;REKKURA_GENERIC_FORWARD_PROVER;1.0.0;true;;30005;4126;0
BASE/checkersSmall/SYmq8w;REKKURA_GENERIC_FORWARD_PROVER;1.0.0;true;;31139;24;0
DRESDEN/statespacesmall/h-NqjA;REKKURA_GENERIC_FORWARD_PROVER;1.0.0;true;;30000;97052;24263
BASE/connectFourSimultaneous/7ITr3g;REKKURA_GENERIC_FORWARD_PROVER;1.0.0;true;;30000;6896;383
STANFORD/hunter/14dD-g;REKKURA_GENERIC_FORWARD_PROVER;1.0.0;true;;30001;13732;980
BASE/amazonsSuicide_10x10/XIbQkg;REKKURA_GENERIC_FORWARD_PROVER;1.0.0;true;;30113;120;0
BASE/connectFourLarger/qKi60A;REKKURA_GENERIC_FORWARD_PROVER;1.0.0;true;;30003;2955;95
DRESDEN/3qbf-5cnf-20var-40cl.0.qdimacs/-6hrIw;REKKURA_GENERIC_FORWARD_PROVER;1.0.0;true;;30003;8207;140
BASE/tictactoe_3player/GtM71g;REKKURA_GENERIC_FORWARD_PROVER;1.0.0;true;;30004;6047;0
DRESDEN/troublemaker01/C-lPWw;REKKURA_GENERIC_FORWARD_PROVER;1.0.0;true;;30000;135287;45125
BASE/ticTacToeLargeSuicide/727_8g;REKKURA_GENERIC_FORWARD_PROVER;1.0.0;true;;30000;20825;0
BASE/doubletoetictac/fu35bg;REKKURA_GENERIC_FORWARD_PROVER;1.0.0;true;;30000;37754;14
DRESDEN/oisters_farm/pTQMLg;REKKURA_GENERIC_FORWARD_PROVER;1.0.0;true;;30000;32199;657
BASE/factoringGeorgeForman/HGRorQ;REKKURA_GENERIC_FORWARD_PROVER;1.0.0;true;;30000;101068;2112
DRESDEN/pawn_whopping_simultaneous/r8dLfw;REKKURA_GENERIC_FORWARD_PROVER;1.0.0;true;;30000;13720;758
DRESDEN/3qbf-5cnf-20var-40cl.2.qdimacs.SAT/Q8-axQ;REKKURA_GENERIC_FORWARD_PROVER;1.0.0;true;;30000;6204;105
BASE/gt_dollar/TGjqRw;REKKURA_GENERIC_FORWARD_PROVER;1.0.0;true;;30000;19783;9939
DRESDEN/tictactoex9/rFkD4w;REKKURA_GENERIC_FORWARD_PROVER;1.0.0;true;;30001;7139;243
BASE/connectFour/WAIKTw;REKKURA_GENERIC_FORWARD_PROVER;1.0.0;true;;30001;10692;489
BASE/blockerParallel/7-nDJA;REKKURA_GENERIC_FORWARD_PROVER;1.0.0;true;;30000;12787;1
DRESDEN/tictactoe_3d_small_6player/llDEDQ;REKKURA_GENERIC_FORWARD_PROVER;1.0.0;true;;30000;6135;171
DRESDEN/eotcatcit/mQUxzA;REKKURA_GENERIC_FORWARD_PROVER;1.0.0;true;;30000;54702;8
DRESDEN/stratego/Z2wovg;REKKURA_GENERIC_FORWARD_PROVER;1.0.0;true;;30000;6626;160
BASE/blocker/dIWtxg;REKKURA_GENERIC_FORWARD_PROVER;1.0.0;true;;30000;30960;2
DRESDEN/othello-cornercontrol/r5Gdlg;REKKURA_GENERIC_FORWARD_PROVER;1.0.0;true;;31488;17;0
DRESDEN/tictactoe_3player/ESLQQQ;REKKURA_GENERIC_FORWARD_PROVER;1.0.0;true;;30002;7714;0
DRESDEN/coins/QwFP9w;REKKURA_GENERIC_FORWARD_PROVER;1.0.0;true;;30000;85426;0
DRESDEN/nim2/z5_exA;REKKURA_GENERIC_FORWARD_PROVER;1.0.0;true;;30026;910;100
STANFORD/tictictoe/rpt_Dw;REKKURA_GENERIC_FORWARD_PROVER;1.0.0;true;;30000;20978;4177
STANFORD/triplesukoshi/Iu9mbA;REKKURA_GENERIC_FORWARD_PROVER;1.0.0;true;;30003;9324;1332
STANFORD/connectfour/VMpZkQ;REKKURA_GENERIC_FORWARD_PROVER;1.0.0;true;;30000;10810;481
BASE/minichess-evilconjuncts/4OpQzw;REKKURA_GENERIC_FORWARD_PROVER;1.0.0;true;;30002;3359;373
STANFORD/8puzzle/jNiGtw;REKKURA_GENERIC_FORWARD_PROVER;1.0.0;true;;30000;14951;249
STANFORD/duikoshi/tpw1sw;REKKURA_GENERIC_FORWARD_PROVER;1.0.0;true;;30000;17503;0
BASE/doubletictactoe/HH1htg;REKKURA_GENERIC_FORWARD_PROVER;1.0.0;true;;30000;38589;23
BASE/mummymaze1p/PT_EXA;REKKURA_GENERIC_FORWARD_PROVER;1.0.0;false;Test process timed out after 240 seconds;0;0;0
BASE/amazons_8x8/7SOsIw;REKKURA_GENERIC_FORWARD_PROVER;1.0.0;true;;30075;284;3
BASE/toetictac/mTThmg;REKKURA_GENERIC_FORWARD_PROVER;1.0.0;true;;30000;44823;5
DRESDEN/sum15/CsgWKg;REKKURA_GENERIC_FORWARD_PROVER;1.0.0;true;;30000;68611;6
DRESDEN/pawn_whopping/4ogBkg;REKKURA_GENERIC_FORWARD_PROVER;1.0.0;true;;30001;20124;32
BASE/eotcitcit/V_9_bg;REKKURA_GENERIC_FORWARD_PROVER;1.0.0;true;;30000;28903;5751
BASE/ruleDepthLinear/OUBJpQ;REKKURA_GENERIC_FORWARD_PROVER;1.0.0;true;;30000;24778;12379
BASE/lightsOnSimultaneous/_VN6lw;REKKURA_GENERIC_FORWARD_PROVER;1.0.0;true;;30001;15253;1001
DRESDEN/minichess-evilconjuncts/th24Tw;REKKURA_GENERIC_FORWARD_PROVER;1.0.0;true;;30005;3390;376
BASE/knightwar/DVGY4Q;REKKURA_GENERIC_FORWARD_PROVER;1.0.0;true;;30014;911;116
BASE/nineBoardTicTacToePie/B8LzeQ;REKKURA_GENERIC_FORWARD_PROVER;1.0.0;true;;30003;6862;0
BASE/biddingTicTacToe/8mESVw;REKKURA_GENERIC_FORWARD_PROVER;1.0.0;true;;30002;3792;6
BASE/amazons/RKKZjw;REKKURA_GENERIC_FORWARD_PROVER;1.0.0;true;;80270;0;0
BASE/quartoSuicide/-23jUg;REKKURA_GENERIC_FORWARD_PROVER;1.0.0;true;;30142;120;5
BASE/sheepAndWolf/g4THrg;REKKURA_GENERIC_FORWARD_PROVER;1.0.0;true;;30044;591;0
BASE/tictactoe_orthogonal/WRzlVw;REKKURA_GENERIC_FORWARD_PROVER;1.0.0;true;;30000;38973;0
DRESDEN/quarto/OQzRYQ;REKKURA_GENERIC_FORWARD_PROVER;1.0.0;true;;30209;121;5
BASE/amazonsTorus/soxT8g;REKKURA_GENERIC_FORWARD_PROVER;1.0.0;true;;102998;0;0
BASE/pentago/86NgKw;REKKURA_GENERIC_FORWARD_PROVER;1.0.0;true;;30005;3627;63
BASE/queens31lg/0gID-A;REKKURA_GENERIC_FORWARD_PROVER;1.0.0;true;;30282;32;1
BASE/checkers-cylinder-mustjump/rjr6qQ;REKKURA_GENERIC_FORWARD_PROVER;1.0.0;true;;30449;39;0
BASE/breakthroughWalls/vOZaYA;REKKURA_GENERIC_FORWARD_PROVER;1.0.0;true;;30009;937;15
DRESDEN/skirmishfinal/hzq8ww;REKKURA_GENERIC_FORWARD_PROVER;1.0.0;true;;30036;440;7
DRESDEN/4pttc/9pB9AQ;REKKURA_GENERIC_FORWARD_PROVER;1.0.0;true;;30008;2482;78
BASE/biddingTicTacToe_10coins/a-9ccQ;REKKURA_GENERIC_FORWARD_PROVER;1.0.0;true;;30021;828;17
BASE/colonelBlottoVariant2/jruwGw;REKKURA_GENERIC_FORWARD_PROVER;1.0.0;true;;32013;14;3
DRESDEN/uf20-010.cnf.SAT.satlike/g7LF6g;REKKURA_GENERIC_FORWARD_PROVER;1.0.0;true;;30619;12;0
BASE/gt_attrition/kD_SCA;REKKURA_GENERIC_FORWARD_PROVER;1.0.0;true;;32346;8;1
BASE/switches/tPUoCg;REKKURA_GENERIC_FORWARD_PROVER;1.0.0;true;;30000;63187;63187
BASE/chineseCheckers3/-1rZdQ;REKKURA_GENERIC_FORWARD_PROVER;1.0.0;true;;30008;2217;40
DRESDEN/vacuumcleaner_random/_6AGDA;REKKURA_GENERIC_FORWARD_PROVER;1.0.0;true;;40290;2;1
BASE/gt_tinfoil/Q8DyKg;REKKURA_GENERIC_FORWARD_PROVER;1.0.0;true;;30543;15;1
BASE/lightsOnSimul4/9FeASw;REKKURA_GENERIC_FORWARD_PROVER;1.0.0;true;;30002;11236;1722
BASE/tictactoe-init1/7M19vA;REKKURA_GENERIC_FORWARD_PROVER;1.0.0;true;;30000;40600;11571
DRESDEN/3pttc/uwYBZw;REKKURA_GENERIC_FORWARD_PROVER;1.0.0;true;;30002;6614;224
DRESDEN/tictictoe/LAUtwg;REKKURA_GENERIC_FORWARD_PROVER;1.0.0;true;;30000;28898;5759
BASE/kitten_escapes_from_fire/uW-YiA;REKKURA_GENERIC_FORWARD_PROVER;1.0.0;true;;30009;2247;270
BASE/duplicateStateLarge/dcjyuw;REKKURA_GENERIC_FORWARD_PROVER;1.0.0;true;;30000;8288;592
BASE/withConviction/3Xm54A;REKKURA_GENERIC_FORWARD_PROVER;1.0.0;true;;30001;17572;702
BASE/othelloSuicide/B442jg;REKKURA_GENERIC_FORWARD_PROVER;1.0.0;true;;30140;56;0
BASE/snake2p/I3wWPQ;REKKURA_GENERIC_FORWARD_PROVER;1.0.0;true;;30000;8949;6669
DRESDEN/connect5/1kYzSg;REKKURA_GENERIC_FORWARD_PROVER;1.0.0;true;;30351;181;4
BASE/nim4/twk16w;REKKURA_GENERIC_FORWARD_PROVER;1.0.0;true;;30027;940;69
BASE/alexChess/LNo83g;REKKURA_GENERIC_FORWARD_PROVER;1.0.0;true;;30099;161;0
DRESDEN/hanoi_6_disks/MeubgQ;REKKURA_GENERIC_FORWARD_PROVER;1.0.0;true;;30008;60;17
BASE/cubicup/4wNWJA;REKKURA_GENERIC_FORWARD_PROVER;1.0.0;true;;30001;6731;120
BASE/colonelBlottoVariant/X-n-KQ;REKKURA_GENERIC_FORWARD_PROVER;1.0.0;true;;30794;14;1
DRESDEN/tictactoeparallel/yk_DSg;REKKURA_GENERIC_FORWARD_PROVER;1.0.0;true;;30000;33397;14
STANFORD/tictactoe/ss1kyQ;REKKURA_GENERIC_FORWARD_PROVER;1.0.0;true;;30000;36255;8
DRESDEN/doubletictactoe/lJzgmQ;REKKURA_GENERIC_FORWARD_PROVER;1.0.0;true;;30000;38955;76
BASE/3pffa/pR0dzA;REKKURA_GENERIC_FORWARD_PROVER;1.0.0;true;;30013;1868;62
BASE/knightsTourLarge/M8jgLA;REKKURA_GENERIC_FORWARD_PROVER;1.0.0;true;;30006;3207;527
BASE/troublemaker02/DI83KA;REKKURA_GENERIC_FORWARD_PROVER;1.0.0;true;;30000;109684;36498
BASE/skirmishNew/sibw2g;REKKURA_GENERIC_FORWARD_PROVER;1.0.0;true;;30145;166;1
DRESDEN/checkers-cylinder-mustjump/vW_-pA;REKKURA_GENERIC_FORWARD_PROVER;1.0.0;true;;31097;17;0
BASE/dotsAndBoxesSuicide/jzQbLw;REKKURA_GENERIC_FORWARD_PROVER;1.0.0;true;;30016;878;0
DRESDEN/troublemaker02/iZLVuA;REKKURA_GENERIC_FORWARD_PROVER;1.0.0;true;;30000;112850;37689
DRESDEN/pacman3p/rBnk8Q;REKKURA_GENERIC_FORWARD_PROVER;1.0.0;true;;30038;674;6
DRESDEN/max_knights/hCipiA;REKKURA_GENERIC_FORWARD_PROVER;1.0.0;true;;30674;32;7
DRESDEN/bunk_t/7-tPfA;REKKURA_GENERIC_FORWARD_PROVER;1.0.0;true;;30000;38498;51
BASE/tictactoe_3d_2player/IUC1rQ;REKKURA_GENERIC_FORWARD_PROVER;1.0.0;true;;30011;1443;39
DRESDEN/sat_test_20v_91c_version2/a1mPBA;REKKURA_GENERIC_FORWARD_PROVER;1.0.0;true;;30006;4396;219
DRESDEN/peg/Vo31eg;REKKURA_GENERIC_FORWARD_PROVER;1.0.0;true;;30002;10592;0
DRESDEN/minichess/c7GMFw;REKKURA_GENERIC_FORWARD_PROVER;1.0.0;true;;30001;3375;375
BASE/factoringEasyTurtleBrain/lUj94Q;REKKURA_GENERIC_FORWARD_PROVER;1.0.0;true;;30000;31211;520
DRESDEN/lightsout2/LFtfyQ;REKKURA_GENERIC_FORWARD_PROVER;1.0.0;true;;30000;29255;1462
BASE/chineseCheckers2/eCMR3Q;REKKURA_GENERIC_FORWARD_PROVER;1.0.0;true;;30009;3118;83
BASE/nim3/1OwUqw;REKKURA_GENERIC_FORWARD_PROVER;1.0.0;true;;30028;938;71
BASE/4pffa/Q3ADlg;REKKURA_GENERIC_FORWARD_PROVER;1.0.0;true;;30013;1626;40
BASE/beatMania/qUHwvQ;REKKURA_GENERIC_FORWARD_PROVER;1.0.0;true;;30001;14650;244
BASE/othelloHoles/c0qAzw;REKKURA_GENERIC_FORWARD_PROVER;1.0.0;true;;30479;58;0
BASE/checkers-mustjump-torus/uSApKQ;REKKURA_GENERIC_FORWARD_PROVER;1.0.0;true;;30161;44;1
BASE/quad/tw-Ufg;REKKURA_GENERIC_FORWARD_PROVER;1.0.0;true;;30079;161;3
DRESDEN/hanoi7/51zz5Q;REKKURA_GENERIC_FORWARD_PROVER;1.0.0;true;;31927;9;0
BASE/blocksWorld/SEdXLQ;REKKURA_GENERIC_FORWARD_PROVER;1.0.0;true;;30000;81748;27249
DRESDEN/hitori/S8Gsyg;REKKURA_GENERIC_FORWARD_PROVER;1.0.0;true;;30493;9;0
BASE/maze/cCX3qQ;REKKURA_GENERIC_FORWARD_PROVER;1.0.0;true;;30000;54429;6208
DRESDEN/javastrike/whONTQ;REKKURA_GENERIC_FORWARD_PROVER;1.0.0;true;;30000;3272;6
DRESDEN/twisty-passages/j7NPyg;REKKURA_GENERIC_FORWARD_PROVER;1.0.0;true;;38767;2;0
BASE/skirmishFinal1/ecWTnQ;REKKURA_GENERIC_FORWARD_PROVER;1.0.0;true;;30030;439;7
BASE/othello-comp2007/86ZoMw;REKKURA_GENERIC_FORWARD_PROVER;1.0.0;true;;30070;66;0
BASE/asteroidsParallel/WauZiA;REKKURA_GENERIC_FORWARD_PROVER;1.0.0;true;;30000;7992;184
BASE/tictactoe_3d_small_6player/g_9lww;REKKURA_GENERIC_FORWARD_PROVER;1.0.0;true;;30002;5996;171
DRESDEN/ghostmaze2p/HY0UwA;REKKURA_GENERIC_FORWARD_PROVER;1.0.0;true;;30020;969;19
BASE/checkersTorus/2vm1EQ;REKKURA_GENERIC_FORWARD_PROVER;1.0.0;true;;30037;580;8
BASE/tpeg/QNs7Lw;REKKURA_GENERIC_FORWARD_PROVER;1.0.0;true;;30002;10564;0
DRESDEN/satlike_20v_91c_version2/yd9ioQ;REKKURA_GENERIC_FORWARD_PROVER;1.0.0;true;;31296;12;0
DRESDEN/catch_me/ghGWrA;REKKURA_GENERIC_FORWARD_PROVER;1.0.0;true;;30000;28866;1
DRESDEN/tictactoe_3d_small_2player/HYttcg;REKKURA_GENERIC_FORWARD_PROVER;1.0.0;true;;30000;7960;649
DRESDEN/vacuumcleaner_obstacles_5/fXBV4g;REKKURA_GENERIC_FORWARD_PROVER;1.0.0;false;Test process timed out after 240 seconds;0;0;0
STANFORD/kono/HI7CHA;REKKURA_GENERIC_FORWARD_PROVER;1.0.0;true;;30004;4865;167
BASE/factoringMediumTurtleBrain/8RBqmQ;REKKURA_GENERIC_FORWARD_PROVER;1.0.0;true;;30001;14195;168
BASE/englishDraughts/jFkQxg;REKKURA_GENERIC_FORWARD_PROVER;1.0.0;true;;30009;2662;39
BASE/snakeAssemblit/sOydSg;REKKURA_GENERIC_FORWARD_PROVER;1.0.0;true;;30001;6007;754
BASE/bunk_t/xbpfIA;REKKURA_GENERIC_FORWARD_PROVER;1.0.0;true;;30000;38885;25
DRESDEN/chinesecheckers4/-oVNYg;REKKURA_GENERIC_FORWARD_PROVER;1.0.0;true;;30862;23;0
DRESDEN/statespacelarge/8-y5HQ;REKKURA_GENERIC_FORWARD_PROVER;1.0.0;true;;30000;41564;2968
BASE/ticTacHeaven/18n58A;REKKURA_GENERIC_FORWARD_PROVER;1.0.0;true;;30000;11122;0
BASE/connectFourSuicide/c8p9Kw;REKKURA_GENERIC_FORWARD_PROVER;1.0.0;true;;30001;5184;75
DRESDEN/slidingpieces/s9_44g;REKKURA_GENERIC_FORWARD_PROVER;1.0.0;true;;30000;7748;95
BASE/chineseCheckers4/avfBcQ;REKKURA_GENERIC_FORWARD_PROVER;1.0.0;true;;30004;1749;30
BASE/breakthroughSmallHoles/bxclRw;REKKURA_GENERIC_FORWARD_PROVER;1.0.0;true;;30001;9421;358
DRESDEN/farmers/S_ASnw;REKKURA_GENERIC_FORWARD_PROVER;1.0.0;true;;143922;0;0
BASE/sudokuGrade5/BQfUQA;REKKURA_GENERIC_FORWARD_PROVER;1.0.0;true;;30002;3716;0
STANFORD/selectivesukoshi/3xmXYg;REKKURA_GENERIC_FORWARD_PROVER;1.0.0;true;;30002;3997;134
DRESDEN/cylinder-checkers/clOO3Q;REKKURA_GENERIC_FORWARD_PROVER;1.0.0;true;;32475;9;0
BASE/pacman3p/wW7UVQ;REKKURA_GENERIC_FORWARD_PROVER;1.0.0;true;;30017;654;6
DRESDEN/breakthroughsuicide/Y9QzqQ;REKKURA_GENERIC_FORWARD_PROVER;1.0.0;true;;30009;1091;18
BASE/wallmaze/uxNQ9g;REKKURA_GENERIC_FORWARD_PROVER;1.0.0;true;;30032;708;24
DRESDEN/crisscross/GsY16g;REKKURA_GENERIC_FORWARD_PROVER;1.0.0;true;;36057;2;0
BASE/tictactoe_3d_small_2player/oOryKA;REKKURA_GENERIC_FORWARD_PROVER;1.0.0;true;;30003;7957;651
BASE/connectFourLarge/aU644A;REKKURA_GENERIC_FORWARD_PROVER;1.0.0;true;;30002;7020;272
DRESDEN/mummymaze1p/AekgaQ;REKKURA_GENERIC_FORWARD_PROVER;1.0.0;false;Test process timed out after 240 seconds;0;0;0
BASE/battle/8oAvhQ;REKKURA_GENERIC_FORWARD_PROVER;1.0.0;true;;30123;28;0
DRESDEN/ggp-course2013_michal13/jWKddg;REKKURA_GENERIC_FORWARD_PROVER;1.0.0;true;;30002;3239;101
BASE/chomp/-LcqYQ;REKKURA_GENERIC_FORWARD_PROVER;1.0.0;true;;30001;6726;959
DRESDEN/chinesecheckers2/06E6-Q;REKKURA_GENERIC_FORWARD_PROVER;1.0.0;true;;30029;110;2
DRESDEN/sheep_and_wolf/enAIzQ;REKKURA_GENERIC_FORWARD_PROVER;1.0.0;true;;30000;10027;0
DRESDEN/Goldrush/VeWczQ;REKKURA_GENERIC_FORWARD_PROVER;1.0.0;true;;30007;1256;165
BASE/bomberman2p/4CClwA;REKKURA_GENERIC_FORWARD_PROVER;1.0.0;true;;30036;856;111
DRESDEN/satlike_20v_91c/yeuENQ;REKKURA_GENERIC_FORWARD_PROVER;1.0.0;true;;31338;11;0
BASE/amazonsTorus_10x10/Uxc08g;REKKURA_GENERIC_FORWARD_PROVER;1.0.0;true;;30013;46;0
BASE/lightsOnParallel/SC6enA;REKKURA_GENERIC_FORWARD_PROVER;1.0.0;true;;30000;43148;2180
DRESDEN/small_dominion/yB5GJA;REKKURA_GENERIC_FORWARD_PROVER;1.0.0;true;;30152;12;0
DRESDEN/quartosuicide/WIU1oQ;REKKURA_GENERIC_FORWARD_PROVER;1.0.0;true;;30074;122;4
DRESDEN/blocks2player/3ev8nQ;REKKURA_GENERIC_FORWARD_PROVER;1.0.0;true;;30000;51581;2865
BASE/ticTacToeSerial/Amrwqw;REKKURA_GENERIC_FORWARD_PROVER;1.0.0;true;;30000;14444;1
DRESDEN/pawn_whopping_corrected/7Ov0jQ;REKKURA_GENERIC_FORWARD_PROVER;1.0.0;true;;30000;22181;117
DRESDEN/knightthrough/J7Fc_Q;REKKURA_GENERIC_FORWARD_PROVER;1.0.0;true;;30030;1014;31
DRESDEN/chinesecheckers6/yTbPDA;REKKURA_GENERIC_FORWARD_PROVER;1.0.0;true;;33205;0;0
DRESDEN/hanoi/RQ0jiA;REKKURA_GENERIC_FORWARD_PROVER;1.0.0;true;;30021;643;20
DRESDEN/battlesnakes2011/93VtTw;REKKURA_GENERIC_FORWARD_PROVER;1.0.0;true;;30003;7566;220
STANFORD/alquerquezero/uVgA_A;REKKURA_GENERIC_FORWARD_PROVER;1.0.0;true;;30001;1975;68
STANFORD/threepuzzle/41ibjA;REKKURA_GENERIC_FORWARD_PROVER;1.0.0;true;;30000;29366;4894
BASE/factoringMutuallyAssuredDestruction/NH0LGg;REKKURA_GENERIC_FORWARD_PROVER;1.0.0;true;;30000;31612;1580
BASE/knightmove/jBaJEw;REKKURA_GENERIC_FORWARD_PROVER;1.0.0;true;;30180;75;0
DRESDEN/3qbf-5cnf-20var-40cl.1.qdimacs.viz.SAT/2034pg;REKKURA_GENERIC_FORWARD_PROVER;1.0.0;true;;30000;6161;105
BASE/connect5/d-BVQg;REKKURA_GENERIC_FORWARD_PROVER;1.0.0;true;;30011;191;3
BASE/breakthrough/TGxk-g;REKKURA_GENERIC_FORWARD_PROVER;1.0.0;true;;30008;949;15
DRESDEN/chinesecheckers3/QsCb2A;REKKURA_GENERIC_FORWARD_PROVER;1.0.0;true;;31360;12;0
BASE/sudokuGrade4/DTy07w;REKKURA_GENERIC_FORWARD_PROVER;1.0.0;true;;30006;3648;0
BASE/ticblock/T21C1g;REKKURA_GENERIC_FORWARD_PROVER;1.0.0;true;;30000;30137;1
BASE/coloredtrails/EZvr7g;REKKURA_GENERIC_FORWARD_PROVER;1.0.0;true;;30000;15440;1715
BASE/futoshiki5/TJ4BZg;REKKURA_GENERIC_FORWARD_PROVER;1.0.0;true;;30004;5825;423
BASE/sum15/QZ07Kg;REKKURA_GENERIC_FORWARD_PROVER;1.0.0;true;;30000;65092;5
BASE/pancakes6/QZTdnw;REKKURA_GENERIC_FORWARD_PROVER;1.0.0;true;;30004;275;6
DRESDEN/chomp/-LcqYQ;REKKURA_GENERIC_FORWARD_PROVER;1.0.0;true;;30001;6599;952
DRESDEN/gt_prisoner/huCp4w;REKKURA_GENERIC_FORWARD_PROVER;1.0.0;true;;30002;6116;305
BASE/amazonsSuicide/dE1QEQ;REKKURA_GENERIC_FORWARD_PROVER;1.0.0;true;;60726;0;0
DRESDEN/firefighter/WJmoPw;REKKURA_GENERIC_FORWARD_PROVER;1.0.0;true;;30000;30088;690
DRESDEN/fizzbuzz/t1xHzQ;REKKURA_GENERIC_FORWARD_PROVER;1.0.0;true;;30130;195;6
BASE/blocksWorldParallel/RseaAQ;REKKURA_GENERIC_FORWARD_PROVER;1.0.0;true;;30000;17321;5773
DRESDEN/mummymaze2p/k-8edg;REKKURA_GENERIC_FORWARD_PROVER;1.0.0;true;;30023;456;9
DRESDEN/tictactoe_orthogonal/y69QFQ;REKKURA_GENERIC_FORWARD_PROVER;1.0.0;true;;30000;38292;10
BASE/slaughter/cOch8A;REKKURA_GENERIC_FORWARD_PROVER;1.0.0;false;Test process timed out after 240 seconds;0;0;0
BASE/onestep/xi53wA;REKKURA_GENERIC_FORWARD_PROVER;1.0.0;true;;30000;225236;225236
DRESDEN/chickentictactoe/Ipbo-g;REKKURA_GENERIC_FORWARD_PROVER;1.0.0;true;;30000;55174;4
BASE/troublemaker01/s3tlEQ;REKKURA_GENERIC_FORWARD_PROVER;1.0.0;true;;30000;132153;44036
DRESDEN/chickentoetictac/cxYaRQ;REKKURA_GENERIC_FORWARD_PROVER;1.0.0;true;;30000;44511;50
BASE/gt_ultimatum/GE-uOA;REKKURA_GENERIC_FORWARD_PROVER;1.0.0;true;;30024;627;31
STANFORD/breakthroughsmall/HM0s5w;REKKURA_GENERIC_FORWARD_PROVER;1.0.0;true;;30008;2634;94
BASE/skirmishZeroSum/zh4hcw;REKKURA_GENERIC_FORWARD_PROVER;1.0.0;true;;30370;14;0
BASE/racer/QQYQNw;REKKURA_GENERIC_FORWARD_PROVER;1.0.0;true;;37752;3;0
STANFORD/checkersonabarrelnokings/Zrevdw;REKKURA_GENERIC_FORWARD_PROVER;1.0.0;true;;30020;711;14
BASE/gt_centipede/9fRMpw;REKKURA_GENERIC_FORWARD_PROVER;1.0.0;true;;30000;14424;7173
DRESDEN/gt_chicken/CeuKtw;REKKURA_GENERIC_FORWARD_PROVER;1.0.0;true;;30005;4833;241
BASE/breakthroughSmall/HJ0tIA;REKKURA_GENERIC_FORWARD_PROVER;1.0.0;true;;30001;2733;96
DRESDEN/vacuumcleaner_obstacles_2/Y-R7tA;REKKURA_GENERIC_FORWARD_PROVER;1.0.0;true;;41781;3;1
BASE/3pConnectFour/PqXOFQ;REKKURA_GENERIC_FORWARD_PROVER;1.0.0;true;;30002;5593;1
DRESDEN/Thief_Police/CX18rA;REKKURA_GENERIC_FORWARD_PROVER;1.0.0;true;;30000;28970;10
BASE/blockerSerial/3eqDuw;REKKURA_GENERIC_FORWARD_PROVER;1.0.0;true;;30002;10639;0
DRESDEN/grid_game/U7_Yeg;REKKURA_GENERIC_FORWARD_PROVER;1.0.0;true;;30004;5851;163
BASE/ticTicToe/c1OobQ;REKKURA_GENERIC_FORWARD_PROVER;1.0.0;true;;30000;20706;4101
BASE/stateSpaceLarge/0Ge_CQ;REKKURA_GENERIC_FORWARD_PROVER;1.0.0;true;;30000;40931;2923
BASE/slidingpieces/uFJWEw;REKKURA_GENERIC_FORWARD_PROVER;1.0.0;true;;30002;7622;94
BASE/3pttc/0sol9g;REKKURA_GENERIC_FORWARD_PROVER;1.0.0;true;;30001;644;22
DRESDEN/tictactoe_3d_6player/ulZPWg;REKKURA_GENERIC_FORWARD_PROVER;1.0.0;true;;30002;1146;12
DRESDEN/skirmish2/iPpWhQ;REKKURA_GENERIC_FORWARD_PROVER;1.0.0;true;;30046;522;13
STANFORD/platformjumpers/HEQskA;REKKURA_GENERIC_FORWARD_PROVER;1.0.0;true;;30139;161;3
DRESDEN/connectfoursuicide/M9CNQg;REKKURA_GENERIC_FORWARD_PROVER;1.0.0;true;;30001;7666;225
BASE/wargame01/_GZFZg;REKKURA_GENERIC_FORWARD_PROVER;1.0.0;true;;30274;67;1
STANFORD/bestbuttonsandlightsbig/g0JC6g;REKKURA_GENERIC_FORWARD_PROVER;1.0.0;true;;30000;27089;4514
DRESDEN/tttcc4/sAvtFg;REKKURA_GENERIC_FORWARD_PROVER;1.0.0;true;;30002;903;32
DRESDEN/ggp-course2013_nicolai/uEin8g;REKKURA_GENERIC_FORWARD_PROVER;1.0.0;true;;30021;801;23
DRESDEN/ggp-course2013_jordi/9QI6Kw;REKKURA_GENERIC_FORWARD_PROVER;1.0.0;true;;30007;2723;8
DRESDEN/blockerparallel/dVQgSg;REKKURA_GENERIC_FORWARD_PROVER;1.0.0;true;;30001;12698;1
STANFORD/pentago/ZxzLmg;REKKURA_GENERIC_FORWARD_PROVER;1.0.0;true;;30010;3814;68
BASE/sudokuGrade3/eI8dvg;REKKURA_GENERIC_FORWARD_PROVER;1.0.0;true;;30007;3670;0
BASE/choicethroughalt/tt71Lg;REKKURA_GENERIC_FORWARD_PROVER;1.0.0;true;;30029;736;19
BASE/hex/T1MK8g;REKKURA_GENERIC_FORWARD_PROVER;1.0.0;true;;30008;730;9
STANFORD/3puzzle/41ibjA;REKKURA_GENERIC_FORWARD_PROVER;1.0.0;true;;30000;29778;4963
BASE/gt_chicken/gmepTQ;REKKURA_GENERIC_FORWARD_PROVER;1.0.0;true;;30004;3846;192
DRESDEN/vacuumcleaner_obstacles_6/NVwsZw;REKKURA_GENERIC_FORWARD_PROVER;1.0.0;false;Test process timed out after 240 seconds;0;0;0
BASE/checkersBarrelNoKings/rnKNeg;REKKURA_GENERIC_FORWARD_PROVER;1.0.0;true;;30030;722;11
BASE/buttons/hTcUjw;REKKURA_GENERIC_FORWARD_PROVER;1.0.0;true;;30000;117696;19616
BASE/brawl/6Ymo_Q;REKKURA_GENERIC_FORWARD_PROVER;1.0.0;true;;30025;350;35
DRESDEN/sat_test_20v_91c/dK7nVw;REKKURA_GENERIC_FORWARD_PROVER;1.0.0;true;;30001;6083;304
DRESDEN/doubletoetictac/V89gKQ;REKKURA_GENERIC_FORWARD_PROVER;1.0.0;true;;30000;36978;50
STANFORD/tictactoe7/-bE9-A;REKKURA_GENERIC_FORWARD_PROVER;1.0.0;true;;30000;34149;2
DRESDEN/tpeg/h-Scbg;REKKURA_GENERIC_FORWARD_PROVER;1.0.0;true;;30000;10088;0
STANFORD/knightstour/cEwgNA;REKKURA_GENERIC_FORWARD_PROVER;1.0.0;true;;30002;8349;1740
DRESDEN/CephalopodMicro/H3XQfg;REKKURA_GENERIC_FORWARD_PROVER;1.0.0;true;;30027;771;0
BASE/skirmishFinal3/-Olhfw;REKKURA_GENERIC_FORWARD_PROVER;1.0.0;true;;30047;486;8
BASE/dualConnect4/WbCQkg;REKKURA_GENERIC_FORWARD_PROVER;1.0.0;true;;30004;5776;188
DRESDEN/pancakes6/SZXMyQ;REKKURA_GENERIC_FORWARD_PROVER;1.0.0;true;;30012;306;7
DRESDEN/toetictac/mJtxCA;REKKURA_GENERIC_FORWARD_PROVER;1.0.0;true;;30000;45493;19
BASE/2pffa_zerosum/o0_uZA;REKKURA_GENERIC_FORWARD_PROVER;1.0.0;true;;30008;1900;63
DRESDEN/grid_game2/kypTYQ;REKKURA_GENERIC_FORWARD_PROVER;1.0.0;true;;30002;12738;260
DRESDEN/racetrackcorridor/O0DoTA;REKKURA_GENERIC_FORWARD_PROVER;1.0.0;true;;30006;1748;96
STANFORD/multiplebuttonsandlights/cK70Yg;REKKURA_GENERIC_FORWARD_PROVER;1.0.0;true;;30000;37066;6177
BASE/coins/QnGtnQ;REKKURA_GENERIC_FORWARD_PROVER;1.0.0;true;;30000;85186;0
DRESDEN/pawntoqueen/f_x6Aw;REKKURA_GENERIC_FORWARD_PROVER;1.0.0;true;;30235;38;3
DRESDEN/brawl/2kXtfQ;REKKURA_GENERIC_FORWARD_PROVER;1.0.0;true;;30012;355;35
DRESDEN/knightmove/97Ipcw;REKKURA_GENERIC_FORWARD_PROVER;1.0.0;true;;30116;76;0
BASE/point_grab/r5DPmQ;REKKURA_GENERIC_FORWARD_PROVER;1.0.0;true;;30000;41036;1367
DRESDEN/breakthroughsuicide_v2/LU1nAw;REKKURA_GENERIC_FORWARD_PROVER;1.0.0;true;;30024;1060;15
BASE/snake_2009/7l-qAQ;REKKURA_GENERIC_FORWARD_PROVER;1.0.0;true;;30004;4846;174
DRESDEN/gt_ultimatum/pAiiQw;REKKURA_GENERIC_FORWARD_PROVER;1.0.0;true;;30026;692;34
STANFORD/breakthrough/d5j0cQ;REKKURA_GENERIC_FORWARD_PROVER;1.0.0;true;;30003;5690;90
BASE/sudoku/NTaNkw;REKKURA_GENERIC_FORWARD_PROVER;1.0.0;false;Test process timed out after 240 seconds;0;0;0
STANFORD/knightstourmedium/x1wu8Q;REKKURA_GENERIC_FORWARD_PROVER;1.0.0;true;;30001;9749;2427
STANFORD/dualhunter/1rPZjQ;REKKURA_GENERIC_FORWARD_PROVER;1.0.0;true;;30001;10258;732
DRESDEN/queens/mW2wHQ;REKKURA_GENERIC_FORWARD_PROVER;1.0.0;false;IllegalArgumentException: too many occurrences: 2147483765;0;0;0
BASE/roshambo2/KNPokQ;REKKURA_GENERIC_FORWARD_PROVER;1.0.0;true;;30001;9415;1109
BASE/incredible/8Qh-6Q;REKKURA_GENERIC_FORWARD_PROVER;1.0.0;true;;30000;25157;1324
DRESDEN/battle/8oAvhQ;REKKURA_GENERIC_FORWARD_PROVER;1.0.0;true;;30630;29;0
BASE/gt_prisoner/klthDw;REKKURA_GENERIC_FORWARD_PROVER;1.0.0;true;;30004;4644;232
DRESDEN/checkers-newgoals/IJOqXQ;REKKURA_GENERIC_FORWARD_PROVER;1.0.0;true;;32789;9;0
DRESDEN/battlesnakes1509/-qZrLw;REKKURA_GENERIC_FORWARD_PROVER;1.0.0;true;;30000;7546;173
BASE/sudokuGrade6H/ieE_9A;REKKURA_GENERIC_FORWARD_PROVER;1.0.0;true;;30005;3721;0
BASE/hitori/S8Gsyg;REKKURA_GENERIC_FORWARD_PROVER;1.0.0;true;;31088;9;0
BASE/checkers-mustjump/T-8UuQ;REKKURA_GENERIC_FORWARD_PROVER;1.0.0;true;;30614;38;0
BASE/duplicateStateSmall/bCPAXw;REKKURA_GENERIC_FORWARD_PROVER;1.0.0;true;;30000;70114;17528
BASE/four_way_battle/xSOQXA;REKKURA_GENERIC_FORWARD_PROVER;1.0.0;true;;30134;50;2
DRESDEN/mimikry/GJEhwA;REKKURA_GENERIC_FORWARD_PROVER;1.0.0;true;;30000;4478;131
BASE/stateSpaceSmall/Q7osKA;REKKURA_GENERIC_FORWARD_PROVER;1.0.0;true;;30000;98985;24746
DRESDEN/double_tictactoe_dengji/bGaUyQ;REKKURA_GENERIC_FORWARD_PROVER;1.0.0;true;;30000;26155;6
BASE/4pttc/AL1k2Q;REKKURA_GENERIC_FORWARD_PROVER;1.0.0;true;;30049;430;13
BASE/tron_10x10/7ZTgDg;REKKURA_GENERIC_FORWARD_PROVER;1.0.0;true;;30000;7433;2481
STANFORD/jointbuttonsandlights/qAKuIQ;REKKURA_GENERIC_FORWARD_PROVER;1.0.0;true;;30000;42419;7339
BASE/reversiSuicide/9OxJlg;REKKURA_GENERIC_FORWARD_PROVER;1.0.0;true;;30104;58;0
BASE/rubiksCube/9tNO9Q;REKKURA_GENERIC_FORWARD_PROVER;1.0.0;true;;30000;2509;50
BASE/battlebrushes/arCwyA;REKKURA_GENERIC_FORWARD_PROVER;1.0.0;true;;30031;91;4
BASE/breakthroughSuicideSmall/XSbJog;REKKURA_GENERIC_FORWARD_PROVER;1.0.0;true;;30007;2745;97
BASE/copolymer_4/2LDVhQ;REKKURA_GENERIC_FORWARD_PROVER;1.0.0;true;;30016;1503;43
BASE/racer4/0vs7Ww;REKKURA_GENERIC_FORWARD_PROVER;1.0.0;true;;32442;9;0
BASE/solitaireChineseCheckers/-ET6gw;REKKURA_GENERIC_FORWARD_PROVER;1.0.0;true;;31227;2;0
BASE/nonogram_5x5_1/qLKEZw;REKKURA_GENERIC_FORWARD_PROVER;1.0.0;true;;30010;1456;252
BASE/shmup/ssTNlg;REKKURA_GENERIC_FORWARD_PROVER;1.0.0;true;;30000;4630;575
BASE/copolymer_4_pie/IN5_jA;REKKURA_GENERIC_FORWARD_PROVER;1.0.0;true;;30001;1470;41
BASE/connectFour_9x6/B9TtMw;REKKURA_GENERIC_FORWARD_PROVER;1.0.0;true;;30001;9962;428
BASE/nonogram_10x10_1/0Xc62g;REKKURA_GENERIC_FORWARD_PROVER;1.0.0;true;;30019;361;15
BASE/chess_200/XsTpYA;REKKURA_GENERIC_FORWARD_PROVER;1.0.0;true;;30263;99;0
BASE/racetrackcorridor/_RkdUg;REKKURA_GENERIC_FORWARD_PROVER;1.0.0;true;;30019;1760;88
BASE/queens12ug/u6Bkmg;REKKURA_GENERIC_FORWARD_PROVER;1.0.0;true;;30028;383;0
BASE/hidato19/rRHSmA;REKKURA_GENERIC_FORWARD_PROVER;1.0.0;true;;30001;4124;616
BASE/hidato37/pBrqxw;REKKURA_GENERIC_FORWARD_PROVER;1.0.0;true;;30065;529;39
BASE/queens16ug/gT-ylw;REKKURA_GENERIC_FORWARD_PROVER;1.0.0;true;;30017;197;0
BASE/snakeAssemblit/UO4sdg;REKKURA_GENERIC_FORWARD_PROVER;1.0.0;true;;30004;6163;754
BASE/point_grab/V_osUg;REKKURA_GENERIC_FORWARD_PROVER;1.0.0;true;;30000;22506;750
