BASE/doubletictactoe;PALAMEDES_GAME_SIMULATOR_USEOPT_TRUE;0.6.1;true;;30000;28346;3399
BASE/breakthroughSmall;PALAMEDES_GAME_SIMULATOR_USEOPT_TRUE;0.6.1;true;;30000;13398;475
BASE/hexPie;PALAMEDES_GAME_SIMULATOR_USEOPT_TRUE;0.6.1;true;;30004;4137;56
STANFORD/8puzzle;PALAMEDES_GAME_SIMULATOR_USEOPT_TRUE;0.6.1;true;;30000;78172;1302
BASE/tpeg;PALAMEDES_GAME_SIMULATOR_USEOPT_TRUE;0.6.1;true;;30001;10685;873
BASE/othelloHoles;PALAMEDES_GAME_SIMULATOR_USEOPT_TRUE;0.6.1;true;;30142;122;2
DRESDEN/connectfoursuicide;PALAMEDES_GAME_SIMULATOR_USEOPT_TRUE;0.6.1;true;;30001;16088;716
BASE/ruleDepthLinear;PALAMEDES_GAME_SIMULATOR_USEOPT_TRUE;0.6.1;true;;30000;383386;192140
BASE/tictactoe_3d_6player;PALAMEDES_GAME_SIMULATOR_USEOPT_TRUE;0.6.1;true;;30003;2614;26
DRESDEN/chomp;PALAMEDES_GAME_SIMULATOR_USEOPT_TRUE;0.6.1;true;;30000;32975;4699
BASE/snake_2008;PALAMEDES_GAME_SIMULATOR_USEOPT_TRUE;0.6.1;true;;30001;12294;762
BASE/ticTacToeLargeSuicide;PALAMEDES_GAME_SIMULATOR_USEOPT_TRUE;0.6.1;true;;30000;25797;1087
BASE/tictactoe_3d_2player;PALAMEDES_GAME_SIMULATOR_USEOPT_TRUE;0.6.1;true;;30007;2946;81
BASE/kalaha_2009;PALAMEDES_GAME_SIMULATOR_USEOPT_TRUE;0.6.1;true;;30000;39740;467
BASE/coins_atomic;PALAMEDES_GAME_SIMULATOR_USEOPT_TRUE;0.6.1;true;;30000;8471;3384
DRESDEN/3qbf-5cnf-20var-40cl.1.qdimacs.SAT;PALAMEDES_GAME_SIMULATOR_USEOPT_TRUE;0.6.1;true;;30000;18494;316
DRESDEN/golden_rectangle;PALAMEDES_GAME_SIMULATOR_USEOPT_TRUE;0.6.1;true;;30009;2634;89
DRESDEN/sat_test_20v_91c_version2;PALAMEDES_GAME_SIMULATOR_USEOPT_TRUE;0.6.1;true;;30000;16620;831
DRESDEN/crossers3;PALAMEDES_GAME_SIMULATOR_USEOPT_TRUE;0.6.1;true;;30000;18029;1362
DRESDEN/god;PALAMEDES_GAME_SIMULATOR_USEOPT_TRUE;0.6.1;true;;30012;1256;55
DRESDEN/twisty-passages;PALAMEDES_GAME_SIMULATOR_USEOPT_TRUE;0.6.1;true;;30000;30764;154
BASE/gt_coordination;PALAMEDES_GAME_SIMULATOR_USEOPT_TRUE;0.6.1;true;;30000;140109;7005
DRESDEN/CatchMeIfYouCanTest;PALAMEDES_GAME_SIMULATOR_USEOPT_TRUE;0.6.1;true;;30000;106562;3133
BASE/3pConnectFour;PALAMEDES_GAME_SIMULATOR_USEOPT_TRUE;0.6.1;true;;30000;10379;302
DRESDEN/logistics;PALAMEDES_GAME_SIMULATOR_USEOPT_TRUE;0.6.1;true;;30000;29308;586
BASE/firefighter;PALAMEDES_GAME_SIMULATOR_USEOPT_TRUE;0.6.1;true;;30000;101914;2314
BASE/choicethroughalt;PALAMEDES_GAME_SIMULATOR_USEOPT_TRUE;0.6.1;true;;30003;7305;189
DRESDEN/bidding-tictactoe_10coins;PALAMEDES_GAME_SIMULATOR_USEOPT_TRUE;0.6.1;true;;30000;42059;2847
DRESDEN/tictactoex9;PALAMEDES_GAME_SIMULATOR_USEOPT_TRUE;0.6.1;true;;30002;6396;225
DRESDEN/chickentoetictac;PALAMEDES_GAME_SIMULATOR_USEOPT_TRUE;0.6.1;true;;30000;79443;11203
BASE/numbertictactoe;PALAMEDES_GAME_SIMULATOR_USEOPT_TRUE;0.6.1;true;;30000;31870;3961
BASE/blocksWorldParallel;PALAMEDES_GAME_SIMULATOR_USEOPT_TRUE;0.6.1;true;;30001;10529;3509
BASE/blocker;PALAMEDES_GAME_SIMULATOR_USEOPT_TRUE;0.6.1;true;;30000;52947;6724
DRESDEN/tictactoe_orthogonal;PALAMEDES_GAME_SIMULATOR_USEOPT_TRUE;0.6.1;true;;30000;69574;8682
DRESDEN/chinesecheckers1;PALAMEDES_GAME_SIMULATOR_USEOPT_TRUE;0.6.1;true;;30000;24988;894
DRESDEN/battlebrushes;PALAMEDES_GAME_SIMULATOR_USEOPT_TRUE;0.6.1;true;;30259;627;33
DRESDEN/grid_game;PALAMEDES_GAME_SIMULATOR_USEOPT_TRUE;0.6.1;true;;30001;18347;520
BASE/simultaneousWin2;PALAMEDES_GAME_SIMULATOR_USEOPT_TRUE;0.6.1;true;;30003;7592;126
BASE/bunk_t;PALAMEDES_GAME_SIMULATOR_USEOPT_TRUE;0.6.1;true;;30000;28236;3396
DRESDEN/buttons;PALAMEDES_GAME_SIMULATOR_USEOPT_TRUE;0.6.1;true;;30000;275379;45896
BASE/ticTacHeavenFC;PALAMEDES_GAME_SIMULATOR_USEOPT_TRUE;0.6.1;true;;30002;6086;212
BASE/duplicateStateLarge;PALAMEDES_GAME_SIMULATOR_USEOPT_TRUE;0.6.1;true;;30000;15254;1089
DRESDEN/tictictoe;PALAMEDES_GAME_SIMULATOR_USEOPT_TRUE;0.6.1;true;;30000;43853;8728
DRESDEN/3qbf-5cnf-20var-40cl.2.qdimacs.SAT;PALAMEDES_GAME_SIMULATOR_USEOPT_TRUE;0.6.1;true;;30001;19242;329
DRESDEN/guess;PALAMEDES_GAME_SIMULATOR_USEOPT_TRUE;0.6.1;true;;30002;27673;3115
DRESDEN/cubicup;PALAMEDES_GAME_SIMULATOR_USEOPT_TRUE;0.6.1;true;;30006;3666;65
BASE/wallmaze;PALAMEDES_GAME_SIMULATOR_USEOPT_TRUE;0.6.1;true;;30002;8010;276
DRESDEN/troublemaker01;PALAMEDES_GAME_SIMULATOR_USEOPT_TRUE;0.6.1;true;;30000;313295;104379
DRESDEN/double_tictactoe_dengji;PALAMEDES_GAME_SIMULATOR_USEOPT_TRUE;0.6.1;true;;30000;32178;2261
BASE/circlesolitaire;PALAMEDES_GAME_SIMULATOR_USEOPT_TRUE;0.6.1;true;;30000;107237;10440
DRESDEN/endgame;PALAMEDES_GAME_SIMULATOR_USEOPT_TRUE;0.6.1;true;;30000;5653;403
BASE/beatMania;PALAMEDES_GAME_SIMULATOR_USEOPT_TRUE;0.6.1;true;;30000;107052;1784
BASE/minichess;PALAMEDES_GAME_SIMULATOR_USEOPT_TRUE;0.6.1;true;;30000;22160;7386
DRESDEN/knightstour;PALAMEDES_GAME_SIMULATOR_USEOPT_TRUE;0.6.1;true;;30000;215133;44272
BASE/peg;PALAMEDES_GAME_SIMULATOR_USEOPT_TRUE;0.6.1;true;;30001;9593;393
BASE/snake_2009;PALAMEDES_GAME_SIMULATOR_USEOPT_TRUE;0.6.1;true;;30000;11716;700
DRESDEN/Goldrush;PALAMEDES_GAME_SIMULATOR_USEOPT_TRUE;0.6.1;true;;30000;19582;2583
DRESDEN/3qbf-5cnf-20var-40cl.0.qdimacs;PALAMEDES_GAME_SIMULATOR_USEOPT_TRUE;0.6.1;true;;30000;19137;324
BASE/coins;PALAMEDES_GAME_SIMULATOR_USEOPT_TRUE;0.6.1;true;;30000;9274;3698
DRESDEN/chinesecheckers6-simultaneous;PALAMEDES_GAME_SIMULATOR_USEOPT_TRUE;0.6.1;true;;30005;5092;223
DRESDEN/troublemaker02;PALAMEDES_GAME_SIMULATOR_USEOPT_TRUE;0.6.1;true;;30000;294580;98379
BASE/hodgepodge;PALAMEDES_GAME_SIMULATOR_USEOPT_TRUE;0.6.1;true;;30000;92466;92466
BASE/lightsOnParallel;PALAMEDES_GAME_SIMULATOR_USEOPT_TRUE;0.6.1;true;;30000;46517;2348
BASE/gt_ultimatum;PALAMEDES_GAME_SIMULATOR_USEOPT_TRUE;0.6.1;true;;30000;116066;5803
BASE/chineseCheckers6;PALAMEDES_GAME_SIMULATOR_USEOPT_TRUE;0.6.1;true;;30001;22694;378
BASE/connectFourSuicide;PALAMEDES_GAME_SIMULATOR_USEOPT_TRUE;0.6.1;true;;30000;16703;762
DRESDEN/tictactoe_3d_small_6player;PALAMEDES_GAME_SIMULATOR_USEOPT_TRUE;0.6.1;true;;30000;7944;231
DRESDEN/hanoi7_bugfix;PALAMEDES_GAME_SIMULATOR_USEOPT_TRUE;0.6.1;true;;30000;103696;816
BASE/gt_two_thirds_6p;PALAMEDES_GAME_SIMULATOR_USEOPT_TRUE;0.6.1;false;Exception of type NullPointerException;0;0;0
BASE/nim4;PALAMEDES_GAME_SIMULATOR_USEOPT_TRUE;0.6.1;true;;30000;103039;7698
BASE/nim3;PALAMEDES_GAME_SIMULATOR_USEOPT_TRUE;0.6.1;true;;30000;111369;8400
BASE/mummymaze1p;PALAMEDES_GAME_SIMULATOR_USEOPT_TRUE;0.6.1;true;;30001;17040;2887
BASE/quarto;PALAMEDES_GAME_SIMULATOR_USEOPT_TRUE;0.6.1;true;;30000;23300;1006
BASE/hallway;PALAMEDES_GAME_SIMULATOR_USEOPT_TRUE;0.6.1;true;;30003;4654;155
BASE/reversi;PALAMEDES_GAME_SIMULATOR_USEOPT_TRUE;0.6.1;true;;30047;346;5
BASE/checkersBarrelNoKings;PALAMEDES_GAME_SIMULATOR_USEOPT_TRUE;0.6.1;true;;30002;10780;167
BASE/factoringMediumTurtleBrain;PALAMEDES_GAME_SIMULATOR_USEOPT_TRUE;0.6.1;true;;30000;13197;157
DRESDEN/skirmish;PALAMEDES_GAME_SIMULATOR_USEOPT_TRUE;0.6.1;true;;30000;4684;117
BASE/bomberman2p;PALAMEDES_GAME_SIMULATOR_USEOPT_TRUE;0.6.1;true;;30000;23260;3002
BASE/catcha_mouse;PALAMEDES_GAME_SIMULATOR_USEOPT_TRUE;0.6.1;true;;30000;15443;1173
STANFORD/trifecta;PALAMEDES_GAME_SIMULATOR_USEOPT_TRUE;0.6.1;true;;30000;55267;7272
BASE/sudokuGrade6H;PALAMEDES_GAME_SIMULATOR_USEOPT_TRUE;0.6.1;true;;30049;332;7
STANFORD/hex;PALAMEDES_GAME_SIMULATOR_USEOPT_TRUE;0.6.1;true;;30000;4121;58
BASE/ttcc4_2player;PALAMEDES_GAME_SIMULATOR_USEOPT_TRUE;0.6.1;true;;30000;10207;244
BASE/kalaha6x2x4;PALAMEDES_GAME_SIMULATOR_USEOPT_TRUE;0.6.1;true;;30000;36917;192
DRESDEN/slidingpieces;PALAMEDES_GAME_SIMULATOR_USEOPT_TRUE;0.6.1;true;;30001;3477;42
DRESDEN/connectfour;PALAMEDES_GAME_SIMULATOR_USEOPT_TRUE;0.6.1;true;;30003;16226;753
BASE/breakthrough;PALAMEDES_GAME_SIMULATOR_USEOPT_TRUE;0.6.1;true;;30000;8981;137
BASE/checkers;PALAMEDES_GAME_SIMULATOR_USEOPT_TRUE;0.6.1;true;;30003;4946;49
BASE/ttcc4;PALAMEDES_GAME_SIMULATOR_USEOPT_TRUE;0.6.1;true;;30001;9615;341
DRESDEN/Zhadu;PALAMEDES_GAME_SIMULATOR_USEOPT_TRUE;0.6.1;true;;30030;1318;31
BASE/crissrace;PALAMEDES_GAME_SIMULATOR_USEOPT_TRUE;0.6.1;true;;30000;14796;331
DRESDEN/roshambo2;PALAMEDES_GAME_SIMULATOR_USEOPT_TRUE;0.6.1;true;;30000;207689;24437
BASE/ticTacToeParallel;PALAMEDES_GAME_SIMULATOR_USEOPT_TRUE;0.6.1;true;;30000;23308;3367
DRESDEN/ggp-course2013_jordi;PALAMEDES_GAME_SIMULATOR_USEOPT_TRUE;0.6.1;true;;30006;2552;76
BASE/snakeAssemblit;PALAMEDES_GAME_SIMULATOR_USEOPT_TRUE;0.6.1;true;;30001;8483;1043
BASE/slaughter;PALAMEDES_GAME_SIMULATOR_USEOPT_TRUE;0.6.1;true;;30034;612;3
DRESDEN/aipsrovers01;PALAMEDES_GAME_SIMULATOR_USEOPT_TRUE;0.6.1;true;;30000;48560;1677
DRESDEN/checkers-cylinder-mustjump;PALAMEDES_GAME_SIMULATOR_USEOPT_TRUE;0.6.1;true;;30001;2344;53
DRESDEN/gt_prisoner;PALAMEDES_GAME_SIMULATOR_USEOPT_TRUE;0.6.1;true;;30000;121036;6051
DRESDEN/lightson2x2;PALAMEDES_GAME_SIMULATOR_USEOPT_TRUE;0.6.1;true;;30000;77509;7750
DRESDEN/eotcatcit;PALAMEDES_GAME_SIMULATOR_USEOPT_TRUE;0.6.1;true;;30000;57173;7471
BASE/checkersTiny;PALAMEDES_GAME_SIMULATOR_USEOPT_TRUE;0.6.1;true;;30001;9959;169
BASE/checkersTorus;PALAMEDES_GAME_SIMULATOR_USEOPT_TRUE;0.6.1;true;;30003;9268;158
BASE/nim1;PALAMEDES_GAME_SIMULATOR_USEOPT_TRUE;0.6.1;true;;30000;154195;22440
STANFORD/selectivesukoshi;PALAMEDES_GAME_SIMULATOR_USEOPT_TRUE;0.6.1;true;;30012;1248;44
BASE/sudokuGrade6E;PALAMEDES_GAME_SIMULATOR_USEOPT_TRUE;0.6.1;true;;30081;335;7
BASE/nineBoardTicTacToePie;PALAMEDES_GAME_SIMULATOR_USEOPT_TRUE;0.6.1;true;;30002;5024;171
BASE/speedChess;PALAMEDES_GAME_SIMULATOR_USEOPT_TRUE;0.6.1;true;;30005;4008;35
STANFORD/untwistycomplex;PALAMEDES_GAME_SIMULATOR_USEOPT_TRUE;0.6.1;true;;30000;131199;14577
DRESDEN/uf20-010.cnf.SAT;PALAMEDES_GAME_SIMULATOR_USEOPT_TRUE;0.6.1;true;;30000;16874;843
BASE/hanoi_6_disks;PALAMEDES_GAME_SIMULATOR_USEOPT_TRUE;0.6.1;true;;30000;92999;26105
BASE/quad_5x5;PALAMEDES_GAME_SIMULATOR_USEOPT_TRUE;0.6.1;true;;30000;1287;89
BASE/3pttc;PALAMEDES_GAME_SIMULATOR_USEOPT_TRUE;0.6.1;true;;30001;18185;625
BASE/quad;PALAMEDES_GAME_SIMULATOR_USEOPT_TRUE;0.6.1;true;;30291;80;1
DRESDEN/pawn_whopping;PALAMEDES_GAME_SIMULATOR_USEOPT_TRUE;0.6.1;true;;30000;15038;407
STANFORD/threepuzzle;PALAMEDES_GAME_SIMULATOR_USEOPT_TRUE;0.6.1;true;;30000;151739;25289
BASE/factoringImpossibleTurtleBrain;PALAMEDES_GAME_SIMULATOR_USEOPT_TRUE;0.6.1;true;;33690;8;0
DRESDEN/checkers-mustjump-torus;PALAMEDES_GAME_SIMULATOR_USEOPT_TRUE;0.6.1;true;;30006;2165;48
DRESDEN/tictactoe;PALAMEDES_GAME_SIMULATOR_USEOPT_TRUE;0.6.1;true;;30000;61192;8024
BASE/knightazons;PALAMEDES_GAME_SIMULATOR_USEOPT_TRUE;0.6.1;true;;30000;4065;61
BASE/nim2;PALAMEDES_GAME_SIMULATOR_USEOPT_TRUE;0.6.1;true;;30000;145184;16381
BASE/factoringEasyTurtleBrain;PALAMEDES_GAME_SIMULATOR_USEOPT_TRUE;0.6.1;true;;30000;55147;919
BASE/blocks;PALAMEDES_GAME_SIMULATOR_USEOPT_TRUE;0.6.1;true;;30000;158804;52934
BASE/max_knights;PALAMEDES_GAME_SIMULATOR_USEOPT_TRUE;0.6.1;true;;30002;13170;2500
BASE/checkers-mustjump;PALAMEDES_GAME_SIMULATOR_USEOPT_TRUE;0.6.1;true;;30002;2809;57
BASE/blocksWorld;PALAMEDES_GAME_SIMULATOR_USEOPT_TRUE;0.6.1;true;;30000;158401;52800
DRESDEN/ggp-course2013_michal13;PALAMEDES_GAME_SIMULATOR_USEOPT_TRUE;0.6.1;true;;30064;93;2
BASE/connectFourLarger;PALAMEDES_GAME_SIMULATOR_USEOPT_TRUE;0.6.1;true;;30000;6851;204
DRESDEN/stratego;PALAMEDES_GAME_SIMULATOR_USEOPT_TRUE;0.6.1;true;;30000;11188;270
DRESDEN/gt_chicken;PALAMEDES_GAME_SIMULATOR_USEOPT_TRUE;0.6.1;true;;30000;113177;5658
DRESDEN/uf20-010.cnf.SAT.satlike;PALAMEDES_GAME_SIMULATOR_USEOPT_TRUE;0.6.1;true;;145739;20;1
BASE/gt_two_thirds_4p;PALAMEDES_GAME_SIMULATOR_USEOPT_TRUE;0.6.1;false;Exception of type NullPointerException;0;0;0
BASE/factoringGeorgeForman;PALAMEDES_GAME_SIMULATOR_USEOPT_TRUE;0.6.1;true;;30000;83940;1773
BASE/strangeSkirmish;PALAMEDES_GAME_SIMULATOR_USEOPT_TRUE;0.6.1;true;;30052;665;6
BASE/hex;PALAMEDES_GAME_SIMULATOR_USEOPT_TRUE;0.6.1;true;;30000;4236;59
BASE/biddingTicTacToe_10coins;PALAMEDES_GAME_SIMULATOR_USEOPT_TRUE;0.6.1;true;;30000;42721;2898
DRESDEN/javastrike;PALAMEDES_GAME_SIMULATOR_USEOPT_TRUE;0.6.1;true;;30001;4822;10
BASE/amazons_8x8;PALAMEDES_GAME_SIMULATOR_USEOPT_TRUE;0.6.1;true;;30001;7203;78
DRESDEN/doubletoetictac;PALAMEDES_GAME_SIMULATOR_USEOPT_TRUE;0.6.1;true;;30001;27778;3327
BASE/ticTacToe;PALAMEDES_GAME_SIMULATOR_USEOPT_TRUE;0.6.1;true;;30000;60205;7887
BASE/connectFour;PALAMEDES_GAME_SIMULATOR_USEOPT_TRUE;0.6.1;true;;30001;16487;747
DRESDEN/uf20-020.cnf.SAT.satlike;PALAMEDES_GAME_SIMULATOR_USEOPT_TRUE;0.6.1;true;;34801;20;1
DRESDEN/minichess-evilconjuncts;PALAMEDES_GAME_SIMULATOR_USEOPT_TRUE;0.6.1;false;Exception of type NullPointerException;0;0;0
BASE/4pffa;PALAMEDES_GAME_SIMULATOR_USEOPT_TRUE;0.6.1;true;;30001;18129;453
BASE/dotsAndBoxes;PALAMEDES_GAME_SIMULATOR_USEOPT_TRUE;0.6.1;true;;30001;13351;222
BASE/skirmishHoles;PALAMEDES_GAME_SIMULATOR_USEOPT_TRUE;0.6.1;true;;30015;806;8
STANFORD/tictactoe3;PALAMEDES_GAME_SIMULATOR_USEOPT_TRUE;0.6.1;true;;30000;52356;19648
BASE/four_way_battle;PALAMEDES_GAME_SIMULATOR_USEOPT_TRUE;0.6.1;true;;30002;3163;100
DRESDEN/tttcc4;PALAMEDES_GAME_SIMULATOR_USEOPT_TRUE;0.6.1;true;;30000;10444;373
BASE/knightsTourLarge;PALAMEDES_GAME_SIMULATOR_USEOPT_TRUE;0.6.1;true;;30000;205189;34240
BASE/amazons;PALAMEDES_GAME_SIMULATOR_USEOPT_TRUE;0.6.1;true;;30485;20;0
STANFORD/multiplesukoshi;PALAMEDES_GAME_SIMULATOR_USEOPT_TRUE;0.6.1;true;;30010;1243;26
BASE/toetictac;PALAMEDES_GAME_SIMULATOR_USEOPT_TRUE;0.6.1;true;;30000;101881;13372
DRESDEN/fizzbuzz;PALAMEDES_GAME_SIMULATOR_USEOPT_TRUE;0.6.1;true;;30000;290022;9667
DRESDEN/quad_5x5_8_2;PALAMEDES_GAME_SIMULATOR_USEOPT_TRUE;0.6.1;true;;30030;1967;108
DRESDEN/cubicup_3player;PALAMEDES_GAME_SIMULATOR_USEOPT_TRUE;0.6.1;true;;30001;1624;19
DRESDEN/bidding-tictactoe;PALAMEDES_GAME_SIMULATOR_USEOPT_TRUE;0.6.1;true;;30000;46867;3191
BASE/blokbox_simple;PALAMEDES_GAME_SIMULATOR_USEOPT_TRUE;0.6.1;true;;30615;14;0
DRESDEN/Catch-Me-If-You-Can;PALAMEDES_GAME_SIMULATOR_USEOPT_TRUE;0.6.1;true;;30000;108295;3194
DRESDEN/catch_me;PALAMEDES_GAME_SIMULATOR_USEOPT_TRUE;0.6.1;true;;30000;109710;3223
BASE/untwistycomplex2;PALAMEDES_GAME_SIMULATOR_USEOPT_TRUE;0.6.1;true;;30000;338084;48297
DRESDEN/8puzzle;PALAMEDES_GAME_SIMULATOR_USEOPT_TRUE;0.6.1;true;;30000;80456;1340
BASE/2pttc;PALAMEDES_GAME_SIMULATOR_USEOPT_TRUE;0.6.1;true;;30001;20705;755
DRESDEN/quad_7x7;PALAMEDES_GAME_SIMULATOR_USEOPT_TRUE;0.6.1;true;;30186;197;5
DRESDEN/four_way_battle;PALAMEDES_GAME_SIMULATOR_USEOPT_TRUE;0.6.1;true;;30005;3104;98
BASE/englishDraughts;PALAMEDES_GAME_SIMULATOR_USEOPT_TRUE;0.6.1;true;;30001;11003;165
BASE/cylinder-checkers;PALAMEDES_GAME_SIMULATOR_USEOPT_TRUE;0.6.1;true;;30001;3234;32
STANFORD/jointbuttonsandlights;PALAMEDES_GAME_SIMULATOR_USEOPT_TRUE;0.6.1;true;;30000;99183;17206
BASE/blobwars;PALAMEDES_GAME_SIMULATOR_USEOPT_TRUE;0.6.1;true;;30001;5030;125
BASE/skirmishZeroSum;PALAMEDES_GAME_SIMULATOR_USEOPT_TRUE;0.6.1;true;;30006;3593;35
BASE/breakthroughSmallHoles;PALAMEDES_GAME_SIMULATOR_USEOPT_TRUE;0.6.1;true;;30003;11661;443
BASE/asteroidsParallel;PALAMEDES_GAME_SIMULATOR_USEOPT_TRUE;0.6.1;true;;30000;64521;1470
STANFORD/hunter;PALAMEDES_GAME_SIMULATOR_USEOPT_TRUE;0.6.1;true;;30000;54501;3892
STANFORD/tictactoe5;PALAMEDES_GAME_SIMULATOR_USEOPT_TRUE;0.6.1;true;;30000;56137;15385
DRESDEN/racer4;PALAMEDES_GAME_SIMULATOR_USEOPT_TRUE;0.6.1;true;;30000;14287;660
STANFORD/knightstour;PALAMEDES_GAME_SIMULATOR_USEOPT_TRUE;0.6.1;true;;30000;214146;43984
BASE/chickentictactoe;PALAMEDES_GAME_SIMULATOR_USEOPT_TRUE;0.6.1;true;;30000;50348;7087
BASE/dualConnect4;PALAMEDES_GAME_SIMULATOR_USEOPT_TRUE;0.6.1;true;;30004;11740;366
DRESDEN/capture_the_king;PALAMEDES_GAME_SIMULATOR_USEOPT_TRUE;0.6.1;true;;30017;1182;18
BASE/tictactoe_3d_small_2player;PALAMEDES_GAME_SIMULATOR_USEOPT_TRUE;0.6.1;true;;30001;9639;793
DRESDEN/cylinder-checkers;PALAMEDES_GAME_SIMULATOR_USEOPT_TRUE;0.6.1;true;;30002;3159;32
DRESDEN/knightthrough;PALAMEDES_GAME_SIMULATOR_USEOPT_TRUE;0.6.1;true;;30002;14216;433
BASE/minichess-evilconjuncts;PALAMEDES_GAME_SIMULATOR_USEOPT_TRUE;0.6.1;false;Exception of type NullPointerException;0;0;0
BASE/merrills;PALAMEDES_GAME_SIMULATOR_USEOPT_TRUE;0.6.1;true;;30027;752;12
BASE/pawnWhopping;PALAMEDES_GAME_SIMULATOR_USEOPT_TRUE;0.6.1;true;;30000;14191;414
BASE/ticTacToeNoVars;PALAMEDES_GAME_SIMULATOR_USEOPT_TRUE;0.6.1;true;;30001;26850;3501
BASE/checkersTorusNoKings;PALAMEDES_GAME_SIMULATOR_USEOPT_TRUE;0.6.1;true;;30000;10626;176
BASE/dotsAndBoxesSuicide;PALAMEDES_GAME_SIMULATOR_USEOPT_TRUE;0.6.1;true;;30000;13598;226
BASE/alexChess;PALAMEDES_GAME_SIMULATOR_USEOPT_TRUE;0.6.1;false;Exception of type StackOverflowError;0;0;0
BASE/racer;PALAMEDES_GAME_SIMULATOR_USEOPT_TRUE;0.6.1;true;;30000;36043;2631
BASE/gt_two_thirds_2p;PALAMEDES_GAME_SIMULATOR_USEOPT_TRUE;0.6.1;false;Exception of type NullPointerException;0;0;0
DRESDEN/vacuumcleaner_obstacles_1;PALAMEDES_GAME_SIMULATOR_USEOPT_TRUE;0.6.1;true;;30000;72605;12051
STANFORD/dualhunter;PALAMEDES_GAME_SIMULATOR_USEOPT_TRUE;0.6.1;true;;30001;23214;1658
BASE/ttcc4_2player_small;PALAMEDES_GAME_SIMULATOR_USEOPT_TRUE;0.6.1;true;;30000;17759;1097
BASE/onestep;PALAMEDES_GAME_SIMULATOR_USEOPT_TRUE;0.6.1;true;;30000;583554;583554
BASE/chineseCheckers3;PALAMEDES_GAME_SIMULATOR_USEOPT_TRUE;0.6.1;true;;30000;35770;662
DRESDEN/merrills;PALAMEDES_GAME_SIMULATOR_USEOPT_TRUE;0.6.1;true;;30014;761;12
STANFORD/tictactoe7;PALAMEDES_GAME_SIMULATOR_USEOPT_TRUE;0.6.1;true;;30000;57498;10332
DRESDEN/smallest;PALAMEDES_GAME_SIMULATOR_USEOPT_TRUE;0.6.1;true;;30000;32561;1363
BASE/ticTacToeSerial;PALAMEDES_GAME_SIMULATOR_USEOPT_TRUE;0.6.1;true;;30000;24841;1633
DRESDEN/tictactoe_3d_small_2player;PALAMEDES_GAME_SIMULATOR_USEOPT_TRUE;0.6.1;true;;30000;9822;802
BASE/knightThrough;PALAMEDES_GAME_SIMULATOR_USEOPT_TRUE;0.6.1;true;;30000;13708;402
BASE/colonelBlottoVariant;PALAMEDES_GAME_SIMULATOR_USEOPT_TRUE;0.6.1;true;;30000;118972;11897
DRESDEN/snake_2009_big;PALAMEDES_GAME_SIMULATOR_USEOPT_TRUE;0.6.1;true;;30002;9321;526
BASE/ad_game_2x2;PALAMEDES_GAME_SIMULATOR_USEOPT_TRUE;0.6.1;true;;30000;683;351
BASE/qyshinsu;PALAMEDES_GAME_SIMULATOR_USEOPT_TRUE;0.6.1;true;;30009;2264;106
STANFORD/multiplebuttonsandlights;PALAMEDES_GAME_SIMULATOR_USEOPT_TRUE;0.6.1;true;;30000;196546;32757
DRESDEN/racer;PALAMEDES_GAME_SIMULATOR_USEOPT_TRUE;0.6.1;true;;30000;34241;2479
BASE/chineseCheckers4;PALAMEDES_GAME_SIMULATOR_USEOPT_TRUE;0.6.1;true;;30000;20040;346
DRESDEN/ticblock;PALAMEDES_GAME_SIMULATOR_USEOPT_TRUE;0.6.1;true;;30001;36439;2202
DRESDEN/mimikry;PALAMEDES_GAME_SIMULATOR_USEOPT_TRUE;0.6.1;true;;30002;9358;388
DRESDEN/tictactoe-init1;PALAMEDES_GAME_SIMULATOR_USEOPT_TRUE;0.6.1;true;;30000;58416;16683
DRESDEN/hallway;PALAMEDES_GAME_SIMULATOR_USEOPT_TRUE;0.6.1;true;;30003;4707;156
DRESDEN/blobwars;PALAMEDES_GAME_SIMULATOR_USEOPT_TRUE;0.6.1;true;;30003;5108;127
DRESDEN/knightmove;PALAMEDES_GAME_SIMULATOR_USEOPT_TRUE;0.6.1;true;;30000;21555;615
DRESDEN/quad_5x5;PALAMEDES_GAME_SIMULATOR_USEOPT_TRUE;0.6.1;true;;30018;1503;108
BASE/pancakes;PALAMEDES_GAME_SIMULATOR_USEOPT_TRUE;0.6.1;true;;30000;277181;6979
BASE/pentago;PALAMEDES_GAME_SIMULATOR_USEOPT_TRUE;0.6.1;true;;30003;6339;117
DRESDEN/kitten_escapes_from_fire;PALAMEDES_GAME_SIMULATOR_USEOPT_TRUE;0.6.1;true;;30000;58788;7098
BASE/snake2p;PALAMEDES_GAME_SIMULATOR_USEOPT_TRUE;0.6.1;true;;30001;5982;4503
STANFORD/dualrainbow;PALAMEDES_GAME_SIMULATOR_USEOPT_TRUE;0.6.1;false;Exception of type NullPointerException;0;0;0
STANFORD/connectfour;PALAMEDES_GAME_SIMULATOR_USEOPT_TRUE;0.6.1;true;;30001;16073;709
DRESDEN/checkers-suicide-cylinder-mustjump;PALAMEDES_GAME_SIMULATOR_USEOPT_TRUE;0.6.1;true;;30002;2418;53
BASE/laikLee_hex;PALAMEDES_GAME_SIMULATOR_USEOPT_TRUE;0.6.1;true;;30010;1217;56
BASE/cubicup_3player;PALAMEDES_GAME_SIMULATOR_USEOPT_TRUE;0.6.1;true;;30015;1590;18
BASE/gt_chicken;PALAMEDES_GAME_SIMULATOR_USEOPT_TRUE;0.6.1;true;;30000;115608;5780
BASE/chineseCheckers1;PALAMEDES_GAME_SIMULATOR_USEOPT_TRUE;0.6.1;true;;30000;56107;1983
STANFORD/nineboardtictactoe;PALAMEDES_GAME_SIMULATOR_USEOPT_TRUE;0.6.1;true;;30001;5095;170
BASE/haystack;PALAMEDES_GAME_SIMULATOR_USEOPT_TRUE;0.6.1;true;;30000;499383;166545
BASE/crossers3;PALAMEDES_GAME_SIMULATOR_USEOPT_TRUE;0.6.1;true;;30001;18097;1370
DRESDEN/3pttc;PALAMEDES_GAME_SIMULATOR_USEOPT_TRUE;0.6.1;true;;30000;21701;743
STANFORD/checkersonabarrelnokings;PALAMEDES_GAME_SIMULATOR_USEOPT_TRUE;0.6.1;true;;30002;11601;175
BASE/gt_centipede;PALAMEDES_GAME_SIMULATOR_USEOPT_TRUE;0.6.1;true;;30000;196445;98134
DRESDEN/knightazons;PALAMEDES_GAME_SIMULATOR_USEOPT_TRUE;0.6.1;true;;30002;4186;63
DRESDEN/Thief_Police;PALAMEDES_GAME_SIMULATOR_USEOPT_TRUE;0.6.1;true;;30000;108013;3156
BASE/knightsTour;PALAMEDES_GAME_SIMULATOR_USEOPT_TRUE;0.6.1;true;;30000;213776;43892
BASE/quad_7x7;PALAMEDES_GAME_SIMULATOR_USEOPT_TRUE;0.6.1;true;;33553;196;6
BASE/aipsrovers01;PALAMEDES_GAME_SIMULATOR_USEOPT_TRUE;0.6.1;true;;30000;48135;1663
DRESDEN/racetrackcorridor;PALAMEDES_GAME_SIMULATOR_USEOPT_TRUE;0.6.1;true;;30000;18185;1018
DRESDEN/ghostmaze2p;PALAMEDES_GAME_SIMULATOR_USEOPT_TRUE;0.6.1;true;;30000;52497;1086
DRESDEN/crisscross;PALAMEDES_GAME_SIMULATOR_USEOPT_TRUE;0.6.1;true;;30000;20091;778
DRESDEN/checkers;PALAMEDES_GAME_SIMULATOR_USEOPT_TRUE;0.6.1;true;;30006;3447;34
DRESDEN/toetictac;PALAMEDES_GAME_SIMULATOR_USEOPT_TRUE;0.6.1;true;;30000;100977;13250
DRESDEN/grid_game2;PALAMEDES_GAME_SIMULATOR_USEOPT_TRUE;0.6.1;true;;30003;4483;91
DRESDEN/vacuumcleaner_random_big;PALAMEDES_GAME_SIMULATOR_USEOPT_TRUE;0.6.1;true;;30002;16744;2813
BASE/chineseCheckers2;PALAMEDES_GAME_SIMULATOR_USEOPT_TRUE;0.6.1;true;;30000;42180;1116
DRESDEN/tictactoe_3player;PALAMEDES_GAME_SIMULATOR_USEOPT_TRUE;0.6.1;true;;30000;14574;714
BASE/colonelBlotto;PALAMEDES_GAME_SIMULATOR_USEOPT_TRUE;0.6.1;true;;30000;28665;5733
BASE/mummyMaze2p_2007;PALAMEDES_GAME_SIMULATOR_USEOPT_TRUE;0.6.1;true;;30000;29464;628
BASE/breakthroughSuicide;PALAMEDES_GAME_SIMULATOR_USEOPT_TRUE;0.6.1;true;;30002;9247;147
BASE/skirmishNew;PALAMEDES_GAME_SIMULATOR_USEOPT_TRUE;0.6.1;true;;30009;3621;36
BASE/endgame;PALAMEDES_GAME_SIMULATOR_USEOPT_TRUE;0.6.1;true;;30004;6753;482
DRESDEN/vacuumcleaner_obstacles_5;PALAMEDES_GAME_SIMULATOR_USEOPT_TRUE;0.6.1;true;;30005;1605;259
DRESDEN/blocker;PALAMEDES_GAME_SIMULATOR_USEOPT_TRUE;0.6.1;true;;30000;52983;6733
STANFORD/knightstourbig;PALAMEDES_GAME_SIMULATOR_USEOPT_TRUE;0.6.1;true;;30000;198920;34907
BASE/twisty-passages;PALAMEDES_GAME_SIMULATOR_USEOPT_TRUE;0.6.1;true;;30000;31808;159
DRESDEN/pentago_2008;PALAMEDES_GAME_SIMULATOR_USEOPT_TRUE;0.6.1;true;;30006;5881;105
BASE/tictactoe_orthogonal;PALAMEDES_GAME_SIMULATOR_USEOPT_TRUE;0.6.1;true;;30000;69398;8667
BASE/colonelBlottoVariant2;PALAMEDES_GAME_SIMULATOR_USEOPT_TRUE;0.6.1;true;;30000;121852;24439
BASE/troublemaker01;PALAMEDES_GAME_SIMULATOR_USEOPT_TRUE;0.6.1;true;;30000;316105;105395
BASE/eightPuzzle;PALAMEDES_GAME_SIMULATOR_USEOPT_TRUE;0.6.1;true;;30000;79268;1321
DRESDEN/3qbf-5cnf-20var-40cl.2.qdimacs.satlike;PALAMEDES_GAME_SIMULATOR_USEOPT_TRUE;0.6.1;true;;30000;16650;284
BASE/blockerSerial;PALAMEDES_GAME_SIMULATOR_USEOPT_TRUE;0.6.1;true;;30000;24730;1566
DRESDEN/farmers;PALAMEDES_GAME_SIMULATOR_USEOPT_TRUE;0.6.1;true;;30002;13350;1335
DRESDEN/vacuumcleaner_obstacles_6;PALAMEDES_GAME_SIMULATOR_USEOPT_TRUE;0.6.1;true;;30004;1544;260
BASE/sudokuGrade3;PALAMEDES_GAME_SIMULATOR_USEOPT_TRUE;0.6.1;true;;30045;388;9
DRESDEN/firefighter;PALAMEDES_GAME_SIMULATOR_USEOPT_TRUE;0.6.1;true;;30000;102121;2290
DRESDEN/coins;PALAMEDES_GAME_SIMULATOR_USEOPT_TRUE;0.6.1;true;;30002;8893;3558
BASE/switches;PALAMEDES_GAME_SIMULATOR_USEOPT_TRUE;0.6.1;true;;30000;210099;210099
DRESDEN/Travelers-Dilemma;PALAMEDES_GAME_SIMULATOR_USEOPT_TRUE;0.6.1;true;;30000;216078;21607
BASE/pentagoSuicide;PALAMEDES_GAME_SIMULATOR_USEOPT_TRUE;0.6.1;true;;30001;6392;117
DRESDEN/pawn_whopping_corrected;PALAMEDES_GAME_SIMULATOR_USEOPT_TRUE;0.6.1;true;;30001;14122;406
BASE/conn4;PALAMEDES_GAME_SIMULATOR_USEOPT_TRUE;0.6.1;true;;30003;7124;332
BASE/gt_attrition;PALAMEDES_GAME_SIMULATOR_USEOPT_TRUE;0.6.1;true;;30039;468;93
DRESDEN/hanoi7;PALAMEDES_GAME_SIMULATOR_USEOPT_TRUE;0.6.1;true;;30000;106351;837
DRESDEN/checkers-mustjump;PALAMEDES_GAME_SIMULATOR_USEOPT_TRUE;0.6.1;true;;30009;2824;54
DRESDEN/3qbf-5cnf-20var-40cl.1.qdimacs.viz.SAT;PALAMEDES_GAME_SIMULATOR_USEOPT_TRUE;0.6.1;true;;30000;18111;310
DRESDEN/snake_2008;PALAMEDES_GAME_SIMULATOR_USEOPT_TRUE;0.6.1;true;;30000;12845;820
DRESDEN/point_grab;PALAMEDES_GAME_SIMULATOR_USEOPT_TRUE;0.6.1;true;;30000;237716;7923
BASE/troublemaker02;PALAMEDES_GAME_SIMULATOR_USEOPT_TRUE;0.6.1;true;;30000;290556;96985
DRESDEN/peg;PALAMEDES_GAME_SIMULATOR_USEOPT_TRUE;0.6.1;true;;30000;10010;408
BASE/gt_staghunt;PALAMEDES_GAME_SIMULATOR_USEOPT_TRUE;0.6.1;true;;30000;127455;6372
BASE/sudokuGrade2;PALAMEDES_GAME_SIMULATOR_USEOPT_TRUE;0.6.1;true;;30025;381;10
DRESDEN/vacuum_cleaner_1;PALAMEDES_GAME_SIMULATOR_USEOPT_TRUE;0.6.1;true;;30000;86911;14482
STANFORD/sudoku;PALAMEDES_GAME_SIMULATOR_USEOPT_TRUE;0.6.1;true;;30016;372;9
BASE/chomp;PALAMEDES_GAME_SIMULATOR_USEOPT_TRUE;0.6.1;true;;30001;33339;4683
BASE/chinook;PALAMEDES_GAME_SIMULATOR_USEOPT_TRUE;0.6.1;true;;30001;9599;326
BASE/coloredtrails;PALAMEDES_GAME_SIMULATOR_USEOPT_TRUE;0.6.1;true;;30000;51668;5740
BASE/connect4;PALAMEDES_GAME_SIMULATOR_USEOPT_TRUE;0.6.1;true;;30003;6828;317
STANFORD/bestbuttonsandlights;PALAMEDES_GAME_SIMULATOR_USEOPT_TRUE;0.6.1;true;;30000;168105;28017
DRESDEN/tictactoe_3d_2player;PALAMEDES_GAME_SIMULATOR_USEOPT_TRUE;0.6.1;true;;30007;3042;81
DRESDEN/tictactoe_3d_6player;PALAMEDES_GAME_SIMULATOR_USEOPT_TRUE;0.6.1;true;;30001;2847;28
BASE/connectFourSimultaneous;PALAMEDES_GAME_SIMULATOR_USEOPT_TRUE;0.6.1;true;;30001;7563;434
BASE/tictactoex9;PALAMEDES_GAME_SIMULATOR_USEOPT_TRUE;0.6.1;true;;30004;6422;228
DRESDEN/bomberman2p;PALAMEDES_GAME_SIMULATOR_USEOPT_TRUE;0.6.1;true;;30001;23547;3052
BASE/god;PALAMEDES_GAME_SIMULATOR_USEOPT_TRUE;0.6.1;true;;30005;1225;59
DRESDEN/hanoi_6_disks;PALAMEDES_GAME_SIMULATOR_USEOPT_TRUE;0.6.1;true;;30000;92333;25868
DRESDEN/vacuumcleaner_obstacles_3;PALAMEDES_GAME_SIMULATOR_USEOPT_TRUE;0.6.1;true;;30008;1468;249
DRESDEN/uf20-020.cnf.SAT;PALAMEDES_GAME_SIMULATOR_USEOPT_TRUE;0.6.1;true;;30001;16512;825
BASE/gt_tinfoil;PALAMEDES_GAME_SIMULATOR_USEOPT_TRUE;0.6.1;true;;30000;171272;17127
BASE/withConviction;PALAMEDES_GAME_SIMULATOR_USEOPT_TRUE;0.6.1;true;;30001;10446;417
DRESDEN/snake_2009;PALAMEDES_GAME_SIMULATOR_USEOPT_TRUE;0.6.1;true;;30002;11793;757
DRESDEN/blocksworldparallel;PALAMEDES_GAME_SIMULATOR_USEOPT_TRUE;0.6.1;true;;30000;41344;13781
DRESDEN/minichess;PALAMEDES_GAME_SIMULATOR_USEOPT_TRUE;0.6.1;true;;30001;20935;2369
DRESDEN/mummymaze1p;PALAMEDES_GAME_SIMULATOR_USEOPT_TRUE;0.6.1;true;;30001;17312;2919
BASE/checkLines;PALAMEDES_GAME_SIMULATOR_USEOPT_TRUE;0.6.1;true;;30001;25356;1638
DRESDEN/nim1;PALAMEDES_GAME_SIMULATOR_USEOPT_TRUE;0.6.1;true;;30000;154972;22553
DRESDEN/CephalopodMicro;PALAMEDES_GAME_SIMULATOR_USEOPT_TRUE;0.6.1;true;;30002;441;9
BASE/sudokuGrade5;PALAMEDES_GAME_SIMULATOR_USEOPT_TRUE;0.6.1;true;;30035;387;10
BASE/skirmish;PALAMEDES_GAME_SIMULATOR_USEOPT_TRUE;0.6.1;true;;30023;721;7
BASE/biddingTicTacToe;PALAMEDES_GAME_SIMULATOR_USEOPT_TRUE;0.6.1;true;;30000;46474;3175
BASE/connect5;PALAMEDES_GAME_SIMULATOR_USEOPT_TRUE;0.6.1;true;;30002;6118;135
BASE/stateSpaceSmall;PALAMEDES_GAME_SIMULATOR_USEOPT_TRUE;0.6.1;true;;30000;221802;55450
STANFORD/pentago;PALAMEDES_GAME_SIMULATOR_USEOPT_TRUE;0.6.1;true;;30000;8867;158
BASE/brain_teaser_extended;PALAMEDES_GAME_SIMULATOR_USEOPT_TRUE;0.6.1;true;;30000;44344;2956
DRESDEN/vacuumcleaner_obstacles_2;PALAMEDES_GAME_SIMULATOR_USEOPT_TRUE;0.6.1;true;;30000;74898;12457
DRESDEN/sat_test_20v_91c_visualisation;PALAMEDES_GAME_SIMULATOR_USEOPT_TRUE;0.6.1;true;;30000;16333;816
BASE/checkers-suicide-cylinder-mustjump;PALAMEDES_GAME_SIMULATOR_USEOPT_TRUE;0.6.1;true;;30003;2410;53
BASE/knightmove;PALAMEDES_GAME_SIMULATOR_USEOPT_TRUE;0.6.1;true;;30000;21481;615
DRESDEN/doubletictactoe;PALAMEDES_GAME_SIMULATOR_USEOPT_TRUE;0.6.1;true;;30000;28896;3472
DRESDEN/pancakes;PALAMEDES_GAME_SIMULATOR_USEOPT_TRUE;0.6.1;true;;30000;280158;7067
DRESDEN/satlike_20v_91c_version2;PALAMEDES_GAME_SIMULATOR_USEOPT_TRUE;0.6.1;true;;47713;20;1
DRESDEN/battlesnakes2011;PALAMEDES_GAME_SIMULATOR_USEOPT_TRUE;0.6.1;true;;30000;12536;382
STANFORD/multiplebuttonsandlights_9;PALAMEDES_GAME_SIMULATOR_USEOPT_TRUE;0.6.1;true;;30000;208181;34696
BASE/escortLatch;PALAMEDES_GAME_SIMULATOR_USEOPT_TRUE;0.6.1;true;;30000;12231;207
DRESDEN/tictactoelarge;PALAMEDES_GAME_SIMULATOR_USEOPT_TRUE;0.6.1;true;;30000;27098;1146
BASE/sudokuGrade4;PALAMEDES_GAME_SIMULATOR_USEOPT_TRUE;0.6.1;true;;30030;383;9
BASE/chickentoetictac;PALAMEDES_GAME_SIMULATOR_USEOPT_TRUE;0.6.1;true;;30000;81184;11432
BASE/guess;PALAMEDES_GAME_SIMULATOR_USEOPT_TRUE;0.6.1;true;;30000;28110;3175
BASE/connectFourLarge;PALAMEDES_GAME_SIMULATOR_USEOPT_TRUE;0.6.1;true;;30001;11856;462
BASE/ticTacHeaven;PALAMEDES_GAME_SIMULATOR_USEOPT_TRUE;0.6.1;true;;30004;6347;287
STANFORD/buttonsandlights;PALAMEDES_GAME_SIMULATOR_USEOPT_TRUE;0.6.1;true;;30000;532513;89977
STANFORD/multipletictactoe;PALAMEDES_GAME_SIMULATOR_USEOPT_TRUE;0.6.1;true;;30003;7410;413
STANFORD/madness;PALAMEDES_GAME_SIMULATOR_USEOPT_TRUE;0.6.1;true;;30037;665;11
BASE/snake_2009_big;PALAMEDES_GAME_SIMULATOR_USEOPT_TRUE;0.6.1;true;;30001;9223;522
BASE/kitten_escapes_from_fire;PALAMEDES_GAME_SIMULATOR_USEOPT_TRUE;0.6.1;true;;30000;57348;6882
DRESDEN/cube_2x2x2;PALAMEDES_GAME_SIMULATOR_USEOPT_TRUE;0.6.1;true;;30000;30932;2583
BASE/breakthroughHoles;PALAMEDES_GAME_SIMULATOR_USEOPT_TRUE;0.6.1;true;;30002;9298;144
DRESDEN/latenttictactoe;PALAMEDES_GAME_SIMULATOR_USEOPT_TRUE;0.6.1;true;;30000;34737;3299
BASE/queens;PALAMEDES_GAME_SIMULATOR_USEOPT_TRUE;0.6.1;true;;31608;130;13
BASE/tictactoe-init1;PALAMEDES_GAME_SIMULATOR_USEOPT_TRUE;0.6.1;true;;30000;57828;16507
BASE/skirmishFinal3;PALAMEDES_GAME_SIMULATOR_USEOPT_TRUE;0.6.1;true;;30022;1138;19
BASE/pawnToQueen;PALAMEDES_GAME_SIMULATOR_USEOPT_TRUE;0.6.1;true;;30015;470;35
BASE/tictactoe_3player;PALAMEDES_GAME_SIMULATOR_USEOPT_TRUE;0.6.1;true;;30000;14465;715
DRESDEN/mummymaze2p;PALAMEDES_GAME_SIMULATOR_USEOPT_TRUE;0.6.1;true;;30001;16034;327
BASE/ruleDepthExponential;PALAMEDES_GAME_SIMULATOR_USEOPT_TRUE;0.6.1;true;;194776;291;136
BASE/zhadu;PALAMEDES_GAME_SIMULATOR_USEOPT_TRUE;0.6.1;true;;30001;260;4
BASE/wargame02;PALAMEDES_GAME_SIMULATOR_USEOPT_TRUE;0.6.1;true;;30001;6739;2228
DRESDEN/lightsout;PALAMEDES_GAME_SIMULATOR_USEOPT_TRUE;0.6.1;true;;30000;21452;1072
STANFORD/rainbow;PALAMEDES_GAME_SIMULATOR_USEOPT_TRUE;0.6.1;false;Exception of type NullPointerException;0;0;0
STANFORD/breakthroughsmall;PALAMEDES_GAME_SIMULATOR_USEOPT_TRUE;0.6.1;true;;30001;13810;478
DRESDEN/pancakes6;PALAMEDES_GAME_SIMULATOR_USEOPT_TRUE;0.6.1;true;;30000;279627;7052
BASE/hanoi;PALAMEDES_GAME_SIMULATOR_USEOPT_TRUE;0.6.1;true;;30000;116525;3758
DRESDEN/ggp-course2013_nicolai;PALAMEDES_GAME_SIMULATOR_USEOPT_TRUE;0.6.1;true;;30016;1731;54
DRESDEN/laikLee_hex;PALAMEDES_GAME_SIMULATOR_USEOPT_TRUE;0.6.1;true;;31954;868;42
BASE/kalaha5x2x3;PALAMEDES_GAME_SIMULATOR_USEOPT_TRUE;0.6.1;true;;30000;40143;411
DRESDEN/bunk_t;PALAMEDES_GAME_SIMULATOR_USEOPT_TRUE;0.6.1;true;;30000;28931;3473
BASE/amazonsTorus_10x10;PALAMEDES_GAME_SIMULATOR_USEOPT_TRUE;0.6.1;true;;30005;3340;21
STANFORD/duidoku;PALAMEDES_GAME_SIMULATOR_USEOPT_TRUE;0.6.1;true;;30042;377;9
STANFORD/knightstourmedium;PALAMEDES_GAME_SIMULATOR_USEOPT_TRUE;0.6.1;true;;30000;215676;53778
DRESDEN/uf20-01.cnf.SAT;PALAMEDES_GAME_SIMULATOR_USEOPT_TRUE;0.6.1;true;;30001;17173;858
BASE/knightfight;PALAMEDES_GAME_SIMULATOR_USEOPT_TRUE;0.6.1;true;;30000;47351;4409
BASE/cubicup;PALAMEDES_GAME_SIMULATOR_USEOPT_TRUE;0.6.1;true;;30003;3733;66
BASE/racetrackcorridor;PALAMEDES_GAME_SIMULATOR_USEOPT_TRUE;0.6.1;true;;30000;18704;937
BASE/double_tictactoe_dengji;PALAMEDES_GAME_SIMULATOR_USEOPT_TRUE;0.6.1;true;;30000;32494;2283
BASE/amazons_10x10;PALAMEDES_GAME_SIMULATOR_USEOPT_TRUE;0.6.1;true;;30000;5494;40
BASE/wargame01;PALAMEDES_GAME_SIMULATOR_USEOPT_TRUE;0.6.1;true;;30000;11940;1145
DRESDEN/frogs_and_toads;PALAMEDES_GAME_SIMULATOR_USEOPT_TRUE;0.6.1;true;;30002;11599;99
DRESDEN/smallest_4player;PALAMEDES_GAME_SIMULATOR_USEOPT_TRUE;0.6.1;true;;30000;49560;2097
DRESDEN/sheep_and_wolf;PALAMEDES_GAME_SIMULATOR_USEOPT_TRUE;0.6.1;true;;30001;13257;317
BASE/quartoSuicide;PALAMEDES_GAME_SIMULATOR_USEOPT_TRUE;0.6.1;true;;30001;22455;968
BASE/crisscross;PALAMEDES_GAME_SIMULATOR_USEOPT_TRUE;0.6.1;true;;30001;19862;764
BASE/asteroids;PALAMEDES_GAME_SIMULATOR_USEOPT_TRUE;0.6.1;true;;30000;138087;2984
BASE/amazonsTorus;PALAMEDES_GAME_SIMULATOR_USEOPT_TRUE;0.6.1;false;Test process timed out after 240 seconds;0;0;0
DRESDEN/breakthroughsuicide_v2;PALAMEDES_GAME_SIMULATOR_USEOPT_TRUE;0.6.1;true;;30002;9260;153
DRESDEN/blocks2player;PALAMEDES_GAME_SIMULATOR_USEOPT_TRUE;0.6.1;true;;30000;128368;7131
DRESDEN/skirmish3;PALAMEDES_GAME_SIMULATOR_USEOPT_TRUE;0.6.1;true;;30005;4665;116
BASE/sudokuGrade1;PALAMEDES_GAME_SIMULATOR_USEOPT_TRUE;0.6.1;true;;30066;379;10
BASE/golden_rectangle;PALAMEDES_GAME_SIMULATOR_USEOPT_TRUE;0.6.1;true;;30008;2940;101
DRESDEN/pacman3p;PALAMEDES_GAME_SIMULATOR_USEOPT_TRUE;0.6.1;true;;30000;15567;306
DRESDEN/blockerparallel;PALAMEDES_GAME_SIMULATOR_USEOPT_TRUE;0.6.1;true;;30001;6993;998
BASE/skirmishFinal1;PALAMEDES_GAME_SIMULATOR_USEOPT_TRUE;0.6.1;true;;30012;1044;17
BASE/cephalopodMicro;PALAMEDES_GAME_SIMULATOR_USEOPT_TRUE;0.6.1;true;;30094;445;10
BASE/nineBoardTicTacToe;PALAMEDES_GAME_SIMULATOR_USEOPT_TRUE;0.6.1;true;;30000;4975;164
STANFORD/breakthrough;PALAMEDES_GAME_SIMULATOR_USEOPT_TRUE;0.6.1;true;;30000;11910;182
DRESDEN/hitori;PALAMEDES_GAME_SIMULATOR_USEOPT_TRUE;0.6.1;true;;30060;1045;11
BASE/snake_2008_tweaked;PALAMEDES_GAME_SIMULATOR_USEOPT_TRUE;0.6.1;true;;30002;12860;818
BASE/brawl;PALAMEDES_GAME_SIMULATOR_USEOPT_TRUE;0.6.1;true;;30008;1420;142
BASE/gt_dollar;PALAMEDES_GAME_SIMULATOR_USEOPT_TRUE;0.6.1;true;;30000;122641;61325
DRESDEN/tictactoelargesuicide;PALAMEDES_GAME_SIMULATOR_USEOPT_TRUE;0.6.1;true;;30000;26544;1121
DRESDEN/sum15;PALAMEDES_GAME_SIMULATOR_USEOPT_TRUE;0.6.1;true;;30000;70301;9228
BASE/3pffa;PALAMEDES_GAME_SIMULATOR_USEOPT_TRUE;0.6.1;true;;30000;21286;709
BASE/eotcitcit;PALAMEDES_GAME_SIMULATOR_USEOPT_TRUE;0.6.1;true;;30000;44628;8888
BASE/skirmishFinal2;PALAMEDES_GAME_SIMULATOR_USEOPT_TRUE;0.6.1;true;;30021;1064;18
STANFORD/sukoshi;PALAMEDES_GAME_SIMULATOR_USEOPT_TRUE;0.6.1;true;;30000;33035;6075
BASE/pegEuro;PALAMEDES_GAME_SIMULATOR_USEOPT_TRUE;0.6.1;true;;30000;8181;318
STANFORD/bestbuttonsandlightsbig;PALAMEDES_GAME_SIMULATOR_USEOPT_TRUE;0.6.1;true;;30000;127610;21268
BASE/ticblock;PALAMEDES_GAME_SIMULATOR_USEOPT_TRUE;0.6.1;true;;30000;36384;2209
BASE/wargame03;PALAMEDES_GAME_SIMULATOR_USEOPT_TRUE;0.6.1;true;;30002;9500;1488
BASE/lightsOnSimul4;PALAMEDES_GAME_SIMULATOR_USEOPT_TRUE;0.6.1;true;;30002;8485;1321
DRESDEN/2player_normal_form_2010;PALAMEDES_GAME_SIMULATOR_USEOPT_TRUE;0.6.1;true;;30000;104476;104476
DRESDEN/SC_TestOnly_enabled;PALAMEDES_GAME_SIMULATOR_USEOPT_TRUE;0.6.1;true;;30000;55274;6141
DRESDEN/chickentictactoe;PALAMEDES_GAME_SIMULATOR_USEOPT_TRUE;0.6.1;true;;30000;50519;7106
BASE/pearls;PALAMEDES_GAME_SIMULATOR_USEOPT_TRUE;0.6.1;true;;30000;330756;30068
STANFORD/3puzzle;PALAMEDES_GAME_SIMULATOR_USEOPT_TRUE;0.6.1;true;;30000;152708;25451
DRESDEN/Runners;PALAMEDES_GAME_SIMULATOR_USEOPT_TRUE;0.6.1;true;;30000;284843;5813
BASE/racer4;PALAMEDES_GAME_SIMULATOR_USEOPT_TRUE;0.6.1;true;;30001;15854;708
STANFORD/ttcc4;PALAMEDES_GAME_SIMULATOR_USEOPT_TRUE;0.6.1;true;;30000;11500;220
BASE/doubletoetictac;PALAMEDES_GAME_SIMULATOR_USEOPT_TRUE;0.6.1;true;;30000;28642;3451
BASE/checkersSmall;PALAMEDES_GAME_SIMULATOR_USEOPT_TRUE;0.6.1;true;;30001;7078;77
BASE/4pttc;PALAMEDES_GAME_SIMULATOR_USEOPT_TRUE;0.6.1;true;;30000;15911;507
DRESDEN/pawn_whopping_simultaneous;PALAMEDES_GAME_SIMULATOR_USEOPT_TRUE;0.6.1;true;;30000;10856;602
BASE/duplicateStateSmall;PALAMEDES_GAME_SIMULATOR_USEOPT_TRUE;0.6.1;true;;30000;156470;39117
BASE/survival;PALAMEDES_GAME_SIMULATOR_USEOPT_TRUE;0.6.1;true;;30000;420837;360642
BASE/battle;PALAMEDES_GAME_SIMULATOR_USEOPT_TRUE;0.6.1;true;;30010;1084;36
BASE/knightwar;PALAMEDES_GAME_SIMULATOR_USEOPT_TRUE;0.6.1;true;;30000;26142;3060
BASE/maze;PALAMEDES_GAME_SIMULATOR_USEOPT_TRUE;0.6.1;true;;30000;274993;31334
DRESDEN/towerworld;PALAMEDES_GAME_SIMULATOR_USEOPT_TRUE;0.6.1;true;;30011;522;1
DRESDEN/checkers-newgoals;PALAMEDES_GAME_SIMULATOR_USEOPT_TRUE;0.6.1;true;;30004;3510;35
STANFORD/freeforall;PALAMEDES_GAME_SIMULATOR_USEOPT_TRUE;0.6.1;true;;30001;21255;708
DRESDEN/skirmish2;PALAMEDES_GAME_SIMULATOR_USEOPT_TRUE;0.6.1;true;;30000;5173;129
DRESDEN/oisters_farm;PALAMEDES_GAME_SIMULATOR_USEOPT_TRUE;0.6.1;true;;30000;144172;2942
BASE/ghostMaze2p;PALAMEDES_GAME_SIMULATOR_USEOPT_TRUE;0.6.1;true;;30000;53164;1104
BASE/gt_prisoner;PALAMEDES_GAME_SIMULATOR_USEOPT_TRUE;0.6.1;true;;30000;122623;6131
BASE/sheepAndWolf;PALAMEDES_GAME_SIMULATOR_USEOPT_TRUE;0.6.1;true;;30001;13253;312
BASE/majorities;PALAMEDES_GAME_SIMULATOR_USEOPT_TRUE;0.6.1;true;;30006;3630;68
BASE/breakthroughWalls;PALAMEDES_GAME_SIMULATOR_USEOPT_TRUE;0.6.1;true;;30001;9604;150
DRESDEN/small_dominion;PALAMEDES_GAME_SIMULATOR_USEOPT_TRUE;0.6.1;true;;30005;78;2
STANFORD/untwistycorridor;PALAMEDES_GAME_SIMULATOR_USEOPT_TRUE;0.6.1;true;;30000;353968;50566
DRESDEN/knightwar;PALAMEDES_GAME_SIMULATOR_USEOPT_TRUE;0.6.1;true;;30000;25635;2989
DRESDEN/4pttc;PALAMEDES_GAME_SIMULATOR_USEOPT_TRUE;0.6.1;true;;30001;17836;561
BASE/cittaceot;PALAMEDES_GAME_SIMULATOR_USEOPT_TRUE;0.6.1;true;;30000;12599;584
BASE/tron_10x10;PALAMEDES_GAME_SIMULATOR_USEOPT_TRUE;0.6.1;true;;30000;42203;14037
BASE/2pffa;PALAMEDES_GAME_SIMULATOR_USEOPT_TRUE;0.6.1;true;;30000;23475;782
STANFORD/eightpuzzle;PALAMEDES_GAME_SIMULATOR_USEOPT_TRUE;0.6.1;true;;30000;79353;1587
BASE/incredible;PALAMEDES_GAME_SIMULATOR_USEOPT_TRUE;0.6.1;true;;30000;55524;2922
BASE/tttcc4;PALAMEDES_GAME_SIMULATOR_USEOPT_TRUE;0.6.1;true;;30000;10410;374
DRESDEN/hanoi;PALAMEDES_GAME_SIMULATOR_USEOPT_TRUE;0.6.1;true;;30000;117264;3782
BASE/pancakes6;PALAMEDES_GAME_SIMULATOR_USEOPT_TRUE;0.6.1;true;;30000;281888;7108
BASE/mummymaze2p;PALAMEDES_GAME_SIMULATOR_USEOPT_TRUE;0.6.1;true;;30001;15593;317
DRESDEN/knightfight;PALAMEDES_GAME_SIMULATOR_USEOPT_TRUE;0.6.1;true;;30000;47314;4401
DRESDEN/statespacesmall;PALAMEDES_GAME_SIMULATOR_USEOPT_TRUE;0.6.1;true;;30000;216369;54092
BASE/lightsOn;PALAMEDES_GAME_SIMULATOR_USEOPT_TRUE;0.6.1;true;;30000;125934;10076
BASE/lightsOnSimultaneous;PALAMEDES_GAME_SIMULATOR_USEOPT_TRUE;0.6.1;true;;30000;10557;672
BASE/ttcc4_2player_alt;PALAMEDES_GAME_SIMULATOR_USEOPT_TRUE;0.6.1;true;;30000;12526;342
BASE/pacman2p;PALAMEDES_GAME_SIMULATOR_USEOPT_TRUE;0.6.1;true;;30000;15219;324
DRESDEN/mummymaze2p-comp2007;PALAMEDES_GAME_SIMULATOR_USEOPT_TRUE;0.6.1;true;;30000;28633;610
DRESDEN/tictactoeparallel;PALAMEDES_GAME_SIMULATOR_USEOPT_TRUE;0.6.1;true;;30000;23204;3344
DRESDEN/amazons;PALAMEDES_GAME_SIMULATOR_USEOPT_TRUE;0.6.1;true;;30047;236;3
DRESDEN/chinesecheckers6;PALAMEDES_GAME_SIMULATOR_USEOPT_TRUE;0.6.1;true;;30000;13262;224
BASE/blockerParallel;PALAMEDES_GAME_SIMULATOR_USEOPT_TRUE;0.6.1;true;;30000;6884;989
BASE/checkers-cylinder-mustjump;PALAMEDES_GAME_SIMULATOR_USEOPT_TRUE;0.6.1;true;;30008;2378;53
BASE/tictactoe_3d_small_6player;PALAMEDES_GAME_SIMULATOR_USEOPT_TRUE;0.6.1;true;;30001;7750;217
BASE/checkers-newgoals;PALAMEDES_GAME_SIMULATOR_USEOPT_TRUE;0.6.1;true;;30003;3388;34
BASE/ticTacToeLarge;PALAMEDES_GAME_SIMULATOR_USEOPT_TRUE;0.6.1;true;;30000;26539;1116
DRESDEN/battle;PALAMEDES_GAME_SIMULATOR_USEOPT_TRUE;0.6.1;true;;30012;1059;35
BASE/amazonsSuicide_10x10;PALAMEDES_GAME_SIMULATOR_USEOPT_TRUE;0.6.1;true;;30000;5450;39
DRESDEN/satlike_20v_91c;PALAMEDES_GAME_SIMULATOR_USEOPT_TRUE;0.6.1;true;;49487;40;2
DRESDEN/queens;PALAMEDES_GAME_SIMULATOR_USEOPT_TRUE;0.6.1;true;;31841;130;13
BASE/duplicateStateMedium;PALAMEDES_GAME_SIMULATOR_USEOPT_TRUE;0.6.1;true;;30000;44992;4999
BASE/asteroidsSerial;PALAMEDES_GAME_SIMULATOR_USEOPT_TRUE;0.6.1;true;;30000;61004;653
DRESDEN/brawl;PALAMEDES_GAME_SIMULATOR_USEOPT_TRUE;0.6.1;true;;30010;1437;143
BASE/tictactoe2;PALAMEDES_GAME_SIMULATOR_USEOPT_TRUE;0.6.1;true;;30000;59627;7796
BASE/blocksWorldSerial;PALAMEDES_GAME_SIMULATOR_USEOPT_TRUE;0.6.1;true;;30000;69380;11563
BASE/pancakes88;PALAMEDES_GAME_SIMULATOR_USEOPT_TRUE;0.6.1;true;;30000;215461;5386
DRESDEN/sat_test_20v_91c;PALAMEDES_GAME_SIMULATOR_USEOPT_TRUE;0.6.1;true;;30000;16454;822
DRESDEN/brain_teaser_extended;PALAMEDES_GAME_SIMULATOR_USEOPT_TRUE;0.6.1;true;;30000;44301;2953
DRESDEN/circlesolitaire;PALAMEDES_GAME_SIMULATOR_USEOPT_TRUE;0.6.1;true;;30000;107501;10452
STANFORD/duikoshi;PALAMEDES_GAME_SIMULATOR_USEOPT_TRUE;0.6.1;true;;30000;12461;933
DRESDEN/statespacelarge;PALAMEDES_GAME_SIMULATOR_USEOPT_TRUE;0.6.1;true;;30002;23828;1702
DRESDEN/crissrace;PALAMEDES_GAME_SIMULATOR_USEOPT_TRUE;0.6.1;true;;30000;14886;335
DRESDEN/gt_ultimatum;PALAMEDES_GAME_SIMULATOR_USEOPT_TRUE;0.6.1;true;;30000;115964;5798
BASE/sudoku;PALAMEDES_GAME_SIMULATOR_USEOPT_TRUE;0.6.1;false;Exception of type NullPointerException;0;0;0
DRESDEN/breakthrough;PALAMEDES_GAME_SIMULATOR_USEOPT_TRUE;0.6.1;true;;30001;9271;139
DRESDEN/blocks;PALAMEDES_GAME_SIMULATOR_USEOPT_TRUE;0.6.1;true;;30000;158051;52683
BASE/stateSpaceMedium;PALAMEDES_GAME_SIMULATOR_USEOPT_TRUE;0.6.1;true;;30000;68997;7666
BASE/checkers-mustjump-torus;PALAMEDES_GAME_SIMULATOR_USEOPT_TRUE;0.6.1;true;;30008;2287;52
BASE/pacman3p;PALAMEDES_GAME_SIMULATOR_USEOPT_TRUE;0.6.1;true;;30000;15405;324
DRESDEN/othello-cornercontrol;PALAMEDES_GAME_SIMULATOR_USEOPT_TRUE;0.6.1;true;;30049;184;4
STANFORD/tictactoe;PALAMEDES_GAME_SIMULATOR_USEOPT_TRUE;0.6.1;true;;30000;58501;7655
BASE/lightsOut;PALAMEDES_GAME_SIMULATOR_USEOPT_TRUE;0.6.1;true;;30000;21791;1089
DRESDEN/nim3;PALAMEDES_GAME_SIMULATOR_USEOPT_TRUE;0.6.1;true;;30000;111970;8453
DRESDEN/catcha_mouse;PALAMEDES_GAME_SIMULATOR_USEOPT_TRUE;0.6.1;true;;30001;15691;1210
DRESDEN/chinesecheckers4;PALAMEDES_GAME_SIMULATOR_USEOPT_TRUE;0.6.1;true;;30001;10234;176
BASE/slidingpieces;PALAMEDES_GAME_SIMULATOR_USEOPT_TRUE;0.6.1;true;;30007;3547;43
BASE/eotcatcit;PALAMEDES_GAME_SIMULATOR_USEOPT_TRUE;0.6.1;true;;30000;57404;7540
DRESDEN/pancakes88;PALAMEDES_GAME_SIMULATOR_USEOPT_TRUE;0.6.1;true;;30000;212229;5306
BASE/stateSpaceLarge;PALAMEDES_GAME_SIMULATOR_USEOPT_TRUE;0.6.1;true;;30000;23576;1684
STANFORD/chinook;PALAMEDES_GAME_SIMULATOR_USEOPT_TRUE;0.6.1;true;;30003;8584;214
BASE/buttons;PALAMEDES_GAME_SIMULATOR_USEOPT_TRUE;0.6.1;true;;30000;278575;46429
DRESDEN/max_knights;PALAMEDES_GAME_SIMULATOR_USEOPT_TRUE;0.6.1;true;;30000;13398;2554
DRESDEN/skirmishfinal;PALAMEDES_GAME_SIMULATOR_USEOPT_TRUE;0.6.1;true;;30021;1044;17
DRESDEN/connect5;PALAMEDES_GAME_SIMULATOR_USEOPT_TRUE;0.6.1;true;;30000;5863;118
BASE/hitori;PALAMEDES_GAME_SIMULATOR_USEOPT_TRUE;0.6.1;true;;30000;1016;12
DRESDEN/lightsout2;PALAMEDES_GAME_SIMULATOR_USEOPT_TRUE;0.6.1;true;;30000;21945;1097
BASE/othello-comp2007;PALAMEDES_GAME_SIMULATOR_USEOPT_TRUE;0.6.1;true;;30274;101;1
DRESDEN/nim2;PALAMEDES_GAME_SIMULATOR_USEOPT_TRUE;0.6.1;true;;30000;143674;16163
DRESDEN/vacuumcleaner_random;PALAMEDES_GAME_SIMULATOR_USEOPT_TRUE;0.6.1;true;;30000;57661;9598
BASE/snakeParallel;PALAMEDES_GAME_SIMULATOR_USEOPT_TRUE;0.6.1;true;;30000;50262;10907
DRESDEN/statespacemedium;PALAMEDES_GAME_SIMULATOR_USEOPT_TRUE;0.6.1;true;;30000;69489;7721
BASE/sum15;PALAMEDES_GAME_SIMULATOR_USEOPT_TRUE;0.6.1;true;;30000;68981;9049
DRESDEN/quad;PALAMEDES_GAME_SIMULATOR_USEOPT_TRUE;0.6.1;true;;31140;46;0
DRESDEN/backgammon;PALAMEDES_GAME_SIMULATOR_USEOPT_TRUE;0.6.1;true;;30001;4792;27
BASE/roshambo2;PALAMEDES_GAME_SIMULATOR_USEOPT_TRUE;0.6.1;true;;30000;213168;25088
BASE/2pffa_zerosum;PALAMEDES_GAME_SIMULATOR_USEOPT_TRUE;0.6.1;true;;30000;21064;702
STANFORD/triplesukoshi;PALAMEDES_GAME_SIMULATOR_USEOPT_TRUE;0.6.1;true;;30002;8815;1259
BASE/amazonsSuicide;PALAMEDES_GAME_SIMULATOR_USEOPT_TRUE;0.6.1;true;;30181;18;0
DRESDEN/3pffa;PALAMEDES_GAME_SIMULATOR_USEOPT_TRUE;0.6.1;true;;30000;23997;799
DRESDEN/connect4;PALAMEDES_GAME_SIMULATOR_USEOPT_TRUE;0.6.1;true;;30003;6862;319
DRESDEN/battlesnakes1509;PALAMEDES_GAME_SIMULATOR_USEOPT_TRUE;0.6.1;true;;30001;12885;311
DRESDEN/quarto;PALAMEDES_GAME_SIMULATOR_USEOPT_TRUE;0.6.1;true;;30000;22870;969
DRESDEN/chinesecheckers2;PALAMEDES_GAME_SIMULATOR_USEOPT_TRUE;0.6.1;true;;30000;19826;524
BASE/point_grab;PALAMEDES_GAME_SIMULATOR_USEOPT_TRUE;0.6.1;true;;30000;233427;7780
DRESDEN/tpeg;PALAMEDES_GAME_SIMULATOR_USEOPT_TRUE;0.6.1;true;;30000;10578;873
DRESDEN/breakthroughsuicide;PALAMEDES_GAME_SIMULATOR_USEOPT_TRUE;0.6.1;true;;30002;9718;160
STANFORD/platformjumpers;PALAMEDES_GAME_SIMULATOR_USEOPT_TRUE;0.6.1;true;;30005;5784;112
BASE/blocks2player;PALAMEDES_GAME_SIMULATOR_USEOPT_TRUE;0.6.1;true;;30000;127333;7074
DRESDEN/quartosuicide;PALAMEDES_GAME_SIMULATOR_USEOPT_TRUE;0.6.1;true;;30001;23030;981
BASE/ticTicToe;PALAMEDES_GAME_SIMULATOR_USEOPT_TRUE;0.6.1;true;;30000;43949;8754
STANFORD/alquerquezero;PALAMEDES_GAME_SIMULATOR_USEOPT_TRUE;0.6.1;true;;30002;13192;454
BASE/smallest_4player;PALAMEDES_GAME_SIMULATOR_USEOPT_TRUE;0.6.1;true;;30000;51820;2197
DRESDEN/peg_bugfixed;PALAMEDES_GAME_SIMULATOR_USEOPT_TRUE;0.6.1;true;;30002;9833;406
BASE/othelloSuicide;PALAMEDES_GAME_SIMULATOR_USEOPT_TRUE;0.6.1;true;;30374;98;1
DRESDEN/babel;PALAMEDES_GAME_SIMULATOR_USEOPT_TRUE;0.6.1;true;;30003;5831;291
DRESDEN/pawntoqueen;PALAMEDES_GAME_SIMULATOR_USEOPT_TRUE;0.6.1;true;;30051;462;34
BASE/factoringMutuallyAssuredDestruction;PALAMEDES_GAME_SIMULATOR_USEOPT_TRUE;0.6.1;true;;30000;64318;3215
DRESDEN/kalaha_2009;PALAMEDES_GAME_SIMULATOR_USEOPT_TRUE;0.6.1;true;;30000;38906;469
DRESDEN/chinesecheckers3;PALAMEDES_GAME_SIMULATOR_USEOPT_TRUE;0.6.1;true;;30001;18235;336
DRESDEN/nim4;PALAMEDES_GAME_SIMULATOR_USEOPT_TRUE;0.6.1;true;;30000;109583;8203
STANFORD/skirmish;PALAMEDES_GAME_SIMULATOR_USEOPT_TRUE;0.6.1;true;;30037;664;6
BASE/hanoi7_bugfix;PALAMEDES_GAME_SIMULATOR_USEOPT_TRUE;0.6.1;true;;30000;108027;850
