BASE/doubletictactoe;PALAMEDES_GAME_SIMULATOR_USEOPT_FALSE;0.6.1;true;;30000;16230;1944
BASE/breakthroughSmall;PALAMEDES_GAME_SIMULATOR_USEOPT_FALSE;0.6.1;true;;30003;6826;243
BASE/hexPie;PALAMEDES_GAME_SIMULATOR_USEOPT_FALSE;0.6.1;true;;30004;3169;44
STANFORD/8puzzle;PALAMEDES_GAME_SIMULATOR_USEOPT_FALSE;0.6.1;true;;30000;104280;1738
BASE/tpeg;PALAMEDES_GAME_SIMULATOR_USEOPT_FALSE;0.6.1;true;;30005;2584;207
BASE/othelloHoles;PALAMEDES_GAME_SIMULATOR_USEOPT_FALSE;0.6.1;true;;31440;24;0
DRESDEN/connectfoursuicide;PALAMEDES_GAME_SIMULATOR_USEOPT_FALSE;0.6.1;true;;30001;14512;634
BASE/ruleDepthLinear;PALAMEDES_GAME_SIMULATOR_USEOPT_FALSE;0.6.1;true;;30000;512446;256942
BASE/tictactoe_3d_6player;PALAMEDES_GAME_SIMULATOR_USEOPT_FALSE;0.6.1;true;;30067;621;5
DRESDEN/chomp;PALAMEDES_GAME_SIMULATOR_USEOPT_FALSE;0.6.1;true;;30006;8119;1135
BASE/snake_2008;PALAMEDES_GAME_SIMULATOR_USEOPT_FALSE;0.6.1;true;;30001;13407;813
BASE/ticTacToeLargeSuicide;PALAMEDES_GAME_SIMULATOR_USEOPT_FALSE;0.6.1;true;;30000;18958;798
BASE/tictactoe_3d_2player;PALAMEDES_GAME_SIMULATOR_USEOPT_FALSE;0.6.1;true;;30006;1802;50
BASE/kalaha_2009;PALAMEDES_GAME_SIMULATOR_USEOPT_FALSE;0.6.1;true;;30000;28469;341
BASE/coins_atomic;PALAMEDES_GAME_SIMULATOR_USEOPT_FALSE;0.6.1;true;;30001;2115;849
DRESDEN/3qbf-5cnf-20var-40cl.1.qdimacs.SAT;PALAMEDES_GAME_SIMULATOR_USEOPT_FALSE;0.6.1;true;;30001;19830;339
DRESDEN/golden_rectangle;PALAMEDES_GAME_SIMULATOR_USEOPT_FALSE;0.6.1;true;;44348;0;0
DRESDEN/sat_test_20v_91c_version2;PALAMEDES_GAME_SIMULATOR_USEOPT_FALSE;0.6.1;true;;30000;11281;564
DRESDEN/crossers3;PALAMEDES_GAME_SIMULATOR_USEOPT_FALSE;0.6.1;true;;30000;7917;598
DRESDEN/god;PALAMEDES_GAME_SIMULATOR_USEOPT_FALSE;0.6.1;true;;72786;30;1
DRESDEN/twisty-passages;PALAMEDES_GAME_SIMULATOR_USEOPT_FALSE;0.6.1;true;;30000;29782;149
BASE/gt_coordination;PALAMEDES_GAME_SIMULATOR_USEOPT_FALSE;0.6.1;true;;30000;72995;3649
DRESDEN/CatchMeIfYouCanTest;PALAMEDES_GAME_SIMULATOR_USEOPT_FALSE;0.6.1;true;;30000;80580;2445
BASE/3pConnectFour;PALAMEDES_GAME_SIMULATOR_USEOPT_FALSE;0.6.1;true;;30001;8646;244
DRESDEN/logistics;PALAMEDES_GAME_SIMULATOR_USEOPT_FALSE;0.6.1;true;;30000;32267;645
BASE/firefighter;PALAMEDES_GAME_SIMULATOR_USEOPT_FALSE;0.6.1;true;;30000;153973;3481
BASE/choicethroughalt;PALAMEDES_GAME_SIMULATOR_USEOPT_FALSE;0.6.1;true;;30003;2801;74
DRESDEN/bidding-tictactoe_10coins;PALAMEDES_GAME_SIMULATOR_USEOPT_FALSE;0.6.1;true;;30010;2459;163
DRESDEN/tictactoex9;PALAMEDES_GAME_SIMULATOR_USEOPT_FALSE;0.6.1;true;;30002;8803;297
DRESDEN/chickentoetictac;PALAMEDES_GAME_SIMULATOR_USEOPT_FALSE;0.6.1;true;;30000;120607;16955
BASE/numbertictactoe;PALAMEDES_GAME_SIMULATOR_USEOPT_FALSE;0.6.1;true;;30002;25138;3133
BASE/blocksWorldParallel;PALAMEDES_GAME_SIMULATOR_USEOPT_FALSE;0.6.1;true;;30003;7267;2422
BASE/blocker;PALAMEDES_GAME_SIMULATOR_USEOPT_FALSE;0.6.1;true;;30000;70022;8885
DRESDEN/tictactoe_orthogonal;PALAMEDES_GAME_SIMULATOR_USEOPT_FALSE;0.6.1;true;;30000;99745;12445
DRESDEN/chinesecheckers1;PALAMEDES_GAME_SIMULATOR_USEOPT_FALSE;0.6.1;true;;30000;21817;765
DRESDEN/battlebrushes;PALAMEDES_GAME_SIMULATOR_USEOPT_FALSE;0.6.1;true;;30009;1046;55
DRESDEN/grid_game;PALAMEDES_GAME_SIMULATOR_USEOPT_FALSE;0.6.1;true;;30000;16669;475
BASE/simultaneousWin2;PALAMEDES_GAME_SIMULATOR_USEOPT_FALSE;0.6.1;true;;30082;445;4
BASE/bunk_t;PALAMEDES_GAME_SIMULATOR_USEOPT_FALSE;0.6.1;true;;30000;16747;1996
DRESDEN/buttons;PALAMEDES_GAME_SIMULATOR_USEOPT_FALSE;0.6.1;true;;30000;421843;70307
BASE/ticTacHeavenFC;PALAMEDES_GAME_SIMULATOR_USEOPT_FALSE;0.6.1;true;;30110;3326;124
BASE/duplicateStateLarge;PALAMEDES_GAME_SIMULATOR_USEOPT_FALSE;0.6.1;true;;30000;8176;584
DRESDEN/tictictoe;PALAMEDES_GAME_SIMULATOR_USEOPT_FALSE;0.6.1;true;;30000;52934;10531
DRESDEN/3qbf-5cnf-20var-40cl.2.qdimacs.SAT;PALAMEDES_GAME_SIMULATOR_USEOPT_FALSE;0.6.1;true;;30000;20961;359
DRESDEN/guess;PALAMEDES_GAME_SIMULATOR_USEOPT_FALSE;0.6.1;true;;30156;133;14
DRESDEN/cubicup;PALAMEDES_GAME_SIMULATOR_USEOPT_FALSE;0.6.1;true;;30008;2727;48
BASE/wallmaze;PALAMEDES_GAME_SIMULATOR_USEOPT_FALSE;0.6.1;true;;30000;6660;229
DRESDEN/troublemaker01;PALAMEDES_GAME_SIMULATOR_USEOPT_FALSE;0.6.1;true;;30000;612664;204166
DRESDEN/double_tictactoe_dengji;PALAMEDES_GAME_SIMULATOR_USEOPT_FALSE;0.6.1;true;;30001;15111;1056
BASE/circlesolitaire;PALAMEDES_GAME_SIMULATOR_USEOPT_FALSE;0.6.1;true;;30000;123845;12052
DRESDEN/endgame;PALAMEDES_GAME_SIMULATOR_USEOPT_FALSE;0.6.1;true;;30000;3155;225
BASE/beatMania;PALAMEDES_GAME_SIMULATOR_USEOPT_FALSE;0.6.1;true;;30000;88996;1483
BASE/minichess;PALAMEDES_GAME_SIMULATOR_USEOPT_FALSE;0.6.1;true;;30000;16659;5553
DRESDEN/knightstour;PALAMEDES_GAME_SIMULATOR_USEOPT_FALSE;0.6.1;true;;30000;62155;12789
BASE/peg;PALAMEDES_GAME_SIMULATOR_USEOPT_FALSE;0.6.1;true;;30000;2373;98
BASE/snake_2009;PALAMEDES_GAME_SIMULATOR_USEOPT_FALSE;0.6.1;true;;30000;14380;907
DRESDEN/Goldrush;PALAMEDES_GAME_SIMULATOR_USEOPT_FALSE;0.6.1;true;;30030;921;120
DRESDEN/3qbf-5cnf-20var-40cl.0.qdimacs;PALAMEDES_GAME_SIMULATOR_USEOPT_FALSE;0.6.1;true;;30000;20961;356
BASE/coins;PALAMEDES_GAME_SIMULATOR_USEOPT_FALSE;0.6.1;true;;30002;2335;938
DRESDEN/chinesecheckers6-simultaneous;PALAMEDES_GAME_SIMULATOR_USEOPT_FALSE;0.6.1;true;;30003;2599;116
DRESDEN/troublemaker02;PALAMEDES_GAME_SIMULATOR_USEOPT_FALSE;0.6.1;true;;30000;533323;177491
BASE/hodgepodge;PALAMEDES_GAME_SIMULATOR_USEOPT_FALSE;0.6.1;true;;30000;146732;146732
BASE/lightsOnParallel;PALAMEDES_GAME_SIMULATOR_USEOPT_FALSE;0.6.1;true;;30000;56398;2846
BASE/gt_ultimatum;PALAMEDES_GAME_SIMULATOR_USEOPT_FALSE;0.6.1;true;;30033;406;20
BASE/chineseCheckers6;PALAMEDES_GAME_SIMULATOR_USEOPT_FALSE;0.6.1;true;;30001;14271;237
BASE/connectFourSuicide;PALAMEDES_GAME_SIMULATOR_USEOPT_FALSE;0.6.1;true;;30000;14410;647
DRESDEN/tictactoe_3d_small_6player;PALAMEDES_GAME_SIMULATOR_USEOPT_FALSE;0.6.1;true;;30001;2169;61
DRESDEN/hanoi7_bugfix;PALAMEDES_GAME_SIMULATOR_USEOPT_FALSE;0.6.1;true;;30000;24049;189
BASE/gt_two_thirds_6p;PALAMEDES_GAME_SIMULATOR_USEOPT_FALSE;0.6.1;false;Exception of type NullPointerException;0;0;0
BASE/nim4;PALAMEDES_GAME_SIMULATOR_USEOPT_FALSE;0.6.1;true;;30002;620;47
BASE/nim3;PALAMEDES_GAME_SIMULATOR_USEOPT_FALSE;0.6.1;true;;30056;643;47
BASE/mummymaze1p;PALAMEDES_GAME_SIMULATOR_USEOPT_FALSE;0.6.1;true;;30007;2412;461
BASE/quarto;PALAMEDES_GAME_SIMULATOR_USEOPT_FALSE;0.6.1;true;;30003;6510;280
BASE/hallway;PALAMEDES_GAME_SIMULATOR_USEOPT_FALSE;0.6.1;true;;30001;6688;222
BASE/reversi;PALAMEDES_GAME_SIMULATOR_USEOPT_FALSE;0.6.1;true;;30074;58;0
BASE/checkersBarrelNoKings;PALAMEDES_GAME_SIMULATOR_USEOPT_FALSE;0.6.1;true;;30000;5090;81
BASE/factoringMediumTurtleBrain;PALAMEDES_GAME_SIMULATOR_USEOPT_FALSE;0.6.1;true;;30001;19175;228
DRESDEN/skirmish;PALAMEDES_GAME_SIMULATOR_USEOPT_FALSE;0.6.1;true;;30001;1718;42
BASE/bomberman2p;PALAMEDES_GAME_SIMULATOR_USEOPT_FALSE;0.6.1;true;;30000;28346;3610
BASE/catcha_mouse;PALAMEDES_GAME_SIMULATOR_USEOPT_FALSE;0.6.1;true;;30001;13362;1001
STANFORD/trifecta;PALAMEDES_GAME_SIMULATOR_USEOPT_FALSE;0.6.1;true;;30000;75461;9870
BASE/sudokuGrade6H;PALAMEDES_GAME_SIMULATOR_USEOPT_FALSE;0.6.1;true;;30070;51;0
STANFORD/hex;PALAMEDES_GAME_SIMULATOR_USEOPT_FALSE;0.6.1;true;;30005;3357;47
BASE/ttcc4_2player;PALAMEDES_GAME_SIMULATOR_USEOPT_FALSE;0.6.1;true;;30003;2815;69
BASE/kalaha6x2x4;PALAMEDES_GAME_SIMULATOR_USEOPT_FALSE;0.6.1;true;;30000;32773;173
DRESDEN/slidingpieces;PALAMEDES_GAME_SIMULATOR_USEOPT_FALSE;0.6.1;true;;30009;1430;17
DRESDEN/connectfour;PALAMEDES_GAME_SIMULATOR_USEOPT_FALSE;0.6.1;true;;30002;14441;649
BASE/breakthrough;PALAMEDES_GAME_SIMULATOR_USEOPT_FALSE;0.6.1;true;;30005;4513;72
BASE/checkers;PALAMEDES_GAME_SIMULATOR_USEOPT_FALSE;0.6.1;true;;30022;806;7
BASE/ttcc4;PALAMEDES_GAME_SIMULATOR_USEOPT_FALSE;0.6.1;true;;30009;3727;133
DRESDEN/Zhadu;PALAMEDES_GAME_SIMULATOR_USEOPT_FALSE;0.6.1;true;;30169;122;3
BASE/crissrace;PALAMEDES_GAME_SIMULATOR_USEOPT_FALSE;0.6.1;true;;30001;6238;139
DRESDEN/roshambo2;PALAMEDES_GAME_SIMULATOR_USEOPT_FALSE;0.6.1;true;;30000;212659;25029
BASE/ticTacToeParallel;PALAMEDES_GAME_SIMULATOR_USEOPT_FALSE;0.6.1;true;;30001;19267;2776
DRESDEN/ggp-course2013_jordi;PALAMEDES_GAME_SIMULATOR_USEOPT_FALSE;0.6.1;true;;30000;1101;34
BASE/snakeAssemblit;PALAMEDES_GAME_SIMULATOR_USEOPT_FALSE;0.6.1;true;;30003;6291;767
BASE/slaughter;PALAMEDES_GAME_SIMULATOR_USEOPT_FALSE;0.6.1;true;;30075;65;0
DRESDEN/aipsrovers01;PALAMEDES_GAME_SIMULATOR_USEOPT_FALSE;0.6.1;true;;30000;22876;790
DRESDEN/checkers-cylinder-mustjump;PALAMEDES_GAME_SIMULATOR_USEOPT_FALSE;0.6.1;true;;30400;66;1
DRESDEN/gt_prisoner;PALAMEDES_GAME_SIMULATOR_USEOPT_FALSE;0.6.1;true;;30000;41139;2056
DRESDEN/lightson2x2;PALAMEDES_GAME_SIMULATOR_USEOPT_FALSE;0.6.1;true;;30000;104603;10460
DRESDEN/eotcatcit;PALAMEDES_GAME_SIMULATOR_USEOPT_FALSE;0.6.1;true;;30000;76557;10010
BASE/checkersTiny;PALAMEDES_GAME_SIMULATOR_USEOPT_FALSE;0.6.1;true;;30008;2588;39
BASE/checkersTorus;PALAMEDES_GAME_SIMULATOR_USEOPT_FALSE;0.6.1;true;;30005;4065;66
BASE/nim1;PALAMEDES_GAME_SIMULATOR_USEOPT_FALSE;0.6.1;true;;30005;665;96
STANFORD/selectivesukoshi;PALAMEDES_GAME_SIMULATOR_USEOPT_FALSE;0.6.1;true;;33605;308;10
BASE/sudokuGrade6E;PALAMEDES_GAME_SIMULATOR_USEOPT_FALSE;0.6.1;true;;30047;46;1
BASE/nineBoardTicTacToePie;PALAMEDES_GAME_SIMULATOR_USEOPT_FALSE;0.6.1;true;;30005;4349;145
BASE/speedChess;PALAMEDES_GAME_SIMULATOR_USEOPT_FALSE;0.6.1;true;;30022;1374;11
STANFORD/untwistycomplex;PALAMEDES_GAME_SIMULATOR_USEOPT_FALSE;0.6.1;true;;30000;151313;16812
DRESDEN/uf20-010.cnf.SAT;PALAMEDES_GAME_SIMULATOR_USEOPT_FALSE;0.6.1;true;;30001;11589;579
BASE/hanoi_6_disks;PALAMEDES_GAME_SIMULATOR_USEOPT_FALSE;0.6.1;true;;30000;31818;8951
BASE/quad_5x5;PALAMEDES_GAME_SIMULATOR_USEOPT_FALSE;0.6.1;true;;32585;16;1
BASE/3pttc;PALAMEDES_GAME_SIMULATOR_USEOPT_FALSE;0.6.1;true;;30003;7968;274
BASE/quad;PALAMEDES_GAME_SIMULATOR_USEOPT_FALSE;0.6.1;true;;31221;31;0
DRESDEN/pawn_whopping;PALAMEDES_GAME_SIMULATOR_USEOPT_FALSE;0.6.1;true;;30000;9810;269
STANFORD/threepuzzle;PALAMEDES_GAME_SIMULATOR_USEOPT_FALSE;0.6.1;true;;30000;229761;38293
BASE/factoringImpossibleTurtleBrain;PALAMEDES_GAME_SIMULATOR_USEOPT_FALSE;0.6.1;true;;30124;9;0
DRESDEN/checkers-mustjump-torus;PALAMEDES_GAME_SIMULATOR_USEOPT_FALSE;0.6.1;true;;30193;54;1
DRESDEN/tictactoe;PALAMEDES_GAME_SIMULATOR_USEOPT_FALSE;0.6.1;true;;30000;82790;10860
BASE/knightazons;PALAMEDES_GAME_SIMULATOR_USEOPT_FALSE;0.6.1;true;;30008;1607;24
BASE/nim2;PALAMEDES_GAME_SIMULATOR_USEOPT_FALSE;0.6.1;true;;30013;652;70
BASE/factoringEasyTurtleBrain;PALAMEDES_GAME_SIMULATOR_USEOPT_FALSE;0.6.1;true;;30000;75943;1265
BASE/blocks;PALAMEDES_GAME_SIMULATOR_USEOPT_FALSE;0.6.1;true;;30000;293612;97870
BASE/max_knights;PALAMEDES_GAME_SIMULATOR_USEOPT_FALSE;0.6.1;true;;30003;9581;1799
BASE/checkers-mustjump;PALAMEDES_GAME_SIMULATOR_USEOPT_FALSE;0.6.1;true;;30171;124;2
BASE/blocksWorld;PALAMEDES_GAME_SIMULATOR_USEOPT_FALSE;0.6.1;true;;30000;286173;95391
DRESDEN/ggp-course2013_michal13;PALAMEDES_GAME_SIMULATOR_USEOPT_FALSE;0.6.1;true;;30057;55;1
BASE/connectFourLarger;PALAMEDES_GAME_SIMULATOR_USEOPT_FALSE;0.6.1;true;;30000;4601;141
DRESDEN/stratego;PALAMEDES_GAME_SIMULATOR_USEOPT_FALSE;0.6.1;true;;30004;8763;215
DRESDEN/gt_chicken;PALAMEDES_GAME_SIMULATOR_USEOPT_FALSE;0.6.1;true;;30000;37010;1850
DRESDEN/uf20-010.cnf.SAT.satlike;PALAMEDES_GAME_SIMULATOR_USEOPT_FALSE;0.6.1;true;;41467;20;1
BASE/gt_two_thirds_4p;PALAMEDES_GAME_SIMULATOR_USEOPT_FALSE;0.6.1;false;Exception of type NullPointerException;0;0;0
BASE/factoringGeorgeForman;PALAMEDES_GAME_SIMULATOR_USEOPT_FALSE;0.6.1;true;;30000;80162;1705
BASE/strangeSkirmish;PALAMEDES_GAME_SIMULATOR_USEOPT_FALSE;0.6.1;true;;30078;156;1
BASE/hex;PALAMEDES_GAME_SIMULATOR_USEOPT_FALSE;0.6.1;true;;30008;3395;47
BASE/biddingTicTacToe_10coins;PALAMEDES_GAME_SIMULATOR_USEOPT_FALSE;0.6.1;true;;30004;2433;163
DRESDEN/javastrike;PALAMEDES_GAME_SIMULATOR_USEOPT_FALSE;0.6.1;true;;30015;1679;3
BASE/amazons_8x8;PALAMEDES_GAME_SIMULATOR_USEOPT_FALSE;0.6.1;true;;30003;2262;24
DRESDEN/doubletoetictac;PALAMEDES_GAME_SIMULATOR_USEOPT_FALSE;0.6.1;true;;30001;17282;2078
BASE/ticTacToe;PALAMEDES_GAME_SIMULATOR_USEOPT_FALSE;0.6.1;true;;30000;82456;10836
BASE/connectFour;PALAMEDES_GAME_SIMULATOR_USEOPT_FALSE;0.6.1;true;;30000;14454;657
DRESDEN/uf20-020.cnf.SAT.satlike;PALAMEDES_GAME_SIMULATOR_USEOPT_FALSE;0.6.1;true;;80093;20;1
DRESDEN/minichess-evilconjuncts;PALAMEDES_GAME_SIMULATOR_USEOPT_FALSE;0.6.1;true;;30010;1940;221
BASE/4pffa;PALAMEDES_GAME_SIMULATOR_USEOPT_FALSE;0.6.1;true;;30000;8010;200
BASE/dotsAndBoxes;PALAMEDES_GAME_SIMULATOR_USEOPT_FALSE;0.6.1;true;;30000;8573;142
BASE/skirmishHoles;PALAMEDES_GAME_SIMULATOR_USEOPT_FALSE;0.6.1;true;;30026;200;2
STANFORD/tictactoe3;PALAMEDES_GAME_SIMULATOR_USEOPT_FALSE;0.6.1;true;;30000;45896;17200
BASE/four_way_battle;PALAMEDES_GAME_SIMULATOR_USEOPT_FALSE;0.6.1;true;;30041;520;17
DRESDEN/tttcc4;PALAMEDES_GAME_SIMULATOR_USEOPT_FALSE;0.6.1;true;;30001;3632;129
BASE/knightsTourLarge;PALAMEDES_GAME_SIMULATOR_USEOPT_FALSE;0.6.1;true;;30000;37488;6239
BASE/amazons;PALAMEDES_GAME_SIMULATOR_USEOPT_FALSE;0.6.1;true;;32102;5;0
STANFORD/multiplesukoshi;PALAMEDES_GAME_SIMULATOR_USEOPT_FALSE;0.6.1;true;;30050;554;12
BASE/toetictac;PALAMEDES_GAME_SIMULATOR_USEOPT_FALSE;0.6.1;true;;30000;147475;19335
DRESDEN/fizzbuzz;PALAMEDES_GAME_SIMULATOR_USEOPT_FALSE;0.6.1;true;;30035;267;8
DRESDEN/quad_5x5_8_2;PALAMEDES_GAME_SIMULATOR_USEOPT_FALSE;0.6.1;true;;31710;38;2
DRESDEN/cubicup_3player;PALAMEDES_GAME_SIMULATOR_USEOPT_FALSE;0.6.1;true;;30013;1091;12
DRESDEN/bidding-tictactoe;PALAMEDES_GAME_SIMULATOR_USEOPT_FALSE;0.6.1;true;;30002;10657;725
BASE/blokbox_simple;PALAMEDES_GAME_SIMULATOR_USEOPT_FALSE;0.6.1;true;;47175;2;0
DRESDEN/Catch-Me-If-You-Can;PALAMEDES_GAME_SIMULATOR_USEOPT_FALSE;0.6.1;true;;30000;80585;2367
DRESDEN/catch_me;PALAMEDES_GAME_SIMULATOR_USEOPT_FALSE;0.6.1;true;;30000;79789;2324
BASE/untwistycomplex2;PALAMEDES_GAME_SIMULATOR_USEOPT_FALSE;0.6.1;true;;30000;464907;66415
DRESDEN/8puzzle;PALAMEDES_GAME_SIMULATOR_USEOPT_FALSE;0.6.1;true;;30000;102153;1702
BASE/2pttc;PALAMEDES_GAME_SIMULATOR_USEOPT_FALSE;0.6.1;true;;30001;7480;275
DRESDEN/quad_7x7;PALAMEDES_GAME_SIMULATOR_USEOPT_FALSE;0.6.1;true;;30397;60;1
DRESDEN/four_way_battle;PALAMEDES_GAME_SIMULATOR_USEOPT_FALSE;0.6.1;true;;30014;542;15
BASE/englishDraughts;PALAMEDES_GAME_SIMULATOR_USEOPT_FALSE;0.6.1;true;;30008;4040;63
BASE/cylinder-checkers;PALAMEDES_GAME_SIMULATOR_USEOPT_FALSE;0.6.1;true;;30000;561;5
STANFORD/jointbuttonsandlights;PALAMEDES_GAME_SIMULATOR_USEOPT_FALSE;0.6.1;true;;30000;133000;23069
BASE/blobwars;PALAMEDES_GAME_SIMULATOR_USEOPT_FALSE;0.6.1;true;;30006;2988;74
BASE/skirmishZeroSum;PALAMEDES_GAME_SIMULATOR_USEOPT_FALSE;0.6.1;true;;30023;1342;13
BASE/breakthroughSmallHoles;PALAMEDES_GAME_SIMULATOR_USEOPT_FALSE;0.6.1;true;;30003;9458;363
BASE/asteroidsParallel;PALAMEDES_GAME_SIMULATOR_USEOPT_FALSE;0.6.1;true;;30000;56489;1285
STANFORD/hunter;PALAMEDES_GAME_SIMULATOR_USEOPT_FALSE;0.6.1;true;;30000;84774;6055
STANFORD/tictactoe5;PALAMEDES_GAME_SIMULATOR_USEOPT_FALSE;0.6.1;true;;30000;58552;16123
DRESDEN/racer4;PALAMEDES_GAME_SIMULATOR_USEOPT_FALSE;0.6.1;true;;30632;21;0
STANFORD/knightstour;PALAMEDES_GAME_SIMULATOR_USEOPT_FALSE;0.6.1;true;;30000;68264;14046
BASE/chickentictactoe;PALAMEDES_GAME_SIMULATOR_USEOPT_FALSE;0.6.1;true;;30000;66313;9302
BASE/dualConnect4;PALAMEDES_GAME_SIMULATOR_USEOPT_FALSE;0.6.1;true;;30000;9676;317
DRESDEN/capture_the_king;PALAMEDES_GAME_SIMULATOR_USEOPT_FALSE;0.6.1;true;;30007;484;7
BASE/tictactoe_3d_small_2player;PALAMEDES_GAME_SIMULATOR_USEOPT_FALSE;0.6.1;true;;30010;6798;552
DRESDEN/cylinder-checkers;PALAMEDES_GAME_SIMULATOR_USEOPT_FALSE;0.6.1;true;;30021;547;5
DRESDEN/knightthrough;PALAMEDES_GAME_SIMULATOR_USEOPT_FALSE;0.6.1;true;;30002;4292;136
BASE/minichess-evilconjuncts;PALAMEDES_GAME_SIMULATOR_USEOPT_FALSE;0.6.1;true;;30000;2013;228
BASE/merrills;PALAMEDES_GAME_SIMULATOR_USEOPT_FALSE;0.6.1;true;;30278;95;1
BASE/pawnWhopping;PALAMEDES_GAME_SIMULATOR_USEOPT_FALSE;0.6.1;true;;30001;8638;254
BASE/ticTacToeNoVars;PALAMEDES_GAME_SIMULATOR_USEOPT_FALSE;0.6.1;true;;30000;29193;3833
BASE/checkersTorusNoKings;PALAMEDES_GAME_SIMULATOR_USEOPT_FALSE;0.6.1;true;;30009;4485;71
BASE/dotsAndBoxesSuicide;PALAMEDES_GAME_SIMULATOR_USEOPT_FALSE;0.6.1;true;;30001;8956;149
BASE/alexChess;PALAMEDES_GAME_SIMULATOR_USEOPT_FALSE;0.6.1;false;Exception of type StackOverflowError;0;0;0
BASE/racer;PALAMEDES_GAME_SIMULATOR_USEOPT_FALSE;0.6.1;true;;33317;3;0
BASE/gt_two_thirds_2p;PALAMEDES_GAME_SIMULATOR_USEOPT_FALSE;0.6.1;false;Exception of type NullPointerException;0;0;0
DRESDEN/vacuumcleaner_obstacles_1;PALAMEDES_GAME_SIMULATOR_USEOPT_FALSE;0.6.1;true;;30000;35366;5899
STANFORD/dualhunter;PALAMEDES_GAME_SIMULATOR_USEOPT_FALSE;0.6.1;true;;30000;34461;2461
BASE/ttcc4_2player_small;PALAMEDES_GAME_SIMULATOR_USEOPT_FALSE;0.6.1;true;;30000;7497;510
BASE/onestep;PALAMEDES_GAME_SIMULATOR_USEOPT_FALSE;0.6.1;true;;30000;1115156;1115156
BASE/chineseCheckers3;PALAMEDES_GAME_SIMULATOR_USEOPT_FALSE;0.6.1;true;;30000;23317;431
DRESDEN/merrills;PALAMEDES_GAME_SIMULATOR_USEOPT_FALSE;0.6.1;true;;30454;92;1
STANFORD/tictactoe7;PALAMEDES_GAME_SIMULATOR_USEOPT_FALSE;0.6.1;true;;30000;66363;12010
DRESDEN/smallest;PALAMEDES_GAME_SIMULATOR_USEOPT_FALSE;0.6.1;true;;30005;1457;61
BASE/ticTacToeSerial;PALAMEDES_GAME_SIMULATOR_USEOPT_FALSE;0.6.1;true;;30002;4862;320
DRESDEN/tictactoe_3d_small_2player;PALAMEDES_GAME_SIMULATOR_USEOPT_FALSE;0.6.1;true;;30009;6918;559
BASE/knightThrough;PALAMEDES_GAME_SIMULATOR_USEOPT_FALSE;0.6.1;true;;30005;4429;135
BASE/colonelBlottoVariant;PALAMEDES_GAME_SIMULATOR_USEOPT_FALSE;0.6.1;true;;30045;273;27
DRESDEN/snake_2009_big;PALAMEDES_GAME_SIMULATOR_USEOPT_FALSE;0.6.1;true;;30000;11871;685
BASE/ad_game_2x2;PALAMEDES_GAME_SIMULATOR_USEOPT_FALSE;0.6.1;true;;34125;3;1
BASE/qyshinsu;PALAMEDES_GAME_SIMULATOR_USEOPT_FALSE;0.6.1;true;;30014;1852;81
STANFORD/multiplebuttonsandlights;PALAMEDES_GAME_SIMULATOR_USEOPT_FALSE;0.6.1;true;;30000;265380;44230
DRESDEN/racer;PALAMEDES_GAME_SIMULATOR_USEOPT_FALSE;0.6.1;true;;35403;3;0
BASE/chineseCheckers4;PALAMEDES_GAME_SIMULATOR_USEOPT_FALSE;0.6.1;true;;30001;9091;157
DRESDEN/ticblock;PALAMEDES_GAME_SIMULATOR_USEOPT_FALSE;0.6.1;true;;30001;12331;746
DRESDEN/mimikry;PALAMEDES_GAME_SIMULATOR_USEOPT_FALSE;0.6.1;true;;30004;6053;251
DRESDEN/tictactoe-init1;PALAMEDES_GAME_SIMULATOR_USEOPT_FALSE;0.6.1;true;;30000;71864;20531
DRESDEN/hallway;PALAMEDES_GAME_SIMULATOR_USEOPT_FALSE;0.6.1;true;;30007;6548;218
DRESDEN/blobwars;PALAMEDES_GAME_SIMULATOR_USEOPT_FALSE;0.6.1;true;;30000;3060;76
DRESDEN/knightmove;PALAMEDES_GAME_SIMULATOR_USEOPT_FALSE;0.6.1;true;;30006;3519;101
DRESDEN/quad_5x5;PALAMEDES_GAME_SIMULATOR_USEOPT_FALSE;0.6.1;true;;30057;27;1
BASE/pancakes;PALAMEDES_GAME_SIMULATOR_USEOPT_FALSE;0.6.1;true;;30000;332148;8373
BASE/pentago;PALAMEDES_GAME_SIMULATOR_USEOPT_FALSE;0.6.1;true;;30004;2093;39
DRESDEN/kitten_escapes_from_fire;PALAMEDES_GAME_SIMULATOR_USEOPT_FALSE;0.6.1;true;;30000;25310;3059
BASE/snake2p;PALAMEDES_GAME_SIMULATOR_USEOPT_FALSE;0.6.1;true;;30001;4070;3052
STANFORD/dualrainbow;PALAMEDES_GAME_SIMULATOR_USEOPT_FALSE;0.6.1;false;Exception of type NullPointerException;0;0;0
STANFORD/connectfour;PALAMEDES_GAME_SIMULATOR_USEOPT_FALSE;0.6.1;true;;30003;14226;641
DRESDEN/checkers-suicide-cylinder-mustjump;PALAMEDES_GAME_SIMULATOR_USEOPT_FALSE;0.6.1;true;;30004;74;1
BASE/laikLee_hex;PALAMEDES_GAME_SIMULATOR_USEOPT_FALSE;0.6.1;true;;32842;113;5
BASE/cubicup_3player;PALAMEDES_GAME_SIMULATOR_USEOPT_FALSE;0.6.1;true;;30018;1061;12
BASE/gt_chicken;PALAMEDES_GAME_SIMULATOR_USEOPT_FALSE;0.6.1;true;;30000;36172;1808
BASE/chineseCheckers1;PALAMEDES_GAME_SIMULATOR_USEOPT_FALSE;0.6.1;true;;30000;40102;1406
STANFORD/nineboardtictactoe;PALAMEDES_GAME_SIMULATOR_USEOPT_FALSE;0.6.1;true;;30002;4244;141
BASE/haystack;PALAMEDES_GAME_SIMULATOR_USEOPT_FALSE;0.6.1;true;;30000;958209;319127
BASE/crossers3;PALAMEDES_GAME_SIMULATOR_USEOPT_FALSE;0.6.1;true;;30012;7699;587
DRESDEN/3pttc;PALAMEDES_GAME_SIMULATOR_USEOPT_FALSE;0.6.1;true;;30001;14743;504
STANFORD/checkersonabarrelnokings;PALAMEDES_GAME_SIMULATOR_USEOPT_FALSE;0.6.1;true;;30002;4874;75
BASE/gt_centipede;PALAMEDES_GAME_SIMULATOR_USEOPT_FALSE;0.6.1;true;;30000;270923;135353
DRESDEN/knightazons;PALAMEDES_GAME_SIMULATOR_USEOPT_FALSE;0.6.1;true;;30007;1626;24
DRESDEN/Thief_Police;PALAMEDES_GAME_SIMULATOR_USEOPT_FALSE;0.6.1;true;;30000;79718;2355
BASE/knightsTour;PALAMEDES_GAME_SIMULATOR_USEOPT_FALSE;0.6.1;true;;30000;76206;15653
BASE/quad_7x7;PALAMEDES_GAME_SIMULATOR_USEOPT_FALSE;0.6.1;true;;66182;34;1
BASE/aipsrovers01;PALAMEDES_GAME_SIMULATOR_USEOPT_FALSE;0.6.1;true;;30000;23190;801
DRESDEN/racetrackcorridor;PALAMEDES_GAME_SIMULATOR_USEOPT_FALSE;0.6.1;true;;30000;25308;1424
DRESDEN/ghostmaze2p;PALAMEDES_GAME_SIMULATOR_USEOPT_FALSE;0.6.1;true;;30000;52458;1084
DRESDEN/crisscross;PALAMEDES_GAME_SIMULATOR_USEOPT_FALSE;0.6.1;true;;30002;8124;314
DRESDEN/checkers;PALAMEDES_GAME_SIMULATOR_USEOPT_FALSE;0.6.1;true;;30027;787;7
DRESDEN/toetictac;PALAMEDES_GAME_SIMULATOR_USEOPT_FALSE;0.6.1;true;;30000;150999;19792
DRESDEN/grid_game2;PALAMEDES_GAME_SIMULATOR_USEOPT_FALSE;0.6.1;true;;30003;270;5
DRESDEN/vacuumcleaner_random_big;PALAMEDES_GAME_SIMULATOR_USEOPT_FALSE;0.6.1;true;;30000;7956;1322
BASE/chineseCheckers2;PALAMEDES_GAME_SIMULATOR_USEOPT_FALSE;0.6.1;true;;30000;28692;762
DRESDEN/tictactoe_3player;PALAMEDES_GAME_SIMULATOR_USEOPT_FALSE;0.6.1;true;;30000;13732;680
BASE/colonelBlotto;PALAMEDES_GAME_SIMULATOR_USEOPT_FALSE;0.6.1;false;Test process timed out after 240 seconds;0;0;0
BASE/mummyMaze2p_2007;PALAMEDES_GAME_SIMULATOR_USEOPT_FALSE;0.6.1;true;;30000;18105;384
BASE/breakthroughSuicide;PALAMEDES_GAME_SIMULATOR_USEOPT_FALSE;0.6.1;true;;30006;4605;71
BASE/skirmishNew;PALAMEDES_GAME_SIMULATOR_USEOPT_FALSE;0.6.1;true;;30006;1378;13
BASE/endgame;PALAMEDES_GAME_SIMULATOR_USEOPT_FALSE;0.6.1;true;;30001;4019;287
DRESDEN/vacuumcleaner_obstacles_5;PALAMEDES_GAME_SIMULATOR_USEOPT_FALSE;0.6.1;true;;30821;394;67
DRESDEN/blocker;PALAMEDES_GAME_SIMULATOR_USEOPT_FALSE;0.6.1;true;;30000;70351;8925
STANFORD/knightstourbig;PALAMEDES_GAME_SIMULATOR_USEOPT_FALSE;0.6.1;true;;30000;32118;5535
BASE/twisty-passages;PALAMEDES_GAME_SIMULATOR_USEOPT_FALSE;0.6.1;true;;30000;29987;150
DRESDEN/pentago_2008;PALAMEDES_GAME_SIMULATOR_USEOPT_FALSE;0.6.1;true;;30026;1927;34
BASE/tictactoe_orthogonal;PALAMEDES_GAME_SIMULATOR_USEOPT_FALSE;0.6.1;true;;30000;99389;12423
BASE/colonelBlottoVariant2;PALAMEDES_GAME_SIMULATOR_USEOPT_FALSE;0.6.1;true;;30121;100;20
BASE/troublemaker01;PALAMEDES_GAME_SIMULATOR_USEOPT_FALSE;0.6.1;true;;30000;598619;199627
BASE/eightPuzzle;PALAMEDES_GAME_SIMULATOR_USEOPT_FALSE;0.6.1;true;;30000;103775;1729
DRESDEN/3qbf-5cnf-20var-40cl.2.qdimacs.satlike;PALAMEDES_GAME_SIMULATOR_USEOPT_FALSE;0.6.1;true;;30279;14827;255
BASE/blockerSerial;PALAMEDES_GAME_SIMULATOR_USEOPT_FALSE;0.6.1;true;;30005;4298;270
DRESDEN/farmers;PALAMEDES_GAME_SIMULATOR_USEOPT_FALSE;0.6.1;true;;30043;218;21
DRESDEN/vacuumcleaner_obstacles_6;PALAMEDES_GAME_SIMULATOR_USEOPT_FALSE;0.6.1;true;;30256;476;76
BASE/sudokuGrade3;PALAMEDES_GAME_SIMULATOR_USEOPT_FALSE;0.6.1;true;;30008;53;1
DRESDEN/firefighter;PALAMEDES_GAME_SIMULATOR_USEOPT_FALSE;0.6.1;true;;30000;152651;3405
DRESDEN/coins;PALAMEDES_GAME_SIMULATOR_USEOPT_FALSE;0.6.1;true;;30007;2323;934
BASE/switches;PALAMEDES_GAME_SIMULATOR_USEOPT_FALSE;0.6.1;true;;30000;347752;347752
DRESDEN/Travelers-Dilemma;PALAMEDES_GAME_SIMULATOR_USEOPT_FALSE;0.6.1;true;;30006;1521;152
BASE/pentagoSuicide;PALAMEDES_GAME_SIMULATOR_USEOPT_FALSE;0.6.1;true;;30001;1932;34
DRESDEN/pawn_whopping_corrected;PALAMEDES_GAME_SIMULATOR_USEOPT_FALSE;0.6.1;true;;30003;8696;251
BASE/conn4;PALAMEDES_GAME_SIMULATOR_USEOPT_FALSE;0.6.1;true;;30001;4589;210
BASE/gt_attrition;PALAMEDES_GAME_SIMULATOR_USEOPT_FALSE;0.6.1;true;;30056;2;0
DRESDEN/hanoi7;PALAMEDES_GAME_SIMULATOR_USEOPT_FALSE;0.6.1;true;;30000;24434;192
DRESDEN/checkers-mustjump;PALAMEDES_GAME_SIMULATOR_USEOPT_FALSE;0.6.1;true;;30066;123;2
DRESDEN/3qbf-5cnf-20var-40cl.1.qdimacs.viz.SAT;PALAMEDES_GAME_SIMULATOR_USEOPT_FALSE;0.6.1;true;;30001;20290;350
DRESDEN/snake_2008;PALAMEDES_GAME_SIMULATOR_USEOPT_FALSE;0.6.1;true;;30000;13466;827
DRESDEN/point_grab;PALAMEDES_GAME_SIMULATOR_USEOPT_FALSE;0.6.1;true;;30000;199858;6661
BASE/troublemaker02;PALAMEDES_GAME_SIMULATOR_USEOPT_FALSE;0.6.1;true;;30000;529376;176473
DRESDEN/peg;PALAMEDES_GAME_SIMULATOR_USEOPT_FALSE;0.6.1;true;;30011;2466;100
BASE/gt_staghunt;PALAMEDES_GAME_SIMULATOR_USEOPT_FALSE;0.6.1;true;;30000;46682;2334
BASE/sudokuGrade2;PALAMEDES_GAME_SIMULATOR_USEOPT_FALSE;0.6.1;true;;30028;53;1
DRESDEN/vacuum_cleaner_1;PALAMEDES_GAME_SIMULATOR_USEOPT_FALSE;0.6.1;true;;30000;29461;4872
STANFORD/sudoku;PALAMEDES_GAME_SIMULATOR_USEOPT_FALSE;0.6.1;true;;30105;50;1
BASE/chomp;PALAMEDES_GAME_SIMULATOR_USEOPT_FALSE;0.6.1;true;;30004;8170;1142
BASE/chinook;PALAMEDES_GAME_SIMULATOR_USEOPT_FALSE;0.6.1;true;;30009;1547;50
BASE/coloredtrails;PALAMEDES_GAME_SIMULATOR_USEOPT_FALSE;0.6.1;true;;30000;62775;6975
BASE/connect4;PALAMEDES_GAME_SIMULATOR_USEOPT_FALSE;0.6.1;true;;30009;2990;141
STANFORD/bestbuttonsandlights;PALAMEDES_GAME_SIMULATOR_USEOPT_FALSE;0.6.1;true;;30000;228897;38149
DRESDEN/tictactoe_3d_2player;PALAMEDES_GAME_SIMULATOR_USEOPT_FALSE;0.6.1;true;;30005;1818;47
DRESDEN/tictactoe_3d_6player;PALAMEDES_GAME_SIMULATOR_USEOPT_FALSE;0.6.1;true;;30015;695;7
BASE/connectFourSimultaneous;PALAMEDES_GAME_SIMULATOR_USEOPT_FALSE;0.6.1;true;;30003;5997;343
BASE/tictactoex9;PALAMEDES_GAME_SIMULATOR_USEOPT_FALSE;0.6.1;true;;30001;8717;300
DRESDEN/bomberman2p;PALAMEDES_GAME_SIMULATOR_USEOPT_FALSE;0.6.1;true;;30000;27658;3491
BASE/god;PALAMEDES_GAME_SIMULATOR_USEOPT_FALSE;0.6.1;true;;31919;69;3
DRESDEN/hanoi_6_disks;PALAMEDES_GAME_SIMULATOR_USEOPT_FALSE;0.6.1;true;;30000;31885;8981
DRESDEN/vacuumcleaner_obstacles_3;PALAMEDES_GAME_SIMULATOR_USEOPT_FALSE;0.6.1;true;;30085;448;79
DRESDEN/uf20-020.cnf.SAT;PALAMEDES_GAME_SIMULATOR_USEOPT_FALSE;0.6.1;true;;30001;11299;564
BASE/gt_tinfoil;PALAMEDES_GAME_SIMULATOR_USEOPT_FALSE;0.6.1;true;;30001;16206;1620
BASE/withConviction;PALAMEDES_GAME_SIMULATOR_USEOPT_FALSE;0.6.1;true;;30001;12627;505
DRESDEN/snake_2009;PALAMEDES_GAME_SIMULATOR_USEOPT_FALSE;0.6.1;true;;30001;14410;872
DRESDEN/blocksworldparallel;PALAMEDES_GAME_SIMULATOR_USEOPT_FALSE;0.6.1;true;;30000;70223;23407
DRESDEN/minichess;PALAMEDES_GAME_SIMULATOR_USEOPT_FALSE;0.6.1;true;;30001;15157;1715
DRESDEN/mummymaze1p;PALAMEDES_GAME_SIMULATOR_USEOPT_FALSE;0.6.1;true;;30005;2618;419
BASE/checkLines;PALAMEDES_GAME_SIMULATOR_USEOPT_FALSE;0.6.1;true;;30006;9632;641
DRESDEN/nim1;PALAMEDES_GAME_SIMULATOR_USEOPT_FALSE;0.6.1;true;;30036;676;97
DRESDEN/CephalopodMicro;PALAMEDES_GAME_SIMULATOR_USEOPT_FALSE;0.6.1;true;;30019;118;2
BASE/sudokuGrade5;PALAMEDES_GAME_SIMULATOR_USEOPT_FALSE;0.6.1;true;;30309;53;1
BASE/skirmish;PALAMEDES_GAME_SIMULATOR_USEOPT_FALSE;0.6.1;true;;30089;195;1
BASE/biddingTicTacToe;PALAMEDES_GAME_SIMULATOR_USEOPT_FALSE;0.6.1;true;;30001;10889;747
BASE/connect5;PALAMEDES_GAME_SIMULATOR_USEOPT_FALSE;0.6.1;true;;30001;5326;111
BASE/stateSpaceSmall;PALAMEDES_GAME_SIMULATOR_USEOPT_FALSE;0.6.1;true;;30000;219900;54975
STANFORD/pentago;PALAMEDES_GAME_SIMULATOR_USEOPT_FALSE;0.6.1;true;;30009;4379;80
BASE/brain_teaser_extended;PALAMEDES_GAME_SIMULATOR_USEOPT_FALSE;0.6.1;true;;30001;20499;1366
DRESDEN/vacuumcleaner_obstacles_2;PALAMEDES_GAME_SIMULATOR_USEOPT_FALSE;0.6.1;true;;30000;27730;4512
DRESDEN/sat_test_20v_91c_visualisation;PALAMEDES_GAME_SIMULATOR_USEOPT_FALSE;0.6.1;true;;30001;11203;560
BASE/checkers-suicide-cylinder-mustjump;PALAMEDES_GAME_SIMULATOR_USEOPT_FALSE;0.6.1;true;;30346;74;1
BASE/knightmove;PALAMEDES_GAME_SIMULATOR_USEOPT_FALSE;0.6.1;true;;30001;3593;99
DRESDEN/doubletictactoe;PALAMEDES_GAME_SIMULATOR_USEOPT_FALSE;0.6.1;true;;30000;17269;2070
DRESDEN/pancakes;PALAMEDES_GAME_SIMULATOR_USEOPT_FALSE;0.6.1;true;;30000;345999;8724
DRESDEN/satlike_20v_91c_version2;PALAMEDES_GAME_SIMULATOR_USEOPT_FALSE;0.6.1;false;Test process timed out after 240 seconds;0;0;0
DRESDEN/battlesnakes2011;PALAMEDES_GAME_SIMULATOR_USEOPT_FALSE;0.6.1;true;;30005;4000;121
STANFORD/multiplebuttonsandlights_9;PALAMEDES_GAME_SIMULATOR_USEOPT_FALSE;0.6.1;true;;30000;276490;46081
BASE/escortLatch;PALAMEDES_GAME_SIMULATOR_USEOPT_FALSE;0.6.1;true;;30003;6619;112
DRESDEN/tictactoelarge;PALAMEDES_GAME_SIMULATOR_USEOPT_FALSE;0.6.1;true;;30000;18082;762
BASE/sudokuGrade4;PALAMEDES_GAME_SIMULATOR_USEOPT_FALSE;0.6.1;true;;30332;52;1
BASE/chickentoetictac;PALAMEDES_GAME_SIMULATOR_USEOPT_FALSE;0.6.1;true;;30000;115928;16327
BASE/guess;PALAMEDES_GAME_SIMULATOR_USEOPT_FALSE;0.6.1;true;;30634;165;18
BASE/connectFourLarge;PALAMEDES_GAME_SIMULATOR_USEOPT_FALSE;0.6.1;true;;30003;8980;354
BASE/ticTacHeaven;PALAMEDES_GAME_SIMULATOR_USEOPT_FALSE;0.6.1;true;;30176;2534;108
STANFORD/buttonsandlights;PALAMEDES_GAME_SIMULATOR_USEOPT_FALSE;0.6.1;true;;30000;825325;139464
STANFORD/multipletictactoe;PALAMEDES_GAME_SIMULATOR_USEOPT_FALSE;0.6.1;true;;30000;11070;616
STANFORD/madness;PALAMEDES_GAME_SIMULATOR_USEOPT_FALSE;0.6.1;true;;30093;157;2
BASE/snake_2009_big;PALAMEDES_GAME_SIMULATOR_USEOPT_FALSE;0.6.1;true;;30000;11688;627
BASE/kitten_escapes_from_fire;PALAMEDES_GAME_SIMULATOR_USEOPT_FALSE;0.6.1;true;;30000;25216;3046
DRESDEN/cube_2x2x2;PALAMEDES_GAME_SIMULATOR_USEOPT_FALSE;0.6.1;true;;30000;37256;3106
BASE/breakthroughHoles;PALAMEDES_GAME_SIMULATOR_USEOPT_FALSE;0.6.1;true;;30002;4560;77
DRESDEN/latenttictactoe;PALAMEDES_GAME_SIMULATOR_USEOPT_FALSE;0.6.1;true;;30000;51305;4886
BASE/queens;PALAMEDES_GAME_SIMULATOR_USEOPT_FALSE;0.6.1;false;Test process timed out after 240 seconds;0;0;0
BASE/tictactoe-init1;PALAMEDES_GAME_SIMULATOR_USEOPT_FALSE;0.6.1;true;;30001;71445;20380
BASE/skirmishFinal3;PALAMEDES_GAME_SIMULATOR_USEOPT_FALSE;0.6.1;true;;30098;351;5
BASE/pawnToQueen;PALAMEDES_GAME_SIMULATOR_USEOPT_FALSE;0.6.1;true;;30176;88;6
BASE/tictactoe_3player;PALAMEDES_GAME_SIMULATOR_USEOPT_FALSE;0.6.1;true;;30001;14059;686
DRESDEN/mummymaze2p;PALAMEDES_GAME_SIMULATOR_USEOPT_FALSE;0.6.1;true;;30001;26335;534
BASE/ruleDepthExponential;PALAMEDES_GAME_SIMULATOR_USEOPT_FALSE;0.6.1;true;;75271;1072;544
BASE/zhadu;PALAMEDES_GAME_SIMULATOR_USEOPT_FALSE;0.6.1;true;;31607;18;0
BASE/wargame02;PALAMEDES_GAME_SIMULATOR_USEOPT_FALSE;0.6.1;true;;30006;708;217
DRESDEN/lightsout;PALAMEDES_GAME_SIMULATOR_USEOPT_FALSE;0.6.1;true;;30000;19154;957
STANFORD/rainbow;PALAMEDES_GAME_SIMULATOR_USEOPT_FALSE;0.6.1;false;Exception of type NullPointerException;0;0;0
STANFORD/breakthroughsmall;PALAMEDES_GAME_SIMULATOR_USEOPT_FALSE;0.6.1;true;;30001;7070;253
DRESDEN/pancakes6;PALAMEDES_GAME_SIMULATOR_USEOPT_FALSE;0.6.1;true;;30001;343103;8641
BASE/hanoi;PALAMEDES_GAME_SIMULATOR_USEOPT_FALSE;0.6.1;true;;30000;35203;1135
DRESDEN/ggp-course2013_nicolai;PALAMEDES_GAME_SIMULATOR_USEOPT_FALSE;0.6.1;true;;30006;686;20
DRESDEN/laikLee_hex;PALAMEDES_GAME_SIMULATOR_USEOPT_FALSE;0.6.1;true;;31690;116;4
BASE/kalaha5x2x3;PALAMEDES_GAME_SIMULATOR_USEOPT_FALSE;0.6.1;true;;30000;37546;372
DRESDEN/bunk_t;PALAMEDES_GAME_SIMULATOR_USEOPT_FALSE;0.6.1;true;;30000;17296;2067
BASE/amazonsTorus_10x10;PALAMEDES_GAME_SIMULATOR_USEOPT_FALSE;0.6.1;true;;30010;1096;7
STANFORD/duidoku;PALAMEDES_GAME_SIMULATOR_USEOPT_FALSE;0.6.1;true;;30255;49;1
STANFORD/knightstourmedium;PALAMEDES_GAME_SIMULATOR_USEOPT_FALSE;0.6.1;true;;30000;73546;18286
DRESDEN/uf20-01.cnf.SAT;PALAMEDES_GAME_SIMULATOR_USEOPT_FALSE;0.6.1;true;;30000;11857;592
BASE/knightfight;PALAMEDES_GAME_SIMULATOR_USEOPT_FALSE;0.6.1;true;;30000;30448;2829
BASE/cubicup;PALAMEDES_GAME_SIMULATOR_USEOPT_FALSE;0.6.1;true;;30013;2571;45
BASE/racetrackcorridor;PALAMEDES_GAME_SIMULATOR_USEOPT_FALSE;0.6.1;true;;30000;15022;752
BASE/double_tictactoe_dengji;PALAMEDES_GAME_SIMULATOR_USEOPT_FALSE;0.6.1;true;;30001;14999;1063
BASE/amazons_10x10;PALAMEDES_GAME_SIMULATOR_USEOPT_FALSE;0.6.1;true;;30009;1796;13
BASE/wargame01;PALAMEDES_GAME_SIMULATOR_USEOPT_FALSE;0.6.1;true;;30034;768;78
DRESDEN/frogs_and_toads;PALAMEDES_GAME_SIMULATOR_USEOPT_FALSE;0.6.1;true;;30000;12973;111
DRESDEN/smallest_4player;PALAMEDES_GAME_SIMULATOR_USEOPT_FALSE;0.6.1;true;;30001;5115;216
DRESDEN/sheep_and_wolf;PALAMEDES_GAME_SIMULATOR_USEOPT_FALSE;0.6.1;true;;30001;17620;423
BASE/quartoSuicide;PALAMEDES_GAME_SIMULATOR_USEOPT_FALSE;0.6.1;true;;30000;6493;280
BASE/crisscross;PALAMEDES_GAME_SIMULATOR_USEOPT_FALSE;0.6.1;true;;30002;8269;320
BASE/asteroids;PALAMEDES_GAME_SIMULATOR_USEOPT_FALSE;0.6.1;true;;30000;105743;2275
BASE/amazonsTorus;PALAMEDES_GAME_SIMULATOR_USEOPT_FALSE;0.6.1;false;Exception of type StackOverflowError;0;0;0
DRESDEN/breakthroughsuicide_v2;PALAMEDES_GAME_SIMULATOR_USEOPT_FALSE;0.6.1;true;;30004;4264;67
DRESDEN/blocks2player;PALAMEDES_GAME_SIMULATOR_USEOPT_FALSE;0.6.1;true;;30000;208857;11603
DRESDEN/skirmish3;PALAMEDES_GAME_SIMULATOR_USEOPT_FALSE;0.6.1;true;;30001;1736;43
BASE/sudokuGrade1;PALAMEDES_GAME_SIMULATOR_USEOPT_FALSE;0.6.1;true;;30038;62;1
BASE/golden_rectangle;PALAMEDES_GAME_SIMULATOR_USEOPT_FALSE;0.6.1;true;;30902;25;0
DRESDEN/pacman3p;PALAMEDES_GAME_SIMULATOR_USEOPT_FALSE;0.6.1;true;;30002;5492;102
DRESDEN/blockerparallel;PALAMEDES_GAME_SIMULATOR_USEOPT_FALSE;0.6.1;true;;30002;5055;724
BASE/skirmishFinal1;PALAMEDES_GAME_SIMULATOR_USEOPT_FALSE;0.6.1;true;;30091;283;4
BASE/cephalopodMicro;PALAMEDES_GAME_SIMULATOR_USEOPT_FALSE;0.6.1;true;;30171;110;2
BASE/nineBoardTicTacToe;PALAMEDES_GAME_SIMULATOR_USEOPT_FALSE;0.6.1;true;;30000;4286;143
STANFORD/breakthrough;PALAMEDES_GAME_SIMULATOR_USEOPT_FALSE;0.6.1;true;;30000;15238;236
DRESDEN/hitori;PALAMEDES_GAME_SIMULATOR_USEOPT_FALSE;0.6.1;true;;30024;104;1
BASE/snake_2008_tweaked;PALAMEDES_GAME_SIMULATOR_USEOPT_FALSE;0.6.1;true;;30000;13882;869
BASE/brawl;PALAMEDES_GAME_SIMULATOR_USEOPT_FALSE;0.6.1;true;;30033;817;81
BASE/gt_dollar;PALAMEDES_GAME_SIMULATOR_USEOPT_FALSE;0.6.1;true;;30000;149676;74732
DRESDEN/tictactoelargesuicide;PALAMEDES_GAME_SIMULATOR_USEOPT_FALSE;0.6.1;true;;30000;19212;812
DRESDEN/sum15;PALAMEDES_GAME_SIMULATOR_USEOPT_FALSE;0.6.1;true;;30000;86530;11362
BASE/3pffa;PALAMEDES_GAME_SIMULATOR_USEOPT_FALSE;0.6.1;true;;30000;8079;269
BASE/eotcitcit;PALAMEDES_GAME_SIMULATOR_USEOPT_FALSE;0.6.1;true;;30000;53343;10630
BASE/skirmishFinal2;PALAMEDES_GAME_SIMULATOR_USEOPT_FALSE;0.6.1;true;;30020;302;5
STANFORD/sukoshi;PALAMEDES_GAME_SIMULATOR_USEOPT_FALSE;0.6.1;true;;30001;23513;4324
BASE/pegEuro;PALAMEDES_GAME_SIMULATOR_USEOPT_FALSE;0.6.1;true;;30003;1924;74
STANFORD/bestbuttonsandlightsbig;PALAMEDES_GAME_SIMULATOR_USEOPT_FALSE;0.6.1;true;;30000;164973;27495
BASE/ticblock;PALAMEDES_GAME_SIMULATOR_USEOPT_FALSE;0.6.1;true;;30000;12214;740
BASE/wargame03;PALAMEDES_GAME_SIMULATOR_USEOPT_FALSE;0.6.1;true;;30020;896;142
BASE/lightsOnSimul4;PALAMEDES_GAME_SIMULATOR_USEOPT_FALSE;0.6.1;true;;30003;7649;1194
DRESDEN/2player_normal_form_2010;PALAMEDES_GAME_SIMULATOR_USEOPT_FALSE;0.6.1;true;;30000;203517;203517
DRESDEN/SC_TestOnly_enabled;PALAMEDES_GAME_SIMULATOR_USEOPT_FALSE;0.6.1;true;;30000;75734;8414
DRESDEN/chickentictactoe;PALAMEDES_GAME_SIMULATOR_USEOPT_FALSE;0.6.1;true;;30000;67605;9482
BASE/pearls;PALAMEDES_GAME_SIMULATOR_USEOPT_FALSE;0.6.1;true;;30000;556049;50549
STANFORD/3puzzle;PALAMEDES_GAME_SIMULATOR_USEOPT_FALSE;0.6.1;true;;30000;240855;40142
DRESDEN/Runners;PALAMEDES_GAME_SIMULATOR_USEOPT_FALSE;0.6.1;true;;30000;136895;2793
BASE/racer4;PALAMEDES_GAME_SIMULATOR_USEOPT_FALSE;0.6.1;true;;30482;20;1
STANFORD/ttcc4;PALAMEDES_GAME_SIMULATOR_USEOPT_FALSE;0.6.1;true;;30003;2835;43
BASE/doubletoetictac;PALAMEDES_GAME_SIMULATOR_USEOPT_FALSE;0.6.1;true;;30001;17278;2078
BASE/checkersSmall;PALAMEDES_GAME_SIMULATOR_USEOPT_FALSE;0.6.1;true;;30015;1244;12
BASE/4pttc;PALAMEDES_GAME_SIMULATOR_USEOPT_FALSE;0.6.1;true;;30002;10740;339
DRESDEN/pawn_whopping_simultaneous;PALAMEDES_GAME_SIMULATOR_USEOPT_FALSE;0.6.1;true;;30008;2865;158
BASE/duplicateStateSmall;PALAMEDES_GAME_SIMULATOR_USEOPT_FALSE;0.6.1;true;;30000;151932;37983
BASE/survival;PALAMEDES_GAME_SIMULATOR_USEOPT_FALSE;0.6.1;true;;30000;817465;700848
BASE/battle;PALAMEDES_GAME_SIMULATOR_USEOPT_FALSE;0.6.1;true;;30027;105;3
BASE/knightwar;PALAMEDES_GAME_SIMULATOR_USEOPT_FALSE;0.6.1;true;;30002;13630;1612
BASE/maze;PALAMEDES_GAME_SIMULATOR_USEOPT_FALSE;0.6.1;true;;30000;426844;48587
DRESDEN/towerworld;PALAMEDES_GAME_SIMULATOR_USEOPT_FALSE;0.6.1;true;;30078;206;0
DRESDEN/checkers-newgoals;PALAMEDES_GAME_SIMULATOR_USEOPT_FALSE;0.6.1;true;;30004;799;8
STANFORD/freeforall;PALAMEDES_GAME_SIMULATOR_USEOPT_FALSE;0.6.1;true;;30001;7059;235
DRESDEN/skirmish2;PALAMEDES_GAME_SIMULATOR_USEOPT_FALSE;0.6.1;true;;30010;1814;45
DRESDEN/oisters_farm;PALAMEDES_GAME_SIMULATOR_USEOPT_FALSE;0.6.1;true;;30000;197369;4028
BASE/ghostMaze2p;PALAMEDES_GAME_SIMULATOR_USEOPT_FALSE;0.6.1;true;;30000;52195;1074
BASE/gt_prisoner;PALAMEDES_GAME_SIMULATOR_USEOPT_FALSE;0.6.1;true;;30000;46795;2339
BASE/sheepAndWolf;PALAMEDES_GAME_SIMULATOR_USEOPT_FALSE;0.6.1;true;;30000;17718;428
BASE/majorities;PALAMEDES_GAME_SIMULATOR_USEOPT_FALSE;0.6.1;true;;30004;3293;62
BASE/breakthroughWalls;PALAMEDES_GAME_SIMULATOR_USEOPT_FALSE;0.6.1;true;;30004;4375;67
DRESDEN/small_dominion;PALAMEDES_GAME_SIMULATOR_USEOPT_FALSE;0.6.1;true;;31780;17;0
STANFORD/untwistycorridor;PALAMEDES_GAME_SIMULATOR_USEOPT_FALSE;0.6.1;true;;30000;457505;65357
DRESDEN/knightwar;PALAMEDES_GAME_SIMULATOR_USEOPT_FALSE;0.6.1;true;;30001;12427;1454
DRESDEN/4pttc;PALAMEDES_GAME_SIMULATOR_USEOPT_FALSE;0.6.1;true;;30000;17404;548
BASE/cittaceot;PALAMEDES_GAME_SIMULATOR_USEOPT_FALSE;0.6.1;true;;30010;568;27
BASE/tron_10x10;PALAMEDES_GAME_SIMULATOR_USEOPT_FALSE;0.6.1;true;;30000;64013;21323
BASE/2pffa;PALAMEDES_GAME_SIMULATOR_USEOPT_FALSE;0.6.1;true;;30002;7452;248
STANFORD/eightpuzzle;PALAMEDES_GAME_SIMULATOR_USEOPT_FALSE;0.6.1;true;;30000;99718;1994
BASE/incredible;PALAMEDES_GAME_SIMULATOR_USEOPT_FALSE;0.6.1;true;;30000;89373;4703
BASE/tttcc4;PALAMEDES_GAME_SIMULATOR_USEOPT_FALSE;0.6.1;true;;30000;3723;131
DRESDEN/hanoi;PALAMEDES_GAME_SIMULATOR_USEOPT_FALSE;0.6.1;true;;30000;34597;1116
BASE/pancakes6;PALAMEDES_GAME_SIMULATOR_USEOPT_FALSE;0.6.1;true;;30000;354437;8935
BASE/mummymaze2p;PALAMEDES_GAME_SIMULATOR_USEOPT_FALSE;0.6.1;true;;30000;26718;542
DRESDEN/knightfight;PALAMEDES_GAME_SIMULATOR_USEOPT_FALSE;0.6.1;true;;30000;30854;2850
DRESDEN/statespacesmall;PALAMEDES_GAME_SIMULATOR_USEOPT_FALSE;0.6.1;true;;30000;218088;54522
BASE/lightsOn;PALAMEDES_GAME_SIMULATOR_USEOPT_FALSE;0.6.1;true;;30000;151628;12193
BASE/lightsOnSimultaneous;PALAMEDES_GAME_SIMULATOR_USEOPT_FALSE;0.6.1;true;;30002;10339;676
BASE/ttcc4_2player_alt;PALAMEDES_GAME_SIMULATOR_USEOPT_FALSE;0.6.1;true;;30002;3985;105
BASE/pacman2p;PALAMEDES_GAME_SIMULATOR_USEOPT_FALSE;0.6.1;true;;30000;5008;97
DRESDEN/mummymaze2p-comp2007;PALAMEDES_GAME_SIMULATOR_USEOPT_FALSE;0.6.1;true;;30001;18231;388
DRESDEN/tictactoeparallel;PALAMEDES_GAME_SIMULATOR_USEOPT_FALSE;0.6.1;true;;30000;19798;2872
DRESDEN/amazons;PALAMEDES_GAME_SIMULATOR_USEOPT_FALSE;0.6.1;true;;30088;55;0
DRESDEN/chinesecheckers6;PALAMEDES_GAME_SIMULATOR_USEOPT_FALSE;0.6.1;true;;30001;9639;163
BASE/blockerParallel;PALAMEDES_GAME_SIMULATOR_USEOPT_FALSE;0.6.1;true;;30005;5271;756
BASE/checkers-cylinder-mustjump;PALAMEDES_GAME_SIMULATOR_USEOPT_FALSE;0.6.1;true;;30013;76;1
BASE/tictactoe_3d_small_6player;PALAMEDES_GAME_SIMULATOR_USEOPT_FALSE;0.6.1;true;;30018;2158;58
BASE/checkers-newgoals;PALAMEDES_GAME_SIMULATOR_USEOPT_FALSE;0.6.1;true;;30001;694;7
BASE/ticTacToeLarge;PALAMEDES_GAME_SIMULATOR_USEOPT_FALSE;0.6.1;true;;30001;18966;794
DRESDEN/battle;PALAMEDES_GAME_SIMULATOR_USEOPT_FALSE;0.6.1;true;;30239;102;3
BASE/amazonsSuicide_10x10;PALAMEDES_GAME_SIMULATOR_USEOPT_FALSE;0.6.1;true;;30002;1689;12
DRESDEN/satlike_20v_91c;PALAMEDES_GAME_SIMULATOR_USEOPT_FALSE;0.6.1;true;;72488;20;1
DRESDEN/queens;PALAMEDES_GAME_SIMULATOR_USEOPT_FALSE;0.6.1;true;;231256;10;1
BASE/duplicateStateMedium;PALAMEDES_GAME_SIMULATOR_USEOPT_FALSE;0.6.1;true;;30000;27347;3038
BASE/asteroidsSerial;PALAMEDES_GAME_SIMULATOR_USEOPT_FALSE;0.6.1;true;;30000;45003;483
DRESDEN/brawl;PALAMEDES_GAME_SIMULATOR_USEOPT_FALSE;0.6.1;true;;30018;849;84
BASE/tictactoe2;PALAMEDES_GAME_SIMULATOR_USEOPT_FALSE;0.6.1;true;;30000;55859;7311
BASE/blocksWorldSerial;PALAMEDES_GAME_SIMULATOR_USEOPT_FALSE;0.6.1;true;;30000;91379;15229
BASE/pancakes88;PALAMEDES_GAME_SIMULATOR_USEOPT_FALSE;0.6.1;true;;30000;268760;6719
DRESDEN/sat_test_20v_91c;PALAMEDES_GAME_SIMULATOR_USEOPT_FALSE;0.6.1;true;;30001;11149;557
DRESDEN/brain_teaser_extended;PALAMEDES_GAME_SIMULATOR_USEOPT_FALSE;0.6.1;true;;30000;20595;1373
DRESDEN/circlesolitaire;PALAMEDES_GAME_SIMULATOR_USEOPT_FALSE;0.6.1;true;;30000;126567;12346
STANFORD/duikoshi;PALAMEDES_GAME_SIMULATOR_USEOPT_FALSE;0.6.1;true;;30005;4169;310
DRESDEN/statespacelarge;PALAMEDES_GAME_SIMULATOR_USEOPT_FALSE;0.6.1;true;;30000;12602;900
DRESDEN/crissrace;PALAMEDES_GAME_SIMULATOR_USEOPT_FALSE;0.6.1;true;;30073;5847;131
DRESDEN/gt_ultimatum;PALAMEDES_GAME_SIMULATOR_USEOPT_FALSE;0.6.1;true;;30228;416;20
BASE/sudoku;PALAMEDES_GAME_SIMULATOR_USEOPT_FALSE;0.6.1;false;Exception of type NullPointerException;0;0;0
DRESDEN/breakthrough;PALAMEDES_GAME_SIMULATOR_USEOPT_FALSE;0.6.1;true;;30004;4457;67
DRESDEN/blocks;PALAMEDES_GAME_SIMULATOR_USEOPT_FALSE;0.6.1;true;;30000;288497;96165
BASE/stateSpaceMedium;PALAMEDES_GAME_SIMULATOR_USEOPT_FALSE;0.6.1;true;;30000;39614;4401
BASE/checkers-mustjump-torus;PALAMEDES_GAME_SIMULATOR_USEOPT_FALSE;0.6.1;true;;30356;60;1
BASE/pacman3p;PALAMEDES_GAME_SIMULATOR_USEOPT_FALSE;0.6.1;true;;30001;5430;113
DRESDEN/othello-cornercontrol;PALAMEDES_GAME_SIMULATOR_USEOPT_FALSE;0.6.1;true;;30853;29;0
STANFORD/tictactoe;PALAMEDES_GAME_SIMULATOR_USEOPT_FALSE;0.6.1;true;;30000;76293;9998
BASE/lightsOut;PALAMEDES_GAME_SIMULATOR_USEOPT_FALSE;0.6.1;true;;30000;18650;932
DRESDEN/nim3;PALAMEDES_GAME_SIMULATOR_USEOPT_FALSE;0.6.1;true;;30000;643;47
DRESDEN/catcha_mouse;PALAMEDES_GAME_SIMULATOR_USEOPT_FALSE;0.6.1;true;;30002;13458;1030
DRESDEN/chinesecheckers4;PALAMEDES_GAME_SIMULATOR_USEOPT_FALSE;0.6.1;true;;30008;5633;97
BASE/slidingpieces;PALAMEDES_GAME_SIMULATOR_USEOPT_FALSE;0.6.1;true;;30018;1467;18
BASE/eotcatcit;PALAMEDES_GAME_SIMULATOR_USEOPT_FALSE;0.6.1;true;;30000;76874;10088
DRESDEN/pancakes88;PALAMEDES_GAME_SIMULATOR_USEOPT_FALSE;0.6.1;true;;30000;279508;6989
BASE/stateSpaceLarge;PALAMEDES_GAME_SIMULATOR_USEOPT_FALSE;0.6.1;true;;30002;12936;924
STANFORD/chinook;PALAMEDES_GAME_SIMULATOR_USEOPT_FALSE;0.6.1;true;;30001;1493;37
BASE/buttons;PALAMEDES_GAME_SIMULATOR_USEOPT_FALSE;0.6.1;true;;30000;421811;70301
DRESDEN/max_knights;PALAMEDES_GAME_SIMULATOR_USEOPT_FALSE;0.6.1;true;;30001;9568;1837
DRESDEN/skirmishfinal;PALAMEDES_GAME_SIMULATOR_USEOPT_FALSE;0.6.1;true;;30046;301;5
DRESDEN/connect5;PALAMEDES_GAME_SIMULATOR_USEOPT_FALSE;0.6.1;true;;30000;5065;110
BASE/hitori;PALAMEDES_GAME_SIMULATOR_USEOPT_FALSE;0.6.1;true;;30016;103;1
DRESDEN/lightsout2;PALAMEDES_GAME_SIMULATOR_USEOPT_FALSE;0.6.1;true;;30001;19031;951
BASE/othello-comp2007;PALAMEDES_GAME_SIMULATOR_USEOPT_FALSE;0.6.1;true;;31256;21;0
DRESDEN/nim2;PALAMEDES_GAME_SIMULATOR_USEOPT_FALSE;0.6.1;true;;30011;638;69
DRESDEN/vacuumcleaner_random;PALAMEDES_GAME_SIMULATOR_USEOPT_FALSE;0.6.1;true;;30000;23955;3997
BASE/snakeParallel;PALAMEDES_GAME_SIMULATOR_USEOPT_FALSE;0.6.1;true;;30000;64396;13817
DRESDEN/statespacemedium;PALAMEDES_GAME_SIMULATOR_USEOPT_FALSE;0.6.1;true;;30000;41130;4570
BASE/sum15;PALAMEDES_GAME_SIMULATOR_USEOPT_FALSE;0.6.1;true;;30000;83456;10967
DRESDEN/quad;PALAMEDES_GAME_SIMULATOR_USEOPT_FALSE;0.6.1;true;;32501;34;0
DRESDEN/backgammon;PALAMEDES_GAME_SIMULATOR_USEOPT_FALSE;0.6.1;true;;30003;1287;6
BASE/roshambo2;PALAMEDES_GAME_SIMULATOR_USEOPT_FALSE;0.6.1;true;;30000;214996;25299
BASE/2pffa_zerosum;PALAMEDES_GAME_SIMULATOR_USEOPT_FALSE;0.6.1;true;;30001;7447;248
STANFORD/triplesukoshi;PALAMEDES_GAME_SIMULATOR_USEOPT_FALSE;0.6.1;true;;30040;1366;195
BASE/amazonsSuicide;PALAMEDES_GAME_SIMULATOR_USEOPT_FALSE;0.6.1;true;;33001;5;0
DRESDEN/3pffa;PALAMEDES_GAME_SIMULATOR_USEOPT_FALSE;0.6.1;true;;30002;16162;538
DRESDEN/connect4;PALAMEDES_GAME_SIMULATOR_USEOPT_FALSE;0.6.1;true;;30001;2759;135
DRESDEN/battlesnakes1509;PALAMEDES_GAME_SIMULATOR_USEOPT_FALSE;0.6.1;true;;30006;4374;98
DRESDEN/quarto;PALAMEDES_GAME_SIMULATOR_USEOPT_FALSE;0.6.1;true;;30001;6566;280
DRESDEN/chinesecheckers2;PALAMEDES_GAME_SIMULATOR_USEOPT_FALSE;0.6.1;true;;30001;16040;423
BASE/point_grab;PALAMEDES_GAME_SIMULATOR_USEOPT_FALSE;0.6.1;true;;30000;194886;6496
DRESDEN/tpeg;PALAMEDES_GAME_SIMULATOR_USEOPT_FALSE;0.6.1;true;;30002;2725;240
DRESDEN/breakthroughsuicide;PALAMEDES_GAME_SIMULATOR_USEOPT_FALSE;0.6.1;true;;30004;4605;72
STANFORD/platformjumpers;PALAMEDES_GAME_SIMULATOR_USEOPT_FALSE;0.6.1;true;;30015;1965;38
BASE/blocks2player;PALAMEDES_GAME_SIMULATOR_USEOPT_FALSE;0.6.1;true;;30000;212686;11816
DRESDEN/quartosuicide;PALAMEDES_GAME_SIMULATOR_USEOPT_FALSE;0.6.1;true;;30006;6544;279
BASE/ticTicToe;PALAMEDES_GAME_SIMULATOR_USEOPT_FALSE;0.6.1;true;;30000;52742;10494
STANFORD/alquerquezero;PALAMEDES_GAME_SIMULATOR_USEOPT_FALSE;0.6.1;true;;30000;2419;83
BASE/smallest_4player;PALAMEDES_GAME_SIMULATOR_USEOPT_FALSE;0.6.1;true;;30000;4853;205
DRESDEN/peg_bugfixed;PALAMEDES_GAME_SIMULATOR_USEOPT_FALSE;0.6.1;true;;30002;2378;97
BASE/othelloSuicide;PALAMEDES_GAME_SIMULATOR_USEOPT_FALSE;0.6.1;true;;30357;24;0
DRESDEN/babel;PALAMEDES_GAME_SIMULATOR_USEOPT_FALSE;0.6.1;true;;30001;1386;69
DRESDEN/pawntoqueen;PALAMEDES_GAME_SIMULATOR_USEOPT_FALSE;0.6.1;true;;30257;91;7
BASE/factoringMutuallyAssuredDestruction;PALAMEDES_GAME_SIMULATOR_USEOPT_FALSE;0.6.1;true;;30000;88930;4446
DRESDEN/kalaha_2009;PALAMEDES_GAME_SIMULATOR_USEOPT_FALSE;0.6.1;true;;30000;29497;349
DRESDEN/chinesecheckers3;PALAMEDES_GAME_SIMULATOR_USEOPT_FALSE;0.6.1;true;;30000;13766;254
DRESDEN/nim4;PALAMEDES_GAME_SIMULATOR_USEOPT_FALSE;0.6.1;true;;30011;618;46
STANFORD/skirmish;PALAMEDES_GAME_SIMULATOR_USEOPT_FALSE;0.6.1;true;;30083;177;1
BASE/hanoi7_bugfix;PALAMEDES_GAME_SIMULATOR_USEOPT_FALSE;0.6.1;true;;30000;21302;167
