BASE/troublemaker01;PROVER;2015-04-26;true;;30000;425671;141954
DRESDEN/vacuumcleaner_obstacles_6;PROVER;2015-04-26;true;;30000;16282;2628
BASE/checkers-suicide-cylinder-mustjump;PROVER;2015-04-26;true;;30001;3952;89
BASE/pentagoSuicide;PROVER;2015-04-26;true;;30001;11227;205
DRESDEN/coins;PROVER;2015-04-26;true;;30001;6102;2439
DRESDEN/tpeg;PROVER;2015-04-26;true;;30001;18242;1504
DRESDEN/firefighter;PROVER;2015-04-26;true;;30000;156021;3552
BASE/sudokuGrade4;PROVER;2015-04-26;true;;30004;552;14
BASE/endgame;PROVER;2015-04-26;true;;30001;13619;972
BASE/coloredtrails;PROVER;2015-04-26;true;;30000;64352;7150
BASE/breakthroughSuicide;PROVER;2015-04-26;true;;30000;12036;184
BASE/chinook;PROVER;2015-04-26;true;;30000;14591;500
DRESDEN/peg;PROVER;2015-04-26;true;;30001;14665;602
BASE/gt_attrition;PROVER;2015-04-26;true;;30002;18002;3600
DRESDEN/Travelers-Dilemma;PROVER;2015-04-26;true;;30000;301702;30170
DRESDEN/checkers-mustjump;PROVER;2015-04-26;true;;30004;5096;95
DRESDEN/3qbf-5cnf-20var-40cl.1.qdimacs.viz.SAT;PROVER;2015-04-26;true;;30000;27037;463
DRESDEN/battlesnakes2011;PROVER;2015-04-26;true;;30000;30700;911
BASE/troublemaker02;PROVER;2015-04-26;true;;30000;464139;154609
DRESDEN/pentago_2008;PROVER;2015-04-26;true;;30000;10083;181
DRESDEN/knightazons;PROVER;2015-04-26;true;;30001;6096;91
BASE/gt_tinfoil;PROVER;2015-04-26;true;;30000;237570;23757
BASE/eotcitcit;PROVER;2015-04-26;true;;30000;52398;10442
DRESDEN/grid_game2;PROVER;2015-04-26;true;;30002;8999;183
STANFORD/buttonsandlights;PROVER;2015-04-26;true;;30000;908932;153571
STANFORD/duidoku;PROVER;2015-04-26;true;;30045;527;13
BASE/sudokuGrade5;PROVER;2015-04-26;true;;30012;503;13
BASE/escortLatch;PROVER;2015-04-26;true;;30001;19630;333
DRESDEN/kalaha_2009;PROVER;2015-04-26;true;;30000;49067;591
STANFORD/rainbow;PROVER;2015-04-26;true;;30000;209553;34925
STANFORD/connectfour;PROVER;2015-04-26;true;;30000;22705;1013
DRESDEN/3pttc;PROVER;2015-04-26;true;;30001;34218;1168
BASE/3pffa;PROVER;2015-04-26;true;;30000;32685;1089
STANFORD/multipletictactoe;PROVER;2015-04-26;true;;30001;16350;913
DRESDEN/doubletictactoe;PROVER;2015-04-26;true;;30001;28747;3451
BASE/nineBoardTicTacToe;PROVER;2015-04-26;true;;30001;11676;419
DRESDEN/peg_bugfixed;PROVER;2015-04-26;true;;30000;16109;660
DRESDEN/quad;PROVER;2015-04-26;true;;30934;42;0
DRESDEN/tictactoelargesuicide;PROVER;2015-04-26;true;;30000;35969;1507
DRESDEN/satlike_20v_91c_version2;PROVER;2015-04-26;true;;30000;12203;610
BASE/biddingTicTacToe;PROVER;2015-04-26;true;;30000;59958;4062
BASE/knightmove;PROVER;2015-04-26;true;;30000;42335;1203
DRESDEN/laikLee_hex;PROVER;2015-04-26;true;;30002;2219;107
BASE/gt_chicken;PROVER;2015-04-26;true;;30000;168192;8409
DRESDEN/nim1;PROVER;2015-04-26;true;;30000;203694;29669
BASE/chickentoetictac;PROVER;2015-04-26;true;;30000;101848;14316
BASE/amazonsTorus_10x10;PROVER;2015-04-26;true;;30060;3893;25
DRESDEN/blockerparallel;PROVER;2015-04-26;true;;30001;20928;2984
BASE/connect5;PROVER;2015-04-26;true;;30001;11798;254
BASE/sudokuGrade2;PROVER;2015-04-26;true;;30034;510;13
BASE/god;PROVER;2015-04-26;true;;30006;1889;91
DRESDEN/CephalopodMicro;PROVER;2015-04-26;true;;30008;1067;24
BASE/connectFourSimultaneous;PROVER;2015-04-26;true;;30002;12220;683
BASE/tictactoex9;PROVER;2015-04-26;true;;30001;14468;504
DRESDEN/breakthroughsuicide_v2;PROVER;2015-04-26;true;;30000;12468;198
DRESDEN/pancakes;PROVER;2015-04-26;true;;30000;494025;12453
DRESDEN/blocker;PROVER;2015-04-26;true;;30000;89714;11367
BASE/gt_staghunt;PROVER;2015-04-26;true;;30000;186692;9334
DRESDEN/lightsout;PROVER;2015-04-26;true;;30000;28757;1437
DRESDEN/vacuumcleaner_obstacles_5;PROVER;2015-04-26;true;;30000;16269;2700
DRESDEN/uf20-020.cnf.SAT;PROVER;2015-04-26;true;;30000;25256;1262
DRESDEN/nim2;PROVER;2015-04-26;true;;30000;188466;21290
BASE/checkLines;PROVER;2015-04-26;true;;30001;28916;1876
DRESDEN/vacuum_cleaner_1;PROVER;2015-04-26;true;;30000;124877;20797
BASE/skirmish;PROVER;2015-04-26;true;;31621;952;9
DRESDEN/bomberman2p;PROVER;2015-04-26;true;;30000;29881;3841
BASE/connect4;PROVER;2015-04-26;true;;30000;11483;533
DRESDEN/hanoi_6_disks;PROVER;2015-04-26;true;;30000;136468;38468
BASE/sudokuGrade3;PROVER;2015-04-26;true;;30018;528;13
DRESDEN/tictactoe_3d_2player;PROVER;2015-04-26;true;;30000;6902;194
DRESDEN/tictactoe_3d_6player;PROVER;2015-04-26;true;;30002;5578;53
BASE/racetrackcorridor;PROVER;2015-04-26;true;;30000;31842;1593
DRESDEN/quad_5x5;PROVER;2015-04-26;true;;30092;783;54
BASE/brain_teaser_extended;PROVER;2015-04-26;true;;30000;80891;5392
STANFORD/eightpuzzle;PROVER;2015-04-26;true;;30000;84816;1696
BASE/slidingpieces;PROVER;2015-04-26;true;;30001;8192;101
DRESDEN/3qbf-5cnf-20var-40cl.2.qdimacs.satlike;PROVER;2015-04-26;true;;30000;26328;450
DRESDEN/mimikry;PROVER;2015-04-26;true;;30000;20890;865
DRESDEN/point_grab;PROVER;2015-04-26;true;;30000;293036;9767
BASE/blockerSerial;PROVER;2015-04-26;true;;30000;30189;1918
STANFORD/sukoshi;PROVER;2015-04-26;true;;30000;37750;6950
BASE/buttons;PROVER;2015-04-26;true;;30000;490853;81808
STANFORD/untwistycorridor;PROVER;2015-04-26;true;;30000;575198;82171
DRESDEN/SC_TestOnly_enabled;PROVER;2015-04-26;true;;30000;80373;8930
DRESDEN/smallest_4player;PROVER;2015-04-26;true;;30000;82809;3510
BASE/gt_two_thirds_2p;PROVER;2015-04-26;true;;30000;55056;55056
BASE/ad_game_2x2;PROVER;2015-04-26;true;;30000;19786;10403
DRESDEN/uf20-01.cnf.SAT;PROVER;2015-04-26;true;;30001;23893;1194
BASE/aipsrovers01;PROVER;2015-04-26;true;;30000;102302;3535
BASE/othelloSuicide;PROVER;2015-04-26;true;;30075;76;1
DRESDEN/latenttictactoe;PROVER;2015-04-26;true;;30000;43151;4087
BASE/checkersTorusNoKings;PROVER;2015-04-26;true;;30000;11559;195
DRESDEN/blocks2player;PROVER;2015-04-26;true;;30000;160599;8922
BASE/ticTacHeaven;PROVER;2015-04-26;true;;30003;5297;223
BASE/ttcc4_2player_small;PROVER;2015-04-26;true;;30000;24850;1630
BASE/ticTicToe;PROVER;2015-04-26;true;;30000;51519;10271
BASE/blocksWorldSerial;PROVER;2015-04-26;true;;30000;86223;14370
BASE/tictactoe_3d_small_2player;PROVER;2015-04-26;true;;30000;20525;1653
DRESDEN/sum15;PROVER;2015-04-26;true;;30000;104656;13703
BASE/checkers-mustjump-torus;PROVER;2015-04-26;true;;30005;3760;86
BASE/onestep;PROVER;2015-04-26;true;;30000;823696;823696
DRESDEN/mummymaze1p;PROVER;2015-04-26;true;;30000;39736;6839
BASE/knightThrough;PROVER;2015-04-26;true;;30000;27810;827
BASE/hanoi7_bugfix;PROVER;2015-04-26;true;;30000;141625;1115
BASE/crossers3;PROVER;2015-04-26;true;;30000;22020;1671
DRESDEN/sat_test_20v_91c_visualisation;PROVER;2015-04-26;true;;30000;26387;1319
BASE/mummyMaze2p_2007;PROVER;2015-04-26;true;;30000;34819;743
DRESDEN/tttcc4;PROVER;2015-04-26;true;;30001;14575;520
STANFORD/trifecta;PROVER;2015-04-26;true;;30000;87444;11448
DRESDEN/2player_normal_form_2010;PROVER;2015-04-26;true;;30000;144376;144376
DRESDEN/snake_2009;PROVER;2015-04-26;true;;30001;11490;734
BASE/snake2p;PROVER;2015-04-26;true;;30001;9729;7301
DRESDEN/minichess;PROVER;2015-04-26;true;;30000;25959;2934
DRESDEN/bunk_t;PROVER;2015-04-26;true;;30000;31608;3796
BASE/roshambo2;PROVER;2015-04-26;true;;30000;336938;39647
BASE/colonelBlotto;PROVER;2015-04-26;true;;30000;68591;13718
DRESDEN/hanoi7;PROVER;2015-04-26;true;;30000;164214;1293
DRESDEN/ggp-course2013_nicolai;PROVER;2015-04-26;true;;30002;3290;104
DRESDEN/pacman3p;PROVER;2015-04-26;true;;30000;21432;446
DRESDEN/cube_2x2x2;PROVER;2015-04-26;true;;30000;63254;5277
BASE/twisty-passages;PROVER;2015-04-26;true;;30000;151985;763
BASE/colonelBlottoVariant2;PROVER;2015-04-26;true;;30000;158929;31799
BASE/ticTacToeSerial;PROVER;2015-04-26;true;;30000;28009;1841
BASE/chomp;PROVER;2015-04-26;true;;30000;64234;9188
DRESDEN/hitori;PROVER;2015-04-26;true;;30001;2281;22
BASE/tictactoe_orthogonal;PROVER;2015-04-26;true;;30000;97663;12201
DRESDEN/snake_2008;PROVER;2015-04-26;true;;30002;11136;665
DRESDEN/pancakes6;PROVER;2015-04-26;true;;30000;528466;13315
STANFORD/madness;PROVER;2015-04-26;true;;30001;915;15
DRESDEN/mummymaze2p;PROVER;2015-04-26;true;;30000;27246;551
STANFORD/breakthrough;PROVER;2015-04-26;true;;30000;27315;419
STANFORD/breakthroughsmall;PROVER;2015-04-26;true;;30000;21540;750
BASE/qyshinsu;PROVER;2015-04-26;true;;30003;1716;63
BASE/eightPuzzle;PROVER;2015-04-26;true;;30000;88355;1472
STANFORD/skirmish;PROVER;2015-04-26;true;;30009;905;9
BASE/amazons;PROVER;2015-04-26;true;;36837;20;0
BASE/dotsAndBoxes;PROVER;2015-04-26;true;;30000;16346;272
BASE/4pttc;PROVER;2015-04-26;true;;30000;21803;694
BASE/quad_7x7;PROVER;2015-04-26;true;;73011;164;6
DRESDEN/quartosuicide;PROVER;2015-04-26;true;;30000;34846;1476
DRESDEN/skirmish2;PROVER;2015-04-26;true;;30001;5848;146
BASE/factoringGeorgeForman;PROVER;2015-04-26;true;;30000;142110;2983
BASE/biddingTicTacToe_10coins;PROVER;2015-04-26;true;;30000;55915;3784
DRESDEN/skirmish3;PROVER;2015-04-26;true;;30002;9479;236
BASE/battle;PROVER;2015-04-26;true;;30009;1862;62
STANFORD/triplesukoshi;PROVER;2015-04-26;true;;30001;18782;2683
BASE/alexChess;PROVER;2015-04-26;true;;30135;75;0
DRESDEN/chickentictactoe;PROVER;2015-04-26;true;;30000;74104;10427
DRESDEN/towerworld;PROVER;2015-04-26;true;;30005;786;1
BASE/knightsTourLarge;PROVER;2015-04-26;true;;30000;321900;53621
DRESDEN/checkers-newgoals;PROVER;2015-04-26;true;;30001;5133;52
BASE/chickentictactoe;PROVER;2015-04-26;true;;30000;78209;10987
BASE/lightsOnSimultaneous;PROVER;2015-04-26;true;;30000;45815;3068
DRESDEN/Runners;PROVER;2015-04-26;true;;30000;379112;7737
BASE/connectFour;PROVER;2015-04-26;true;;30001;23948;1069
BASE/skirmishZeroSum;PROVER;2015-04-26;true;;30002;3054;30
DRESDEN/battle;PROVER;2015-04-26;true;;30010;1783;59
DRESDEN/pawn_whopping;PROVER;2015-04-26;true;;30001;15516;430
BASE/checkers-newgoals;PROVER;2015-04-26;true;;30002;4888;50
DRESDEN/knightfight;PROVER;2015-04-26;true;;30000;63802;5881
BASE/quartoSuicide;PROVER;2015-04-26;true;;30000;34587;1484
BASE/ticTacToeNoVars;PROVER;2015-04-26;true;;30000;96310;12640
BASE/cittaceot;PROVER;2015-04-26;true;;30000;23629;1099
DRESDEN/sheep_and_wolf;PROVER;2015-04-26;true;;30000;19852;480
DRESDEN/amazons;PROVER;2015-04-26;true;;30050;803;11
BASE/blokbox_simple;PROVER;2015-04-26;true;;30823;10;0
DRESDEN/statespacesmall;PROVER;2015-04-26;true;;30000;411965;102991
DRESDEN/hanoi;PROVER;2015-04-26;true;;30000;177730;5733
BASE/knightwar;PROVER;2015-04-26;true;;30000;36124;4222
DRESDEN/vacuumcleaner_random;PROVER;2015-04-26;true;;30000;88898;14720
BASE/breakthroughSmallHoles;PROVER;2015-04-26;true;;30000;15857;606
BASE/maze;PROVER;2015-04-26;true;;30000;400775;45658
BASE/ttcc4_2player;PROVER;2015-04-26;true;;30000;17556;450
BASE/catcha_mouse;PROVER;2015-04-26;true;;30000;32378;2400
STANFORD/pentago;PROVER;2015-04-26;true;;30000;14304;261
DRESDEN/pawn_whopping_simultaneous;PROVER;2015-04-26;true;;30001;14376;786
BASE/quarto;PROVER;2015-04-26;true;;30000;35202;1505
DRESDEN/brawl;PROVER;2015-04-26;true;;30003;3208;320
BASE/pegEuro;PROVER;2015-04-26;true;;30000;12705;491
DRESDEN/max_knights;PROVER;2015-04-26;true;;30000;30608;5771
DRESDEN/breakthrough;PROVER;2015-04-26;true;;30000;12888;204
DRESDEN/blocks;PROVER;2015-04-26;true;;30000;198432;66144
BASE/nim4;PROVER;2015-04-26;true;;30000;175485;13082
DRESDEN/pancakes88;PROVER;2015-04-26;true;;30000;365475;9137
STANFORD/3puzzle;PROVER;2015-04-26;true;;30000;230313;38385
BASE/ttcc4;PROVER;2015-04-26;true;;30001;16647;588
DRESDEN/nim3;PROVER;2015-04-26;true;;30000;158091;11911
BASE/hanoi;PROVER;2015-04-26;true;;30000;169216;5458
BASE/reversi;PROVER;2015-04-26;true;;33581;571;9
DRESDEN/statespacelarge;PROVER;2015-04-26;true;;30000;205521;14680
BASE/queens;PROVER;2015-04-26;true;;30000;10777;1077
BASE/sudokuGrade6H;PROVER;2015-04-26;true;;30022;503;10
DRESDEN/skirmishfinal;PROVER;2015-04-26;true;;30001;1238;20
DRESDEN/crissrace;PROVER;2015-04-26;true;;30000;20465;461
DRESDEN/satlike_20v_91c;PROVER;2015-04-26;true;;30005;12060;603
DRESDEN/circlesolitaire;PROVER;2015-04-26;true;;30000;183849;17889
BASE/nim3;PROVER;2015-04-26;true;;30000;181067;13651
BASE/max_knights;PROVER;2015-04-26;true;;30000;33485;6344
DRESDEN/buttons;PROVER;2015-04-26;true;;30000;551011;91835
DRESDEN/sat_test_20v_91c;PROVER;2015-04-26;true;;30000;26555;1327
DRESDEN/pawntoqueen;PROVER;2015-04-26;true;;30002;485;36
DRESDEN/nim4;PROVER;2015-04-26;true;;30000;154041;11540
DRESDEN/tictactoeparallel;PROVER;2015-04-26;true;;30000;35379;5125
BASE/blocksWorld;PROVER;2015-04-26;true;;30000;217923;72641
STANFORD/8puzzle;PROVER;2015-04-26;true;;30000;79087;1318
DRESDEN/chinesecheckers6;PROVER;2015-04-26;true;;30001;23073;391
BASE/blocks;PROVER;2015-04-26;true;;30000;203943;67981
DRESDEN/mummymaze2p-comp2007;PROVER;2015-04-26;true;;30000;35063;741
DRESDEN/babel;PROVER;2015-04-26;true;;30002;4422;221
BASE/checkersTorus;PROVER;2015-04-26;true;;30003;12681;214
BASE/snake_2008_tweaked;PROVER;2015-04-26;true;;30002;11663;730
BASE/asteroidsParallel;PROVER;2015-04-26;true;;30000;82415;1885
BASE/pawnWhopping;PROVER;2015-04-26;true;;30000;16003;471
BASE/dualConnect4;PROVER;2015-04-26;true;;30000;13672;444
BASE/blocker;PROVER;2015-04-26;true;;30000;88593;11219
BASE/withConviction;PROVER;2015-04-26;true;;30000;12390;495
BASE/nim2;PROVER;2015-04-26;true;;30000;203661;22966
BASE/cephalopodMicro;PROVER;2015-04-26;true;;30050;949;21
DRESDEN/oisters_farm;PROVER;2015-04-26;true;;30000;222270;4536
STANFORD/platformjumpers;PROVER;2015-04-26;true;;30004;5412;105
STANFORD/freeforall;PROVER;2015-04-26;true;;30000;38043;1268
DRESDEN/chinesecheckers3;PROVER;2015-04-26;true;;30000;31391;581
DRESDEN/gt_ultimatum;PROVER;2015-04-26;true;;30000;195660;9783
BASE/factoringImpossibleTurtleBrain;PROVER;2015-04-26;true;;30088;254;3
DRESDEN/connect4;PROVER;2015-04-26;true;;30000;10803;502
BASE/amazons_10x10;PROVER;2015-04-26;true;;30002;6043;45
DRESDEN/breakthroughsuicide;PROVER;2015-04-26;true;;30001;20566;319
BASE/nim1;PROVER;2015-04-26;true;;30000;198750;28967
BASE/double_tictactoe_dengji;PROVER;2015-04-26;true;;30000;33551;2348
STANFORD/duikoshi;PROVER;2015-04-26;true;;30000;14398;1080
BASE/amazonsTorus;PROVER;2015-04-26;true;;38713;4;0
BASE/knightfight;PROVER;2015-04-26;true;;30000;68450;6362
BASE/checkersBarrelNoKings;PROVER;2015-04-26;true;;30001;13134;203
DRESDEN/battlesnakes1509;PROVER;2015-04-26;true;;30000;28653;680
DRESDEN/statespacemedium;PROVER;2015-04-26;true;;30000;287547;31949
DRESDEN/lightsout2;PROVER;2015-04-26;true;;30000;31807;1590
BASE/2pttc;PROVER;2015-04-26;true;;30000;33062;1193
BASE/conn4;PROVER;2015-04-26;true;;30001;12996;623
BASE/snakeAssemblit;PROVER;2015-04-26;true;;30002;9704;1188
DRESDEN/4pttc;PROVER;2015-04-26;true;;30000;26855;847
DRESDEN/chinesecheckers4;PROVER;2015-04-26;true;;30001;14913;258
DRESDEN/catcha_mouse;PROVER;2015-04-26;true;;30000;33387;2521
DRESDEN/othello-cornercontrol;PROVER;2015-04-26;true;;30549;45;0
DRESDEN/connectfoursuicide;PROVER;2015-04-26;true;;30000;24456;1082
DRESDEN/backgammon;PROVER;2015-04-26;true;;30005;5597;27
DRESDEN/brain_teaser_extended;PROVER;2015-04-26;true;;30000;83679;5578
BASE/ruleDepthExponential;PROVER;2015-04-26;true;;30001;31254;15569
BASE/sudokuGrade6E;PROVER;2015-04-26;true;;30042;547;11
STANFORD/chinook;PROVER;2015-04-26;true;;30001;14149;353
BASE/brawl;PROVER;2015-04-26;true;;30001;3215;321
DRESDEN/quarto;PROVER;2015-04-26;true;;30000;34657;1483
DRESDEN/connect5;PROVER;2015-04-26;true;;30000;11564;254
DRESDEN/knightwar;PROVER;2015-04-26;true;;30000;37302;4350
BASE/bomberman2p;PROVER;2015-04-26;true;;30000;30062;3830
BASE/choicethroughalt;PROVER;2015-04-26;true;;30002;10294;261
DRESDEN/small_dominion;PROVER;2015-04-26;true;;30000;2589;90
STANFORD/tictactoe;PROVER;2015-04-26;true;;30000;82017;10757
BASE/kalaha_2009;PROVER;2015-04-26;true;;30000;51651;618
DRESDEN/twisty-passages;PROVER;2015-04-26;true;;30000;162687;817
BASE/knightazons;PROVER;2015-04-26;true;;30000;6060;90
DRESDEN/tictactoe_orthogonal;PROVER;2015-04-26;true;;30000;87080;10890
BASE/ticTacToeLargeSuicide;PROVER;2015-04-26;true;;30000;35308;1491
BASE/snake_2008;PROVER;2015-04-26;true;;30000;10625;653
BASE/tictactoe_3d_2player;PROVER;2015-04-26;true;;30001;6616;175
BASE/gt_coordination;PROVER;2015-04-26;true;;30000;233496;11674
BASE/coins_atomic;PROVER;2015-04-26;true;;30001;6418;2577
BASE/quad_5x5;PROVER;2015-04-26;true;;30122;471;33
DRESDEN/knightstour;PROVER;2015-04-26;true;;30000;325277;67032
DRESDEN/chomp;PROVER;2015-04-26;true;;30000;62809;8913
DRESDEN/chinesecheckers1;PROVER;2015-04-26;true;;30000;44315;1558
DRESDEN/ggp-course2013_michal13;PROVER;2015-04-26;true;;30057;347;10
STANFORD/multiplebuttonsandlights;PROVER;2015-04-26;true;;30000;316198;52699
BASE/hanoi_6_disks;PROVER;2015-04-26;true;;30000;152606;42861
DRESDEN/sat_test_20v_91c_version2;PROVER;2015-04-26;true;;30001;24739;1236
BASE/tictactoe_3d_6player;PROVER;2015-04-26;true;;30003;5164;49
DRESDEN/3qbf-5cnf-20var-40cl.1.qdimacs.SAT;PROVER;2015-04-26;true;;30000;26599;458
BASE/simultaneousWin2;PROVER;2015-04-26;true;;30000;25132;399
DRESDEN/chinesecheckers6-simultaneous;PROVER;2015-04-26;true;;30001;7308;313
BASE/othelloHoles;PROVER;2015-04-26;true;;30101;97;1
BASE/ruleDepthLinear;PROVER;2015-04-26;true;;30000;729868;365841
BASE/factoringEasyTurtleBrain;PROVER;2015-04-26;true;;30000;92100;1535
BASE/chineseCheckers6;PROVER;2015-04-26;true;;30000;30717;512
STANFORD/selectivesukoshi;PROVER;2015-04-26;true;;30000;1724;56
DRESDEN/troublemaker01;PROVER;2015-04-26;true;;30000;422239;140780
BASE/coins;PROVER;2015-04-26;true;;30004;6262;2489
BASE/checkers-mustjump;PROVER;2015-04-26;true;;30005;4699;91
BASE/snake_2009;PROVER;2015-04-26;true;;30000;11309;741
BASE/lightsOnParallel;PROVER;2015-04-26;true;;30000;88828;4484
DRESDEN/gt_chicken;PROVER;2015-04-26;true;;30000;181394;9069
BASE/3pttc;PROVER;2015-04-26;true;;30000;31886;1101
BASE/sum15;PROVER;2015-04-26;true;;30000;101071;13264
BASE/doubletictactoe;PROVER;2015-04-26;true;;30000;32191;3869
DRESDEN/chinesecheckers2;PROVER;2015-04-26;true;;30000;35988;950
DRESDEN/endgame;PROVER;2015-04-26;true;;30001;9016;644
BASE/3pConnectFour;PROVER;2015-04-26;true;;30001;15470;442
BASE/quad;PROVER;2015-04-26;true;;40796;41;0
DRESDEN/3qbf-5cnf-20var-40cl.0.qdimacs;PROVER;2015-04-26;true;;30000;28216;479
STANFORD/hex;PROVER;2015-04-26;true;;30008;5078;71
DRESDEN/Goldrush;PROVER;2015-04-26;true;;30000;31274;4178
DRESDEN/uf20-010.cnf.SAT;PROVER;2015-04-26;true;;30000;29808;1490
BASE/blocksWorldParallel;PROVER;2015-04-26;true;;30000;21385;7128
DRESDEN/double_tictactoe_dengji;PROVER;2015-04-26;true;;30000;34321;2410
DRESDEN/battlebrushes;PROVER;2015-04-26;true;;30070;1881;99
DRESDEN/troublemaker02;PROVER;2015-04-26;true;;30000;480347;159969
DRESDEN/3pffa;PROVER;2015-04-26;true;;30000;38776;1292
BASE/gt_ultimatum;PROVER;2015-04-26;true;;30000;166885;8344
BASE/gt_centipede;PROVER;2015-04-26;true;;30000;272429;136152
BASE/wallmaze;PROVER;2015-04-26;true;;30001;18634;642
DRESDEN/cubicup;PROVER;2015-04-26;true;;30000;7944;141
BASE/beatMania;PROVER;2015-04-26;true;;30000;166998;2783
DRESDEN/roshambo2;PROVER;2015-04-26;true;;30000;317759;37379
BASE/bunk_t;PROVER;2015-04-26;true;;30000;30730;3675
DRESDEN/golden_rectangle;PROVER;2015-04-26;true;;30000;7729;259
DRESDEN/lightson2x2;PROVER;2015-04-26;true;;30000;150908;15090
DRESDEN/3qbf-5cnf-20var-40cl.2.qdimacs.SAT;PROVER;2015-04-26;true;;30001;26063;445
BASE/factoringMediumTurtleBrain;PROVER;2015-04-26;true;;30000;26190;311
BASE/peg;PROVER;2015-04-26;true;;30000;17075;701
STANFORD/tictactoe3;PROVER;2015-04-26;true;;30000;68719;25740
BASE/chineseCheckers4;PROVER;2015-04-26;true;;30000;28326;491
DRESDEN/crossers3;PROVER;2015-04-26;true;;30000;20896;1593
BASE/tpeg;PROVER;2015-04-26;true;;30000;17010;1378
BASE/connectFourSuicide;PROVER;2015-04-26;true;;30000;25635;1141
BASE/crissrace;PROVER;2015-04-26;true;;30000;20875;468
DRESDEN/CatchMeIfYouCanTest;PROVER;2015-04-26;true;;30000;178724;5341
BASE/hexPie;PROVER;2015-04-26;true;;30002;4433;62
BASE/breakthrough;PROVER;2015-04-26;true;;30002;12589;197
DRESDEN/bidding-tictactoe_10coins;PROVER;2015-04-26;true;;30000;60873;4121
STANFORD/multiplesukoshi;PROVER;2015-04-26;true;;30002;2794;62
BASE/kalaha6x2x4;PROVER;2015-04-26;true;;30000;54771;294
BASE/firefighter;PROVER;2015-04-26;true;;30000;152563;3481
DRESDEN/logistics;PROVER;2015-04-26;true;;30000;36122;722
BASE/duplicateStateLarge;PROVER;2015-04-26;true;;30000;116711;8336
DRESDEN/tictictoe;PROVER;2015-04-26;true;;30000;49039;9744
STANFORD/ttcc4;PROVER;2015-04-26;true;;30001;20573;374
BASE/hitori;PROVER;2015-04-26;true;;30005;2222;22
BASE/chineseCheckers3;PROVER;2015-04-26;true;;30000;55367;1022
BASE/duplicateStateMedium;PROVER;2015-04-26;true;;30000;185517;20613
DRESDEN/queens;PROVER;2015-04-26;true;;30000;10823;1082
BASE/blockerParallel;PROVER;2015-04-26;true;;30000;20622;2941
BASE/othello-comp2007;PROVER;2015-04-26;true;;30072;83;1
BASE/asteroidsSerial;PROVER;2015-04-26;true;;30000;70119;750
DRESDEN/connectfour;PROVER;2015-04-26;true;;30000;25861;1171
BASE/chineseCheckers2;PROVER;2015-04-26;true;;30000;62132;1644
DRESDEN/guess;PROVER;2015-04-26;true;;30002;20158;2261
DRESDEN/hanoi7_bugfix;PROVER;2015-04-26;true;;30000;134277;1057
BASE/ticTacHeavenFC;PROVER;2015-04-26;true;;30001;4861;186
BASE/pancakes88;PROVER;2015-04-26;true;;30000;412898;10323
DRESDEN/tictactoe_3d_small_6player;PROVER;2015-04-26;true;;30001;13753;385
BASE/tictactoe2;PROVER;2015-04-26;true;;30000;69398;9086
BASE/sudoku;PROVER;2015-04-26;true;;30006;2793;34
DRESDEN/checkers-mustjump-torus;PROVER;2015-04-26;true;;30000;3902;90
BASE/blocks2player;PROVER;2015-04-26;true;;30000;166458;9247
BASE/colonelBlottoVariant;PROVER;2015-04-26;true;;30000;152800;15280
STANFORD/threepuzzle;PROVER;2015-04-26;true;;30000;232505;38750
BASE/merrills;PROVER;2015-04-26;true;;30002;4419;73
BASE/cylinder-checkers;PROVER;2015-04-26;true;;30004;4714;48
BASE/chineseCheckers1;PROVER;2015-04-26;true;;30000;92993;3260
BASE/circlesolitaire;PROVER;2015-04-26;true;;30000;187285;18157
STANFORD/hunter;PROVER;2015-04-26;true;;30000;98140;7010
DRESDEN/skirmish;PROVER;2015-04-26;true;;30001;5572;139
BASE/haystack;PROVER;2015-04-26;true;;30000;1002407;334127
DRESDEN/stratego;PROVER;2015-04-26;true;;30001;14327;343
DRESDEN/grid_game;PROVER;2015-04-26;true;;30000;26590;763
DRESDEN/god;PROVER;2015-04-26;true;;30000;2099;103
BASE/pentago;PROVER;2015-04-26;true;;30002;10648;194
BASE/2pffa_zerosum;PROVER;2015-04-26;true;;30000;37637;1254
BASE/pancakes;PROVER;2015-04-26;true;;30000;485262;12243
DRESDEN/tictactoe;PROVER;2015-04-26;true;;30000;81622;10697
BASE/smallest_4player;PROVER;2015-04-26;true;;30000;89825;3811
DRESDEN/tictactoex9;PROVER;2015-04-26;true;;30001;14369;483
DRESDEN/gt_prisoner;PROVER;2015-04-26;true;;30000;165181;8259
DRESDEN/ggp-course2013_jordi;PROVER;2015-04-26;true;;30003;3859;118
BASE/cubicup_3player;PROVER;2015-04-26;true;;30001;3584;42
DRESDEN/checkers-cylinder-mustjump;PROVER;2015-04-26;true;;30001;4062;92
BASE/point_grab;PROVER;2015-04-26;true;;30000;374554;12485
BASE/laikLee_hex;PROVER;2015-04-26;true;;30128;1831;86
DRESDEN/Zhadu;PROVER;2015-04-26;true;;30031;1166;30
BASE/knightsTour;PROVER;2015-04-26;true;;30000;326510;67071
BASE/lightsOut;PROVER;2015-04-26;true;;30000;25397;1269
DRESDEN/slidingpieces;PROVER;2015-04-26;true;;30003;8249;101
DRESDEN/eotcatcit;PROVER;2015-04-26;true;;30000;80858;10608
BASE/ticTacToe;PROVER;2015-04-26;true;;30000;79556;10444
DRESDEN/fizzbuzz;PROVER;2015-04-26;true;;30000;411112;13703
DRESDEN/uf20-020.cnf.SAT.satlike;PROVER;2015-04-26;true;;30000;10901;545
BASE/racer4;PROVER;2015-04-26;true;;30000;20356;932
BASE/four_way_battle;PROVER;2015-04-26;true;;30001;5102;167
BASE/4pffa;PROVER;2015-04-26;true;;30000;30271;756
BASE/checkers-cylinder-mustjump;PROVER;2015-04-26;true;;30003;3877;87
BASE/pearls;PROVER;2015-04-26;true;;30000;662455;60223
BASE/checkersSmall;PROVER;2015-04-26;true;;30000;8192;86
DRESDEN/minichess-evilconjuncts;PROVER;2015-04-26;true;;30003;3651;414
DRESDEN/javastrike;PROVER;2015-04-26;true;;30001;5745;11
STANFORD/dualhunter;PROVER;2015-04-26;true;;30000;48083;3434
BASE/ticTacToeLarge;PROVER;2015-04-26;true;;30000;33187;1392
BASE/amazons_8x8;PROVER;2015-04-26;true;;30003;7541;82
DRESDEN/vacuumcleaner_random_big;PROVER;2015-04-26;true;;30002;56380;9457
BASE/gt_two_thirds_4p;PROVER;2015-04-26;true;;30000;22325;22325
BASE/majorities;PROVER;2015-04-26;true;;30005;3958;74
BASE/toetictac;PROVER;2015-04-26;true;;30000;115603;15187
BASE/dotsAndBoxesSuicide;PROVER;2015-04-26;true;;30001;15536;258
BASE/connectFourLarger;PROVER;2015-04-26;true;;30002;10946;334
BASE/speedChess;PROVER;2015-04-26;true;;30004;3379;30
BASE/factoringMutuallyAssuredDestruction;PROVER;2015-04-26;true;;30000;122371;6118
DRESDEN/racer4;PROVER;2015-04-26;true;;30000;19047;878
BASE/lightsOnSimul4;PROVER;2015-04-26;true;;30000;35176;5502
BASE/hex;PROVER;2015-04-26;true;;30003;4809;67
BASE/duplicateStateSmall;PROVER;2015-04-26;true;;30000;317015;79253
BASE/minichess-evilconjuncts;PROVER;2015-04-26;true;;30004;3753;425
BASE/skirmishHoles;PROVER;2015-04-26;true;;30011;940;9
DRESDEN/cylinder-checkers;PROVER;2015-04-26;true;;30004;4531;46
DRESDEN/doubletoetictac;PROVER;2015-04-26;true;;30000;31714;3795
BASE/nineBoardTicTacToePie;PROVER;2015-04-26;true;;30000;9627;323
BASE/survival;PROVER;2015-04-26;true;;30000;743117;636456
DRESDEN/four_way_battle;PROVER;2015-04-26;true;;30003;5163;172
BASE/doubletoetictac;PROVER;2015-04-26;true;;30000;31175;3746
BASE/amazonsSuicide;PROVER;2015-04-26;true;;30503;18;0
DRESDEN/uf20-010.cnf.SAT.satlike;PROVER;2015-04-26;true;;30000;11940;597
DRESDEN/knightthrough;PROVER;2015-04-26;true;;30000;29454;872
DRESDEN/quad_5x5_8_2;PROVER;2015-04-26;true;;30001;1866;101
DRESDEN/Catch-Me-If-You-Can;PROVER;2015-04-26;true;;30000;162677;4838
BASE/tron_10x10;PROVER;2015-04-26;true;;30000;67689;22514
BASE/tictactoe_3d_small_6player;PROVER;2015-04-26;true;;30000;13105;358
BASE/amazonsSuicide_10x10;PROVER;2015-04-26;true;;30004;6089;44
BASE/blobwars;PROVER;2015-04-26;true;;30002;6000;150
BASE/incredible;PROVER;2015-04-26;true;;30000;75395;3968
BASE/racer;PROVER;2015-04-26;true;;30000;50759;3679
DRESDEN/8puzzle;PROVER;2015-04-26;true;;30000;79853;1330
DRESDEN/capture_the_king;PROVER;2015-04-26;true;;30010;2329;36
DRESDEN/bidding-tictactoe;PROVER;2015-04-26;true;;30000;64902;4406
DRESDEN/ticblock;PROVER;2015-04-26;true;;30000;39447;2375
DRESDEN/frogs_and_toads;PROVER;2015-04-26;true;;30000;22675;195
BASE/ticTacToeParallel;PROVER;2015-04-26;true;;30000;31793;4599
BASE/crisscross;PROVER;2015-04-26;true;;30000;28806;1114
DRESDEN/aipsrovers01;PROVER;2015-04-26;true;;30000;105024;3631
BASE/snakeParallel;PROVER;2015-04-26;true;;30000;87660;18967
BASE/untwistycomplex2;PROVER;2015-04-26;true;;30000;582838;83262
DRESDEN/quad_7x7;PROVER;2015-04-26;true;;72333;34;1
BASE/strangeSkirmish;PROVER;2015-04-26;true;;32018;765;7
BASE/englishDraughts;PROVER;2015-04-26;true;;30000;13486;188
DRESDEN/catch_me;PROVER;2015-04-26;true;;30000;157315;4695
BASE/eotcatcit;PROVER;2015-04-26;true;;30000;85419;11202
BASE/pancakes6;PROVER;2015-04-26;true;;30000;510539;12867
STANFORD/knightstour;PROVER;2015-04-26;true;;30000;325446;66822
BASE/breakthroughWalls;PROVER;2015-04-26;true;;30000;13066;209
BASE/ghostMaze2p;PROVER;2015-04-26;true;;30000;60034;1240
BASE/stateSpaceLarge;PROVER;2015-04-26;true;;30000;198256;14161
BASE/stateSpaceMedium;PROVER;2015-04-26;true;;30000;281986;31331
DRESDEN/cubicup_3player;PROVER;2015-04-26;true;;30006;3591;42
BASE/mummymaze2p;PROVER;2015-04-26;true;;30000;28745;584
BASE/gt_prisoner;PROVER;2015-04-26;true;;30000;193817;9690
BASE/asteroids;PROVER;2015-04-26;true;;30000;196368;4231
DRESDEN/vacuumcleaner_obstacles_2;PROVER;2015-04-26;true;;30000;97993;16414
BASE/guess;PROVER;2015-04-26;true;;30002;20470;2301
DRESDEN/tictactoe_3player;PROVER;2015-04-26;true;;30000;23248;1139
DRESDEN/tictactoe-init1;PROVER;2015-04-26;true;;30000;72442;20697
DRESDEN/hallway;PROVER;2015-04-26;true;;30001;8957;298
BASE/zhadu;PROVER;2015-04-26;true;;30026;466;9
BASE/pacman3p;PROVER;2015-04-26;true;;30001;20878;402
BASE/wargame03;PROVER;2015-04-26;true;;30000;12154;1894
BASE/pawnToQueen;PROVER;2015-04-26;true;;30012;475;36
BASE/gt_two_thirds_6p;PROVER;2015-04-26;true;;30000;14352;14352
DRESDEN/tictactoe_3d_small_2player;PROVER;2015-04-26;true;;30000;19413;1577
DRESDEN/kitten_escapes_from_fire;PROVER;2015-04-26;true;;30000;115491;13936
BASE/kitten_escapes_from_fire;PROVER;2015-04-26;true;;30000;118164;14223
BASE/checkers;PROVER;2015-04-26;true;;30003;6967;68
STANFORD/bestbuttonsandlights;PROVER;2015-04-26;true;;30000;289772;48295
BASE/snake_2009_big;PROVER;2015-04-26;true;;30002;8370;497
DRESDEN/snake_2009_big;PROVER;2015-04-26;true;;30002;8367;451
BASE/breakthroughHoles;PROVER;2015-04-26;true;;30000;17211;270
DRESDEN/checkers;PROVER;2015-04-26;true;;30003;5224;52
DRESDEN/vacuumcleaner_obstacles_1;PROVER;2015-04-26;true;;30000;106236;17823
BASE/tictactoe_3player;PROVER;2015-04-26;true;;30000;23284;1136
DRESDEN/vacuumcleaner_obstacles_3;PROVER;2015-04-26;true;;30000;17636;2927
BASE/connectFourLarge;PROVER;2015-04-26;true;;30003;17782;686
BASE/hodgepodge;PROVER;2015-04-26;true;;30000;118208;118208
STANFORD/nineboardtictactoe;PROVER;2015-04-26;true;;30002;10362;354
BASE/tttcc4;PROVER;2015-04-26;true;;30000;16136;580
BASE/sudokuGrade1;PROVER;2015-04-26;true;;30030;581;16
BASE/minichess;PROVER;2015-04-26;true;;30000;40378;13459
BASE/lightsOn;PROVER;2015-04-26;true;;30000;186383;14985
BASE/ttcc4_2player_alt;PROVER;2015-04-26;true;;30000;20003;539
BASE/stateSpaceSmall;PROVER;2015-04-26;true;;30000;414186;103546
STANFORD/multiplebuttonsandlights_9;PROVER;2015-04-26;true;;30000;324341;54057
BASE/slaughter;PROVER;2015-04-26;true;;33701;439;2
DRESDEN/tictactoelarge;PROVER;2015-04-26;true;;30000;37053;1555
BASE/gt_dollar;PROVER;2015-04-26;true;;30000;184392;92002
DRESDEN/blocksworldparallel;PROVER;2015-04-26;true;;30000;63722;21240
DRESDEN/merrills;PROVER;2015-04-26;true;;30005;4416;73
BASE/mummymaze1p;PROVER;2015-04-26;true;;30000;39375;7003
STANFORD/checkersonabarrelnokings;PROVER;2015-04-26;true;;30000;14266;209
DRESDEN/smallest;PROVER;2015-04-26;true;;30000;52692;2209
BASE/skirmishFinal3;PROVER;2015-04-26;true;;30004;1387;23
STANFORD/tictactoe5;PROVER;2015-04-26;true;;30000;75362;20754
DRESDEN/crisscross;PROVER;2015-04-26;true;;30000;28402;1093
BASE/skirmishFinal1;PROVER;2015-04-26;true;;30021;1229;21
DRESDEN/racetrackcorridor;PROVER;2015-04-26;true;;30000;31359;1759
BASE/pacman2p;PROVER;2015-04-26;true;;30001;22173;435
DRESDEN/pawn_whopping_corrected;PROVER;2015-04-26;true;;30000;14977;441
BASE/sheepAndWolf;PROVER;2015-04-26;true;;30000;20260;490
BASE/golden_rectangle;PROVER;2015-04-26;true;;30001;7521;247
BASE/numbertictactoe;PROVER;2015-04-26;true;;30000;49988;6202
BASE/wargame01;PROVER;2015-04-26;true;;30001;17215;1636
STANFORD/jointbuttonsandlights;PROVER;2015-04-26;true;;30000;175865;30524
BASE/2pffa;PROVER;2015-04-26;true;;30000;41474;1382
DRESDEN/toetictac;PROVER;2015-04-26;true;;30000;121532;15904
BASE/ticblock;PROVER;2015-04-26;true;;30000;41111;2482
DRESDEN/racer;PROVER;2015-04-26;true;;30000;48444;3528
DRESDEN/ghostmaze2p;PROVER;2015-04-26;true;;30000;58754;1217
STANFORD/sudoku;PROVER;2015-04-26;true;;30016;521;12
BASE/skirmishFinal2;PROVER;2015-04-26;true;;30001;1292;21
DRESDEN/chickentoetictac;PROVER;2015-04-26;true;;30000;99252;13937
STANFORD/dualrainbow;PROVER;2015-04-26;true;;30000;106270;17711
DRESDEN/farmers;PROVER;2015-04-26;true;;30000;26178;2617
DRESDEN/knightmove;PROVER;2015-04-26;true;;30000;40906;1167
BASE/checkersTiny;PROVER;2015-04-26;true;;30000;13239;219
BASE/cubicup;PROVER;2015-04-26;true;;30001;7813;139
DRESDEN/blobwars;PROVER;2015-04-26;true;;30005;6375;159
BASE/skirmishNew;PROVER;2015-04-26;true;;30004;3070;30
BASE/hallway;PROVER;2015-04-26;true;;30000;9952;331
BASE/wargame02;PROVER;2015-04-26;true;;30002;8612;2839
DRESDEN/checkers-suicide-cylinder-mustjump;PROVER;2015-04-26;true;;30005;4065;89
BASE/breakthroughSmall;PROVER;2015-04-26;true;;30000;21400;745
BASE/tictactoe-init1;PROVER;2015-04-26;true;;30000;77210;22007
DRESDEN/Thief_Police;PROVER;2015-04-26;true;;30000;152502;4547
BASE/switches;PROVER;2015-04-26;true;;30000;284202;284202
BASE/kalaha5x2x3;PROVER;2015-04-26;true;;30000;55704;559
STANFORD/tictactoe7;PROVER;2015-04-26;true;;30000;79044;14269
