BASE/skirmishHoles;COMPILED_PROVER_CACHING;1;true;;30000;153584;1551
BASE/untwistycomplex2;COMPILED_PROVER_CACHING;1;true;;30000;26036522;3719503
BASE/survival;COMPILED_PROVER_CACHING;1;true;;30000;22918954;19646298
BASE/minichess-evilconjuncts;COMPILED_PROVER_CACHING;1;true;;30000;298206;33730
BASE/knightwar;COMPILED_PROVER_CACHING;1;true;;30000;1906443;222546
DRESDEN/twisty-passages;COMPILED_PROVER_CACHING;1;true;;30000;2845731;14300
BASE/connectFourLarger;COMPILED_PROVER_CACHING;1;true;;30000;1019095;31221
BASE/maze;COMPILED_PROVER_CACHING;1;true;;30000;27954754;3183344
DRESDEN/chinesecheckers1;COMPILED_PROVER_CACHING;1;true;;30000;1691887;59627
DRESDEN/chomp;COMPILED_PROVER_CACHING;1;true;;30000;2305378;327219
BASE/checkers-newgoals;COMPILED_PROVER_CACHING;1;true;;30000;395715;4042
DRESDEN/sat_test_20v_91c_version2;COMPILED_PROVER_CACHING;1;true;;30000;506295;25314
BASE/battle;COMPILED_PROVER_CACHING;1;true;;30000;65381;2179
BASE/sheepAndWolf;COMPILED_PROVER_CACHING;1;true;;30000;727405;17720
BASE/chickentictactoe;COMPILED_PROVER_CACHING;1;true;;30000;3460021;486513
DRESDEN/chinesecheckers6-simultaneous;COMPILED_PROVER_CACHING;1;true;;30000;308449;13446
BASE/doubletoetictac;COMPILED_PROVER_CACHING;1;true;;30000;2154733;258394
DRESDEN/knightstour;COMPILED_PROVER_CACHING;1;true;;30000;12106558;2491329
DRESDEN/3qbf-5cnf-20var-40cl.1.qdimacs.SAT;COMPILED_PROVER_CACHING;1;true;;30000;677647;11623
STANFORD/sudoku;COMPILED_PROVER_CACHING;1;true;;30000;149629;3626
DRESDEN/checkers-suicide-cylinder-mustjump;COMPILED_PROVER_CACHING;1;true;;30000;290171;6515
DRESDEN/CatchMeIfYouCanTest;COMPILED_PROVER_CACHING;1;true;;30000;6324212;186153
BASE/mineClearingSmall;COMPILED_PROVER_CACHING;1;true;;30000;904977;76670
DRESDEN/crossers3;COMPILED_PROVER_CACHING;1;true;;30000;1956649;148130
BASE/pearls;COMPILED_PROVER_CACHING;1;true;;30000;31917245;2901567
BASE/4pffa;COMPILED_PROVER_CACHING;1;true;;30000;1739964;43499
DRESDEN/bidding-tictactoe_10coins;COMPILED_PROVER_CACHING;1;true;;30000;2812970;190524
BASE/quad_7x7;COMPILED_PROVER_CACHING;1;true;;30000;7901;259
BASE/ticTacToeNoVars;COMPILED_PROVER_CACHING;1;true;;30000;4028322;528371
DRESDEN/logistics;COMPILED_PROVER_CACHING;1;true;;30000;2129422;42588
DRESDEN/tictactoe_orthogonal;COMPILED_PROVER_CACHING;1;true;;30000;4367063;545363
DRESDEN/connectfoursuicide;COMPILED_PROVER_CACHING;1;true;;30000;1886029;84368
BASE/lightsOn;COMPILED_PROVER_CACHING;1;true;;30000;11839925;949255
DRESDEN/racetrackcorridor;COMPILED_PROVER_CACHING;1;true;;30000;1514291;85364
DRESDEN/ghostmaze2p;COMPILED_PROVER_CACHING;1;true;;30000;3888233;80386
DRESDEN/uf20-010.cnf.SAT;COMPILED_PROVER_CACHING;1;true;;30000;514325;25716
BASE/cubicup_3player;COMPILED_PROVER_CACHING;1;true;;30000;286212;3407
DRESDEN/3pffa;COMPILED_PROVER_CACHING;1;true;;30000;2203814;73460
DRESDEN/breakthroughsuicide;COMPILED_PROVER_CACHING;1;true;;30000;1405721;21902
DRESDEN/battlebrushes;COMPILED_PROVER_CACHING;1;true;;30000;253402;13336
DRESDEN/chinesecheckers3;COMPILED_PROVER_CACHING;1;true;;30000;1319679;24366
BASE/four_way_battle;COMPILED_PROVER_CACHING;1;true;;30000;185981;5963
STANFORD/tictactoe7;COMPILED_PROVER_CACHING;1;true;;30000;4399558;793731
DRESDEN/golden_rectangle;COMPILED_PROVER_CACHING;1;true;;30000;394417;13288
STANFORD/duikoshi;COMPILED_PROVER_CACHING;1;true;;30000;1475134;110214
BASE/tttcc4;COMPILED_PROVER_CACHING;1;true;;30000;942166;33379
DRESDEN/god;COMPILED_PROVER_CACHING;1;true;;30000;173267;8086
BASE/snakeAssemblit;COMPILED_PROVER_CACHING;1;true;;30000;594872;72790
BASE/dualConnect4;COMPILED_PROVER_CACHING;1;true;;30000;1117637;35758
DRESDEN/tictactoe;COMPILED_PROVER_CACHING;1;true;;30000;4191782;549733
DRESDEN/lightson2x2;COMPILED_PROVER_CACHING;1;true;;30000;5817089;581708
BASE/cylinder-checkers;COMPILED_PROVER_CACHING;1;true;;30000;359943;3678
DRESDEN/connect4;COMPILED_PROVER_CACHING;1;true;;30000;625956;29427
BASE/wargame01;COMPILED_PROVER_CACHING;1;true;;30000;1115215;111623
BASE/factoringGeorgeForman;COMPILED_PROVER_CACHING;1;true;;30000;11747600;246728
BASE/amazons_8x8;COMPILED_PROVER_CACHING;1;true;;30000;879500;9657
STANFORD/breakthrough;COMPILED_PROVER_CACHING;1;true;;30000;1381557;21534
DRESDEN/gt_chicken;COMPILED_PROVER_CACHING;1;true;;30000;16077787;803889
BASE/pacman2p;COMPILED_PROVER_CACHING;1;true;;30000;1121426;22868
BASE/checkersSmall;COMPILED_PROVER_CACHING;1;true;;30000;780511;8343
DRESDEN/chinesecheckers2;COMPILED_PROVER_CACHING;1;true;;30000;1331526;35272
BASE/2pttc;COMPILED_PROVER_CACHING;1;true;;30000;1866781;67628
DRESDEN/ggp-course2013_michal13;COMPILED_PROVER_CACHING;1;true;;30000;63349;1978
DRESDEN/checkers-mustjump-torus;COMPILED_PROVER_CACHING;1;true;;30000;273334;6272
STANFORD/bestbuttonsandlightsbig;COMPILED_PROVER_CACHING;1;true;;30000;9438781;1573130
BASE/gt_two_thirds_4p;COMPILED_PROVER_CACHING;1;true;;30000;810660;810660
BASE/colonelBlotto;COMPILED_PROVER_CACHING;1;true;;30000;2333720;466744
BASE/queens31lg;COMPILED_PROVER_CACHING;1;true;;30000;2225;88
BASE/sudoku;COMPILED_PROVER_CACHING;1;true;;30000;328264;4052
BASE/tictactoe_3d_small_6player;COMPILED_PROVER_CACHING;1;true;;30000;803605;22414
BASE/pentago;COMPILED_PROVER_CACHING;1;true;;30000;342605;6251
BASE/pawnWhopping;COMPILED_PROVER_CACHING;1;true;;30000;1227470;35797
DRESDEN/tictactoe_3d_small_2player;COMPILED_PROVER_CACHING;1;true;;30000;952481;77376
BASE/skirmishZeroSum;COMPILED_PROVER_CACHING;1;true;;30000;357714;3577
BASE/haystack;COMPILED_PROVER_CACHING;1;true;;30000;30229695;10073944
BASE/2pffa_zerosum;COMPILED_PROVER_CACHING;1;true;;30000;1830532;61017
DRESDEN/aipsrovers01;COMPILED_PROVER_CACHING;1;true;;30000;6373959;220230
BASE/lightsOut;COMPILED_PROVER_CACHING;1;true;;30000;2792454;139622
BASE/hanoi7_bugfix;COMPILED_PROVER_CACHING;1;true;;30000;9970075;78504
DRESDEN/chinesecheckers4;COMPILED_PROVER_CACHING;1;true;;30000;781871;13543
BASE/pacman3p;COMPILED_PROVER_CACHING;1;true;;30000;1206659;24573
BASE/amazonsSuicide_10x10;COMPILED_PROVER_CACHING;1;true;;30000;707815;5193
BASE/lightsOnParallel;COMPILED_PROVER_CACHING;1;true;;30000;5178180;261349
DRESDEN/statespacesmall;COMPILED_PROVER_CACHING;1;true;;30000;18453724;4613431
DRESDEN/knightmove;COMPILED_PROVER_CACHING;1;true;;30000;1406602;39970
STANFORD/bestbuttonsandlights;COMPILED_PROVER_CACHING;1;true;;30000;11268394;1878065
DRESDEN/statespacemedium;COMPILED_PROVER_CACHING;1;true;;30000;14772078;1641342
BASE/laikLee_hex;COMPILED_PROVER_CACHING;1;false;Exception of type StackOverflowError;0;0;0
STANFORD/nineboardtictactoe;COMPILED_PROVER_CACHING;1;true;;30000;873012;29835
BASE/breakthroughSmallHoles;COMPILED_PROVER_CACHING;1;true;;30000;1530192;59010
STANFORD/hunter;COMPILED_PROVER_CACHING;1;true;;30000;4887216;349086
BASE/guess;COMPILED_PROVER_CACHING;1;true;;30000;5116703;575571
DRESDEN/roshambo2;COMPILED_PROVER_CACHING;1;true;;30000;9641439;1134261
DRESDEN/8puzzle;COMPILED_PROVER_CACHING;1;true;;30000;3023397;50389
DRESDEN/blobwars;COMPILED_PROVER_CACHING;1;true;;30000;314500;7863
BASE/bunk_t;COMPILED_PROVER_CACHING;1;true;;30000;2129219;255333
DRESDEN/brain_teaser_extended;COMPILED_PROVER_CACHING;1;true;;30000;6052279;403485
DRESDEN/connect5;COMPILED_PROVER_CACHING;1;true;;30000;546125;11880
DRESDEN/backgammon;COMPILED_PROVER_CACHING;1;true;;30000;663895;3820
STANFORD/knightstourbig;COMPILED_PROVER_CACHING;1;true;;30000;10684706;1866780
STANFORD/knightstourmedium;COMPILED_PROVER_CACHING;1;true;;30000;11539415;2885314
BASE/othelloSuicide;COMPILED_PROVER_CACHING;1;true;;30001;20236;335
DRESDEN/knightthrough;COMPILED_PROVER_CACHING;1;true;;30000;1380546;40889
BASE/simultaneousWin2;COMPILED_PROVER_CACHING;1;true;;30000;1065893;17378
BASE/ticTacToeLarge;COMPILED_PROVER_CACHING;1;true;;30000;3085577;130040
DRESDEN/Goldrush;COMPILED_PROVER_CACHING;1;false;RuntimeException: CompiledProver could not be created;0;0;0
STANFORD/multiplesukoshi;COMPILED_PROVER_CACHING;1;false;ArrayIndexOutOfBoundsException: 5;0;0;0
STANFORD/rainbow;COMPILED_PROVER_CACHING;1;true;;30000;7311693;1218615
BASE/queens08lg;COMPILED_PROVER_CACHING;1;true;;30000;304956;49531
BASE/checkers-cylinder-mustjump;COMPILED_PROVER_CACHING;1;true;;30000;281385;6333
STANFORD/ttcc4;COMPILED_PROVER_CACHING;1;true;;30000;757371;13916
DRESDEN/oisters_farm;COMPILED_PROVER_CACHING;1;true;;30000;12818442;261625
BASE/checkLines;COMPILED_PROVER_CACHING;1;true;;30000;2891761;188181
BASE/gt_prisoner;COMPILED_PROVER_CACHING;1;true;;30000;16717400;835870
BASE/stateSpaceMedium;COMPILED_PROVER_CACHING;1;true;;30000;14214914;1579434
DRESDEN/chickentoetictac;COMPILED_PROVER_CACHING;1;true;;30000;7716313;1084992
BASE/blocks2player;COMPILED_PROVER_CACHING;1;true;;30000;8862524;492372
STANFORD/buttonsandlights;COMPILED_PROVER_CACHING;1;true;;30000;32396311;5474385
DRESDEN/capture_the_king;COMPILED_PROVER_CACHING;1;true;;30000;162663;2583
STANFORD/dualhunter;COMPILED_PROVER_CACHING;1;true;;30000;1919771;137126
DRESDEN/satlike_20v_91c;COMPILED_PROVER_CACHING;1;true;;30000;533293;26664
BASE/checkers-mustjump-torus;COMPILED_PROVER_CACHING;1;true;;30000;285674;6540
DRESDEN/uf20-010.cnf.SAT.satlike;COMPILED_PROVER_CACHING;1;true;;30000;510176;25508
DRESDEN/mummymaze2p-comp2007;COMPILED_PROVER_CACHING;1;true;;30000;2992761;63691
BASE/asteroidsSerial;COMPILED_PROVER_CACHING;1;true;;30000;8976111;96625
DRESDEN/chinesecheckers6;COMPILED_PROVER_CACHING;1;true;;30000;1041171;17651
BASE/tron_10x10;COMPILED_PROVER_CACHING;1;true;;30000;3173042;1056836
BASE/3pConnectFour;COMPILED_PROVER_CACHING;1;true;;30000;1308074;37342
DRESDEN/tictactoeparallel;COMPILED_PROVER_CACHING;1;true;;30000;1544195;223242
BASE/god;COMPILED_PROVER_CACHING;1;true;;30000;172001;8042
BASE/othello-comp2007;COMPILED_PROVER_CACHING;1;true;;30001;20519;339
BASE/sum15;COMPILED_PROVER_CACHING;1;true;;30000;5172925;678279
BASE/biddingTicTacToe_10coins;COMPILED_PROVER_CACHING;1;true;;30000;2860858;194023
BASE/othelloHoles;COMPILED_PROVER_CACHING;1;true;;30000;24700;436
BASE/gt_two_thirds_2p;COMPILED_PROVER_CACHING;1;true;;30000;1581420;1581420
DRESDEN/Runners;COMPILED_PROVER_CACHING;1;true;;30000;12106034;247081
DRESDEN/four_way_battle;COMPILED_PROVER_CACHING;1;true;;30000;176570;5677
BASE/gt_chicken;COMPILED_PROVER_CACHING;1;true;;30000;16171956;808597
DRESDEN/buttons;COMPILED_PROVER_CACHING;1;true;;30000;24681541;4113590
BASE/majorities;COMPILED_PROVER_CACHING;1;true;;30000;729964;13776
DRESDEN/uf20-020.cnf.SAT.satlike;COMPILED_PROVER_CACHING;1;true;;30000;497859;24892
DRESDEN/fizzbuzz;COMPILED_PROVER_CACHING;1;true;;30000;24765605;825520
DRESDEN/skirmish2;COMPILED_PROVER_CACHING;1;true;;30000;776427;19413
BASE/switches;COMPILED_PROVER_CACHING;1;true;;30000;8883993;8883993
BASE/tictactoe_orthogonal;COMPILED_PROVER_CACHING;1;true;;30000;4375482;546355
DRESDEN/pawn_whopping_simultaneous;COMPILED_PROVER_CACHING;1;true;;30000;776749;42871
BASE/chomp;COMPILED_PROVER_CACHING;1;true;;30000;2313670;327921
DRESDEN/doubletoetictac;COMPILED_PROVER_CACHING;1;true;;30000;2092501;250934
DRESDEN/minichess-evilconjuncts;COMPILED_PROVER_CACHING;1;true;;30000;271509;30706
BASE/sudokuGrade2;COMPILED_PROVER_CACHING;1;true;;30000;156522;4115
DRESDEN/javastrike;COMPILED_PROVER_CACHING;1;false;Exception of type StackOverflowError;0;0;0
BASE/blocksWorldParallel;COMPILED_PROVER_CACHING;1;true;;30000;1256901;418967
BASE/twisty-passages;COMPILED_PROVER_CACHING;1;true;;30000;2931005;14728
BASE/coins;COMPILED_PROVER_CACHING;1;true;;30000;1279597;511878
BASE/crossers3;COMPILED_PROVER_CACHING;1;true;;30000;1995279;151088
BASE/golden_rectangle;COMPILED_PROVER_CACHING;1;true;;30000;390394;13147
BASE/ticTacToeLargeSuicide;COMPILED_PROVER_CACHING;1;true;;30000;3213339;135396
BASE/snake_2008;COMPILED_PROVER_CACHING;1;true;;30000;2348255;146385
BASE/chickentoetictac;COMPILED_PROVER_CACHING;1;true;;30000;8108040;1140309
BASE/sudokuGrade4;COMPILED_PROVER_CACHING;1;true;;30000;153790;3938
BASE/wallmaze;COMPILED_PROVER_CACHING;1;true;;30000;717833;24752
DRESDEN/gt_prisoner;COMPILED_PROVER_CACHING;1;true;;30000;14827243;741362
BASE/checkers-suicide-cylinder-mustjump;COMPILED_PROVER_CACHING;1;true;;30000;278065;6263
BASE/sudokuGrade3;COMPILED_PROVER_CACHING;1;true;;30000;145483;3741
BASE/hodgepodge;COMPILED_PROVER_CACHING;1;true;;30000;7319160;7319160
DRESDEN/catch_me;COMPILED_PROVER_CACHING;1;true;;30000;6582026;194241
STANFORD/selectivesukoshi;COMPILED_PROVER_CACHING;1;true;;30000;285100;9786
BASE/skirmishNew;COMPILED_PROVER_CACHING;1;true;;30000;377341;3773
BASE/connectFourSimultaneous;COMPILED_PROVER_CACHING;1;true;;30000;1040113;58419
DRESDEN/checkers-cylinder-mustjump;COMPILED_PROVER_CACHING;1;true;;30000;274241;6180
BASE/minichess;COMPILED_PROVER_CACHING;1;true;;30000;2293459;764486
DRESDEN/quad_5x5_8_2;COMPILED_PROVER_CACHING;1;true;;30000;92710;5048
DRESDEN/pawn_whopping;COMPILED_PROVER_CACHING;1;true;;30000;1313672;35924
DRESDEN/crisscross;COMPILED_PROVER_CACHING;1;true;;30000;1295372;50036
BASE/knightsTour;COMPILED_PROVER_CACHING;1;true;;30000;11959892;2461112
BASE/cubicup;COMPILED_PROVER_CACHING;1;true;;30000;544208;9718
STANFORD/alquerquezero;COMPILED_PROVER_CACHING;1;true;;30000;1452325;50080
BASE/quad_5x5;COMPILED_PROVER_CACHING;1;true;;30001;71276;4927
BASE/snake_2009;COMPILED_PROVER_CACHING;1;true;;30000;2282246;142113
DRESDEN/bidding-tictactoe;COMPILED_PROVER_CACHING;1;true;;30000;3562651;242628
BASE/sudokuGrade5;COMPILED_PROVER_CACHING;1;true;;30000;154097;4000
DRESDEN/toetictac;COMPILED_PROVER_CACHING;1;true;;30000;8767467;1149616
DRESDEN/Thief_Police;COMPILED_PROVER_CACHING;1;true;;30000;6623307;195060
DRESDEN/pancakes6;COMPILED_PROVER_CACHING;1;true;;30000;29754161;749943
DRESDEN/ticblock;COMPILED_PROVER_CACHING;1;true;;30000;2523893;152798
DRESDEN/blocks2player;COMPILED_PROVER_CACHING;1;true;;30000;9443228;524630
BASE/mummymaze1p;COMPILED_PROVER_CACHING;1;true;;30000;2624971;464764
BASE/checkersTiny;COMPILED_PROVER_CACHING;1;true;;30000;1062985;17371
BASE/eightPuzzle;COMPILED_PROVER_CACHING;1;true;;30000;3138841;52314
DRESDEN/hanoi7_bugfix;COMPILED_PROVER_CACHING;1;true;;30000;9935357;78231
STANFORD/freeforall;COMPILED_PROVER_CACHING;1;true;;30000;1812822;60427
STANFORD/platformjumpers;COMPILED_PROVER_CACHING;1;true;;30000;730286;14528
BASE/pancakes;COMPILED_PROVER_CACHING;1;true;;30000;28214438;711295
DRESDEN/skirmish3;COMPILED_PROVER_CACHING;1;true;;30000;600414;15010
STANFORD/madness;COMPILED_PROVER_CACHING;1;true;;30000;202753;3436
BASE/doubletictactoe;COMPILED_PROVER_CACHING;1;true;;30000;2273081;272644
BASE/pawnToQueen;COMPILED_PROVER_CACHING;1;true;;30000;52902;4024
STANFORD/untwistycomplex;COMPILED_PROVER_CACHING;1;true;;30000;23221957;2580217
BASE/snake2p;COMPILED_PROVER_CACHING;1;true;;30000;2779160;2081131
BASE/stateSpaceSmall;COMPILED_PROVER_CACHING;1;true;;30000;18359060;4589765
BASE/breakthroughSmall;COMPILED_PROVER_CACHING;1;true;;30000;1931736;68707
BASE/numbertictactoe;COMPILED_PROVER_CACHING;1;true;;30000;1727652;215028
DRESDEN/vacuumcleaner_random_big;COMPILED_PROVER_CACHING;1;true;;30000;1577172;262761
BASE/ruleDepthLinear;COMPILED_PROVER_CACHING;1;true;;30000;19463871;9733382
BASE/gt_tinfoil;COMPILED_PROVER_CACHING;1;true;;30000;12152239;1215223
DRESDEN/tictactoe_3player;COMPILED_PROVER_CACHING;1;true;;30000;1389430;68363
BASE/tictactoe_3d_small_2player;COMPILED_PROVER_CACHING;1;true;;30000;978895;79394
STANFORD/threepuzzle;COMPILED_PROVER_CACHING;1;true;;30000;11194687;1865781
DRESDEN/SC_TestOnly_enabled;COMPILED_PROVER_CACHING;1;false;RuntimeException: CompiledProver could not be created;0;0;0
BASE/checkersTorusNoKings;COMPILED_PROVER_CACHING;1;true;;30000;1355055;22416
BASE/hallway;COMPILED_PROVER_CACHING;1;true;;30000;524936;17498
BASE/tictactoe-init1;COMPILED_PROVER_CACHING;1;true;;30000;4427308;1265124
DRESDEN/snake_2009_big;COMPILED_PROVER_CACHING;1;true;;30000;2005944;112143
BASE/wargame02;COMPILED_PROVER_CACHING;1;true;;30000;740898;246976
BASE/tictactoe_3player;COMPILED_PROVER_CACHING;1;true;;30000;1285535;63288
BASE/knightThrough;COMPILED_PROVER_CACHING;1;true;;30000;1200416;35723
BASE/colonelBlottoVariant;COMPILED_PROVER_CACHING;1;true;;30000;8287431;828743
DRESDEN/connectfour;COMPILED_PROVER_CACHING;1;true;;30000;1845005;82693
BASE/kalaha5x2x3;COMPILED_PROVER_CACHING;1;true;;30000;3037721;30911
BASE/connectFourSuicide;COMPILED_PROVER_CACHING;1;true;;30000;1835612;82132
DRESDEN/tictactoe_3d_small_6player;COMPILED_PROVER_CACHING;1;true;;30000;794390;22255
BASE/skirmishFinal1;COMPILED_PROVER_CACHING;1;true;;30000;237362;4023
STANFORD/3puzzle;COMPILED_PROVER_CACHING;1;true;;30000;10606823;1767803
BASE/merrills;COMPILED_PROVER_CACHING;1;true;;30000;453942;7572
DRESDEN/guess;COMPILED_PROVER_CACHING;1;true;;30000;5101262;573707
DRESDEN/pacman3p;COMPILED_PROVER_CACHING;1;true;;30000;1199531;24181
DRESDEN/cube_2x2x2;COMPILED_PROVER_CACHING;1;true;;30000;2382051;198697
BASE/kitten_escapes_from_fire;COMPILED_PROVER_CACHING;1;true;;30000;3657563;440350
DRESDEN/hitori;COMPILED_PROVER_CACHING;1;true;;30000;216481;2247
BASE/englishDraughts;COMPILED_PROVER_CACHING;1;true;;30000;1237789;17863
BASE/ticblock;COMPILED_PROVER_CACHING;1;true;;30000;2610213;157958
BASE/racer;COMPILED_PROVER_CACHING;1;true;;30000;1799115;130268
DRESDEN/mummymaze2p;COMPILED_PROVER_CACHING;1;true;;30000;1771905;36044
BASE/ticTacHeaven;COMPILED_PROVER_CACHING;1;true;;30000;770795;33212
BASE/blobwars;COMPILED_PROVER_CACHING;1;true;;30000;323070;8076
BASE/zhadu;COMPILED_PROVER_CACHING;1;true;;30000;79445;2109
DRESDEN/ggp-course2013_jordi;COMPILED_PROVER_CACHING;1;true;;30000;476816;14777
BASE/wargame03;COMPILED_PROVER_CACHING;1;true;;30000;978555;153086
DRESDEN/kitten_escapes_from_fire;COMPILED_PROVER_CACHING;1;true;;30000;3635547;437712
BASE/snake_2009_big;COMPILED_PROVER_CACHING;1;true;;30000;1912558;107041
STANFORD/hex;COMPILED_PROVER_CACHING;1;true;;30000;604482;8508
BASE/skirmishFinal2;COMPILED_PROVER_CACHING;1;true;;30000;228433;3872
DRESDEN/slidingpieces;COMPILED_PROVER_CACHING;1;true;;30000;428807;5293
STANFORD/untwistycorridor;COMPILED_PROVER_CACHING;1;true;;30000;25285020;3612145
DRESDEN/eotcatcit;COMPILED_PROVER_CACHING;1;true;;30000;3814995;500448
DRESDEN/tictictoe;COMPILED_PROVER_CACHING;1;true;;30000;2109514;419997
DRESDEN/tictactoe-init1;COMPILED_PROVER_CACHING;1;true;;30000;4349527;1243109
DRESDEN/hallway;COMPILED_PROVER_CACHING;1;true;;30000;527823;17594
BASE/knightmove;COMPILED_PROVER_CACHING;1;true;;30000;1410849;39937
DRESDEN/Catch-Me-If-You-Can;COMPILED_PROVER_CACHING;1;true;;30000;6262591;184791
BASE/breakthroughHoles;COMPILED_PROVER_CACHING;1;true;;30000;1218892;19562
DRESDEN/sat_test_20v_91c_visualisation;COMPILED_PROVER_CACHING;1;true;;30000;504084;25204
DRESDEN/tttcc4;COMPILED_PROVER_CACHING;1;true;;30000;864000;30641
BASE/nineBoardTicTacToePie;COMPILED_PROVER_CACHING;1;true;;30000;810042;27477
DRESDEN/hanoi7;COMPILED_PROVER_CACHING;1;true;;30000;9875459;77759
BASE/ticTacToeParallel;COMPILED_PROVER_CACHING;1;true;;30000;1513657;218995
BASE/racetrackcorridor;COMPILED_PROVER_CACHING;1;true;;30000;1689590;84626
BASE/crisscross;COMPILED_PROVER_CACHING;1;true;;30000;1404984;54284
DRESDEN/CephalopodMicro;COMPILED_PROVER_CACHING;1;true;;30000;83330;1901
DRESDEN/minichess;COMPILED_PROVER_CACHING;1;true;;30000;1617646;183027
DRESDEN/3qbf-5cnf-20var-40cl.2.qdimacs.SAT;COMPILED_PROVER_CACHING;1;true;;30000;675096;11535
BASE/knightazons;COMPILED_PROVER_CACHING;1;true;;30000;686868;10392
BASE/speedChess;COMPILED_PROVER_CACHING;1;true;;30000;398190;3578
DRESDEN/snake_2009;COMPILED_PROVER_CACHING;1;true;;30000;2196627;136467
DRESDEN/cubicup;COMPILED_PROVER_CACHING;1;true;;30000;570079;10179
BASE/skirmishFinal3;COMPILED_PROVER_CACHING;1;true;;30000;248367;4209
BASE/3pttc;COMPILED_PROVER_CACHING;1;true;;30000;1836752;63207
STANFORD/8puzzle;COMPILED_PROVER_CACHING;1;true;;30000;3040779;50679
BASE/checkers;COMPILED_PROVER_CACHING;1;true;;30000;517183;5182
BASE/gt_dollar;COMPILED_PROVER_CACHING;1;true;;30000;9372375;4687980
BASE/slaughter;COMPILED_PROVER_CACHING;1;true;;30000;86923;446
DRESDEN/mummymaze1p;COMPILED_PROVER_CACHING;1;true;;30000;2628477;467855
DRESDEN/racer4;COMPILED_PROVER_CACHING;1;false;GameDescriptionException: Goal is poorly defined for red in [( true ( counter n26 ) ), ( true ( posx blue p2 ) ), ( true ( posx green p12 ) ), ( true ( posx red p24 ) ), ( true ( posx yellow p23 ) ), ( true ( posy blue p0 ) ), ( true ( posy green p7 ) ), ( true ( posy red n2 ) ), ( true ( posy yellow n1 ) ), ( true ( resigned blue ) ), ( true ( velx blue p0 ) ), ( true ( velx green p1 ) ), ( true ( velx red p0 ) ), ( true ( velx yellow n1 ) ), ( true ( vely blue p0 ) ), ( true ( vely green n2 ) ), ( true ( vely red n3 ) ), ( true ( vely yellow n3 ) )];0;0;0
STANFORD/pentago;COMPILED_PROVER_CACHING;1;true;;30000;716708;13094
BASE/asteroids;COMPILED_PROVER_CACHING;1;true;;30000;18183779;391483
BASE/sudokuGrade1;COMPILED_PROVER_CACHING;1;true;;30000;153453;4320
BASE/gt_two_thirds_6p;COMPILED_PROVER_CACHING;1;true;;30000;540860;540860
BASE/toetictac;COMPILED_PROVER_CACHING;1;true;;30000;8496293;1114029
DRESDEN/3qbf-5cnf-20var-40cl.1.qdimacs.viz.SAT;COMPILED_PROVER_CACHING;1;true;;30000;687407;11811
DRESDEN/battlesnakes2011;COMPILED_PROVER_CACHING;1;true;;30000;1686355;51076
DRESDEN/coins;COMPILED_PROVER_CACHING;1;true;;30000;1231499;492774
DRESDEN/checkers-mustjump;COMPILED_PROVER_CACHING;1;true;;30000;319621;6207
BASE/duplicateStateSmall;COMPILED_PROVER_CACHING;1;true;;30000;18185611;4546402
DRESDEN/tictactoelargesuicide;COMPILED_PROVER_CACHING;1;true;;30000;3136531;132204
DRESDEN/tpeg;COMPILED_PROVER_CACHING;1;true;;30000;677465;55721
BASE/knightsTourLarge;COMPILED_PROVER_CACHING;1;true;;30000;10827376;1807364
DRESDEN/peg;COMPILED_PROVER_CACHING;1;true;;30000;592913;24333
DRESDEN/vacuumcleaner_obstacles_6;COMPILED_PROVER_CACHING;1;true;;30000;433919;72255
DRESDEN/3qbf-5cnf-20var-40cl.2.qdimacs.satlike;COMPILED_PROVER_CACHING;1;true;;30000;686586;11730
STANFORD/tictactoe;COMPILED_PROVER_CACHING;1;true;;30000;4239976;556085
BASE/ghostMaze2p;COMPILED_PROVER_CACHING;1;true;;30000;3737094;77229
DRESDEN/firefighter;COMPILED_PROVER_CACHING;1;true;;30000;6562208;148649
STANFORD/skirmish;COMPILED_PROVER_CACHING;1;true;;30000;174210;1759
BASE/dotsAndBoxesSuicide;COMPILED_PROVER_CACHING;1;true;;30000;1661915;27698
DRESDEN/Travelers-Dilemma;COMPILED_PROVER_CACHING;1;true;;30000;13877927;1387792
DRESDEN/pentago_2008;COMPILED_PROVER_CACHING;1;true;;30000;302296;5524
DRESDEN/farmers;COMPILED_PROVER_CACHING;1;true;;30000;1128217;112821
DRESDEN/vacuumcleaner_obstacles_5;COMPILED_PROVER_CACHING;1;true;;30000;471915;79062
BASE/dotsAndBoxes;COMPILED_PROVER_CACHING;1;true;;30000;1684075;28067
BASE/4pttc;COMPILED_PROVER_CACHING;1;true;;30000;1529808;48682
BASE/hex;COMPILED_PROVER_CACHING;1;true;;30000;621011;8748
DRESDEN/tictactoe_3d_2player;COMPILED_PROVER_CACHING;1;true;;30000;340526;9595
BASE/lightsOnSimul4;COMPILED_PROVER_CACHING;1;true;;30000;857970;133424
BASE/mummyMaze2p_2007;COMPILED_PROVER_CACHING;1;true;;30000;2991613;63625
DRESDEN/vacuum_cleaner_1;COMPILED_PROVER_CACHING;1;true;;30000;6352055;1058836
BASE/alexChess;COMPILED_PROVER_CACHING;1;false;Exception of type StackOverflowError;0;0;0
DRESDEN/tictactoe_3d_6player;COMPILED_PROVER_CACHING;1;true;;30000;319126;3132
BASE/ticTacToe;COMPILED_PROVER_CACHING;1;true;;30000;4431327;580977
DRESDEN/quad_5x5;COMPILED_PROVER_CACHING;1;true;;30002;70927;4916
BASE/strangeSkirmish;COMPILED_PROVER_CACHING;1;true;;30000;143735;1452
STANFORD/triplesukoshi;COMPILED_PROVER_CACHING;1;true;;30000;1249433;178490
DRESDEN/snake_2008;COMPILED_PROVER_CACHING;1;true;;30000;2470249;154110
DRESDEN/mimikry;COMPILED_PROVER_CACHING;1;true;;30000;1461130;60696
DRESDEN/hanoi_6_disks;COMPILED_PROVER_CACHING;1;true;;30000;8676702;2440976
BASE/asteroidsParallel;COMPILED_PROVER_CACHING;1;true;;30000;10056308;227994
BASE/qyshinsu;COMPILED_PROVER_CACHING;1;true;;30000;563318;23753
DRESDEN/laikLee_hex;COMPILED_PROVER_CACHING;1;false;Exception of type StackOverflowError;0;0;0
BASE/hanoi;COMPILED_PROVER_CACHING;1;true;;30000;12171975;392644
DRESDEN/blockerparallel;COMPILED_PROVER_CACHING;1;true;;30000;472733;67644
STANFORD/chinook;COMPILED_PROVER_CACHING;1;true;;30000;899970;22499
BASE/amazons;COMPILED_PROVER_CACHING;1;true;;30001;18629;262
BASE/lightsOnSimultaneous;COMPILED_PROVER_CACHING;1;true;;30000;1171670;77171
BASE/racer4;COMPILED_PROVER_CACHING;1;true;;30000;681150;30874
BASE/knightfight;COMPILED_PROVER_CACHING;1;true;;30000;3157978;291897
BASE/connectFour;COMPILED_PROVER_CACHING;1;true;;30000;1758178;78791
DRESDEN/breakthroughsuicide_v2;COMPILED_PROVER_CACHING;1;true;;30000;1328017;20775
BASE/onestep;COMPILED_PROVER_CACHING;1;true;;30000;18024511;18024511
STANFORD/trifecta;COMPILED_PROVER_CACHING;1;true;;30000;4266816;559623
DRESDEN/knightazons;COMPILED_PROVER_CACHING;1;true;;30000;693890;10491
DRESDEN/quad;COMPILED_PROVER_CACHING;1;true;;33502;593;12
BASE/2pffa;COMPILED_PROVER_CACHING;1;true;;30000;1768682;58956
DRESDEN/kalaha_2009;COMPILED_PROVER_CACHING;1;true;;30000;3038827;36313
DRESDEN/3pttc;COMPILED_PROVER_CACHING;1;true;;30000;1968734;67307
BASE/ttcc4_2player_alt;COMPILED_PROVER_CACHING;1;true;;30000;1101049;30154
DRESDEN/babel;COMPILED_PROVER_CACHING;1;true;;30000;1958011;97900
DRESDEN/peg_bugfixed;COMPILED_PROVER_CACHING;1;true;;30000;604465;24806
DRESDEN/smallest;COMPILED_PROVER_CACHING;1;true;;30000;2726712;114172
DRESDEN/2player_normal_form_2010;COMPILED_PROVER_CACHING;1;true;;30000;6995741;6995741
BASE/ad_game_2x2;COMPILED_PROVER_CACHING;1;true;;30000;1607184;842725
BASE/queens;COMPILED_PROVER_CACHING;1;true;;30000;844125;84412
DRESDEN/grid_game2;COMPILED_PROVER_CACHING;1;true;;30000;394265;8062
DRESDEN/sum15;COMPILED_PROVER_CACHING;1;true;;30000;5103365;669277
DRESDEN/vacuumcleaner_obstacles_2;COMPILED_PROVER_CACHING;1;true;;30000;5531710;922083
BASE/ticTicToe;COMPILED_PROVER_CACHING;1;true;;30000;2305416;458855
BASE/ticTacToeSerial;COMPILED_PROVER_CACHING;1;true;;30000;2567508;168257
BASE/connectFourLarge;COMPILED_PROVER_CACHING;1;true;;30000;1503688;57272
BASE/chineseCheckers2;COMPILED_PROVER_CACHING;1;true;;30000;3091299;81897
DRESDEN/merrills;COMPILED_PROVER_CACHING;1;true;;30000;435036;7259
DRESDEN/checkers;COMPILED_PROVER_CACHING;1;true;;30000;384349;3844
DRESDEN/statespacelarge;COMPILED_PROVER_CACHING;1;true;;30000;7725520;551822
DRESDEN/catcha_mouse;COMPILED_PROVER_CACHING;1;true;;30000;1405665;105677
DRESDEN/sat_test_20v_91c;COMPILED_PROVER_CACHING;1;true;;30000;506164;25308
DRESDEN/uf20-01.cnf.SAT;COMPILED_PROVER_CACHING;1;true;;30000;507535;25376
DRESDEN/pancakes88;COMPILED_PROVER_CACHING;1;true;;30000;29200141;730082
DRESDEN/crissrace;COMPILED_PROVER_CACHING;1;true;;30000;1137813;25520
BASE/mummymaze2p;COMPILED_PROVER_CACHING;1;true;;30000;1737613;35320
DRESDEN/breakthrough;COMPILED_PROVER_CACHING;1;true;;30000;1289854;20189
BASE/queens08ug;COMPILED_PROVER_CACHING;1;true;;30000;1472658;184082
DRESDEN/battlesnakes1509;COMPILED_PROVER_CACHING;1;true;;30000;1659752;38886
DRESDEN/lightsout;COMPILED_PROVER_CACHING;1;true;;30000;2822688;141134
DRESDEN/sheep_and_wolf;COMPILED_PROVER_CACHING;1;true;;30000;768944;18700
BASE/roshambo2;COMPILED_PROVER_CACHING;1;true;;30000;9616274;1131162
DRESDEN/latenttictactoe;COMPILED_PROVER_CACHING;1;true;;30000;2137932;203136
DRESDEN/vacuumcleaner_obstacles_1;COMPILED_PROVER_CACHING;1;true;;30000;5472027;910893
DRESDEN/lightsout2;COMPILED_PROVER_CACHING;1;true;;30000;2870563;143528
DRESDEN/quarto;COMPILED_PROVER_CACHING;1;true;;30000;1557260;66829
BASE/slidingpieces;COMPILED_PROVER_CACHING;1;true;;30000;436858;5393
DRESDEN/othello-cornercontrol;COMPILED_PROVER_CACHING;1;true;;30002;11807;252
BASE/chineseCheckers1;COMPILED_PROVER_CACHING;1;true;;30000;4207245;148136
BASE/blocksWorldSerial;COMPILED_PROVER_CACHING;1;true;;30000;5319949;886658
BASE/skirmish;COMPILED_PROVER_CACHING;1;true;;30000;171646;1733
STANFORD/checkersonabarrelnokings;COMPILED_PROVER_CACHING;1;true;;30000;1279395;19630
DRESDEN/frogs_and_toads;COMPILED_PROVER_CACHING;1;true;;30000;1341774;11567
DRESDEN/smallest_4player;COMPILED_PROVER_CACHING;1;true;;30000;3686599;156295
BASE/aipsrovers01;COMPILED_PROVER_CACHING;1;true;;30000;6700821;231550
BASE/factoringMutuallyAssuredDestruction;COMPILED_PROVER_CACHING;1;true;;30000;5746898;287344
BASE/incredible;COMPILED_PROVER_CACHING;1;true;;30000;4555277;239752
DRESDEN/point_grab;COMPILED_PROVER_CACHING;1;true;;30000;15314201;510473
BASE/smallest_4player;COMPILED_PROVER_CACHING;1;true;;30000;3718230;157637
DRESDEN/satlike_20v_91c_version2;COMPILED_PROVER_CACHING;1;true;;30000;512864;25643
DRESDEN/cubicup_3player;COMPILED_PROVER_CACHING;1;true;;30000;313825;3736
BASE/blokbox_simple;COMPILED_PROVER_CACHING;1;true;;30003;3317;143
BASE/eotcatcit;COMPILED_PROVER_CACHING;1;true;;30000;3696571;484784
BASE/chineseCheckers4;COMPILED_PROVER_CACHING;1;true;;30000;1838765;31851
DRESDEN/cylinder-checkers;COMPILED_PROVER_CACHING;1;true;;30000;346046;3537
BASE/stateSpaceLarge;COMPILED_PROVER_CACHING;1;true;;30000;8420631;601473
DRESDEN/pancakes;COMPILED_PROVER_CACHING;1;true;;30000;29327489;739310
BASE/hitori;COMPILED_PROVER_CACHING;1;true;;30000;216337;2238
DRESDEN/gt_ultimatum;COMPILED_PROVER_CACHING;1;true;;30000;11952883;597644
BASE/amazonsSuicide;COMPILED_PROVER_CACHING;1;true;;30004;19036;270
BASE/blockerSerial;COMPILED_PROVER_CACHING;1;true;;30000;2297847;145667
DRESDEN/racer;COMPILED_PROVER_CACHING;1;true;;30000;1784926;129162
BASE/breakthroughWalls;COMPILED_PROVER_CACHING;1;true;;30000;1320774;20437
DRESDEN/pawn_whopping_corrected;COMPILED_PROVER_CACHING;1;true;;30000;1351065;39409
BASE/duplicateStateLarge;COMPILED_PROVER_CACHING;1;true;;30000;3144711;224622
DRESDEN/circlesolitaire;COMPILED_PROVER_CACHING;1;true;;30000;8790905;853822
DRESDEN/vacuumcleaner_obstacles_3;COMPILED_PROVER_CACHING;1;true;;30000;409182;68081
DRESDEN/checkers-newgoals;COMPILED_PROVER_CACHING;1;true;;30000;384157;3919
DRESDEN/uf20-020.cnf.SAT;COMPILED_PROVER_CACHING;1;true;;30000;498093;24904
STANFORD/eightpuzzle;COMPILED_PROVER_CACHING;1;true;;30000;3118188;62363
BASE/chinook;COMPILED_PROVER_CACHING;1;true;;30000;955803;32686
BASE/pancakes6;COMPILED_PROVER_CACHING;1;true;;30000;29866199;752692
BASE/chineseCheckers3;COMPILED_PROVER_CACHING;1;true;;30000;2697976;49756
DRESDEN/blocksworldparallel;COMPILED_PROVER_CACHING;1;true;;30000;4488075;1496025
BASE/gt_centipede;COMPILED_PROVER_CACHING;1;true;;30000;15166805;7581329
BASE/ttcc4_2player_small;COMPILED_PROVER_CACHING;1;true;;30000;1515964;98997
BASE/snakeParallel;COMPILED_PROVER_CACHING;1;true;;30000;4585028;993683
DRESDEN/tictactoelarge;COMPILED_PROVER_CACHING;1;true;;30000;3310505;139539
BASE/gt_staghunt;COMPILED_PROVER_CACHING;1;true;;30000;16083131;804156
DRESDEN/doubletictactoe;COMPILED_PROVER_CACHING;1;true;;30000;2270977;272419
STANFORD/multiplebuttonsandlights;COMPILED_PROVER_CACHING;1;true;;30000;11956174;1992695
BASE/firefighter;COMPILED_PROVER_CACHING;1;true;;30000;6538941;147951
DRESDEN/small_dominion;COMPILED_PROVER_CACHING;1;true;;30000;68459;2301
STANFORD/duidoku;COMPILED_PROVER_CACHING;1;true;;30000;123699;3003
BASE/colonelBlottoVariant2;COMPILED_PROVER_CACHING;1;true;;30000;7471702;1496691
DRESDEN/battle;COMPILED_PROVER_CACHING;1;true;;30000;66321;2210
BASE/eotcitcit;COMPILED_PROVER_CACHING;1;true;;30000;2223397;442561
BASE/beatMania;COMPILED_PROVER_CACHING;1;true;;30000;8692566;144876
BASE/chineseCheckers6;COMPILED_PROVER_CACHING;1;true;;30000;1743562;29066
BASE/escortLatch;COMPILED_PROVER_CACHING;1;true;;30000;1416538;24022
STANFORD/breakthroughsmall;COMPILED_PROVER_CACHING;1;true;;30000;1847424;65751
BASE/tpeg;COMPILED_PROVER_CACHING;1;true;;30000;658407;53903
DRESDEN/chickentictactoe;COMPILED_PROVER_CACHING;1;true;;30000;3646183;512901
DRESDEN/quartosuicide;COMPILED_PROVER_CACHING;1;true;;30000;1583829;67862
BASE/futoshiki4;COMPILED_PROVER_CACHING;1;true;;30000;965011;104765
BASE/tictactoe_3d_6player;COMPILED_PROVER_CACHING;1;true;;30000;326840;3227
DRESDEN/amazons;COMPILED_PROVER_CACHING;1;true;;30001;91009;1283
BASE/gt_coordination;COMPILED_PROVER_CACHING;1;true;;30000;16603790;830189
BASE/checkersTorus;COMPILED_PROVER_CACHING;1;true;;30000;1237349;20903
STANFORD/connectfour;COMPILED_PROVER_CACHING;1;true;;30000;1881862;84262
BASE/tictactoex9;COMPILED_PROVER_CACHING;1;true;;30000;522152;17860
STANFORD/multipletictactoe;COMPILED_PROVER_CACHING;1;true;;30000;733007;40843
BASE/biddingTicTacToe;COMPILED_PROVER_CACHING;1;true;;30000;3558603;242687
BASE/coins_atomic;COMPILED_PROVER_CACHING;1;true;;30000;1287494;514891
BASE/hexPie;COMPILED_PROVER_CACHING;1;true;;30000;596245;8403
BASE/checkers-mustjump;COMPILED_PROVER_CACHING;1;true;;30000;331259;6397
BASE/futoshiki5;COMPILED_PROVER_CACHING;1;true;;30000;418133;30671
BASE/tictactoe_3d_2player;COMPILED_PROVER_CACHING;1;true;;30000;334267;9426
DRESDEN/quad_7x7;COMPILED_PROVER_CACHING;1;true;;30007;8134;269
STANFORD/jointbuttonsandlights;COMPILED_PROVER_CACHING;1;true;;30000;7352494;1275444
DRESDEN/knightwar;COMPILED_PROVER_CACHING;1;true;;30000;1899708;221856
DRESDEN/4pttc;COMPILED_PROVER_CACHING;1;true;;30000;1688731;53578
BASE/peg;COMPILED_PROVER_CACHING;1;true;;30000;604702;24816
BASE/factoringImpossibleTurtleBrain;COMPILED_PROVER_CACHING;1;true;;30000;84258;1003
BASE/conn4;COMPILED_PROVER_CACHING;1;true;;30000;1114853;52326
BASE/hanoi_6_disks;COMPILED_PROVER_CACHING;1;true;;30000;9006331;2532620
BASE/double_tictactoe_dengji;COMPILED_PROVER_CACHING;1;true;;30000;2259781;159011
BASE/point_grab;COMPILED_PROVER_CACHING;1;true;;30000;14543919;484797
BASE/coloredtrails;COMPILED_PROVER_CACHING;1;true;;30000;2871985;319109
BASE/ticTacHeavenFC;COMPILED_PROVER_CACHING;1;true;;30000;851162;31236
BASE/futoshiki6;COMPILED_PROVER_CACHING;1;true;;30000;270075;13343
BASE/nim1;COMPILED_PROVER_CACHING;1;true;;30000;8972900;1306981
BASE/bomberman2p;COMPILED_PROVER_CACHING;1;true;;30000;2310997;296482
BASE/troublemaker01;COMPILED_PROVER_CACHING;1;true;;30000;24538699;8179443
BASE/choicethroughalt;COMPILED_PROVER_CACHING;1;true;;30000;730793;18405
BASE/withConviction;COMPILED_PROVER_CACHING;1;true;;30000;1074776;42991
DRESDEN/towerworld;COMPILED_PROVER_CACHING;1;true;;30000;30006;61
BASE/endgame;COMPILED_PROVER_CACHING;1;false;IllegalArgumentException: bound must be positive;0;0;0
DRESDEN/nim4;COMPILED_PROVER_CACHING;1;true;;30000;5353587;399322
BASE/circlesolitaire;COMPILED_PROVER_CACHING;1;true;;30000;8851775;858807
BASE/tictactoe2;COMPILED_PROVER_CACHING;1;true;;30000;5447960;714014
BASE/amazons_10x10;COMPILED_PROVER_CACHING;1;true;;30000;694609;5092
BASE/pentagoSuicide;COMPILED_PROVER_CACHING;1;true;;30000;321769;5908
BASE/ttcc4;COMPILED_PROVER_CACHING;1;true;;30000;850603;30215
BASE/buttons;COMPILED_PROVER_CACHING;1;true;;30000;24564773;4094128
BASE/amazonsTorus;COMPILED_PROVER_CACHING;1;false;Exception of type StackOverflowError;0;0;0
DRESDEN/stratego;COMPILED_PROVER_CACHING;1;true;;30000;861717;20854
BASE/blocker;COMPILED_PROVER_CACHING;1;true;;30000;4208012;533382
DRESDEN/pawntoqueen;COMPILED_PROVER_CACHING;1;true;;30000;52984;4019
BASE/troublemaker02;COMPILED_PROVER_CACHING;1;true;;30000;21459476;7153729
BASE/gt_attrition;COMPILED_PROVER_CACHING;1;true;;30000;2807003;561400
BASE/ruleDepthExponential;COMPILED_PROVER_CACHING;1;true;;30018;8218656;4106479
DRESDEN/max_knights;COMPILED_PROVER_CACHING;1;true;;30000;807922;152772
BASE/ttcc4_2player;COMPILED_PROVER_CACHING;1;true;;30000;804461;20259
BASE/kalaha6x2x4;COMPILED_PROVER_CACHING;1;true;;30000;2720660;14654
BASE/breakthrough;COMPILED_PROVER_CACHING;1;true;;30000;1331250;20725
BASE/blocks;COMPILED_PROVER_CACHING;1;true;;30000;11335345;3778448
DRESDEN/nim3;COMPILED_PROVER_CACHING;1;true;;30000;5310967;400520
BASE/factoringMediumTurtleBrain;COMPILED_PROVER_CACHING;1;true;;30000;1655090;19703
DRESDEN/queens;COMPILED_PROVER_CACHING;1;true;;30000;846973;84697
BASE/crissrace;COMPILED_PROVER_CACHING;1;true;;30000;1153929;25850
STANFORD/tictactoe5;COMPILED_PROVER_CACHING;1;true;;30000;4396068;1209952
BASE/brain_teaser_extended;COMPILED_PROVER_CACHING;1;true;;30000;5932120;395475
BASE/checkersBarrelNoKings;COMPILED_PROVER_CACHING;1;true;;30000;1328290;20423
DRESDEN/skirmishfinal;COMPILED_PROVER_CACHING;1;true;;30000;247235;4190
BASE/pancakes88;COMPILED_PROVER_CACHING;1;true;;30000;28805606;720209
BASE/catcha_mouse;COMPILED_PROVER_CACHING;1;true;;30000;1359594;102026
BASE/brawl;COMPILED_PROVER_CACHING;1;true;;30000;363530;36353
BASE/nim3;COMPILED_PROVER_CACHING;1;true;;30000;5452338;411407
BASE/nineBoardTicTacToe;COMPILED_PROVER_CACHING;1;true;;30000;819819;27990
STANFORD/sukoshi;COMPILED_PROVER_CACHING;1;true;;30000;3865849;711718
DRESDEN/blocks;COMPILED_PROVER_CACHING;1;true;;30000;11140821;3713607
STANFORD/dualrainbow;COMPILED_PROVER_CACHING;1;true;;30000;4000330;666721
BASE/sudokuGrade6E;COMPILED_PROVER_CACHING;1;true;;30000;136184;2908
BASE/cephalopodMicro;COMPILED_PROVER_CACHING;1;true;;30000;87081;1987
DRESDEN/Zhadu;COMPILED_PROVER_CACHING;1;true;;30000;372325;10008
DRESDEN/brawl;COMPILED_PROVER_CACHING;1;true;;30000;349117;34911
DRESDEN/bomberman2p;COMPILED_PROVER_CACHING;1;true;;30000;2424511;310985
DRESDEN/vacuumcleaner_random;COMPILED_PROVER_CACHING;1;true;;30000;3544713;591515
BASE/duplicateStateMedium;COMPILED_PROVER_CACHING;1;true;;30000;11287140;1254126
BASE/gt_ultimatum;COMPILED_PROVER_CACHING;1;true;;30000;12203503;610175
BASE/connect5;COMPILED_PROVER_CACHING;1;true;;30000;540446;11789
DRESDEN/nim2;COMPILED_PROVER_CACHING;1;true;;30000;7884379;890027
BASE/max_knights;COMPILED_PROVER_CACHING;1;true;;30000;784716;148577
BASE/nim2;COMPILED_PROVER_CACHING;1;true;;30000;7954515;898342
DRESDEN/skirmish;COMPILED_PROVER_CACHING;1;true;;30000;749796;18750
BASE/pegEuro;COMPILED_PROVER_CACHING;1;true;;30000;497368;19375
BASE/3pffa;COMPILED_PROVER_CACHING;1;true;;30000;1895607;63186
DRESDEN/double_tictactoe_dengji;COMPILED_PROVER_CACHING;1;true;;30000;2163331;152080
BASE/sudokuGrade6H;COMPILED_PROVER_CACHING;1;true;;30000;140171;2955
BASE/factoringEasyTurtleBrain;COMPILED_PROVER_CACHING;1;true;;30000;5295194;88253
DRESDEN/ggp-course2013_nicolai;COMPILED_PROVER_CACHING;1;true;;30000;124842;3886
DRESDEN/grid_game;COMPILED_PROVER_CACHING;1;true;;30000;2329019;65952
STANFORD/knightstour;COMPILED_PROVER_CACHING;1;true;;30000;12653899;2603959
DRESDEN/bunk_t;COMPILED_PROVER_CACHING;1;true;;30000;2140395;256647
DRESDEN/knightfight;COMPILED_PROVER_CACHING;1;true;;30000;3084970;285568
BASE/connect4;COMPILED_PROVER_CACHING;1;true;;30000;623468;29281
DRESDEN/nim1;COMPILED_PROVER_CACHING;1;true;;30000;9418993;1371547
DRESDEN/troublemaker02;COMPILED_PROVER_CACHING;1;true;;30000;20864656;6953052
BASE/blocksWorld;COMPILED_PROVER_CACHING;1;true;;30000;11305210;3768403
BASE/blockerParallel;COMPILED_PROVER_CACHING;1;true;;30000;467150;66840
BASE/quad;COMPILED_PROVER_CACHING;1;true;;33396;662;13
BASE/cittaceot;COMPILED_PROVER_CACHING;1;true;;30000;1011471;46818
DRESDEN/hanoi;COMPILED_PROVER_CACHING;1;true;;30000;11673160;376553
DRESDEN/tictactoex9;COMPILED_PROVER_CACHING;1;true;;30000;500327;17109
BASE/queens06ug;COMPILED_PROVER_CACHING;1;true;;30000;2596104;432684
BASE/quarto;COMPILED_PROVER_CACHING;1;true;;30000;1546249;66210
STANFORD/multiplebuttonsandlights_9;COMPILED_PROVER_CACHING;1;true;;30000;11728807;1954808
BASE/snake_2008_tweaked;COMPILED_PROVER_CACHING;1;true;;30000;2337144;145893
DRESDEN/blocker;COMPILED_PROVER_CACHING;1;true;;30000;4166082;528148
BASE/reversi;COMPILED_PROVER_CACHING;1;true;;30000;54574;903
BASE/quartoSuicide;COMPILED_PROVER_CACHING;1;true;;30000;1550643;66419
DRESDEN/troublemaker01;COMPILED_PROVER_CACHING;1;true;;30000;23104777;7700614
STANFORD/tictactoe3;COMPILED_PROVER_CACHING;1;true;;30000;4424294;1659214
BASE/kalaha_2009;COMPILED_PROVER_CACHING;1;true;;30000;2810673;33590
BASE/amazonsTorus_10x10;COMPILED_PROVER_CACHING;1;true;;30000;492840;3225
DRESDEN/3qbf-5cnf-20var-40cl.0.qdimacs;COMPILED_PROVER_CACHING;1;true;;30000;692997;11794
BASE/breakthroughSuicide;COMPILED_PROVER_CACHING;1;true;;30000;1325366;20641
BASE/nim4;COMPILED_PROVER_CACHING;1;true;;30000;5540077;413381
DRESDEN/endgame;COMPILED_PROVER_CACHING;1;true;;30000;533973;38141
