DRESDEN/coins;TUPLE_PROVER;1;true;;30000;1054192;421536
DRESDEN/vacuumcleaner_obstacles_6;TUPLE_PROVER;1;true;;30000;375470;62369
DRESDEN/battlesnakes2011;TUPLE_PROVER;1;true;;30000;1478746;44842
STANFORD/hunter;TUPLE_PROVER;1;true;;30000;4837934;345566
BASE/blocks;TUPLE_PROVER;1;true;;30000;11034368;3678122
BASE/smallest_4player;TUPLE_PROVER;1;true;;30000;3548460;150434
BASE/chineseCheckers2;TUPLE_PROVER;1;true;;30000;2948945;78045
BASE/merrills;TUPLE_PROVER;1;true;;30000;435175;7260
DRESDEN/checkers-mustjump;TUPLE_PROVER;1;true;;30000;309038;6002
DRESDEN/peg;TUPLE_PROVER;1;true;;30000;543047;22289
DRESDEN/3qbf-5cnf-20var-40cl.1.qdimacs.viz.SAT;TUPLE_PROVER;1;true;;30000;661352;11357
STANFORD/knightstourmedium;TUPLE_PROVER;1;true;;30000;12163252;3041130
DRESDEN/tictactoelargesuicide;TUPLE_PROVER;1;true;;30000;2959166;124786
BASE/ttcc4_2player;TUPLE_PROVER;1;true;;30000;911870;22965
BASE/catcha_mouse;TUPLE_PROVER;1;true;;30000;1256337;94301
BASE/pancakes88;TUPLE_PROVER;1;true;;30000;27564486;689191
DRESDEN/doubletictactoe;TUPLE_PROVER;1;true;;30000;2143102;256910
DRESDEN/tictactoe_3d_6player;TUPLE_PROVER;1;true;;30000;312793;3099
DRESDEN/grid_game2;TUPLE_PROVER;1;true;;30000;385674;7893
BASE/checkers;TUPLE_PROVER;1;true;;30000;465471;4660
DRESDEN/snake_2008;TUPLE_PROVER;1;true;;30000;2398076;149842
DRESDEN/tictactoe_3d_2player;TUPLE_PROVER;1;true;;30000;313639;8850
BASE/quarto;TUPLE_PROVER;1;true;;30000;1388494;59577
DRESDEN/vacuumcleaner_obstacles_5;TUPLE_PROVER;1;true;;30000;407977;68206
BASE/mummymaze2p;TUPLE_PROVER;1;true;;30000;1702935;34617
STANFORD/duikoshi;TUPLE_PROVER;1;true;;30000;1368625;102320
BASE/chineseCheckers1;TUPLE_PROVER;1;true;;30000;3976838;140242
STANFORD/bestbuttonsandlightsbig;TUPLE_PROVER;1;true;;30000;9042474;1507079
DRESDEN/vacuum_cleaner_1;TUPLE_PROVER;1;true;;30000;6205235;1034059
DRESDEN/peg_bugfixed;TUPLE_PROVER;1;true;;30000;610675;25091
BASE/pancakes6;TUPLE_PROVER;1;true;;30000;26184783;660029
DRESDEN/pentago_2008;TUPLE_PROVER;1;true;;30000;299252;5490
BASE/hitori;TUPLE_PROVER;1;true;;30000;220365;2279
DRESDEN/quad;TUPLE_PROVER;1;true;;35077;866;19
DRESDEN/3pttc;TUPLE_PROVER;1;true;;30000;1930336;66050
DRESDEN/Travelers-Dilemma;TUPLE_PROVER;1;true;;30000;13910355;1391035
BASE/bomberman2p;TUPLE_PROVER;1;true;;30000;2458115;315481
BASE/englishDraughts;TUPLE_PROVER;1;true;;30000;1190935;17328
DRESDEN/knightazons;TUPLE_PROVER;1;true;;30000;619908;9377
BASE/knightsTour;TUPLE_PROVER;1;true;;30000;11933936;2456358
DRESDEN/snake_2009;TUPLE_PROVER;1;true;;30000;2127215;132755
STANFORD/tictactoe7;TUPLE_PROVER;1;true;;30000;4064000;732939
DRESDEN/sat_test_20v_91c_visualisation;TUPLE_PROVER;1;true;;30000;488881;24444
DRESDEN/point_grab;TUPLE_PROVER;1;true;;30000;14850855;495028
DRESDEN/mimikry;TUPLE_PROVER;1;true;;30000;1428133;59428
DRESDEN/nim1;TUPLE_PROVER;1;true;;30000;9595790;1397497
BASE/checkersTiny;TUPLE_PROVER;1;true;;30000;968086;15743
DRESDEN/satlike_20v_91c_version2;TUPLE_PROVER;1;true;;30000;497785;24889
BASE/minichess;TUPLE_PROVER;1;true;;30000;2180927;726975
BASE/ticTacHeavenFC;TUPLE_PROVER;1;true;;30000;836324;30761
DRESDEN/quad_5x5;TUPLE_PROVER;1;true;;30002;71943;4986
BASE/ttcc4;TUPLE_PROVER;1;true;;30000;902097;31985
BASE/hodgepodge;TUPLE_PROVER;1;true;;30000;7635900;7635900
DRESDEN/tictactoelarge;TUPLE_PROVER;1;true;;30000;3147866;132731
BASE/incredible;TUPLE_PROVER;1;true;;30000;4758052;250428
DRESDEN/laikLee_hex;TUPLE_PROVER;1;false;Exception of type StackOverflowError;0;0;0
BASE/racer;TUPLE_PROVER;1;true;;30000;1576775;114399
DRESDEN/hanoi_6_disks;TUPLE_PROVER;1;true;;30000;8610868;2419655
BASE/2pffa;TUPLE_PROVER;1;true;;30000;1637598;54586
BASE/connectFour;TUPLE_PROVER;1;true;;30000;1549914;69425
BASE/mummymaze1p;TUPLE_PROVER;1;true;;30000;2389158;424196
DRESDEN/pancakes;TUPLE_PROVER;1;true;;30000;27225707;686446
DRESDEN/uf20-020.cnf.SAT;TUPLE_PROVER;1;true;;30000;460122;23006
BASE/hex;TUPLE_PROVER;1;true;;30000;590106;8295
BASE/racer4;TUPLE_PROVER;1;false;GameDescriptionException: Goal is poorly defined for red in [( true ( counter n29 ) ), ( true ( posx blue p3 ) ), ( true ( posx green p24 ) ), ( true ( posx red p24 ) ), ( true ( posx yellow p9 ) ), ( true ( posy blue p12 ) ), ( true ( posy green n1 ) ), ( true ( posy red n1 ) ), ( true ( posy yellow p17 ) ), ( true ( resigned blue ) ), ( true ( resigned yellow ) ), ( true ( velx blue p0 ) ), ( true ( velx green p0 ) ), ( true ( velx red p0 ) ), ( true ( velx yellow p0 ) ), ( true ( vely blue p0 ) ), ( true ( vely green n3 ) ), ( true ( vely red n1 ) ), ( true ( vely yellow p0 ) )];0;0;0
DRESDEN/vacuumcleaner_obstacles_3;TUPLE_PROVER;1;true;;30000;462001;76939
DRESDEN/blocker;TUPLE_PROVER;1;true;;30000;4089878;518671
BASE/tictactoe2;TUPLE_PROVER;1;true;;30000;5281077;692515
DRESDEN/3qbf-5cnf-20var-40cl.2.qdimacs.satlike;TUPLE_PROVER;1;true;;30000;649409;11101
DRESDEN/bomberman2p;TUPLE_PROVER;1;true;;30000;2184416;280125
BASE/lightsOnSimultaneous;TUPLE_PROVER;1;true;;30000;1080971;71366
BASE/colonelBlottoVariant;TUPLE_PROVER;1;true;;30000;8392887;839288
DRESDEN/lightsout;TUPLE_PROVER;1;true;;30000;2647692;132384
DRESDEN/CephalopodMicro;TUPLE_PROVER;1;true;;30000;70733;1617
BASE/factoringImpossibleTurtleBrain;TUPLE_PROVER;1;true;;30000;82847;986
BASE/knightsTourLarge;TUPLE_PROVER;1;true;;30000;10288296;1717451
BASE/dotsAndBoxesSuicide;TUPLE_PROVER;1;true;;30000;1658079;27634
BASE/beatMania;TUPLE_PROVER;1;true;;30000;9285459;154757
DRESDEN/uf20-01.cnf.SAT;TUPLE_PROVER;1;true;;30000;510789;25539
BASE/tpeg;TUPLE_PROVER;1;true;;30000;710781;58210
BASE/lightsOnSimul4;TUPLE_PROVER;1;true;;30000;958520;148845
DRESDEN/smallest_4player;TUPLE_PROVER;1;true;;30000;3496567;148236
BASE/ruleDepthLinear;TUPLE_PROVER;1;true;;30000;19352454;9676845
BASE/breakthroughSmall;TUPLE_PROVER;1;true;;30000;1941952;68916
DRESDEN/SC_TestOnly_enabled;TUPLE_PROVER;1;false;RuntimeException: CompiledProver could not be created;0;0;0
BASE/checkers-mustjump;TUPLE_PROVER;1;true;;30000;340890;6609
BASE/blocker;TUPLE_PROVER;1;true;;30000;4012539;508813
BASE/dotsAndBoxes;TUPLE_PROVER;1;true;;30000;1601369;26689
BASE/wallmaze;TUPLE_PROVER;1;true;;30000;719424;24807
DRESDEN/cube_2x2x2;TUPLE_PROVER;1;true;;30000;2503884;208839
BASE/4pttc;TUPLE_PROVER;1;true;;30000;1530691;48694
DRESDEN/mummymaze1p;TUPLE_PROVER;1;true;;30000;2672296;474183
DRESDEN/sheep_and_wolf;TUPLE_PROVER;1;true;;30000;723689;17707
DRESDEN/frogs_and_toads;TUPLE_PROVER;1;true;;30000;1453431;12529
BASE/numbertictactoe;TUPLE_PROVER;1;true;;30000;1776961;221175
BASE/ticTacToe;TUPLE_PROVER;1;true;;30000;4317828;566122
DRESDEN/latenttictactoe;TUPLE_PROVER;1;true;;30000;2170415;206228
BASE/amazons;TUPLE_PROVER;1;true;;30001;16071;228
BASE/tictactoe_3d_6player;TUPLE_PROVER;1;true;;30000;332620;3287
BASE/blocksWorldParallel;TUPLE_PROVER;1;true;;30000;1263971;421323
STANFORD/multiplesukoshi;TUPLE_PROVER;1;false;ArrayIndexOutOfBoundsException: 5;0;0;0
BASE/strangeSkirmish;TUPLE_PROVER;1;true;;30000;152126;1536
STANFORD/breakthrough;TUPLE_PROVER;1;true;;30000;1285930;20063
STANFORD/untwistycomplex;TUPLE_PROVER;1;true;;30000;25207945;2800882
DRESDEN/breakthroughsuicide_v2;TUPLE_PROVER;1;true;;30000;1383873;21539
BASE/hexPie;TUPLE_PROVER;1;true;;30000;591026;8312
DRESDEN/minichess;TUPLE_PROVER;1;true;;30000;1520161;172038
STANFORD/ttcc4;TUPLE_PROVER;1;true;;30000;963303;17507
DRESDEN/blocks2player;TUPLE_PROVER;1;true;;30000;9939641;552210
BASE/toetictac;TUPLE_PROVER;1;true;;30000;8537051;1119485
DRESDEN/blockerparallel;TUPLE_PROVER;1;true;;30000;481077;68956
BASE/hanoi_6_disks;TUPLE_PROVER;1;true;;30000;8750262;2459906
BASE/factoringEasyTurtleBrain;TUPLE_PROVER;1;true;;30000;4866796;81113
BASE/quad_5x5;TUPLE_PROVER;1;true;;30000;76574;5320
DRESDEN/ggp-course2013_nicolai;TUPLE_PROVER;1;true;;30000;128324;3992
DRESDEN/hanoi7;TUPLE_PROVER;1;true;;30000;10187578;80217
DRESDEN/bunk_t;TUPLE_PROVER;1;true;;30000;2143574;257026
DRESDEN/sum15;TUPLE_PROVER;1;true;;30000;5201800;681927
STANFORD/dualhunter;TUPLE_PROVER;1;true;;30000;1843178;131655
BASE/crisscross;TUPLE_PROVER;1;true;;30000;1319168;50952
DRESDEN/skirmish3;TUPLE_PROVER;1;true;;30000;717437;17935
BASE/asteroids;TUPLE_PROVER;1;true;;30000;19702433;424207
DRESDEN/2player_normal_form_2010;TUPLE_PROVER;1;true;;30000;6899700;6899700
DRESDEN/mummymaze2p;TUPLE_PROVER;1;true;;30000;1815917;36910
BASE/skirmishFinal3;TUPLE_PROVER;1;true;;30000;249684;4232
DRESDEN/pacman3p;TUPLE_PROVER;1;true;;30000;1177267;23953
BASE/knightazons;TUPLE_PROVER;1;true;;30000;689992;10441
BASE/checkersTorus;TUPLE_PROVER;1;true;;30000;1209755;20362
BASE/kalaha_2009;TUPLE_PROVER;1;true;;30000;2949467;35219
STANFORD/knightstourbig;TUPLE_PROVER;1;true;;30000;10640137;1861365
BASE/quad;TUPLE_PROVER;1;true;;32911;563;11
BASE/3pttc;TUPLE_PROVER;1;true;;30000;1700955;58572
DRESDEN/firefighter;TUPLE_PROVER;1;true;;30000;6692669;151391
DRESDEN/pancakes6;TUPLE_PROVER;1;true;;30000;31827119;802261
BASE/nineBoardTicTacToePie;TUPLE_PROVER;1;true;;30000;833341;28413
BASE/speedChess;TUPLE_PROVER;1;true;;30000;411119;3758
DRESDEN/hitori;TUPLE_PROVER;1;true;;30000;222623;2306
BASE/crissrace;TUPLE_PROVER;1;true;;30000;1182969;26483
BASE/connectFourLarge;TUPLE_PROVER;1;true;;30000;1514875;57611
DRESDEN/pawn_whopping_simultaneous;TUPLE_PROVER;1;true;;30000;749642;41438
DRESDEN/small_dominion;TUPLE_PROVER;1;true;;30000;68153;2310
BASE/hallway;TUPLE_PROVER;1;true;;30000;524504;17483
BASE/skirmishFinal2;TUPLE_PROVER;1;true;;30000;237380;4023
DRESDEN/knightwar;TUPLE_PROVER;1;true;;30000;1878980;219909
BASE/breakthrough;TUPLE_PROVER;1;true;;30000;1308011;20378
BASE/sudoku;TUPLE_PROVER;1;true;;30000;337824;4170
STANFORD/hex;TUPLE_PROVER;1;true;;30000;648450;9129
BASE/ticTicToe;TUPLE_PROVER;1;true;;30000;2317411;461436
DRESDEN/battle;TUPLE_PROVER;1;true;;30001;67976;2265
BASE/kalaha6x2x4;TUPLE_PROVER;1;true;;30000;2795621;15084
DRESDEN/Runners;TUPLE_PROVER;1;true;;30000;12701480;259235
STANFORD/alquerquezero;TUPLE_PROVER;1;true;;30000;1417225;48869
BASE/blocksWorldSerial;TUPLE_PROVER;1;true;;30000;5308590;884765
BASE/factoringMediumTurtleBrain;TUPLE_PROVER;1;true;;30000;1674177;19930
DRESDEN/4pttc;TUPLE_PROVER;1;true;;30000;1730053;54864
BASE/connect5;TUPLE_PROVER;1;true;;30000;521209;11357
BASE/roshambo2;TUPLE_PROVER;1;true;;30000;9591353;1128353
BASE/2pffa_zerosum;TUPLE_PROVER;1;true;;30000;1886273;62875
BASE/kitten_escapes_from_fire;TUPLE_PROVER;1;true;;30000;3692512;444353
BASE/stateSpaceLarge;TUPLE_PROVER;1;true;;30000;7657804;546986
BASE/slidingpieces;TUPLE_PROVER;1;true;;30000;438459;5413
STANFORD/madness;TUPLE_PROVER;1;true;;30000;205173;3477
BASE/zhadu;TUPLE_PROVER;1;true;;30000;85158;2301
BASE/brain_teaser_extended;TUPLE_PROVER;1;true;;30000;6233048;415537
BASE/pacman3p;TUPLE_PROVER;1;true;;30000;1191681;24060
DRESDEN/towerworld;TUPLE_PROVER;1;true;;30000;31776;65
BASE/blockerParallel;TUPLE_PROVER;1;true;;30000;462678;66223
DRESDEN/skirmish2;TUPLE_PROVER;1;true;;30000;818151;20457
BASE/skirmishFinal1;TUPLE_PROVER;1;true;;30000;224396;3803
DRESDEN/checkers-newgoals;TUPLE_PROVER;1;true;;30000;380879;3888
BASE/stateSpaceMedium;TUPLE_PROVER;1;true;;30000;14868656;1652072
BASE/eotcatcit;TUPLE_PROVER;1;true;;30000;3734355;489690
BASE/lightsOut;TUPLE_PROVER;1;true;;30000;2901284;145064
DRESDEN/chickentictactoe;TUPLE_PROVER;1;true;;30000;3611222;507867
BASE/lightsOn;TUPLE_PROVER;1;true;;30000;11935251;956736
DRESDEN/knightfight;TUPLE_PROVER;1;true;;30000;3156342;291835
BASE/snake_2009;TUPLE_PROVER;1;true;;30000;2090501;130506
BASE/tttcc4;TUPLE_PROVER;1;true;;30000;910872;32335
BASE/coloredtrails;TUPLE_PROVER;1;true;;30000;2811640;312404
BASE/gt_ultimatum;TUPLE_PROVER;1;true;;30000;12133568;606678
BASE/duplicateStateMedium;TUPLE_PROVER;1;true;;30000;10614519;1179391
DRESDEN/statespacesmall;TUPLE_PROVER;1;true;;30000;19747806;4936951
BASE/checkers-newgoals;TUPLE_PROVER;1;true;;30000;399479;4080
DRESDEN/brawl;TUPLE_PROVER;1;true;;30000;350370;35037
STANFORD/threepuzzle;TUPLE_PROVER;1;true;;30000;10939509;1823251
BASE/ttcc4_2player_alt;TUPLE_PROVER;1;true;;30000;1116870;30538
DRESDEN/hanoi;TUPLE_PROVER;1;true;;30000;11583635;373665
STANFORD/selectivesukoshi;TUPLE_PROVER;1;true;;30000;289626;9952
BASE/pacman2p;TUPLE_PROVER;1;true;;30000;1124748;22856
BASE/circlesolitaire;TUPLE_PROVER;1;true;;30000;7794944;756041
DRESDEN/amazons;TUPLE_PROVER;1;true;;30000;91561;1290
BASE/duplicateStateSmall;TUPLE_PROVER;1;true;;30000;18823240;4705810
DRESDEN/blocks;TUPLE_PROVER;1;true;;30000;12292438;4097479
DRESDEN/nim3;TUPLE_PROVER;1;true;;30000;5693419;429449
DRESDEN/breakthrough;TUPLE_PROVER;1;true;;30000;1286046;20078
DRESDEN/crissrace;TUPLE_PROVER;1;true;;30000;1153492;25860
BASE/doubletoetictac;TUPLE_PROVER;1;true;;30000;2132651;255779
STANFORD/freeforall;TUPLE_PROVER;1;true;;30000;1875296;62509
BASE/coins;TUPLE_PROVER;1;true;;30000;1284603;513625
DRESDEN/max_knights;TUPLE_PROVER;1;true;;30000;862376;163213
STANFORD/platformjumpers;TUPLE_PROVER;1;true;;30000;789115;15686
DRESDEN/skirmishfinal;TUPLE_PROVER;1;true;;30000;241070;4086
DRESDEN/brain_teaser_extended;TUPLE_PROVER;1;true;;30000;6354876;423659
DRESDEN/satlike_20v_91c;TUPLE_PROVER;1;true;;30000;534895;26744
DRESDEN/babel;TUPLE_PROVER;1;true;;30000;2001494;100074
BASE/snake_2008;TUPLE_PROVER;1;true;;30000;2378086;147872
DRESDEN/nim2;TUPLE_PROVER;1;true;;30000;7890468;890895
DRESDEN/mummymaze2p-comp2007;TUPLE_PROVER;1;true;;30000;2991137;63676
DRESDEN/vacuumcleaner_random;TUPLE_PROVER;1;true;;30000;3685521;614892
BASE/tron_10x10;TUPLE_PROVER;1;true;;30000;3304861;1101787
BASE/blockerSerial;TUPLE_PROVER;1;true;;30000;2359805;149520
DRESDEN/pawntoqueen;TUPLE_PROVER;1;true;;30000;59329;4482
DRESDEN/gt_ultimatum;TUPLE_PROVER;1;true;;30000;11876124;593806
DRESDEN/circlesolitaire;TUPLE_PROVER;1;true;;30000;8869289;861228
BASE/duplicateStateLarge;TUPLE_PROVER;1;true;;30000;3353443;239531
BASE/coins_atomic;TUPLE_PROVER;1;true;;30000;1268307;507166
DRESDEN/lightsout2;TUPLE_PROVER;1;true;;30000;2816744;140837
BASE/pearls;TUPLE_PROVER;1;true;;30000;35063336;3187576
BASE/god;TUPLE_PROVER;1;true;;30000;169579;7865
BASE/tictactoe_3d_2player;TUPLE_PROVER;1;true;;30000;328001;9215
DRESDEN/tictactoeparallel;TUPLE_PROVER;1;true;;30000;1528950;221137
BASE/checkers-cylinder-mustjump;TUPLE_PROVER;1;true;;30000;291321;6568
DRESDEN/chinesecheckers6;TUPLE_PROVER;1;true;;30000;1044048;17701
BASE/ghostMaze2p;TUPLE_PROVER;1;true;;30000;3831929;79181
DRESDEN/sat_test_20v_91c;TUPLE_PROVER;1;true;;30000;498552;24927
BASE/gt_prisoner;TUPLE_PROVER;1;true;;30000;15764349;788217
DRESDEN/pancakes88;TUPLE_PROVER;1;true;;30000;29325487;733206
STANFORD/pentago;TUPLE_PROVER;1;true;;30000;719053;13105
BASE/colonelBlottoVariant2;TUPLE_PROVER;1;true;;30000;7148196;1431591
DRESDEN/statespacelarge;TUPLE_PROVER;1;true;;30000;8240920;588637
BASE/breakthroughWalls;TUPLE_PROVER;1;true;;30000;1315289;20385
BASE/point_grab;TUPLE_PROVER;1;true;;30000;15289275;509642
BASE/amazonsSuicide;TUPLE_PROVER;1;true;;30000;16567;235
BASE/majorities;TUPLE_PROVER;1;true;;30000;739963;13968
DRESDEN/connect4;TUPLE_PROVER;1;true;;30000;608065;28664
DRESDEN/breakthroughsuicide;TUPLE_PROVER;1;true;;30000;1358803;21119
BASE/blocks2player;TUPLE_PROVER;1;true;;30000;9969243;553855
STANFORD/3puzzle;TUPLE_PROVER;1;true;;30000;11205429;1867571
DRESDEN/chinesecheckers3;TUPLE_PROVER;1;true;;30000;1266518;23368
BASE/othello-comp2007;TUPLE_PROVER;1;true;;30001;19886;328
DRESDEN/backgammon;TUPLE_PROVER;1;true;;30000;648842;3724
DRESDEN/oisters_farm;TUPLE_PROVER;1;true;;30000;13619006;277952
BASE/snakeParallel;TUPLE_PROVER;1;true;;30000;4759459;1030773
BASE/factoringMutuallyAssuredDestruction;TUPLE_PROVER;1;true;;30000;5335041;266752
DRESDEN/kalaha_2009;TUPLE_PROVER;1;true;;30000;2895892;34629
DRESDEN/nim4;TUPLE_PROVER;1;true;;30000;5515550;411723
DRESDEN/quarto;TUPLE_PROVER;1;true;;30000;1597768;68535
DRESDEN/battlesnakes1509;TUPLE_PROVER;1;true;;30000;1615109;37969
DRESDEN/connect5;TUPLE_PROVER;1;true;;30000;545510;11874
STANFORD/8puzzle;TUPLE_PROVER;1;true;;30000;3176982;52949
DRESDEN/statespacemedium;TUPLE_PROVER;1;true;;30000;14062387;1562487
BASE/asteroidsSerial;TUPLE_PROVER;1;true;;30000;8980438;96772
DRESDEN/chinesecheckers4;TUPLE_PROVER;1;true;;30000;768595;13317
DRESDEN/othello-cornercontrol;TUPLE_PROVER;1;true;;30000;11894;268
BASE/3pConnectFour;TUPLE_PROVER;1;true;;30000;1331332;38029
BASE/sum15;TUPLE_PROVER;1;true;;30000;4978158;652798
BASE/checkers-mustjump-torus;TUPLE_PROVER;1;true;;30000;277724;6364
DRESDEN/quartosuicide;TUPLE_PROVER;1;true;;30000;1552275;66501
BASE/survival;TUPLE_PROVER;1;true;;30000;24718306;21186351
DRESDEN/tpeg;TUPLE_PROVER;1;true;;30000;715176;58573
DRESDEN/catcha_mouse;TUPLE_PROVER;1;true;;30000;1370764;102970
DRESDEN/tictactoe_orthogonal;TUPLE_PROVER;1;true;;30000;4527247;565478
DRESDEN/twisty-passages;TUPLE_PROVER;1;true;;30000;2946036;14804
BASE/colonelBlotto;TUPLE_PROVER;1;true;;30000;2503337;500667
BASE/tictactoe-init1;TUPLE_PROVER;1;true;;30000;4606792;1315995
BASE/wargame02;TUPLE_PROVER;1;true;;30000;772626;256847
BASE/tictactoe_3player;TUPLE_PROVER;1;true;;30000;1239353;60908
STANFORD/trifecta;TUPLE_PROVER;1;true;;30000;4128668;541499
BASE/tictactoe_3d_small_2player;TUPLE_PROVER;1;true;;30000;972201;79063
BASE/checkersTorusNoKings;TUPLE_PROVER;1;true;;30000;1387278;22910
DRESDEN/connectfoursuicide;TUPLE_PROVER;1;true;;30000;1858918;83206
DRESDEN/endgame;TUPLE_PROVER;1;true;;30000;538125;38437
BASE/snake_2009_big;TUPLE_PROVER;1;true;;30000;2014169;112571
BASE/tictactoe_3d_small_6player;TUPLE_PROVER;1;true;;30000;816167;22782
DRESDEN/3qbf-5cnf-20var-40cl.0.qdimacs;TUPLE_PROVER;1;true;;30000;686699;11677
BASE/breakthroughHoles;TUPLE_PROVER;1;true;;30000;1216017;19554
DRESDEN/chinesecheckers1;TUPLE_PROVER;1;true;;30000;1716026;60554
DRESDEN/ggp-course2013_michal13;TUPLE_PROVER;1;true;;30000;64335;2005
BASE/hanoi7_bugfix;TUPLE_PROVER;1;true;;30000;10488837;82589
BASE/cephalopodMicro;TUPLE_PROVER;1;true;;30000;82982;1891
BASE/wargame01;TUPLE_PROVER;1;true;;30000;1067583;106676
BASE/blobwars;TUPLE_PROVER;1;true;;30000;320314;8007
DRESDEN/troublemaker01;TUPLE_PROVER;1;true;;30000;23214304;7738124
BASE/othelloSuicide;TUPLE_PROVER;1;true;;30000;20804;344
DRESDEN/chickentoetictac;TUPLE_PROVER;1;true;;30000;7956687;1119024
BASE/kalaha5x2x3;TUPLE_PROVER;1;true;;30000;3035598;30829
DRESDEN/tictactoex9;TUPLE_PROVER;1;true;;30000;504452;17281
BASE/breakthroughSmallHoles;TUPLE_PROVER;1;true;;30000;1626338;62713
DRESDEN/chinesecheckers2;TUPLE_PROVER;1;true;;30000;1405940;37229
DRESDEN/sat_test_20v_91c_version2;TUPLE_PROVER;1;true;;30000;499135;24956
DRESDEN/3pffa;TUPLE_PROVER;1;true;;30000;2253807;75126
BASE/ruleDepthExponential;TUPLE_PROVER;1;true;;30000;8966855;4483555
STANFORD/knightstour;TUPLE_PROVER;1;true;;30000;12296929;2528216
STANFORD/chinook;TUPLE_PROVER;1;true;;30000;896422;22410
DRESDEN/golden_rectangle;TUPLE_PROVER;1;true;;30000;393117;13243
BASE/brawl;TUPLE_PROVER;1;true;;30000;364437;36444
STANFORD/tictactoe;TUPLE_PROVER;1;true;;30000;4129501;541389
DRESDEN/battlebrushes;TUPLE_PROVER;1;true;;30000;262276;13804
DRESDEN/double_tictactoe_dengji;TUPLE_PROVER;1;true;;30000;2274351;159872
DRESDEN/troublemaker02;TUPLE_PROVER;1;true;;30000;22054707;7350031
DRESDEN/3qbf-5cnf-20var-40cl.2.qdimacs.SAT;TUPLE_PROVER;1;true;;30000;682360;11654
BASE/double_tictactoe_dengji;TUPLE_PROVER;1;true;;30000;2241371;157568
STANFORD/untwistycorridor;TUPLE_PROVER;1;true;;30000;25712129;3673161
BASE/ticTacToeLarge;TUPLE_PROVER;1;true;;30000;3371429;142105
BASE/cubicup;TUPLE_PROVER;1;true;;30000;558480;9972
DRESDEN/Goldrush;TUPLE_PROVER;1;false;RuntimeException: CompiledProver could not be created;0;0;0
BASE/2pttc;TUPLE_PROVER;1;true;;30000;1936681;70178
DRESDEN/roshambo2;TUPLE_PROVER;1;true;;30000;9883020;1162636
DRESDEN/logistics;TUPLE_PROVER;1;true;;30000;2208355;44167
BASE/guess;TUPLE_PROVER;1;true;;30000;5475557;616099
BASE/amazonsTorus;TUPLE_PROVER;1;false;Exception of type StackOverflowError;0;0;0
DRESDEN/buttons;TUPLE_PROVER;1;true;;30000;25678995;4279832
STANFORD/skirmish;TUPLE_PROVER;1;true;;30000;176377;1781
BASE/amazons_10x10;TUPLE_PROVER;1;true;;30000;694730;5096
BASE/tictactoex9;TUPLE_PROVER;1;true;;30000;536475;18385
BASE/checkersSmall;TUPLE_PROVER;1;true;;30000;742559;7930
BASE/skirmishZeroSum;TUPLE_PROVER;1;true;;30000;371376;3713
DRESDEN/CatchMeIfYouCanTest;TUPLE_PROVER;1;true;;30000;6296778;186219
BASE/chickentoetictac;TUPLE_PROVER;1;true;;30000;7555368;1062827
DRESDEN/crossers3;TUPLE_PROVER;1;true;;30000;2008720;152218
DRESDEN/tictictoe;TUPLE_PROVER;1;true;;30000;2317577;461302
BASE/withConviction;TUPLE_PROVER;1;true;;30000;1055595;42223
BASE/pawnToQueen;TUPLE_PROVER;1;true;;30000;58267;4433
BASE/amazonsSuicide_10x10;TUPLE_PROVER;1;true;;30000;712462;5225
BASE/amazons_8x8;TUPLE_PROVER;1;true;;30000;912795;10027
STANFORD/triplesukoshi;TUPLE_PROVER;1;true;;30000;1355185;193597
DRESDEN/chinesecheckers6-simultaneous;TUPLE_PROVER;1;true;;30000;308929;13409
BASE/gt_two_thirds_4p;TUPLE_PROVER;1;true;;30000;767092;767092
DRESDEN/bidding-tictactoe_10coins;TUPLE_PROVER;1;true;;30000;2984033;202184
BASE/pawnWhopping;TUPLE_PROVER;1;true;;30000;1256491;36644
BASE/stateSpaceSmall;TUPLE_PROVER;1;true;;30000;19626187;4906546
BASE/buttons;TUPLE_PROVER;1;true;;30000;24750259;4125043
BASE/four_way_battle;TUPLE_PROVER;1;true;;30000;182215;5879
DRESDEN/knightstour;TUPLE_PROVER;1;true;;30000;12170934;2503109
DRESDEN/chomp;TUPLE_PROVER;1;true;;30000;2420870;343636
DRESDEN/cubicup;TUPLE_PROVER;1;true;;30000;585200;10450
BASE/knightThrough;TUPLE_PROVER;1;true;;30000;1195465;35564
BASE/battle;TUPLE_PROVER;1;true;;30000;66502;2216
BASE/knightwar;TUPLE_PROVER;1;true;;30000;1928156;225223
BASE/untwistycomplex2;TUPLE_PROVER;1;true;;30000;26659964;3808566
BASE/escortLatch;TUPLE_PROVER;1;true;;30000;1403515;23806
DRESDEN/connectfour;TUPLE_PROVER;1;true;;30000;1742035;78096
BASE/minichess-evilconjuncts;TUPLE_PROVER;1;true;;30000;265602;30045
DRESDEN/queens;TUPLE_PROVER;1;true;;30000;847590;84759
DRESDEN/slidingpieces;TUPLE_PROVER;1;true;;30000;432464;5339
BASE/sudokuGrade2;TUPLE_PROVER;1;true;;30000;153645;4035
BASE/breakthroughSuicide;TUPLE_PROVER;1;true;;30000;1354086;21173
BASE/connectFourLarger;TUPLE_PROVER;1;true;;30000;1058403;32474
BASE/factoringGeorgeForman;TUPLE_PROVER;1;true;;30000;11047330;231836
BASE/eotcitcit;TUPLE_PROVER;1;true;;30000;2320009;461896
DRESDEN/hanoi7_bugfix;TUPLE_PROVER;1;true;;30000;10179893;80156
DRESDEN/aipsrovers01;TUPLE_PROVER;1;true;;30000;6261283;216342
DRESDEN/checkers-mustjump-torus;TUPLE_PROVER;1;true;;30000;256857;5869
DRESDEN/guess;TUPLE_PROVER;1;true;;30000;4710026;529552
BASE/connectFourSimultaneous;TUPLE_PROVER;1;true;;30000;1006658;56498
BASE/checkers-suicide-cylinder-mustjump;TUPLE_PROVER;1;true;;30000;265529;5980
BASE/sheepAndWolf;TUPLE_PROVER;1;true;;30000;699208;17035
BASE/skirmishNew;TUPLE_PROVER;1;true;;30000;308767;3087
DRESDEN/lightson2x2;TUPLE_PROVER;1;true;;30000;5700828;570082
STANFORD/eightpuzzle;TUPLE_PROVER;1;true;;30000;2931334;58626
BASE/sudokuGrade3;TUPLE_PROVER;1;true;;30000;144576;3724
BASE/4pffa;TUPLE_PROVER;1;true;;30000;1668713;41717
BASE/maze;TUPLE_PROVER;1;true;;30000;28014608;3190439
BASE/switches;TUPLE_PROVER;1;true;;30000;8586163;8586163
DRESDEN/tictactoe_3d_small_6player;TUPLE_PROVER;1;true;;30000;754859;21039
STANFORD/breakthroughsmall;TUPLE_PROVER;1;true;;30000;1742217;62100
BASE/connect4;TUPLE_PROVER;1;true;;30000;635149;29860
BASE/3pffa;TUPLE_PROVER;1;true;;30000;1732967;57765
BASE/blocksWorld;TUPLE_PROVER;1;true;;30000;11915621;3971873
BASE/racetrackcorridor;TUPLE_PROVER;1;true;;30000;1759025;88101
DRESDEN/pawn_whopping;TUPLE_PROVER;1;true;;30000;1325374;36214
BASE/cittaceot;TUPLE_PROVER;1;true;;30000;1035099;47875
DRESDEN/uf20-010.cnf.SAT;TUPLE_PROVER;1;true;;30000;507666;25383
DRESDEN/grid_game;TUPLE_PROVER;1;true;;30000;2339573;66303
DRESDEN/eotcatcit;TUPLE_PROVER;1;true;;30000;3839664;503336
DRESDEN/stratego;TUPLE_PROVER;1;true;;30000;834140;20050
BASE/quartoSuicide;TUPLE_PROVER;1;true;;30000;1468140;62931
BASE/sudokuGrade6H;TUPLE_PROVER;1;true;;30000;141752;2986
DRESDEN/skirmish;TUPLE_PROVER;1;true;;30000;736682;18422
BASE/ticTacToeParallel;TUPLE_PROVER;1;true;;30000;1588705;229805
DRESDEN/checkers-cylinder-mustjump;TUPLE_PROVER;1;true;;30000;291731;6572
BASE/ticblock;TUPLE_PROVER;1;true;;30000;2526619;153042
DRESDEN/Zhadu;TUPLE_PROVER;1;true;;30000;371096;10012
BASE/nineBoardTicTacToe;TUPLE_PROVER;1;true;;30000;873065;29909
BASE/nim4;TUPLE_PROVER;1;true;;30000;5294037;395078
BASE/reversi;TUPLE_PROVER;1;true;;30000;55535;919
DRESDEN/gt_chicken;TUPLE_PROVER;1;true;;30000;15822783;791139
STANFORD/buttonsandlights;TUPLE_PROVER;1;true;;30000;33802817;5712314
BASE/wargame03;TUPLE_PROVER;1;true;;30000;978615;152867
BASE/gt_two_thirds_6p;TUPLE_PROVER;1;true;;30000;520563;520563
DRESDEN/gt_prisoner;TUPLE_PROVER;1;true;;30000;15589849;779492
DRESDEN/ggp-course2013_jordi;TUPLE_PROVER;1;true;;30000;468023;14583
BASE/golden_rectangle;TUPLE_PROVER;1;true;;30000;383282;12893
BASE/amazonsTorus_10x10;TUPLE_PROVER;1;true;;30000;502784;3288
DRESDEN/tictactoe;TUPLE_PROVER;1;true;;30000;4284398;561734
BASE/sudokuGrade1;TUPLE_PROVER;1;true;;30000;157816;4454
DRESDEN/god;TUPLE_PROVER;1;true;;30000;169336;7960
STANFORD/rainbow;TUPLE_PROVER;1;true;;30000;7683826;1280637
BASE/slaughter;TUPLE_PROVER;1;true;;30000;91382;485
BASE/gt_dollar;TUPLE_PROVER;1;true;;30000;10543295;5269103
BASE/snake_2008_tweaked;TUPLE_PROVER;1;true;;30000;2371490;147811
BASE/ticTacToeSerial;TUPLE_PROVER;1;true;;30000;2656609;174157
DRESDEN/uf20-020.cnf.SAT.satlike;TUPLE_PROVER;1;true;;30000;500487;25024
BASE/nim3;TUPLE_PROVER;1;true;;30000;5493650;414366
DRESDEN/doubletoetictac;TUPLE_PROVER;1;true;;30000;2150238;257933
DRESDEN/fizzbuzz;TUPLE_PROVER;1;true;;30000;25382411;846080
BASE/ttcc4_2player_small;TUPLE_PROVER;1;true;;30000;1560045;102253
BASE/connectFourSuicide;TUPLE_PROVER;1;true;;30000;1835418;82066
DRESDEN/catch_me;TUPLE_PROVER;1;true;;30000;6358682;187899
DRESDEN/javastrike;TUPLE_PROVER;1;false;Exception of type StackOverflowError;0;0;0
BASE/ticTacHeaven;TUPLE_PROVER;1;true;;30000;777921;33520
BASE/max_knights;TUPLE_PROVER;1;true;;30000;874937;165572
BASE/pentago;TUPLE_PROVER;1;true;;30000;334051;6099
STANFORD/dualrainbow;TUPLE_PROVER;1;true;;30000;4139569;689928
BASE/haystack;TUPLE_PROVER;1;true;;30000;31838831;10612331
DRESDEN/racer4;TUPLE_PROVER;1;false;GameDescriptionException: Goal is poorly defined for red in [( true ( counter n25 ) ), ( true ( posx blue p24 ) ), ( true ( posx green p9 ) ), ( true ( posx red p23 ) ), ( true ( posx yellow p23 ) ), ( true ( posy blue n2 ) ), ( true ( posy green p17 ) ), ( true ( posy red n2 ) ), ( true ( posy yellow p9 ) ), ( true ( resigned green ) ), ( true ( resigned yellow ) ), ( true ( velx blue p0 ) ), ( true ( velx green p0 ) ), ( true ( velx red n1 ) ), ( true ( velx yellow p0 ) ), ( true ( vely blue n3 ) ), ( true ( vely green p0 ) ), ( true ( vely red n2 ) ), ( true ( vely yellow p0 ) )];0;0;0
BASE/nim2;TUPLE_PROVER;1;true;;30000;7734352;872934
BASE/pegEuro;TUPLE_PROVER;1;true;;30000;474593;18469
BASE/knightmove;TUPLE_PROVER;1;true;;30000;1475228;41830
DRESDEN/uf20-010.cnf.SAT.satlike;TUPLE_PROVER;1;true;;30000;513606;25680
DRESDEN/cylinder-checkers;TUPLE_PROVER;1;true;;30000;352965;3606
BASE/laikLee_hex;TUPLE_PROVER;1;false;Exception of type StackOverflowError;0;0;0
BASE/skirmish;TUPLE_PROVER;1;true;;30000;173159;1749
DRESDEN/tttcc4;TUPLE_PROVER;1;true;;30000;946646;33641
DRESDEN/minichess-evilconjuncts;TUPLE_PROVER;1;true;;30000;283403;32033
BASE/sudokuGrade6E;TUPLE_PROVER;1;true;;30000;139045;2968
BASE/checkersBarrelNoKings;TUPLE_PROVER;1;true;;30000;1296685;19905
DRESDEN/cubicup_3player;TUPLE_PROVER;1;true;;30000;299204;3561
DRESDEN/knightthrough;TUPLE_PROVER;1;true;;30000;1300149;38659
BASE/knightfight;TUPLE_PROVER;1;true;;30000;3268995;302951
DRESDEN/Catch-Me-If-You-Can;TUPLE_PROVER;1;true;;30000;6363187;187935
BASE/qyshinsu;TUPLE_PROVER;1;true;;30000;591967;24956
DRESDEN/quad_5x5_8_2;TUPLE_PROVER;1;true;;30000;99722;5439
BASE/nim1;TUPLE_PROVER;1;true;;30000;9438682;1374390
BASE/troublemaker02;TUPLE_PROVER;1;true;;30000;22083592;7360985
BASE/choicethroughalt;TUPLE_PROVER;1;true;;30000;703831;17879
DRESDEN/bidding-tictactoe;TUPLE_PROVER;1;true;;30000;3729869;254160
STANFORD/sukoshi;TUPLE_PROVER;1;true;;30000;3780603;695994
BASE/gt_tinfoil;TUPLE_PROVER;1;true;;30000;12772201;1277220
BASE/conn4;TUPLE_PROVER;1;true;;30000;1053767;49511
STANFORD/multiplebuttonsandlights;TUPLE_PROVER;1;true;;30000;12622917;2103819
BASE/ad_game_2x2;TUPLE_PROVER;1;true;;30000;1664049;873089
BASE/gt_attrition;TUPLE_PROVER;1;true;;30000;2614484;522896
BASE/snakeAssemblit;TUPLE_PROVER;1;false;GameDescriptionException: Goal is poorly defined for red in [( true ( at blue 2 4 ) ), ( true ( at red 2 6 ) ), ( true ( cell 1 3 red ) ), ( true ( cell 1 4 f ) ), ( true ( cell 1 5 f ) ), ( true ( cell 2 5 f ) ), ( true ( cell 3 3 f ) ), ( true ( cell 3 4 f ) ), ( true ( cell 3 5 f ) ), ( true ( cell 4 4 f ) ), ( true ( cell 4 5 f ) ), ( true ( cell 4 6 f ) ), ( true ( cell 5 4 f ) ), ( true ( cell 5 5 f ) ), ( true ( cell 5 6 f ) ), ( true ( cell 6 6 f ) ), ( true ( cell 7 6 blue ) ), ( true ( control_assem blue ) ), ( true ( control_snake red ) ), ( true ( marked 1 1 ) ), ( true ( marked 1 3 ) ), ( true ( marked 1 4 ) ), ( true ( marked 2 1 ) ), ( true ( marked 2 3 ) ), ( true ( marked 4 5 ) ), ( true ( marked 5 3 ) ), ( true ( marked 5 5 ) ), ( true ( marks_remain blue 4 ) ), ( true ( marks_remain red 1 ) ), ( true ( score blue 40 ) ), ( true ( score red 40 ) ), ( true ( step 40 ) )];0;0;0
BASE/lightsOnParallel;TUPLE_PROVER;1;true;;30000;5113434;258063
BASE/hanoi;TUPLE_PROVER;1;true;;30000;11945638;385343
STANFORD/duidoku;TUPLE_PROVER;1;true;;30000;122745;2981
BASE/sudokuGrade4;TUPLE_PROVER;1;true;;30000;152543;3905
DRESDEN/four_way_battle;TUPLE_PROVER;1;true;;30000;195963;6307
BASE/snake2p;TUPLE_PROVER;1;true;;30000;2667756;1997665
BASE/bunk_t;TUPLE_PROVER;1;true;;30000;2221156;266459
DRESDEN/8puzzle;TUPLE_PROVER;1;true;;30000;3046966;50782
DRESDEN/quad_7x7;TUPLE_PROVER;1;true;;30003;8496;282
STANFORD/bestbuttonsandlights;TUPLE_PROVER;1;true;;30000;11479566;1913261
BASE/pancakes;TUPLE_PROVER;1;true;;30000;29773327;750571
STANFORD/checkersonabarrelnokings;TUPLE_PROVER;1;true;;30000;1357618;20775
STANFORD/multipletictactoe;TUPLE_PROVER;1;true;;30000;670335;37352
STANFORD/nineboardtictactoe;TUPLE_PROVER;1;true;;30000;840225;28691
BASE/onestep;TUPLE_PROVER;1;true;;30000;20531420;20531420
BASE/troublemaker01;TUPLE_PROVER;1;true;;30000;24319544;8107786
BASE/endgame;TUPLE_PROVER;1;false;IllegalArgumentException: bound must be positive;0;0;0
BASE/queens;TUPLE_PROVER;1;true;;30000;855480;85548
BASE/dualConnect4;TUPLE_PROVER;1;true;;30000;1098751;35160
DRESDEN/capture_the_king;TUPLE_PROVER;1;true;;30000;166116;2639
BASE/pentagoSuicide;TUPLE_PROVER;1;true;;30000;340504;6249
BASE/doubletictactoe;TUPLE_PROVER;1;true;;30000;2174408;260786
STANFORD/connectfour;TUPLE_PROVER;1;true;;30000;1945495;86961
BASE/sudokuGrade5;TUPLE_PROVER;1;true;;30000;155589;4044
BASE/skirmishHoles;TUPLE_PROVER;1;true;;30000;173888;1756
BASE/cylinder-checkers;TUPLE_PROVER;1;true;;30000;344003;3506
BASE/asteroidsParallel;TUPLE_PROVER;1;true;;30000;10651582;241580
DRESDEN/tictactoe_3player;TUPLE_PROVER;1;true;;30000;1233307;60624
DRESDEN/hallway;TUPLE_PROVER;1;true;;30000;547238;18241
BASE/chineseCheckers6;TUPLE_PROVER;1;true;;30000;1779606;29668
DRESDEN/tictactoe-init1;TUPLE_PROVER;1;true;;30000;4583619;1309666
BASE/tictactoe_orthogonal;TUPLE_PROVER;1;true;;30000;4384510;547609
BASE/chomp;TUPLE_PROVER;1;true;;30000;2364832;335477
BASE/peg;TUPLE_PROVER;1;true;;30000;641110;26321
DRESDEN/merrills;TUPLE_PROVER;1;true;;30000;460130;7676
BASE/ticTacToeNoVars;TUPLE_PROVER;1;true;;30000;4324026;566887
STANFORD/jointbuttonsandlights;TUPLE_PROVER;1;true;;30000;7661394;1328860
BASE/twisty-passages;TUPLE_PROVER;1;true;;30000;2969656;14922
DRESDEN/snake_2009_big;TUPLE_PROVER;1;true;;30000;2022737;112507
BASE/chickentictactoe;TUPLE_PROVER;1;true;;30000;3454615;485670
BASE/firefighter;TUPLE_PROVER;1;true;;30000;6493198;147022
DRESDEN/vacuumcleaner_obstacles_2;TUPLE_PROVER;1;true;;30000;5490104;914926
DRESDEN/smallest;TUPLE_PROVER;1;true;;30000;2922728;122392
BASE/othelloHoles;TUPLE_PROVER;1;true;;30000;24596;436
BASE/alexChess;TUPLE_PROVER;1;false;Exception of type StackOverflowError;0;0;0
STANFORD/sudoku;TUPLE_PROVER;1;true;;30000;157763;3822
BASE/biddingTicTacToe_10coins;TUPLE_PROVER;1;true;;30000;2841879;192751
BASE/chinook;TUPLE_PROVER;1;true;;30000;953924;32634
BASE/mummyMaze2p_2007;TUPLE_PROVER;1;true;;30000;2937499;62497
DRESDEN/kitten_escapes_from_fire;TUPLE_PROVER;1;true;;30000;3708786;446528
BASE/gt_staghunt;TUPLE_PROVER;1;true;;30000;16259968;812998
BASE/gt_coordination;TUPLE_PROVER;1;true;;30000;17280031;864001
STANFORD/tictactoe3;TUPLE_PROVER;1;true;;30000;4539438;1702268
DRESDEN/blocksworldparallel;TUPLE_PROVER;1;true;;30000;4743389;1581129
DRESDEN/knightmove;TUPLE_PROVER;1;true;;30000;1440400;40882
DRESDEN/ticblock;TUPLE_PROVER;1;true;;30000;2564137;155275
DRESDEN/vacuumcleaner_obstacles_1;TUPLE_PROVER;1;true;;30000;5704946;950137
DRESDEN/racer;TUPLE_PROVER;1;true;;30000;1775487;129012
BASE/quad_7x7;TUPLE_PROVER;1;true;;30051;8174;270
BASE/biddingTicTacToe;TUPLE_PROVER;1;true;;30000;3498508;238553
BASE/eightPuzzle;TUPLE_PROVER;1;true;;30000;3197325;53288
BASE/crossers3;TUPLE_PROVER;1;true;;30000;1935645;146501
DRESDEN/tictactoe_3d_small_2player;TUPLE_PROVER;1;true;;30000;976404;79262
BASE/checkLines;TUPLE_PROVER;1;true;;30000;2918661;189832
BASE/cubicup_3player;TUPLE_PROVER;1;true;;30000;291911;3475
DRESDEN/ghostmaze2p;TUPLE_PROVER;1;true;;30000;3890268;80398
DRESDEN/pawn_whopping_corrected;TUPLE_PROVER;1;true;;30000;1183042;34588
DRESDEN/racetrackcorridor;TUPLE_PROVER;1;true;;30000;1593567;89898
DRESDEN/crisscross;TUPLE_PROVER;1;true;;30000;1347334;52022
BASE/chineseCheckers4;TUPLE_PROVER;1;true;;30000;1924251;33321
DRESDEN/toetictac;TUPLE_PROVER;1;true;;30000;8835105;1158569
BASE/aipsrovers01;TUPLE_PROVER;1;true;;30000;6271921;216713
BASE/simultaneousWin2;TUPLE_PROVER;1;true;;30000;1086252;17528
DRESDEN/checkers-suicide-cylinder-mustjump;TUPLE_PROVER;1;true;;30000;286387;6445
BASE/blokbox_simple;TUPLE_PROVER;1;true;;30002;3343;144
BASE/ticTacToeLargeSuicide;TUPLE_PROVER;1;true;;30000;3357898;141547
DRESDEN/farmers;TUPLE_PROVER;1;true;;30000;1108614;110861
BASE/chineseCheckers3;TUPLE_PROVER;1;true;;30000;2695043;49732
DRESDEN/blobwars;TUPLE_PROVER;1;true;;30000;319820;7996
DRESDEN/vacuumcleaner_random_big;TUPLE_PROVER;1;true;;30000;1533937;256264
DRESDEN/checkers;TUPLE_PROVER;1;true;;30000;358671;3595
BASE/gt_two_thirds_2p;TUPLE_PROVER;1;true;;30000;1724217;1724217
BASE/gt_chicken;TUPLE_PROVER;1;true;;30000;15088321;754416
STANFORD/multiplebuttonsandlights_9;TUPLE_PROVER;1;true;;30000;12903718;2150626
BASE/gt_centipede;TUPLE_PROVER;1;true;;30000;15489405;7748117
DRESDEN/3qbf-5cnf-20var-40cl.1.qdimacs.SAT;TUPLE_PROVER;1;true;;30000;668173;11474
DRESDEN/Thief_Police;TUPLE_PROVER;1;true;;30000;6255609;184670
STANFORD/tictactoe5;TUPLE_PROVER;1;true;;30000;4481717;1233355
