DRESDEN/tictactoe-init1;PALAMEDES_JAVA_ECLIPSE;0.6.1;false;NoClassDefFoundError: com/parctechnologies/eclipse/CompoundTerm;0;0;0
DRESDEN/tictactoe_3player;PALAMEDES_JAVA_ECLIPSE;0.6.1;false;NoClassDefFoundError: com/parctechnologies/eclipse/CompoundTerm;0;0;0
BASE/nineBoardTicTacToePie;PALAMEDES_JAVA_ECLIPSE;0.6.1;false;NoClassDefFoundError: com/parctechnologies/eclipse/CompoundTerm;0;0;0
DRESDEN/connectfour;PALAMEDES_JAVA_ECLIPSE;0.6.1;false;NoClassDefFoundError: com/parctechnologies/eclipse/CompoundTerm;0;0;0
BASE/amazonsSuicide;PALAMEDES_JAVA_ECLIPSE;0.6.1;false;NoClassDefFoundError: com/parctechnologies/eclipse/CompoundTerm;0;0;0
DRESDEN/tictactoe_3d_small_6player;PALAMEDES_JAVA_ECLIPSE;0.6.1;false;NoClassDefFoundError: com/parctechnologies/eclipse/CompoundTerm;0;0;0
BASE/racer4;PALAMEDES_JAVA_ECLIPSE;0.6.1;false;NoClassDefFoundError: com/parctechnologies/eclipse/CompoundTerm;0;0;0
BASE/speedChess;PALAMEDES_JAVA_ECLIPSE;0.6.1;false;NoClassDefFoundError: com/parctechnologies/eclipse/CompoundTerm;0;0;0
STANFORD/multiplebuttonsandlights;PALAMEDES_JAVA_ECLIPSE;0.6.1;false;NoClassDefFoundError: com/parctechnologies/eclipse/CompoundTerm;0;0;0
BASE/amazons;PALAMEDES_JAVA_ECLIPSE;0.6.1;false;NoClassDefFoundError: com/parctechnologies/eclipse/CompoundTerm;0;0;0
BASE/connectFour;PALAMEDES_JAVA_ECLIPSE;0.6.1;false;NoClassDefFoundError: com/parctechnologies/eclipse/CompoundTerm;0;0;0
DRESDEN/tictactoe_3d_small_2player;PALAMEDES_JAVA_ECLIPSE;0.6.1;false;NoClassDefFoundError: com/parctechnologies/eclipse/CompoundTerm;0;0;0
BASE/breakthroughWalls;PALAMEDES_JAVA_ECLIPSE;0.6.1;false;NoClassDefFoundError: com/parctechnologies/eclipse/CompoundTerm;0;0;0
BASE/2pffa;PALAMEDES_JAVA_ECLIPSE;0.6.1;false;NoClassDefFoundError: com/parctechnologies/eclipse/CompoundTerm;0;0;0
BASE/pancakes6;PALAMEDES_JAVA_ECLIPSE;0.6.1;false;NoClassDefFoundError: com/parctechnologies/eclipse/CompoundTerm;0;0;0
DRESDEN/checkers-mustjump-torus;PALAMEDES_JAVA_ECLIPSE;0.6.1;false;NoClassDefFoundError: com/parctechnologies/eclipse/CompoundTerm;0;0;0
BASE/lightsOnSimultaneous;PALAMEDES_JAVA_ECLIPSE;0.6.1;false;NoClassDefFoundError: com/parctechnologies/eclipse/CompoundTerm;0;0;0
STANFORD/selectivesukoshi;PALAMEDES_JAVA_ECLIPSE;0.6.1;false;NoClassDefFoundError: com/parctechnologies/eclipse/CompoundTerm;0;0;0
BASE/blokbox_simple;PALAMEDES_JAVA_ECLIPSE;0.6.1;false;NoClassDefFoundError: com/parctechnologies/eclipse/CompoundTerm;0;0;0
DRESDEN/buttons;PALAMEDES_JAVA_ECLIPSE;0.6.1;false;NoClassDefFoundError: com/parctechnologies/eclipse/CompoundTerm;0;0;0
DRESDEN/satlike_20v_91c;PALAMEDES_JAVA_ECLIPSE;0.6.1;false;NoClassDefFoundError: com/parctechnologies/eclipse/CompoundTerm;0;0;0
DRESDEN/stratego;PALAMEDES_JAVA_ECLIPSE;0.6.1;false;NoClassDefFoundError: com/parctechnologies/eclipse/CompoundTerm;0;0;0
BASE/toetictac;PALAMEDES_JAVA_ECLIPSE;0.6.1;false;NoClassDefFoundError: com/parctechnologies/eclipse/CompoundTerm;0;0;0
BASE/knightsTourLarge;PALAMEDES_JAVA_ECLIPSE;0.6.1;false;NoClassDefFoundError: com/parctechnologies/eclipse/CompoundTerm;0;0;0
BASE/ttcc4_2player;PALAMEDES_JAVA_ECLIPSE;0.6.1;false;NoClassDefFoundError: com/parctechnologies/eclipse/CompoundTerm;0;0;0
BASE/catcha_mouse;PALAMEDES_JAVA_ECLIPSE;0.6.1;false;NoClassDefFoundError: com/parctechnologies/eclipse/CompoundTerm;0;0;0
DRESDEN/racetrackcorridor;PALAMEDES_JAVA_ECLIPSE;0.6.1;false;NoClassDefFoundError: com/parctechnologies/eclipse/CompoundTerm;0;0;0
STANFORD/freeforall;PALAMEDES_JAVA_ECLIPSE;0.6.1;false;NoClassDefFoundError: com/parctechnologies/eclipse/CompoundTerm;0;0;0
BASE/duplicateStateSmall;PALAMEDES_JAVA_ECLIPSE;0.6.1;false;NoClassDefFoundError: com/parctechnologies/eclipse/CompoundTerm;0;0;0
DRESDEN/Goldrush;PALAMEDES_JAVA_ECLIPSE;0.6.1;false;NoClassDefFoundError: com/parctechnologies/eclipse/CompoundTerm;0;0;0
DRESDEN/breakthroughsuicide;PALAMEDES_JAVA_ECLIPSE;0.6.1;false;NoClassDefFoundError: com/parctechnologies/eclipse/CompoundTerm;0;0;0
DRESDEN/knightthrough;PALAMEDES_JAVA_ECLIPSE;0.6.1;false;NoClassDefFoundError: com/parctechnologies/eclipse/CompoundTerm;0;0;0
STANFORD/hex;PALAMEDES_JAVA_ECLIPSE;0.6.1;false;NoClassDefFoundError: com/parctechnologies/eclipse/CompoundTerm;0;0;0
STANFORD/untwistycomplex;PALAMEDES_JAVA_ECLIPSE;0.6.1;false;NoClassDefFoundError: com/parctechnologies/eclipse/CompoundTerm;0;0;0
DRESDEN/tictactoex9;PALAMEDES_JAVA_ECLIPSE;0.6.1;false;NoClassDefFoundError: com/parctechnologies/eclipse/CompoundTerm;0;0;0
BASE/mummymaze2p;PALAMEDES_JAVA_ECLIPSE;0.6.1;false;NoClassDefFoundError: com/parctechnologies/eclipse/CompoundTerm;0;0;0
DRESDEN/god;PALAMEDES_JAVA_ECLIPSE;0.6.1;false;NoClassDefFoundError: com/parctechnologies/eclipse/CompoundTerm;0;0;0
BASE/dotsAndBoxesSuicide;PALAMEDES_JAVA_ECLIPSE;0.6.1;false;NoClassDefFoundError: com/parctechnologies/eclipse/CompoundTerm;0;0;0
DRESDEN/statespacemedium;PALAMEDES_JAVA_ECLIPSE;0.6.1;false;NoClassDefFoundError: com/parctechnologies/eclipse/CompoundTerm;0;0;0
BASE/merrills;PALAMEDES_JAVA_ECLIPSE;0.6.1;false;NoClassDefFoundError: com/parctechnologies/eclipse/CompoundTerm;0;0;0
BASE/ghostMaze2p;PALAMEDES_JAVA_ECLIPSE;0.6.1;false;NoClassDefFoundError: com/parctechnologies/eclipse/CompoundTerm;0;0;0
BASE/racer;PALAMEDES_JAVA_ECLIPSE;0.6.1;false;NoClassDefFoundError: com/parctechnologies/eclipse/CompoundTerm;0;0;0
DRESDEN/Zhadu;PALAMEDES_JAVA_ECLIPSE;0.6.1;false;NoClassDefFoundError: com/parctechnologies/eclipse/CompoundTerm;0;0;0
BASE/incredible;PALAMEDES_JAVA_ECLIPSE;0.6.1;false;NoClassDefFoundError: com/parctechnologies/eclipse/CompoundTerm;0;0;0
BASE/strangeSkirmish;PALAMEDES_JAVA_ECLIPSE;0.6.1;false;NoClassDefFoundError: com/parctechnologies/eclipse/CompoundTerm;0;0;0
BASE/hex;PALAMEDES_JAVA_ECLIPSE;0.6.1;false;NoClassDefFoundError: com/parctechnologies/eclipse/CompoundTerm;0;0;0
DRESDEN/blobwars;PALAMEDES_JAVA_ECLIPSE;0.6.1;false;NoClassDefFoundError: com/parctechnologies/eclipse/CompoundTerm;0;0;0
BASE/englishDraughts;PALAMEDES_JAVA_ECLIPSE;0.6.1;false;NoClassDefFoundError: com/parctechnologies/eclipse/CompoundTerm;0;0;0
BASE/pancakes88;PALAMEDES_JAVA_ECLIPSE;0.6.1;false;NoClassDefFoundError: com/parctechnologies/eclipse/CompoundTerm;0;0;0
DRESDEN/gt_prisoner;PALAMEDES_JAVA_ECLIPSE;0.6.1;false;NoClassDefFoundError: com/parctechnologies/eclipse/CompoundTerm;0;0;0
DRESDEN/guess;PALAMEDES_JAVA_ECLIPSE;0.6.1;false;NoClassDefFoundError: com/parctechnologies/eclipse/CompoundTerm;0;0;0
DRESDEN/chickentoetictac;PALAMEDES_JAVA_ECLIPSE;0.6.1;false;NoClassDefFoundError: com/parctechnologies/eclipse/CompoundTerm;0;0;0
BASE/alexChess;PALAMEDES_JAVA_ECLIPSE;0.6.1;false;NoClassDefFoundError: com/parctechnologies/eclipse/CompoundTerm;0;0;0
DRESDEN/grid_game;PALAMEDES_JAVA_ECLIPSE;0.6.1;false;NoClassDefFoundError: com/parctechnologies/eclipse/CompoundTerm;0;0;0
DRESDEN/connectfoursuicide;PALAMEDES_JAVA_ECLIPSE;0.6.1;false;NoClassDefFoundError: com/parctechnologies/eclipse/CompoundTerm;0;0;0
STANFORD/alquerquezero;PALAMEDES_JAVA_ECLIPSE;0.6.1;false;NoClassDefFoundError: com/parctechnologies/eclipse/CompoundTerm;0;0;0
DRESDEN/checkers-cylinder-mustjump;PALAMEDES_JAVA_ECLIPSE;0.6.1;false;NoClassDefFoundError: com/parctechnologies/eclipse/CompoundTerm;0;0;0
BASE/4pttc;PALAMEDES_JAVA_ECLIPSE;0.6.1;false;NoClassDefFoundError: com/parctechnologies/eclipse/CompoundTerm;0;0;0
BASE/ticTacToe;PALAMEDES_JAVA_ECLIPSE;0.6.1;false;NoClassDefFoundError: com/parctechnologies/eclipse/CompoundTerm;0;0;0
DRESDEN/pawn_whopping_simultaneous;PALAMEDES_JAVA_ECLIPSE;0.6.1;false;NoClassDefFoundError: com/parctechnologies/eclipse/CompoundTerm;0;0;0
DRESDEN/tictactoe_orthogonal;PALAMEDES_JAVA_ECLIPSE;0.6.1;false;NoClassDefFoundError: com/parctechnologies/eclipse/CompoundTerm;0;0;0
DRESDEN/twisty-passages;PALAMEDES_JAVA_ECLIPSE;0.6.1;false;NoClassDefFoundError: com/parctechnologies/eclipse/CompoundTerm;0;0;0
BASE/hanoi;PALAMEDES_JAVA_ECLIPSE;0.6.1;false;NoClassDefFoundError: com/parctechnologies/eclipse/CompoundTerm;0;0;0
BASE/minichess;PALAMEDES_JAVA_ECLIPSE;0.6.1;false;NoClassDefFoundError: com/parctechnologies/eclipse/CompoundTerm;0;0;0
BASE/asteroidsParallel;PALAMEDES_JAVA_ECLIPSE;0.6.1;false;NoClassDefFoundError: com/parctechnologies/eclipse/CompoundTerm;0;0;0
BASE/zhadu;PALAMEDES_JAVA_ECLIPSE;0.6.1;false;NoClassDefFoundError: com/parctechnologies/eclipse/CompoundTerm;0;0;0
BASE/ttcc4;PALAMEDES_JAVA_ECLIPSE;0.6.1;false;NoClassDefFoundError: com/parctechnologies/eclipse/CompoundTerm;0;0;0
DRESDEN/battle;PALAMEDES_JAVA_ECLIPSE;0.6.1;false;NoClassDefFoundError: com/parctechnologies/eclipse/CompoundTerm;0;0;0
BASE/skirmishFinal3;PALAMEDES_JAVA_ECLIPSE;0.6.1;false;NoClassDefFoundError: com/parctechnologies/eclipse/CompoundTerm;0;0;0
BASE/mummymaze1p;PALAMEDES_JAVA_ECLIPSE;0.6.1;false;NoClassDefFoundError: com/parctechnologies/eclipse/CompoundTerm;0;0;0
DRESDEN/knightstour;PALAMEDES_JAVA_ECLIPSE;0.6.1;false;NoClassDefFoundError: com/parctechnologies/eclipse/CompoundTerm;0;0;0
DRESDEN/chomp;PALAMEDES_JAVA_ECLIPSE;0.6.1;false;NoClassDefFoundError: com/parctechnologies/eclipse/CompoundTerm;0;0;0
DRESDEN/checkers-newgoals;PALAMEDES_JAVA_ECLIPSE;0.6.1;false;NoClassDefFoundError: com/parctechnologies/eclipse/CompoundTerm;0;0;0
BASE/queens06ug;PALAMEDES_JAVA_ECLIPSE;0.6.1;false;NoClassDefFoundError: com/parctechnologies/eclipse/CompoundTerm;0;0;0
BASE/quarto;PALAMEDES_JAVA_ECLIPSE;0.6.1;false;NoClassDefFoundError: com/parctechnologies/eclipse/CompoundTerm;0;0;0
DRESDEN/sat_test_20v_91c_version2;PALAMEDES_JAVA_ECLIPSE;0.6.1;false;NoClassDefFoundError: com/parctechnologies/eclipse/CompoundTerm;0;0;0
BASE/bomberman2p;PALAMEDES_JAVA_ECLIPSE;0.6.1;false;NoClassDefFoundError: com/parctechnologies/eclipse/CompoundTerm;0;0;0
BASE/knightfight;PALAMEDES_JAVA_ECLIPSE;0.6.1;false;NoClassDefFoundError: com/parctechnologies/eclipse/CompoundTerm;0;0;0
DRESDEN/minichess-evilconjuncts;PALAMEDES_JAVA_ECLIPSE;0.6.1;false;NoClassDefFoundError: com/parctechnologies/eclipse/CompoundTerm;0;0;0
BASE/checkersTiny;PALAMEDES_JAVA_ECLIPSE;0.6.1;false;NoClassDefFoundError: com/parctechnologies/eclipse/CompoundTerm;0;0;0
DRESDEN/CatchMeIfYouCanTest;PALAMEDES_JAVA_ECLIPSE;0.6.1;false;NoClassDefFoundError: com/parctechnologies/eclipse/CompoundTerm;0;0;0
BASE/queens;PALAMEDES_JAVA_ECLIPSE;0.6.1;false;NoClassDefFoundError: com/parctechnologies/eclipse/CompoundTerm;0;0;0
DRESDEN/gt_chicken;PALAMEDES_JAVA_ECLIPSE;0.6.1;false;NoClassDefFoundError: com/parctechnologies/eclipse/CompoundTerm;0;0;0
STANFORD/checkersonabarrelnokings;PALAMEDES_JAVA_ECLIPSE;0.6.1;false;NoClassDefFoundError: com/parctechnologies/eclipse/CompoundTerm;0;0;0
BASE/checkers;PALAMEDES_JAVA_ECLIPSE;0.6.1;false;NoClassDefFoundError: com/parctechnologies/eclipse/CompoundTerm;0;0;0
BASE/ttcc4_2player_alt;PALAMEDES_JAVA_ECLIPSE;0.6.1;false;NoClassDefFoundError: com/parctechnologies/eclipse/CompoundTerm;0;0;0
BASE/numbertictactoe;PALAMEDES_JAVA_ECLIPSE;0.6.1;false;NoClassDefFoundError: com/parctechnologies/eclipse/CompoundTerm;0;0;0
BASE/crisscross;PALAMEDES_JAVA_ECLIPSE;0.6.1;false;NoClassDefFoundError: com/parctechnologies/eclipse/CompoundTerm;0;0;0
DRESDEN/chinesecheckers6-simultaneous;PALAMEDES_JAVA_ECLIPSE;0.6.1;false;NoClassDefFoundError: com/parctechnologies/eclipse/CompoundTerm;0;0;0
BASE/asteroids;PALAMEDES_JAVA_ECLIPSE;0.6.1;false;NoClassDefFoundError: com/parctechnologies/eclipse/CompoundTerm;0;0;0
BASE/blocker;PALAMEDES_JAVA_ECLIPSE;0.6.1;false;NoClassDefFoundError: com/parctechnologies/eclipse/CompoundTerm;0;0;0
DRESDEN/four_way_battle;PALAMEDES_JAVA_ECLIPSE;0.6.1;false;NoClassDefFoundError: com/parctechnologies/eclipse/CompoundTerm;0;0;0
DRESDEN/ggp-course2013_michal13;PALAMEDES_JAVA_ECLIPSE;0.6.1;false;NoClassDefFoundError: com/parctechnologies/eclipse/CompoundTerm;0;0;0
DRESDEN/cubicup_3player;PALAMEDES_JAVA_ECLIPSE;0.6.1;false;NoClassDefFoundError: com/parctechnologies/eclipse/CompoundTerm;0;0;0
STANFORD/hunter;PALAMEDES_JAVA_ECLIPSE;0.6.1;false;NoClassDefFoundError: com/parctechnologies/eclipse/CompoundTerm;0;0;0
DRESDEN/pawn_whopping;PALAMEDES_JAVA_ECLIPSE;0.6.1;false;NoClassDefFoundError: com/parctechnologies/eclipse/CompoundTerm;0;0;0
DRESDEN/uf20-010.cnf.SAT;PALAMEDES_JAVA_ECLIPSE;0.6.1;false;NoClassDefFoundError: com/parctechnologies/eclipse/CompoundTerm;0;0;0
BASE/blocks;PALAMEDES_JAVA_ECLIPSE;0.6.1;false;NoClassDefFoundError: com/parctechnologies/eclipse/CompoundTerm;0;0;0
BASE/skirmishFinal1;PALAMEDES_JAVA_ECLIPSE;0.6.1;false;NoClassDefFoundError: com/parctechnologies/eclipse/CompoundTerm;0;0;0
DRESDEN/lightson2x2;PALAMEDES_JAVA_ECLIPSE;0.6.1;false;NoClassDefFoundError: com/parctechnologies/eclipse/CompoundTerm;0;0;0
BASE/nineBoardTicTacToe;PALAMEDES_JAVA_ECLIPSE;0.6.1;false;NoClassDefFoundError: com/parctechnologies/eclipse/CompoundTerm;0;0;0
STANFORD/ttcc4;PALAMEDES_JAVA_ECLIPSE;0.6.1;false;NoClassDefFoundError: com/parctechnologies/eclipse/CompoundTerm;0;0;0
STANFORD/multiplesukoshi;PALAMEDES_JAVA_ECLIPSE;0.6.1;false;NoClassDefFoundError: com/parctechnologies/eclipse/CompoundTerm;0;0;0
BASE/checkersTorus;PALAMEDES_JAVA_ECLIPSE;0.6.1;false;NoClassDefFoundError: com/parctechnologies/eclipse/CompoundTerm;0;0;0
DRESDEN/blocks2player;PALAMEDES_JAVA_ECLIPSE;0.6.1;false;NoClassDefFoundError: com/parctechnologies/eclipse/CompoundTerm;0;0;0
DRESDEN/hanoi7_bugfix;PALAMEDES_JAVA_ECLIPSE;0.6.1;false;NoClassDefFoundError: com/parctechnologies/eclipse/CompoundTerm;0;0;0
DRESDEN/crossers3;PALAMEDES_JAVA_ECLIPSE;0.6.1;false;NoClassDefFoundError: com/parctechnologies/eclipse/CompoundTerm;0;0;0
BASE/checkers-mustjump;PALAMEDES_JAVA_ECLIPSE;0.6.1;false;NoClassDefFoundError: com/parctechnologies/eclipse/CompoundTerm;0;0;0
BASE/dotsAndBoxes;PALAMEDES_JAVA_ECLIPSE;0.6.1;false;NoClassDefFoundError: com/parctechnologies/eclipse/CompoundTerm;0;0;0
BASE/lightsOnSimul4;PALAMEDES_JAVA_ECLIPSE;0.6.1;false;NoClassDefFoundError: com/parctechnologies/eclipse/CompoundTerm;0;0;0
BASE/pegEuro;PALAMEDES_JAVA_ECLIPSE;0.6.1;false;NoClassDefFoundError: com/parctechnologies/eclipse/CompoundTerm;0;0;0
BASE/skirmishFinal2;PALAMEDES_JAVA_ECLIPSE;0.6.1;false;NoClassDefFoundError: com/parctechnologies/eclipse/CompoundTerm;0;0;0
BASE/kitten_escapes_from_fire;PALAMEDES_JAVA_ECLIPSE;0.6.1;false;NoClassDefFoundError: com/parctechnologies/eclipse/CompoundTerm;0;0;0
STANFORD/dualhunter;PALAMEDES_JAVA_ECLIPSE;0.6.1;false;NoClassDefFoundError: com/parctechnologies/eclipse/CompoundTerm;0;0;0
BASE/tictactoe_3d_6player;PALAMEDES_JAVA_ECLIPSE;0.6.1;false;NoClassDefFoundError: com/parctechnologies/eclipse/CompoundTerm;0;0;0
DRESDEN/roshambo2;PALAMEDES_JAVA_ECLIPSE;0.6.1;false;NoClassDefFoundError: com/parctechnologies/eclipse/CompoundTerm;0;0;0
DRESDEN/quad_7x7;PALAMEDES_JAVA_ECLIPSE;0.6.1;false;NoClassDefFoundError: com/parctechnologies/eclipse/CompoundTerm;0;0;0
BASE/factoringImpossibleTurtleBrain;PALAMEDES_JAVA_ECLIPSE;0.6.1;false;NoClassDefFoundError: com/parctechnologies/eclipse/CompoundTerm;0;0;0
BASE/3pttc;PALAMEDES_JAVA_ECLIPSE;0.6.1;false;NoClassDefFoundError: com/parctechnologies/eclipse/CompoundTerm;0;0;0
BASE/simultaneousWin2;PALAMEDES_JAVA_ECLIPSE;0.6.1;false;NoClassDefFoundError: com/parctechnologies/eclipse/CompoundTerm;0;0;0
DRESDEN/hallway;PALAMEDES_JAVA_ECLIPSE;0.6.1;false;NoClassDefFoundError: com/parctechnologies/eclipse/CompoundTerm;0;0;0
BASE/hanoi_6_disks;PALAMEDES_JAVA_ECLIPSE;0.6.1;false;NoClassDefFoundError: com/parctechnologies/eclipse/CompoundTerm;0;0;0
BASE/conn4;PALAMEDES_JAVA_ECLIPSE;0.6.1;false;NoClassDefFoundError: com/parctechnologies/eclipse/CompoundTerm;0;0;0
BASE/pentagoSuicide;PALAMEDES_JAVA_ECLIPSE;0.6.1;false;NoClassDefFoundError: com/parctechnologies/eclipse/CompoundTerm;0;0;0
BASE/sudokuGrade4;PALAMEDES_JAVA_ECLIPSE;0.6.1;false;NoClassDefFoundError: com/parctechnologies/eclipse/CompoundTerm;0;0;0
DRESDEN/smallest;PALAMEDES_JAVA_ECLIPSE;0.6.1;false;NoClassDefFoundError: com/parctechnologies/eclipse/CompoundTerm;0;0;0
BASE/nim1;PALAMEDES_JAVA_ECLIPSE;0.6.1;false;NoClassDefFoundError: com/parctechnologies/eclipse/CompoundTerm;0;0;0
BASE/troublemaker01;PALAMEDES_JAVA_ECLIPSE;0.6.1;false;NoClassDefFoundError: com/parctechnologies/eclipse/CompoundTerm;0;0;0
BASE/eightPuzzle;PALAMEDES_JAVA_ECLIPSE;0.6.1;false;NoClassDefFoundError: com/parctechnologies/eclipse/CompoundTerm;0;0;0
BASE/futoshiki6;PALAMEDES_JAVA_ECLIPSE;0.6.1;false;NoClassDefFoundError: com/parctechnologies/eclipse/CompoundTerm;0;0;0
BASE/ticTacToeLargeSuicide;PALAMEDES_JAVA_ECLIPSE;0.6.1;false;NoClassDefFoundError: com/parctechnologies/eclipse/CompoundTerm;0;0;0
BASE/choicethroughalt;PALAMEDES_JAVA_ECLIPSE;0.6.1;false;NoClassDefFoundError: com/parctechnologies/eclipse/CompoundTerm;0;0;0
BASE/knightazons;PALAMEDES_JAVA_ECLIPSE;0.6.1;false;NoClassDefFoundError: com/parctechnologies/eclipse/CompoundTerm;0;0;0
BASE/endgame;PALAMEDES_JAVA_ECLIPSE;0.6.1;false;NoClassDefFoundError: com/parctechnologies/eclipse/CompoundTerm;0;0;0
BASE/chinook;PALAMEDES_JAVA_ECLIPSE;0.6.1;false;NoClassDefFoundError: com/parctechnologies/eclipse/CompoundTerm;0;0;0
BASE/othelloHoles;PALAMEDES_JAVA_ECLIPSE;0.6.1;false;NoClassDefFoundError: com/parctechnologies/eclipse/CompoundTerm;0;0;0
BASE/pancakes;PALAMEDES_JAVA_ECLIPSE;0.6.1;false;NoClassDefFoundError: com/parctechnologies/eclipse/CompoundTerm;0;0;0
BASE/sudokuGrade5;PALAMEDES_JAVA_ECLIPSE;0.6.1;false;NoClassDefFoundError: com/parctechnologies/eclipse/CompoundTerm;0;0;0
BASE/doubletictactoe;PALAMEDES_JAVA_ECLIPSE;0.6.1;false;NoClassDefFoundError: com/parctechnologies/eclipse/CompoundTerm;0;0;0
DRESDEN/pancakes;PALAMEDES_JAVA_ECLIPSE;0.6.1;false;NoClassDefFoundError: com/parctechnologies/eclipse/CompoundTerm;0;0;0
BASE/snake2p;PALAMEDES_JAVA_ECLIPSE;0.6.1;false;NoClassDefFoundError: com/parctechnologies/eclipse/CompoundTerm;0;0;0
BASE/troublemaker02;PALAMEDES_JAVA_ECLIPSE;0.6.1;false;NoClassDefFoundError: com/parctechnologies/eclipse/CompoundTerm;0;0;0
DRESDEN/2player_normal_form_2010;PALAMEDES_JAVA_ECLIPSE;0.6.1;false;NoClassDefFoundError: com/parctechnologies/eclipse/CompoundTerm;0;0;0
BASE/gt_staghunt;PALAMEDES_JAVA_ECLIPSE;0.6.1;false;NoClassDefFoundError: com/parctechnologies/eclipse/CompoundTerm;0;0;0
BASE/gt_tinfoil;PALAMEDES_JAVA_ECLIPSE;0.6.1;false;NoClassDefFoundError: com/parctechnologies/eclipse/CompoundTerm;0;0;0
STANFORD/sudoku;PALAMEDES_JAVA_ECLIPSE;0.6.1;false;NoClassDefFoundError: com/parctechnologies/eclipse/CompoundTerm;0;0;0
DRESDEN/sum15;PALAMEDES_JAVA_ECLIPSE;0.6.1;false;NoClassDefFoundError: com/parctechnologies/eclipse/CompoundTerm;0;0;0
DRESDEN/SC_TestOnly_enabled;PALAMEDES_JAVA_ECLIPSE;0.6.1;false;NoClassDefFoundError: com/parctechnologies/eclipse/CompoundTerm;0;0;0
BASE/gt_attrition;PALAMEDES_JAVA_ECLIPSE;0.6.1;false;NoClassDefFoundError: com/parctechnologies/eclipse/CompoundTerm;0;0;0
DRESDEN/ghostmaze2p;PALAMEDES_JAVA_ECLIPSE;0.6.1;false;NoClassDefFoundError: com/parctechnologies/eclipse/CompoundTerm;0;0;0
STANFORD/trifecta;PALAMEDES_JAVA_ECLIPSE;0.6.1;false;NoClassDefFoundError: com/parctechnologies/eclipse/CompoundTerm;0;0;0
DRESDEN/crisscross;PALAMEDES_JAVA_ECLIPSE;0.6.1;false;NoClassDefFoundError: com/parctechnologies/eclipse/CompoundTerm;0;0;0
BASE/sudokuGrade2;PALAMEDES_JAVA_ECLIPSE;0.6.1;false;NoClassDefFoundError: com/parctechnologies/eclipse/CompoundTerm;0;0;0
BASE/chineseCheckers6;PALAMEDES_JAVA_ECLIPSE;0.6.1;false;NoClassDefFoundError: com/parctechnologies/eclipse/CompoundTerm;0;0;0
BASE/biddingTicTacToe;PALAMEDES_JAVA_ECLIPSE;0.6.1;false;NoClassDefFoundError: com/parctechnologies/eclipse/CompoundTerm;0;0;0
BASE/blocksWorldParallel;PALAMEDES_JAVA_ECLIPSE;0.6.1;false;NoClassDefFoundError: com/parctechnologies/eclipse/CompoundTerm;0;0;0
BASE/futoshiki4;PALAMEDES_JAVA_ECLIPSE;0.6.1;false;NoClassDefFoundError: com/parctechnologies/eclipse/CompoundTerm;0;0;0
STANFORD/breakthrough;PALAMEDES_JAVA_ECLIPSE;0.6.1;false;NoClassDefFoundError: com/parctechnologies/eclipse/CompoundTerm;0;0;0
DRESDEN/cylinder-checkers;PALAMEDES_JAVA_ECLIPSE;0.6.1;false;NoClassDefFoundError: com/parctechnologies/eclipse/CompoundTerm;0;0;0
STANFORD/tictactoe7;PALAMEDES_JAVA_ECLIPSE;0.6.1;false;NoClassDefFoundError: com/parctechnologies/eclipse/CompoundTerm;0;0;0
DRESDEN/Thief_Police;PALAMEDES_JAVA_ECLIPSE;0.6.1;false;NoClassDefFoundError: com/parctechnologies/eclipse/CompoundTerm;0;0;0
DRESDEN/tttcc4;PALAMEDES_JAVA_ECLIPSE;0.6.1;false;NoClassDefFoundError: com/parctechnologies/eclipse/CompoundTerm;0;0;0
BASE/firefighter;PALAMEDES_JAVA_ECLIPSE;0.6.1;false;NoClassDefFoundError: com/parctechnologies/eclipse/CompoundTerm;0;0;0
DRESDEN/snake_2009;PALAMEDES_JAVA_ECLIPSE;0.6.1;false;NoClassDefFoundError: com/parctechnologies/eclipse/CompoundTerm;0;0;0
BASE/bunk_t;PALAMEDES_JAVA_ECLIPSE;0.6.1;false;NoClassDefFoundError: com/parctechnologies/eclipse/CompoundTerm;0;0;0
BASE/connectFourSimultaneous;PALAMEDES_JAVA_ECLIPSE;0.6.1;false;NoClassDefFoundError: com/parctechnologies/eclipse/CompoundTerm;0;0;0
BASE/tictactoex9;PALAMEDES_JAVA_ECLIPSE;0.6.1;false;NoClassDefFoundError: com/parctechnologies/eclipse/CompoundTerm;0;0;0
DRESDEN/knightmove;PALAMEDES_JAVA_ECLIPSE;0.6.1;false;NoClassDefFoundError: com/parctechnologies/eclipse/CompoundTerm;0;0;0
DRESDEN/pacman3p;PALAMEDES_JAVA_ECLIPSE;0.6.1;false;NoClassDefFoundError: com/parctechnologies/eclipse/CompoundTerm;0;0;0
DRESDEN/ggp-course2013_jordi;PALAMEDES_JAVA_ECLIPSE;0.6.1;false;NoClassDefFoundError: com/parctechnologies/eclipse/CompoundTerm;0;0;0
BASE/skirmish;PALAMEDES_JAVA_ECLIPSE;0.6.1;false;NoClassDefFoundError: com/parctechnologies/eclipse/CompoundTerm;0;0;0
BASE/checkLines;PALAMEDES_JAVA_ECLIPSE;0.6.1;false;NoClassDefFoundError: com/parctechnologies/eclipse/CompoundTerm;0;0;0
BASE/wallmaze;PALAMEDES_JAVA_ECLIPSE;0.6.1;false;NoClassDefFoundError: com/parctechnologies/eclipse/CompoundTerm;0;0;0
BASE/sudokuGrade3;PALAMEDES_JAVA_ECLIPSE;0.6.1;false;NoClassDefFoundError: com/parctechnologies/eclipse/CompoundTerm;0;0;0
BASE/gt_coordination;PALAMEDES_JAVA_ECLIPSE;0.6.1;false;NoClassDefFoundError: com/parctechnologies/eclipse/CompoundTerm;0;0;0
BASE/chickentoetictac;PALAMEDES_JAVA_ECLIPSE;0.6.1;false;NoClassDefFoundError: com/parctechnologies/eclipse/CompoundTerm;0;0;0
BASE/ticTacHeaven;PALAMEDES_JAVA_ECLIPSE;0.6.1;false;NoClassDefFoundError: com/parctechnologies/eclipse/CompoundTerm;0;0;0
BASE/lightsOnParallel;PALAMEDES_JAVA_ECLIPSE;0.6.1;false;NoClassDefFoundError: com/parctechnologies/eclipse/CompoundTerm;0;0;0
DRESDEN/eotcatcit;PALAMEDES_JAVA_ECLIPSE;0.6.1;false;NoClassDefFoundError: com/parctechnologies/eclipse/CompoundTerm;0;0;0
BASE/futoshiki5;PALAMEDES_JAVA_ECLIPSE;0.6.1;false;NoClassDefFoundError: com/parctechnologies/eclipse/CompoundTerm;0;0;0
DRESDEN/slidingpieces;PALAMEDES_JAVA_ECLIPSE;0.6.1;false;NoClassDefFoundError: com/parctechnologies/eclipse/CompoundTerm;0;0;0
DRESDEN/javastrike;PALAMEDES_JAVA_ECLIPSE;0.6.1;false;NoClassDefFoundError: com/parctechnologies/eclipse/CompoundTerm;0;0;0
BASE/checkers-suicide-cylinder-mustjump;PALAMEDES_JAVA_ECLIPSE;0.6.1;false;NoClassDefFoundError: com/parctechnologies/eclipse/CompoundTerm;0;0;0
BASE/peg;PALAMEDES_JAVA_ECLIPSE;0.6.1;false;NoClassDefFoundError: com/parctechnologies/eclipse/CompoundTerm;0;0;0
DRESDEN/checkers-suicide-cylinder-mustjump;PALAMEDES_JAVA_ECLIPSE;0.6.1;false;NoClassDefFoundError: com/parctechnologies/eclipse/CompoundTerm;0;0;0
DRESDEN/snake_2008;PALAMEDES_JAVA_ECLIPSE;0.6.1;false;NoClassDefFoundError: com/parctechnologies/eclipse/CompoundTerm;0;0;0
BASE/knightmove;PALAMEDES_JAVA_ECLIPSE;0.6.1;false;NoClassDefFoundError: com/parctechnologies/eclipse/CompoundTerm;0;0;0
STANFORD/bestbuttonsandlightsbig;PALAMEDES_JAVA_ECLIPSE;0.6.1;false;NoClassDefFoundError: com/parctechnologies/eclipse/CompoundTerm;0;0;0
BASE/ad_game_2x2;PALAMEDES_JAVA_ECLIPSE;0.6.1;false;NoClassDefFoundError: com/parctechnologies/eclipse/CompoundTerm;0;0;0
DRESDEN/coins;PALAMEDES_JAVA_ECLIPSE;0.6.1;false;NoClassDefFoundError: com/parctechnologies/eclipse/CompoundTerm;0;0;0
DRESDEN/uf20-020.cnf.SAT.satlike;PALAMEDES_JAVA_ECLIPSE;0.6.1;false;NoClassDefFoundError: com/parctechnologies/eclipse/CompoundTerm;0;0;0
BASE/queens08lg;PALAMEDES_JAVA_ECLIPSE;0.6.1;false;NoClassDefFoundError: com/parctechnologies/eclipse/CompoundTerm;0;0;0
DRESDEN/doubletoetictac;PALAMEDES_JAVA_ECLIPSE;0.6.1;false;NoClassDefFoundError: com/parctechnologies/eclipse/CompoundTerm;0;0;0
STANFORD/sukoshi;PALAMEDES_JAVA_ECLIPSE;0.6.1;false;NoClassDefFoundError: com/parctechnologies/eclipse/CompoundTerm;0;0;0
DRESDEN/fizzbuzz;PALAMEDES_JAVA_ECLIPSE;0.6.1;false;NoClassDefFoundError: com/parctechnologies/eclipse/CompoundTerm;0;0;0
BASE/knightsTour;PALAMEDES_JAVA_ECLIPSE;0.6.1;false;NoClassDefFoundError: com/parctechnologies/eclipse/CompoundTerm;0;0;0
BASE/chineseCheckers4;PALAMEDES_JAVA_ECLIPSE;0.6.1;false;NoClassDefFoundError: com/parctechnologies/eclipse/CompoundTerm;0;0;0
BASE/cubicup_3player;PALAMEDES_JAVA_ECLIPSE;0.6.1;false;NoClassDefFoundError: com/parctechnologies/eclipse/CompoundTerm;0;0;0
DRESDEN/3qbf-5cnf-20var-40cl.1.qdimacs.SAT;PALAMEDES_JAVA_ECLIPSE;0.6.1;false;NoClassDefFoundError: com/parctechnologies/eclipse/CompoundTerm;0;0;0
BASE/onestep;PALAMEDES_JAVA_ECLIPSE;0.6.1;false;NoClassDefFoundError: com/parctechnologies/eclipse/CompoundTerm;0;0;0
DRESDEN/farmers;PALAMEDES_JAVA_ECLIPSE;0.6.1;false;NoClassDefFoundError: com/parctechnologies/eclipse/CompoundTerm;0;0;0
BASE/qyshinsu;PALAMEDES_JAVA_ECLIPSE;0.6.1;false;NoClassDefFoundError: com/parctechnologies/eclipse/CompoundTerm;0;0;0
DRESDEN/racer4;PALAMEDES_JAVA_ECLIPSE;0.6.1;false;NoClassDefFoundError: com/parctechnologies/eclipse/CompoundTerm;0;0;0
BASE/cylinder-checkers;PALAMEDES_JAVA_ECLIPSE;0.6.1;false;NoClassDefFoundError: com/parctechnologies/eclipse/CompoundTerm;0;0;0
DRESDEN/grid_game2;PALAMEDES_JAVA_ECLIPSE;0.6.1;false;NoClassDefFoundError: com/parctechnologies/eclipse/CompoundTerm;0;0;0
BASE/colonelBlottoVariant;PALAMEDES_JAVA_ECLIPSE;0.6.1;false;NoClassDefFoundError: com/parctechnologies/eclipse/CompoundTerm;0;0;0
BASE/gt_two_thirds_2p;PALAMEDES_JAVA_ECLIPSE;0.6.1;false;NoClassDefFoundError: com/parctechnologies/eclipse/CompoundTerm;0;0;0
DRESDEN/vacuumcleaner_random_big;PALAMEDES_JAVA_ECLIPSE;0.6.1;false;NoClassDefFoundError: com/parctechnologies/eclipse/CompoundTerm;0;0;0
STANFORD/tictactoe5;PALAMEDES_JAVA_ECLIPSE;0.6.1;false;NoClassDefFoundError: com/parctechnologies/eclipse/CompoundTerm;0;0;0
BASE/chineseCheckers3;PALAMEDES_JAVA_ECLIPSE;0.6.1;false;NoClassDefFoundError: com/parctechnologies/eclipse/CompoundTerm;0;0;0
BASE/gt_chicken;PALAMEDES_JAVA_ECLIPSE;0.6.1;false;NoClassDefFoundError: com/parctechnologies/eclipse/CompoundTerm;0;0;0
STANFORD/dualrainbow;PALAMEDES_JAVA_ECLIPSE;0.6.1;false;NoClassDefFoundError: com/parctechnologies/eclipse/CompoundTerm;0;0;0
BASE/ttcc4_2player_small;PALAMEDES_JAVA_ECLIPSE;0.6.1;false;NoClassDefFoundError: com/parctechnologies/eclipse/CompoundTerm;0;0;0
STANFORD/knightstour;PALAMEDES_JAVA_ECLIPSE;0.6.1;false;NoClassDefFoundError: com/parctechnologies/eclipse/CompoundTerm;0;0;0
DRESDEN/Catch-Me-If-You-Can;PALAMEDES_JAVA_ECLIPSE;0.6.1;false;NoClassDefFoundError: com/parctechnologies/eclipse/CompoundTerm;0;0;0
DRESDEN/mimikry;PALAMEDES_JAVA_ECLIPSE;0.6.1;false;NoClassDefFoundError: com/parctechnologies/eclipse/CompoundTerm;0;0;0
DRESDEN/quad_5x5_8_2;PALAMEDES_JAVA_ECLIPSE;0.6.1;false;NoClassDefFoundError: com/parctechnologies/eclipse/CompoundTerm;0;0;0
DRESDEN/bidding-tictactoe;PALAMEDES_JAVA_ECLIPSE;0.6.1;false;NoClassDefFoundError: com/parctechnologies/eclipse/CompoundTerm;0;0;0
DRESDEN/3qbf-5cnf-20var-40cl.2.qdimacs.SAT;PALAMEDES_JAVA_ECLIPSE;0.6.1;false;NoClassDefFoundError: com/parctechnologies/eclipse/CompoundTerm;0;0;0
BASE/chomp;PALAMEDES_JAVA_ECLIPSE;0.6.1;false;NoClassDefFoundError: com/parctechnologies/eclipse/CompoundTerm;0;0;0
BASE/gt_centipede;PALAMEDES_JAVA_ECLIPSE;0.6.1;false;NoClassDefFoundError: com/parctechnologies/eclipse/CompoundTerm;0;0;0
BASE/pentago;PALAMEDES_JAVA_ECLIPSE;0.6.1;false;NoClassDefFoundError: com/parctechnologies/eclipse/CompoundTerm;0;0;0
BASE/mummyMaze2p_2007;PALAMEDES_JAVA_ECLIPSE;0.6.1;false;NoClassDefFoundError: com/parctechnologies/eclipse/CompoundTerm;0;0;0
BASE/crossers3;PALAMEDES_JAVA_ECLIPSE;0.6.1;false;NoClassDefFoundError: com/parctechnologies/eclipse/CompoundTerm;0;0;0
BASE/twisty-passages;PALAMEDES_JAVA_ECLIPSE;0.6.1;false;NoClassDefFoundError: com/parctechnologies/eclipse/CompoundTerm;0;0;0
BASE/chineseCheckers2;PALAMEDES_JAVA_ECLIPSE;0.6.1;false;NoClassDefFoundError: com/parctechnologies/eclipse/CompoundTerm;0;0;0
DRESDEN/3pttc;PALAMEDES_JAVA_ECLIPSE;0.6.1;false;NoClassDefFoundError: com/parctechnologies/eclipse/CompoundTerm;0;0;0
STANFORD/multiplebuttonsandlights_9;PALAMEDES_JAVA_ECLIPSE;0.6.1;false;NoClassDefFoundError: com/parctechnologies/eclipse/CompoundTerm;0;0;0
DRESDEN/golden_rectangle;PALAMEDES_JAVA_ECLIPSE;0.6.1;false;NoClassDefFoundError: com/parctechnologies/eclipse/CompoundTerm;0;0;0
DRESDEN/knightazons;PALAMEDES_JAVA_ECLIPSE;0.6.1;false;NoClassDefFoundError: com/parctechnologies/eclipse/CompoundTerm;0;0;0
DRESDEN/CephalopodMicro;PALAMEDES_JAVA_ECLIPSE;0.6.1;false;NoClassDefFoundError: com/parctechnologies/eclipse/CompoundTerm;0;0;0
DRESDEN/cubicup;PALAMEDES_JAVA_ECLIPSE;0.6.1;false;NoClassDefFoundError: com/parctechnologies/eclipse/CompoundTerm;0;0;0
DRESDEN/tictictoe;PALAMEDES_JAVA_ECLIPSE;0.6.1;false;NoClassDefFoundError: com/parctechnologies/eclipse/CompoundTerm;0;0;0
BASE/haystack;PALAMEDES_JAVA_ECLIPSE;0.6.1;false;NoClassDefFoundError: com/parctechnologies/eclipse/CompoundTerm;0;0;0
BASE/laikLee_hex;PALAMEDES_JAVA_ECLIPSE;0.6.1;false;NoClassDefFoundError: com/parctechnologies/eclipse/CompoundTerm;0;0;0
STANFORD/tictactoe3;PALAMEDES_JAVA_ECLIPSE;0.6.1;false;NoClassDefFoundError: com/parctechnologies/eclipse/CompoundTerm;0;0;0
DRESDEN/ticblock;PALAMEDES_JAVA_ECLIPSE;0.6.1;false;NoClassDefFoundError: com/parctechnologies/eclipse/CompoundTerm;0;0;0
BASE/chineseCheckers1;PALAMEDES_JAVA_ECLIPSE;0.6.1;false;NoClassDefFoundError: com/parctechnologies/eclipse/CompoundTerm;0;0;0
BASE/tictactoe_orthogonal;PALAMEDES_JAVA_ECLIPSE;0.6.1;false;NoClassDefFoundError: com/parctechnologies/eclipse/CompoundTerm;0;0;0
DRESDEN/snake_2009_big;PALAMEDES_JAVA_ECLIPSE;0.6.1;false;NoClassDefFoundError: com/parctechnologies/eclipse/CompoundTerm;0;0;0
DRESDEN/catch_me;PALAMEDES_JAVA_ECLIPSE;0.6.1;false;NoClassDefFoundError: com/parctechnologies/eclipse/CompoundTerm;0;0;0
BASE/ticTacToeSerial;PALAMEDES_JAVA_ECLIPSE;0.6.1;false;NoClassDefFoundError: com/parctechnologies/eclipse/CompoundTerm;0;0;0
BASE/colonelBlotto;PALAMEDES_JAVA_ECLIPSE;0.6.1;false;NoClassDefFoundError: com/parctechnologies/eclipse/CompoundTerm;0;0;0
DRESDEN/kitten_escapes_from_fire;PALAMEDES_JAVA_ECLIPSE;0.6.1;false;NoClassDefFoundError: com/parctechnologies/eclipse/CompoundTerm;0;0;0
BASE/aipsrovers01;PALAMEDES_JAVA_ECLIPSE;0.6.1;false;NoClassDefFoundError: com/parctechnologies/eclipse/CompoundTerm;0;0;0
DRESDEN/quad_5x5;PALAMEDES_JAVA_ECLIPSE;0.6.1;false;NoClassDefFoundError: com/parctechnologies/eclipse/CompoundTerm;0;0;0
STANFORD/breakthroughsmall;PALAMEDES_JAVA_ECLIPSE;0.6.1;false;NoClassDefFoundError: com/parctechnologies/eclipse/CompoundTerm;0;0;0
BASE/checkers-cylinder-mustjump;PALAMEDES_JAVA_ECLIPSE;0.6.1;false;NoClassDefFoundError: com/parctechnologies/eclipse/CompoundTerm;0;0;0
BASE/quad_7x7;PALAMEDES_JAVA_ECLIPSE;0.6.1;false;NoClassDefFoundError: com/parctechnologies/eclipse/CompoundTerm;0;0;0
DRESDEN/blocks;PALAMEDES_JAVA_ECLIPSE;0.6.1;false;NoClassDefFoundError: com/parctechnologies/eclipse/CompoundTerm;0;0;0
BASE/ticTacToeLarge;PALAMEDES_JAVA_ECLIPSE;0.6.1;false;NoClassDefFoundError: com/parctechnologies/eclipse/CompoundTerm;0;0;0
DRESDEN/merrills;PALAMEDES_JAVA_ECLIPSE;0.6.1;false;NoClassDefFoundError: com/parctechnologies/eclipse/CompoundTerm;0;0;0
DRESDEN/vacuumcleaner_obstacles_2;PALAMEDES_JAVA_ECLIPSE;0.6.1;false;NoClassDefFoundError: com/parctechnologies/eclipse/CompoundTerm;0;0;0
BASE/4pffa;PALAMEDES_JAVA_ECLIPSE;0.6.1;false;NoClassDefFoundError: com/parctechnologies/eclipse/CompoundTerm;0;0;0
DRESDEN/uf20-01.cnf.SAT;PALAMEDES_JAVA_ECLIPSE;0.6.1;false;NoClassDefFoundError: com/parctechnologies/eclipse/CompoundTerm;0;0;0
BASE/four_way_battle;PALAMEDES_JAVA_ECLIPSE;0.6.1;false;NoClassDefFoundError: com/parctechnologies/eclipse/CompoundTerm;0;0;0
BASE/cittaceot;PALAMEDES_JAVA_ECLIPSE;0.6.1;false;NoClassDefFoundError: com/parctechnologies/eclipse/CompoundTerm;0;0;0
DRESDEN/othello-cornercontrol;PALAMEDES_JAVA_ECLIPSE;0.6.1;false;NoClassDefFoundError: com/parctechnologies/eclipse/CompoundTerm;0;0;0
DRESDEN/sat_test_20v_91c;PALAMEDES_JAVA_ECLIPSE;0.6.1;false;NoClassDefFoundError: com/parctechnologies/eclipse/CompoundTerm;0;0;0
BASE/gt_prisoner;PALAMEDES_JAVA_ECLIPSE;0.6.1;false;NoClassDefFoundError: com/parctechnologies/eclipse/CompoundTerm;0;0;0
DRESDEN/statespacelarge;PALAMEDES_JAVA_ECLIPSE;0.6.1;false;NoClassDefFoundError: com/parctechnologies/eclipse/CompoundTerm;0;0;0
DRESDEN/pancakes88;PALAMEDES_JAVA_ECLIPSE;0.6.1;false;NoClassDefFoundError: com/parctechnologies/eclipse/CompoundTerm;0;0;0
DRESDEN/catcha_mouse;PALAMEDES_JAVA_ECLIPSE;0.6.1;false;NoClassDefFoundError: com/parctechnologies/eclipse/CompoundTerm;0;0;0
BASE/gt_two_thirds_4p;PALAMEDES_JAVA_ECLIPSE;0.6.1;false;NoClassDefFoundError: com/parctechnologies/eclipse/CompoundTerm;0;0;0
STANFORD/buttonsandlights;PALAMEDES_JAVA_ECLIPSE;0.6.1;false;NoClassDefFoundError: com/parctechnologies/eclipse/CompoundTerm;0;0;0
DRESDEN/mummymaze1p;PALAMEDES_JAVA_ECLIPSE;0.6.1;false;NoClassDefFoundError: com/parctechnologies/eclipse/CompoundTerm;0;0;0
BASE/amazons_8x8;PALAMEDES_JAVA_ECLIPSE;0.6.1;false;NoClassDefFoundError: com/parctechnologies/eclipse/CompoundTerm;0;0;0
STANFORD/multipletictactoe;PALAMEDES_JAVA_ECLIPSE;0.6.1;false;NoClassDefFoundError: com/parctechnologies/eclipse/CompoundTerm;0;0;0
DRESDEN/blocksworldparallel;PALAMEDES_JAVA_ECLIPSE;0.6.1;false;NoClassDefFoundError: com/parctechnologies/eclipse/CompoundTerm;0;0;0
DRESDEN/battlesnakes1509;PALAMEDES_JAVA_ECLIPSE;0.6.1;false;NoClassDefFoundError: com/parctechnologies/eclipse/CompoundTerm;0;0;0
DRESDEN/uf20-020.cnf.SAT;PALAMEDES_JAVA_ECLIPSE;0.6.1;false;NoClassDefFoundError: com/parctechnologies/eclipse/CompoundTerm;0;0;0
BASE/2pttc;PALAMEDES_JAVA_ECLIPSE;0.6.1;false;NoClassDefFoundError: com/parctechnologies/eclipse/CompoundTerm;0;0;0
DRESDEN/checkers;PALAMEDES_JAVA_ECLIPSE;0.6.1;false;NoClassDefFoundError: com/parctechnologies/eclipse/CompoundTerm;0;0;0
BASE/checkersSmall;PALAMEDES_JAVA_ECLIPSE;0.6.1;false;NoClassDefFoundError: com/parctechnologies/eclipse/CompoundTerm;0;0;0
DRESDEN/vacuumcleaner_obstacles_3;PALAMEDES_JAVA_ECLIPSE;0.6.1;false;NoClassDefFoundError: com/parctechnologies/eclipse/CompoundTerm;0;0;0
BASE/wargame01;PALAMEDES_JAVA_ECLIPSE;0.6.1;false;NoClassDefFoundError: com/parctechnologies/eclipse/CompoundTerm;0;0;0
BASE/quartoSuicide;PALAMEDES_JAVA_ECLIPSE;0.6.1;false;NoClassDefFoundError: com/parctechnologies/eclipse/CompoundTerm;0;0;0
STANFORD/duidoku;PALAMEDES_JAVA_ECLIPSE;0.6.1;false;NoClassDefFoundError: com/parctechnologies/eclipse/CompoundTerm;0;0;0
STANFORD/jointbuttonsandlights;PALAMEDES_JAVA_ECLIPSE;0.6.1;false;NoClassDefFoundError: com/parctechnologies/eclipse/CompoundTerm;0;0;0
BASE/majorities;PALAMEDES_JAVA_ECLIPSE;0.6.1;false;NoClassDefFoundError: com/parctechnologies/eclipse/CompoundTerm;0;0;0
BASE/biddingTicTacToe_10coins;PALAMEDES_JAVA_ECLIPSE;0.6.1;false;NoClassDefFoundError: com/parctechnologies/eclipse/CompoundTerm;0;0;0
BASE/factoringGeorgeForman;PALAMEDES_JAVA_ECLIPSE;0.6.1;false;NoClassDefFoundError: com/parctechnologies/eclipse/CompoundTerm;0;0;0
DRESDEN/tictactoelarge;PALAMEDES_JAVA_ECLIPSE;0.6.1;false;NoClassDefFoundError: com/parctechnologies/eclipse/CompoundTerm;0;0;0
DRESDEN/babel;PALAMEDES_JAVA_ECLIPSE;0.6.1;false;NoClassDefFoundError: com/parctechnologies/eclipse/CompoundTerm;0;0;0
BASE/queens31lg;PALAMEDES_JAVA_ECLIPSE;0.6.1;false;NoClassDefFoundError: com/parctechnologies/eclipse/CompoundTerm;0;0;0
BASE/skirmishHoles;PALAMEDES_JAVA_ECLIPSE;0.6.1;false;NoClassDefFoundError: com/parctechnologies/eclipse/CompoundTerm;0;0;0
BASE/minichess-evilconjuncts;PALAMEDES_JAVA_ECLIPSE;0.6.1;false;NoClassDefFoundError: com/parctechnologies/eclipse/CompoundTerm;0;0;0
DRESDEN/sat_test_20v_91c_visualisation;PALAMEDES_JAVA_ECLIPSE;0.6.1;false;NoClassDefFoundError: com/parctechnologies/eclipse/CompoundTerm;0;0;0
DRESDEN/pawn_whopping_corrected;PALAMEDES_JAVA_ECLIPSE;0.6.1;false;NoClassDefFoundError: com/parctechnologies/eclipse/CompoundTerm;0;0;0
BASE/tictactoe_3d_small_2player;PALAMEDES_JAVA_ECLIPSE;0.6.1;false;NoClassDefFoundError: com/parctechnologies/eclipse/CompoundTerm;0;0;0
BASE/tictactoe_3d_small_6player;PALAMEDES_JAVA_ECLIPSE;0.6.1;false;NoClassDefFoundError: com/parctechnologies/eclipse/CompoundTerm;0;0;0
BASE/chickentictactoe;PALAMEDES_JAVA_ECLIPSE;0.6.1;false;NoClassDefFoundError: com/parctechnologies/eclipse/CompoundTerm;0;0;0
DRESDEN/toetictac;PALAMEDES_JAVA_ECLIPSE;0.6.1;false;NoClassDefFoundError: com/parctechnologies/eclipse/CompoundTerm;0;0;0
STANFORD/platformjumpers;PALAMEDES_JAVA_ECLIPSE;0.6.1;false;NoClassDefFoundError: com/parctechnologies/eclipse/CompoundTerm;0;0;0
DRESDEN/hanoi7;PALAMEDES_JAVA_ECLIPSE;0.6.1;false;NoClassDefFoundError: com/parctechnologies/eclipse/CompoundTerm;0;0;0
BASE/untwistycomplex2;PALAMEDES_JAVA_ECLIPSE;0.6.1;false;NoClassDefFoundError: com/parctechnologies/eclipse/CompoundTerm;0;0;0
DRESDEN/satlike_20v_91c_version2;PALAMEDES_JAVA_ECLIPSE;0.6.1;false;NoClassDefFoundError: com/parctechnologies/eclipse/CompoundTerm;0;0;0
BASE/knightwar;PALAMEDES_JAVA_ECLIPSE;0.6.1;false;NoClassDefFoundError: com/parctechnologies/eclipse/CompoundTerm;0;0;0
BASE/maze;PALAMEDES_JAVA_ECLIPSE;0.6.1;false;NoClassDefFoundError: com/parctechnologies/eclipse/CompoundTerm;0;0;0
BASE/pacman2p;PALAMEDES_JAVA_ECLIPSE;0.6.1;false;NoClassDefFoundError: com/parctechnologies/eclipse/CompoundTerm;0;0;0
DRESDEN/racer;PALAMEDES_JAVA_ECLIPSE;0.6.1;false;NoClassDefFoundError: com/parctechnologies/eclipse/CompoundTerm;0;0;0
BASE/tron_10x10;PALAMEDES_JAVA_ECLIPSE;0.6.1;false;NoClassDefFoundError: com/parctechnologies/eclipse/CompoundTerm;0;0;0
BASE/battle;PALAMEDES_JAVA_ECLIPSE;0.6.1;false;NoClassDefFoundError: com/parctechnologies/eclipse/CompoundTerm;0;0;0
BASE/checkersTorusNoKings;PALAMEDES_JAVA_ECLIPSE;0.6.1;false;NoClassDefFoundError: com/parctechnologies/eclipse/CompoundTerm;0;0;0
BASE/knightThrough;PALAMEDES_JAVA_ECLIPSE;0.6.1;false;NoClassDefFoundError: com/parctechnologies/eclipse/CompoundTerm;0;0;0
BASE/pawnWhopping;PALAMEDES_JAVA_ECLIPSE;0.6.1;false;NoClassDefFoundError: com/parctechnologies/eclipse/CompoundTerm;0;0;0
DRESDEN/minichess;PALAMEDES_JAVA_ECLIPSE;0.6.1;false;NoClassDefFoundError: com/parctechnologies/eclipse/CompoundTerm;0;0;0
BASE/checkers-newgoals;PALAMEDES_JAVA_ECLIPSE;0.6.1;false;NoClassDefFoundError: com/parctechnologies/eclipse/CompoundTerm;0;0;0
BASE/skirmishZeroSum;PALAMEDES_JAVA_ECLIPSE;0.6.1;false;NoClassDefFoundError: com/parctechnologies/eclipse/CompoundTerm;0;0;0
BASE/doubletoetictac;PALAMEDES_JAVA_ECLIPSE;0.6.1;false;NoClassDefFoundError: com/parctechnologies/eclipse/CompoundTerm;0;0;0
DRESDEN/pancakes6;PALAMEDES_JAVA_ECLIPSE;0.6.1;false;NoClassDefFoundError: com/parctechnologies/eclipse/CompoundTerm;0;0;0
DRESDEN/hitori;PALAMEDES_JAVA_ECLIPSE;0.6.1;false;NoClassDefFoundError: com/parctechnologies/eclipse/CompoundTerm;0;0;0
STANFORD/connectfour;PALAMEDES_JAVA_ECLIPSE;0.6.1;false;NoClassDefFoundError: com/parctechnologies/eclipse/CompoundTerm;0;0;0
BASE/pearls;PALAMEDES_JAVA_ECLIPSE;0.6.1;false;NoClassDefFoundError: com/parctechnologies/eclipse/CompoundTerm;0;0;0
DRESDEN/4pttc;PALAMEDES_JAVA_ECLIPSE;0.6.1;false;NoClassDefFoundError: com/parctechnologies/eclipse/CompoundTerm;0;0;0
DRESDEN/mummymaze2p;PALAMEDES_JAVA_ECLIPSE;0.6.1;false;NoClassDefFoundError: com/parctechnologies/eclipse/CompoundTerm;0;0;0
DRESDEN/cube_2x2x2;PALAMEDES_JAVA_ECLIPSE;0.6.1;false;NoClassDefFoundError: com/parctechnologies/eclipse/CompoundTerm;0;0;0
DRESDEN/quarto;PALAMEDES_JAVA_ECLIPSE;0.6.1;false;NoClassDefFoundError: com/parctechnologies/eclipse/CompoundTerm;0;0;0
BASE/breakthroughSmallHoles;PALAMEDES_JAVA_ECLIPSE;0.6.1;false;NoClassDefFoundError: com/parctechnologies/eclipse/CompoundTerm;0;0;0
DRESDEN/vacuumcleaner_obstacles_1;PALAMEDES_JAVA_ECLIPSE;0.6.1;false;NoClassDefFoundError: com/parctechnologies/eclipse/CompoundTerm;0;0;0
BASE/tttcc4;PALAMEDES_JAVA_ECLIPSE;0.6.1;false;NoClassDefFoundError: com/parctechnologies/eclipse/CompoundTerm;0;0;0
STANFORD/madness;PALAMEDES_JAVA_ECLIPSE;0.6.1;false;NoClassDefFoundError: com/parctechnologies/eclipse/CompoundTerm;0;0;0
DRESDEN/pentago_2008;PALAMEDES_JAVA_ECLIPSE;0.6.1;false;NoClassDefFoundError: com/parctechnologies/eclipse/CompoundTerm;0;0;0
BASE/blobwars;PALAMEDES_JAVA_ECLIPSE;0.6.1;false;NoClassDefFoundError: com/parctechnologies/eclipse/CompoundTerm;0;0;0
BASE/amazonsSuicide_10x10;PALAMEDES_JAVA_ECLIPSE;0.6.1;false;NoClassDefFoundError: com/parctechnologies/eclipse/CompoundTerm;0;0;0
BASE/ticTacToeNoVars;PALAMEDES_JAVA_ECLIPSE;0.6.1;false;NoClassDefFoundError: com/parctechnologies/eclipse/CompoundTerm;0;0;0
DRESDEN/battlesnakes2011;PALAMEDES_JAVA_ECLIPSE;0.6.1;false;NoClassDefFoundError: com/parctechnologies/eclipse/CompoundTerm;0;0;0
DRESDEN/vacuumcleaner_obstacles_6;PALAMEDES_JAVA_ECLIPSE;0.6.1;false;NoClassDefFoundError: com/parctechnologies/eclipse/CompoundTerm;0;0;0
BASE/sudokuGrade6H;PALAMEDES_JAVA_ECLIPSE;0.6.1;false;NoClassDefFoundError: com/parctechnologies/eclipse/CompoundTerm;0;0;0
BASE/dualConnect4;PALAMEDES_JAVA_ECLIPSE;0.6.1;false;NoClassDefFoundError: com/parctechnologies/eclipse/CompoundTerm;0;0;0
DRESDEN/3qbf-5cnf-20var-40cl.1.qdimacs.viz.SAT;PALAMEDES_JAVA_ECLIPSE;0.6.1;false;NoClassDefFoundError: com/parctechnologies/eclipse/CompoundTerm;0;0;0
BASE/guess;PALAMEDES_JAVA_ECLIPSE;0.6.1;false;NoClassDefFoundError: com/parctechnologies/eclipse/CompoundTerm;0;0;0
BASE/blocksWorld;PALAMEDES_JAVA_ECLIPSE;0.6.1;false;NoClassDefFoundError: com/parctechnologies/eclipse/CompoundTerm;0;0;0
BASE/blockerParallel;PALAMEDES_JAVA_ECLIPSE;0.6.1;false;NoClassDefFoundError: com/parctechnologies/eclipse/CompoundTerm;0;0;0
BASE/lightsOn;PALAMEDES_JAVA_ECLIPSE;0.6.1;false;NoClassDefFoundError: com/parctechnologies/eclipse/CompoundTerm;0;0;0
DRESDEN/Runners;PALAMEDES_JAVA_ECLIPSE;0.6.1;false;NoClassDefFoundError: com/parctechnologies/eclipse/CompoundTerm;0;0;0
DRESDEN/tictactoelargesuicide;PALAMEDES_JAVA_ECLIPSE;0.6.1;false;NoClassDefFoundError: com/parctechnologies/eclipse/CompoundTerm;0;0;0
BASE/double_tictactoe_dengji;PALAMEDES_JAVA_ECLIPSE;0.6.1;false;NoClassDefFoundError: com/parctechnologies/eclipse/CompoundTerm;0;0;0
BASE/racetrackcorridor;PALAMEDES_JAVA_ECLIPSE;0.6.1;false;NoClassDefFoundError: com/parctechnologies/eclipse/CompoundTerm;0;0;0
BASE/cubicup;PALAMEDES_JAVA_ECLIPSE;0.6.1;false;NoClassDefFoundError: com/parctechnologies/eclipse/CompoundTerm;0;0;0
DRESDEN/Travelers-Dilemma;PALAMEDES_JAVA_ECLIPSE;0.6.1;false;NoClassDefFoundError: com/parctechnologies/eclipse/CompoundTerm;0;0;0
DRESDEN/3qbf-5cnf-20var-40cl.2.qdimacs.satlike;PALAMEDES_JAVA_ECLIPSE;0.6.1;false;NoClassDefFoundError: com/parctechnologies/eclipse/CompoundTerm;0;0;0
DRESDEN/skirmish2;PALAMEDES_JAVA_ECLIPSE;0.6.1;false;NoClassDefFoundError: com/parctechnologies/eclipse/CompoundTerm;0;0;0
DRESDEN/firefighter;PALAMEDES_JAVA_ECLIPSE;0.6.1;false;NoClassDefFoundError: com/parctechnologies/eclipse/CompoundTerm;0;0;0
BASE/gt_two_thirds_6p;PALAMEDES_JAVA_ECLIPSE;0.6.1;false;NoClassDefFoundError: com/parctechnologies/eclipse/CompoundTerm;0;0;0
BASE/snake_2008_tweaked;PALAMEDES_JAVA_ECLIPSE;0.6.1;false;NoClassDefFoundError: com/parctechnologies/eclipse/CompoundTerm;0;0;0
BASE/connectFourSuicide;PALAMEDES_JAVA_ECLIPSE;0.6.1;false;NoClassDefFoundError: com/parctechnologies/eclipse/CompoundTerm;0;0;0
BASE/snakeAssemblit;PALAMEDES_JAVA_ECLIPSE;0.6.1;false;NoClassDefFoundError: com/parctechnologies/eclipse/CompoundTerm;0;0;0
BASE/slaughter;PALAMEDES_JAVA_ECLIPSE;0.6.1;false;NoClassDefFoundError: com/parctechnologies/eclipse/CompoundTerm;0;0;0
BASE/sudokuGrade1;PALAMEDES_JAVA_ECLIPSE;0.6.1;false;NoClassDefFoundError: com/parctechnologies/eclipse/CompoundTerm;0;0;0
STANFORD/nineboardtictactoe;PALAMEDES_JAVA_ECLIPSE;0.6.1;false;NoClassDefFoundError: com/parctechnologies/eclipse/CompoundTerm;0;0;0
BASE/stateSpaceSmall;PALAMEDES_JAVA_ECLIPSE;0.6.1;false;NoClassDefFoundError: com/parctechnologies/eclipse/CompoundTerm;0;0;0
DRESDEN/uf20-010.cnf.SAT.satlike;PALAMEDES_JAVA_ECLIPSE;0.6.1;false;NoClassDefFoundError: com/parctechnologies/eclipse/CompoundTerm;0;0;0
BASE/amazonsTorus;PALAMEDES_JAVA_ECLIPSE;0.6.1;false;NoClassDefFoundError: com/parctechnologies/eclipse/CompoundTerm;0;0;0
BASE/gt_dollar;PALAMEDES_JAVA_ECLIPSE;0.6.1;false;NoClassDefFoundError: com/parctechnologies/eclipse/CompoundTerm;0;0;0
BASE/withConviction;PALAMEDES_JAVA_ECLIPSE;0.6.1;false;NoClassDefFoundError: com/parctechnologies/eclipse/CompoundTerm;0;0;0
DRESDEN/doubletictactoe;PALAMEDES_JAVA_ECLIPSE;0.6.1;false;NoClassDefFoundError: com/parctechnologies/eclipse/CompoundTerm;0;0;0
STANFORD/bestbuttonsandlights;PALAMEDES_JAVA_ECLIPSE;0.6.1;false;NoClassDefFoundError: com/parctechnologies/eclipse/CompoundTerm;0;0;0
BASE/tictactoe_3player;PALAMEDES_JAVA_ECLIPSE;0.6.1;false;NoClassDefFoundError: com/parctechnologies/eclipse/CompoundTerm;0;0;0
BASE/ticTacToeParallel;PALAMEDES_JAVA_ECLIPSE;0.6.1;false;NoClassDefFoundError: com/parctechnologies/eclipse/CompoundTerm;0;0;0
BASE/pawnToQueen;PALAMEDES_JAVA_ECLIPSE;0.6.1;false;NoClassDefFoundError: com/parctechnologies/eclipse/CompoundTerm;0;0;0
STANFORD/knightstourbig;PALAMEDES_JAVA_ECLIPSE;0.6.1;false;NoClassDefFoundError: com/parctechnologies/eclipse/CompoundTerm;0;0;0
BASE/reversi;PALAMEDES_JAVA_ECLIPSE;0.6.1;false;NoClassDefFoundError: com/parctechnologies/eclipse/CompoundTerm;0;0;0
BASE/amazons_10x10;PALAMEDES_JAVA_ECLIPSE;0.6.1;false;NoClassDefFoundError: com/parctechnologies/eclipse/CompoundTerm;0;0;0
DRESDEN/skirmish3;PALAMEDES_JAVA_ECLIPSE;0.6.1;false;NoClassDefFoundError: com/parctechnologies/eclipse/CompoundTerm;0;0;0
BASE/nim4;PALAMEDES_JAVA_ECLIPSE;0.6.1;false;NoClassDefFoundError: com/parctechnologies/eclipse/CompoundTerm;0;0;0
DRESDEN/blockerparallel;PALAMEDES_JAVA_ECLIPSE;0.6.1;false;NoClassDefFoundError: com/parctechnologies/eclipse/CompoundTerm;0;0;0
BASE/switches;PALAMEDES_JAVA_ECLIPSE;0.6.1;false;NoClassDefFoundError: com/parctechnologies/eclipse/CompoundTerm;0;0;0
BASE/kalaha5x2x3;PALAMEDES_JAVA_ECLIPSE;0.6.1;false;NoClassDefFoundError: com/parctechnologies/eclipse/CompoundTerm;0;0;0
DRESDEN/point_grab;PALAMEDES_JAVA_ECLIPSE;0.6.1;false;NoClassDefFoundError: com/parctechnologies/eclipse/CompoundTerm;0;0;0
BASE/brawl;PALAMEDES_JAVA_ECLIPSE;0.6.1;false;NoClassDefFoundError: com/parctechnologies/eclipse/CompoundTerm;0;0;0
BASE/ruleDepthExponential;PALAMEDES_JAVA_ECLIPSE;0.6.1;false;NoClassDefFoundError: com/parctechnologies/eclipse/CompoundTerm;0;0;0
BASE/wargame02;PALAMEDES_JAVA_ECLIPSE;0.6.1;false;NoClassDefFoundError: com/parctechnologies/eclipse/CompoundTerm;0;0;0
STANFORD/rainbow;PALAMEDES_JAVA_ECLIPSE;0.6.1;false;NoClassDefFoundError: com/parctechnologies/eclipse/CompoundTerm;0;0;0
DRESDEN/breakthroughsuicide_v2;PALAMEDES_JAVA_ECLIPSE;0.6.1;false;NoClassDefFoundError: com/parctechnologies/eclipse/CompoundTerm;0;0;0
DRESDEN/capture_the_king;PALAMEDES_JAVA_ECLIPSE;0.6.1;false;NoClassDefFoundError: com/parctechnologies/eclipse/CompoundTerm;0;0;0
BASE/sheepAndWolf;PALAMEDES_JAVA_ECLIPSE;0.6.1;false;NoClassDefFoundError: com/parctechnologies/eclipse/CompoundTerm;0;0;0
STANFORD/eightpuzzle;PALAMEDES_JAVA_ECLIPSE;0.6.1;false;NoClassDefFoundError: com/parctechnologies/eclipse/CompoundTerm;0;0;0
BASE/nim3;PALAMEDES_JAVA_ECLIPSE;0.6.1;false;NoClassDefFoundError: com/parctechnologies/eclipse/CompoundTerm;0;0;0
BASE/mineClearingSmall;PALAMEDES_JAVA_ECLIPSE;0.6.1;false;NoClassDefFoundError: com/parctechnologies/eclipse/CompoundTerm;0;0;0
DRESDEN/tictactoe_3d_2player;PALAMEDES_JAVA_ECLIPSE;0.6.1;false;NoClassDefFoundError: com/parctechnologies/eclipse/CompoundTerm;0;0;0
DRESDEN/vacuum_cleaner_1;PALAMEDES_JAVA_ECLIPSE;0.6.1;false;NoClassDefFoundError: com/parctechnologies/eclipse/CompoundTerm;0;0;0
DRESDEN/statespacesmall;PALAMEDES_JAVA_ECLIPSE;0.6.1;false;NoClassDefFoundError: com/parctechnologies/eclipse/CompoundTerm;0;0;0
DRESDEN/vacuumcleaner_obstacles_5;PALAMEDES_JAVA_ECLIPSE;0.6.1;false;NoClassDefFoundError: com/parctechnologies/eclipse/CompoundTerm;0;0;0
BASE/snake_2009_big;PALAMEDES_JAVA_ECLIPSE;0.6.1;false;NoClassDefFoundError: com/parctechnologies/eclipse/CompoundTerm;0;0;0
DRESDEN/sheep_and_wolf;PALAMEDES_JAVA_ECLIPSE;0.6.1;false;NoClassDefFoundError: com/parctechnologies/eclipse/CompoundTerm;0;0;0
BASE/skirmishNew;PALAMEDES_JAVA_ECLIPSE;0.6.1;false;NoClassDefFoundError: com/parctechnologies/eclipse/CompoundTerm;0;0;0
BASE/golden_rectangle;PALAMEDES_JAVA_ECLIPSE;0.6.1;false;NoClassDefFoundError: com/parctechnologies/eclipse/CompoundTerm;0;0;0
DRESDEN/frogs_and_toads;PALAMEDES_JAVA_ECLIPSE;0.6.1;false;NoClassDefFoundError: com/parctechnologies/eclipse/CompoundTerm;0;0;0
BASE/ticblock;PALAMEDES_JAVA_ECLIPSE;0.6.1;false;NoClassDefFoundError: com/parctechnologies/eclipse/CompoundTerm;0;0;0
BASE/cephalopodMicro;PALAMEDES_JAVA_ECLIPSE;0.6.1;false;NoClassDefFoundError: com/parctechnologies/eclipse/CompoundTerm;0;0;0
BASE/checkersBarrelNoKings;PALAMEDES_JAVA_ECLIPSE;0.6.1;false;NoClassDefFoundError: com/parctechnologies/eclipse/CompoundTerm;0;0;0
BASE/sudokuGrade6E;PALAMEDES_JAVA_ECLIPSE;0.6.1;false;NoClassDefFoundError: com/parctechnologies/eclipse/CompoundTerm;0;0;0
DRESDEN/aipsrovers01;PALAMEDES_JAVA_ECLIPSE;0.6.1;false;NoClassDefFoundError: com/parctechnologies/eclipse/CompoundTerm;0;0;0
DRESDEN/latenttictactoe;PALAMEDES_JAVA_ECLIPSE;0.6.1;false;NoClassDefFoundError: com/parctechnologies/eclipse/CompoundTerm;0;0;0
BASE/wargame03;PALAMEDES_JAVA_ECLIPSE;0.6.1;false;NoClassDefFoundError: com/parctechnologies/eclipse/CompoundTerm;0;0;0
BASE/connectFourLarger;PALAMEDES_JAVA_ECLIPSE;0.6.1;false;NoClassDefFoundError: com/parctechnologies/eclipse/CompoundTerm;0;0;0
BASE/eotcitcit;PALAMEDES_JAVA_ECLIPSE;0.6.1;false;NoClassDefFoundError: com/parctechnologies/eclipse/CompoundTerm;0;0;0
BASE/tictactoe-init1;PALAMEDES_JAVA_ECLIPSE;0.6.1;false;NoClassDefFoundError: com/parctechnologies/eclipse/CompoundTerm;0;0;0
BASE/hallway;PALAMEDES_JAVA_ECLIPSE;0.6.1;false;NoClassDefFoundError: com/parctechnologies/eclipse/CompoundTerm;0;0;0
BASE/max_knights;PALAMEDES_JAVA_ECLIPSE;0.6.1;false;NoClassDefFoundError: com/parctechnologies/eclipse/CompoundTerm;0;0;0
DRESDEN/smallest_4player;PALAMEDES_JAVA_ECLIPSE;0.6.1;false;NoClassDefFoundError: com/parctechnologies/eclipse/CompoundTerm;0;0;0
DRESDEN/laikLee_hex;PALAMEDES_JAVA_ECLIPSE;0.6.1;false;NoClassDefFoundError: com/parctechnologies/eclipse/CompoundTerm;0;0;0
DRESDEN/8puzzle;PALAMEDES_JAVA_ECLIPSE;0.6.1;false;NoClassDefFoundError: com/parctechnologies/eclipse/CompoundTerm;0;0;0
BASE/breakthroughHoles;PALAMEDES_JAVA_ECLIPSE;0.6.1;false;NoClassDefFoundError: com/parctechnologies/eclipse/CompoundTerm;0;0;0
BASE/nim2;PALAMEDES_JAVA_ECLIPSE;0.6.1;false;NoClassDefFoundError: com/parctechnologies/eclipse/CompoundTerm;0;0;0
DRESDEN/nim3;PALAMEDES_JAVA_ECLIPSE;0.6.1;false;NoClassDefFoundError: com/parctechnologies/eclipse/CompoundTerm;0;0;0
BASE/quad_5x5;PALAMEDES_JAVA_ECLIPSE;0.6.1;false;NoClassDefFoundError: com/parctechnologies/eclipse/CompoundTerm;0;0;0
DRESDEN/crissrace;PALAMEDES_JAVA_ECLIPSE;0.6.1;false;NoClassDefFoundError: com/parctechnologies/eclipse/CompoundTerm;0;0;0
DRESDEN/breakthrough;PALAMEDES_JAVA_ECLIPSE;0.6.1;false;NoClassDefFoundError: com/parctechnologies/eclipse/CompoundTerm;0;0;0
BASE/quad;PALAMEDES_JAVA_ECLIPSE;0.6.1;false;NoClassDefFoundError: com/parctechnologies/eclipse/CompoundTerm;0;0;0
STANFORD/tictactoe;PALAMEDES_JAVA_ECLIPSE;0.6.1;false;NoClassDefFoundError: com/parctechnologies/eclipse/CompoundTerm;0;0;0
STANFORD/skirmish;PALAMEDES_JAVA_ECLIPSE;0.6.1;false;NoClassDefFoundError: com/parctechnologies/eclipse/CompoundTerm;0;0;0
DRESDEN/max_knights;PALAMEDES_JAVA_ECLIPSE;0.6.1;false;NoClassDefFoundError: com/parctechnologies/eclipse/CompoundTerm;0;0;0
BASE/coloredtrails;PALAMEDES_JAVA_ECLIPSE;0.6.1;false;NoClassDefFoundError: com/parctechnologies/eclipse/CompoundTerm;0;0;0
BASE/connect4;PALAMEDES_JAVA_ECLIPSE;0.6.1;false;NoClassDefFoundError: com/parctechnologies/eclipse/CompoundTerm;0;0;0
DRESDEN/chinesecheckers4;PALAMEDES_JAVA_ECLIPSE;0.6.1;false;NoClassDefFoundError: com/parctechnologies/eclipse/CompoundTerm;0;0;0
BASE/blockerSerial;PALAMEDES_JAVA_ECLIPSE;0.6.1;false;NoClassDefFoundError: com/parctechnologies/eclipse/CompoundTerm;0;0;0
BASE/factoringEasyTurtleBrain;PALAMEDES_JAVA_ECLIPSE;0.6.1;false;NoClassDefFoundError: com/parctechnologies/eclipse/CompoundTerm;0;0;0
BASE/3pffa;PALAMEDES_JAVA_ECLIPSE;0.6.1;false;NoClassDefFoundError: com/parctechnologies/eclipse/CompoundTerm;0;0;0
BASE/snake_2009;PALAMEDES_JAVA_ECLIPSE;0.6.1;false;NoClassDefFoundError: com/parctechnologies/eclipse/CompoundTerm;0;0;0
DRESDEN/lightsout;PALAMEDES_JAVA_ECLIPSE;0.6.1;false;NoClassDefFoundError: com/parctechnologies/eclipse/CompoundTerm;0;0;0
BASE/sum15;PALAMEDES_JAVA_ECLIPSE;0.6.1;false;NoClassDefFoundError: com/parctechnologies/eclipse/CompoundTerm;0;0;0
DRESDEN/pawntoqueen;PALAMEDES_JAVA_ECLIPSE;0.6.1;false;NoClassDefFoundError: com/parctechnologies/eclipse/CompoundTerm;0;0;0
DRESDEN/nim4;PALAMEDES_JAVA_ECLIPSE;0.6.1;false;NoClassDefFoundError: com/parctechnologies/eclipse/CompoundTerm;0;0;0
BASE/tpeg;PALAMEDES_JAVA_ECLIPSE;0.6.1;false;NoClassDefFoundError: com/parctechnologies/eclipse/CompoundTerm;0;0;0
DRESDEN/circlesolitaire;PALAMEDES_JAVA_ECLIPSE;0.6.1;false;NoClassDefFoundError: com/parctechnologies/eclipse/CompoundTerm;0;0;0
BASE/breakthroughSmall;PALAMEDES_JAVA_ECLIPSE;0.6.1;false;NoClassDefFoundError: com/parctechnologies/eclipse/CompoundTerm;0;0;0
BASE/3pConnectFour;PALAMEDES_JAVA_ECLIPSE;0.6.1;false;NoClassDefFoundError: com/parctechnologies/eclipse/CompoundTerm;0;0;0
STANFORD/triplesukoshi;PALAMEDES_JAVA_ECLIPSE;0.6.1;false;NoClassDefFoundError: com/parctechnologies/eclipse/CompoundTerm;0;0;0
BASE/kalaha_2009;PALAMEDES_JAVA_ECLIPSE;0.6.1;false;NoClassDefFoundError: com/parctechnologies/eclipse/CompoundTerm;0;0;0
DRESDEN/chinesecheckers3;PALAMEDES_JAVA_ECLIPSE;0.6.1;false;NoClassDefFoundError: com/parctechnologies/eclipse/CompoundTerm;0;0;0
DRESDEN/queens;PALAMEDES_JAVA_ECLIPSE;0.6.1;false;NoClassDefFoundError: com/parctechnologies/eclipse/CompoundTerm;0;0;0
BASE/amazonsTorus_10x10;PALAMEDES_JAVA_ECLIPSE;0.6.1;false;NoClassDefFoundError: com/parctechnologies/eclipse/CompoundTerm;0;0;0
STANFORD/knightstourmedium;PALAMEDES_JAVA_ECLIPSE;0.6.1;false;NoClassDefFoundError: com/parctechnologies/eclipse/CompoundTerm;0;0;0
BASE/ruleDepthLinear;PALAMEDES_JAVA_ECLIPSE;0.6.1;false;NoClassDefFoundError: com/parctechnologies/eclipse/CompoundTerm;0;0;0
BASE/breakthroughSuicide;PALAMEDES_JAVA_ECLIPSE;0.6.1;false;NoClassDefFoundError: com/parctechnologies/eclipse/CompoundTerm;0;0;0
BASE/brain_teaser_extended;PALAMEDES_JAVA_ECLIPSE;0.6.1;false;NoClassDefFoundError: com/parctechnologies/eclipse/CompoundTerm;0;0;0
STANFORD/chinook;PALAMEDES_JAVA_ECLIPSE;0.6.1;false;NoClassDefFoundError: com/parctechnologies/eclipse/CompoundTerm;0;0;0
BASE/beatMania;PALAMEDES_JAVA_ECLIPSE;0.6.1;false;NoClassDefFoundError: com/parctechnologies/eclipse/CompoundTerm;0;0;0
BASE/factoringMediumTurtleBrain;PALAMEDES_JAVA_ECLIPSE;0.6.1;false;NoClassDefFoundError: com/parctechnologies/eclipse/CompoundTerm;0;0;0
BASE/kalaha6x2x4;PALAMEDES_JAVA_ECLIPSE;0.6.1;false;NoClassDefFoundError: com/parctechnologies/eclipse/CompoundTerm;0;0;0
DRESDEN/connect4;PALAMEDES_JAVA_ECLIPSE;0.6.1;false;NoClassDefFoundError: com/parctechnologies/eclipse/CompoundTerm;0;0;0
BASE/escortLatch;PALAMEDES_JAVA_ECLIPSE;0.6.1;false;NoClassDefFoundError: com/parctechnologies/eclipse/CompoundTerm;0;0;0
BASE/connectFourLarge;PALAMEDES_JAVA_ECLIPSE;0.6.1;false;NoClassDefFoundError: com/parctechnologies/eclipse/CompoundTerm;0;0;0
BASE/circlesolitaire;PALAMEDES_JAVA_ECLIPSE;0.6.1;false;NoClassDefFoundError: com/parctechnologies/eclipse/CompoundTerm;0;0;0
BASE/crissrace;PALAMEDES_JAVA_ECLIPSE;0.6.1;false;NoClassDefFoundError: com/parctechnologies/eclipse/CompoundTerm;0;0;0
DRESDEN/ggp-course2013_nicolai;PALAMEDES_JAVA_ECLIPSE;0.6.1;false;NoClassDefFoundError: com/parctechnologies/eclipse/CompoundTerm;0;0;0
BASE/breakthrough;PALAMEDES_JAVA_ECLIPSE;0.6.1;false;NoClassDefFoundError: com/parctechnologies/eclipse/CompoundTerm;0;0;0
DRESDEN/chinesecheckers6;PALAMEDES_JAVA_ECLIPSE;0.6.1;false;NoClassDefFoundError: com/parctechnologies/eclipse/CompoundTerm;0;0;0
BASE/coins;PALAMEDES_JAVA_ECLIPSE;0.6.1;false;NoClassDefFoundError: com/parctechnologies/eclipse/CompoundTerm;0;0;0
DRESDEN/tictactoe;PALAMEDES_JAVA_ECLIPSE;0.6.1;false;NoClassDefFoundError: com/parctechnologies/eclipse/CompoundTerm;0;0;0
DRESDEN/tictactoeparallel;PALAMEDES_JAVA_ECLIPSE;0.6.1;false;NoClassDefFoundError: com/parctechnologies/eclipse/CompoundTerm;0;0;0
STANFORD/duikoshi;PALAMEDES_JAVA_ECLIPSE;0.6.1;false;NoClassDefFoundError: com/parctechnologies/eclipse/CompoundTerm;0;0;0
BASE/duplicateStateLarge;PALAMEDES_JAVA_ECLIPSE;0.6.1;false;NoClassDefFoundError: com/parctechnologies/eclipse/CompoundTerm;0;0;0
DRESDEN/mummymaze2p-comp2007;PALAMEDES_JAVA_ECLIPSE;0.6.1;false;NoClassDefFoundError: com/parctechnologies/eclipse/CompoundTerm;0;0;0
DRESDEN/gt_ultimatum;PALAMEDES_JAVA_ECLIPSE;0.6.1;false;NoClassDefFoundError: com/parctechnologies/eclipse/CompoundTerm;0;0;0
DRESDEN/connect5;PALAMEDES_JAVA_ECLIPSE;0.6.1;false;NoClassDefFoundError: com/parctechnologies/eclipse/CompoundTerm;0;0;0
DRESDEN/lightsout2;PALAMEDES_JAVA_ECLIPSE;0.6.1;false;NoClassDefFoundError: com/parctechnologies/eclipse/CompoundTerm;0;0;0
BASE/gt_ultimatum;PALAMEDES_JAVA_ECLIPSE;0.6.1;false;NoClassDefFoundError: com/parctechnologies/eclipse/CompoundTerm;0;0;0
BASE/slidingpieces;PALAMEDES_JAVA_ECLIPSE;0.6.1;false;NoClassDefFoundError: com/parctechnologies/eclipse/CompoundTerm;0;0;0
BASE/duplicateStateMedium;PALAMEDES_JAVA_ECLIPSE;0.6.1;false;NoClassDefFoundError: com/parctechnologies/eclipse/CompoundTerm;0;0;0
BASE/hexPie;PALAMEDES_JAVA_ECLIPSE;0.6.1;false;NoClassDefFoundError: com/parctechnologies/eclipse/CompoundTerm;0;0;0
BASE/connect5;PALAMEDES_JAVA_ECLIPSE;0.6.1;false;NoClassDefFoundError: com/parctechnologies/eclipse/CompoundTerm;0;0;0
DRESDEN/backgammon;PALAMEDES_JAVA_ECLIPSE;0.6.1;false;NoClassDefFoundError: com/parctechnologies/eclipse/CompoundTerm;0;0;0
BASE/hodgepodge;PALAMEDES_JAVA_ECLIPSE;0.6.1;false;NoClassDefFoundError: com/parctechnologies/eclipse/CompoundTerm;0;0;0
DRESDEN/bunk_t;PALAMEDES_JAVA_ECLIPSE;0.6.1;false;NoClassDefFoundError: com/parctechnologies/eclipse/CompoundTerm;0;0;0
DRESDEN/oisters_farm;PALAMEDES_JAVA_ECLIPSE;0.6.1;false;NoClassDefFoundError: com/parctechnologies/eclipse/CompoundTerm;0;0;0
DRESDEN/brain_teaser_extended;PALAMEDES_JAVA_ECLIPSE;0.6.1;false;NoClassDefFoundError: com/parctechnologies/eclipse/CompoundTerm;0;0;0
DRESDEN/skirmish;PALAMEDES_JAVA_ECLIPSE;0.6.1;false;NoClassDefFoundError: com/parctechnologies/eclipse/CompoundTerm;0;0;0
BASE/snake_2008;PALAMEDES_JAVA_ECLIPSE;0.6.1;false;NoClassDefFoundError: com/parctechnologies/eclipse/CompoundTerm;0;0;0
BASE/eotcatcit;PALAMEDES_JAVA_ECLIPSE;0.6.1;false;NoClassDefFoundError: com/parctechnologies/eclipse/CompoundTerm;0;0;0
STANFORD/untwistycorridor;PALAMEDES_JAVA_ECLIPSE;0.6.1;false;NoClassDefFoundError: com/parctechnologies/eclipse/CompoundTerm;0;0;0
BASE/blocks2player;PALAMEDES_JAVA_ECLIPSE;0.6.1;false;NoClassDefFoundError: com/parctechnologies/eclipse/CompoundTerm;0;0;0
DRESDEN/knightwar;PALAMEDES_JAVA_ECLIPSE;0.6.1;false;NoClassDefFoundError: com/parctechnologies/eclipse/CompoundTerm;0;0;0
DRESDEN/peg;PALAMEDES_JAVA_ECLIPSE;0.6.1;false;NoClassDefFoundError: com/parctechnologies/eclipse/CompoundTerm;0;0;0
BASE/stateSpaceLarge;PALAMEDES_JAVA_ECLIPSE;0.6.1;false;NoClassDefFoundError: com/parctechnologies/eclipse/CompoundTerm;0;0;0
BASE/buttons;PALAMEDES_JAVA_ECLIPSE;0.6.1;false;NoClassDefFoundError: com/parctechnologies/eclipse/CompoundTerm;0;0;0
DRESDEN/checkers-mustjump;PALAMEDES_JAVA_ECLIPSE;0.6.1;false;NoClassDefFoundError: com/parctechnologies/eclipse/CompoundTerm;0;0;0
BASE/pacman3p;PALAMEDES_JAVA_ECLIPSE;0.6.1;false;NoClassDefFoundError: com/parctechnologies/eclipse/CompoundTerm;0;0;0
BASE/point_grab;PALAMEDES_JAVA_ECLIPSE;0.6.1;false;NoClassDefFoundError: com/parctechnologies/eclipse/CompoundTerm;0;0;0
DRESDEN/small_dominion;PALAMEDES_JAVA_ECLIPSE;0.6.1;false;NoClassDefFoundError: com/parctechnologies/eclipse/CompoundTerm;0;0;0
BASE/othello-comp2007;PALAMEDES_JAVA_ECLIPSE;0.6.1;false;NoClassDefFoundError: com/parctechnologies/eclipse/CompoundTerm;0;0;0
BASE/hitori;PALAMEDES_JAVA_ECLIPSE;0.6.1;false;NoClassDefFoundError: com/parctechnologies/eclipse/CompoundTerm;0;0;0
DRESDEN/towerworld;PALAMEDES_JAVA_ECLIPSE;0.6.1;false;NoClassDefFoundError: com/parctechnologies/eclipse/CompoundTerm;0;0;0
DRESDEN/chickentictactoe;PALAMEDES_JAVA_ECLIPSE;0.6.1;false;NoClassDefFoundError: com/parctechnologies/eclipse/CompoundTerm;0;0;0
STANFORD/3puzzle;PALAMEDES_JAVA_ECLIPSE;0.6.1;false;NoClassDefFoundError: com/parctechnologies/eclipse/CompoundTerm;0;0;0
DRESDEN/quartosuicide;PALAMEDES_JAVA_ECLIPSE;0.6.1;false;NoClassDefFoundError: com/parctechnologies/eclipse/CompoundTerm;0;0;0
BASE/stateSpaceMedium;PALAMEDES_JAVA_ECLIPSE;0.6.1;false;NoClassDefFoundError: com/parctechnologies/eclipse/CompoundTerm;0;0;0
BASE/ticTacHeavenFC;PALAMEDES_JAVA_ECLIPSE;0.6.1;false;NoClassDefFoundError: com/parctechnologies/eclipse/CompoundTerm;0;0;0
STANFORD/threepuzzle;PALAMEDES_JAVA_ECLIPSE;0.6.1;false;NoClassDefFoundError: com/parctechnologies/eclipse/CompoundTerm;0;0;0
DRESDEN/tpeg;PALAMEDES_JAVA_ECLIPSE;0.6.1;false;NoClassDefFoundError: com/parctechnologies/eclipse/CompoundTerm;0;0;0
BASE/god;PALAMEDES_JAVA_ECLIPSE;0.6.1;false;NoClassDefFoundError: com/parctechnologies/eclipse/CompoundTerm;0;0;0
BASE/asteroidsSerial;PALAMEDES_JAVA_ECLIPSE;0.6.1;false;NoClassDefFoundError: com/parctechnologies/eclipse/CompoundTerm;0;0;0
DRESDEN/troublemaker01;PALAMEDES_JAVA_ECLIPSE;0.6.1;false;NoClassDefFoundError: com/parctechnologies/eclipse/CompoundTerm;0;0;0
BASE/checkers-mustjump-torus;PALAMEDES_JAVA_ECLIPSE;0.6.1;false;NoClassDefFoundError: com/parctechnologies/eclipse/CompoundTerm;0;0;0
DRESDEN/peg_bugfixed;PALAMEDES_JAVA_ECLIPSE;0.6.1;false;NoClassDefFoundError: com/parctechnologies/eclipse/CompoundTerm;0;0;0
BASE/snakeParallel;PALAMEDES_JAVA_ECLIPSE;0.6.1;false;NoClassDefFoundError: com/parctechnologies/eclipse/CompoundTerm;0;0;0
BASE/tictactoe2;PALAMEDES_JAVA_ECLIPSE;0.6.1;false;NoClassDefFoundError: com/parctechnologies/eclipse/CompoundTerm;0;0;0
DRESDEN/quad;PALAMEDES_JAVA_ECLIPSE;0.6.1;false;NoClassDefFoundError: com/parctechnologies/eclipse/CompoundTerm;0;0;0
DRESDEN/blocker;PALAMEDES_JAVA_ECLIPSE;0.6.1;false;NoClassDefFoundError: com/parctechnologies/eclipse/CompoundTerm;0;0;0
BASE/sudoku;PALAMEDES_JAVA_ECLIPSE;0.6.1;false;NoClassDefFoundError: com/parctechnologies/eclipse/CompoundTerm;0;0;0
DRESDEN/3qbf-5cnf-20var-40cl.0.qdimacs;PALAMEDES_JAVA_ECLIPSE;0.6.1;false;NoClassDefFoundError: com/parctechnologies/eclipse/CompoundTerm;0;0;0
DRESDEN/endgame;PALAMEDES_JAVA_ECLIPSE;0.6.1;false;NoClassDefFoundError: com/parctechnologies/eclipse/CompoundTerm;0;0;0
DRESDEN/kalaha_2009;PALAMEDES_JAVA_ECLIPSE;0.6.1;false;NoClassDefFoundError: com/parctechnologies/eclipse/CompoundTerm;0;0;0
DRESDEN/battlebrushes;PALAMEDES_JAVA_ECLIPSE;0.6.1;false;NoClassDefFoundError: com/parctechnologies/eclipse/CompoundTerm;0;0;0
DRESDEN/double_tictactoe_dengji;PALAMEDES_JAVA_ECLIPSE;0.6.1;false;NoClassDefFoundError: com/parctechnologies/eclipse/CompoundTerm;0;0;0
DRESDEN/knightfight;PALAMEDES_JAVA_ECLIPSE;0.6.1;false;NoClassDefFoundError: com/parctechnologies/eclipse/CompoundTerm;0;0;0
BASE/ticTicToe;PALAMEDES_JAVA_ECLIPSE;0.6.1;false;NoClassDefFoundError: com/parctechnologies/eclipse/CompoundTerm;0;0;0
DRESDEN/nim1;PALAMEDES_JAVA_ECLIPSE;0.6.1;false;NoClassDefFoundError: com/parctechnologies/eclipse/CompoundTerm;0;0;0
DRESDEN/troublemaker02;PALAMEDES_JAVA_ECLIPSE;0.6.1;false;NoClassDefFoundError: com/parctechnologies/eclipse/CompoundTerm;0;0;0
BASE/survival;PALAMEDES_JAVA_ECLIPSE;0.6.1;false;NoClassDefFoundError: com/parctechnologies/eclipse/CompoundTerm;0;0;0
DRESDEN/hanoi;PALAMEDES_JAVA_ECLIPSE;0.6.1;false;NoClassDefFoundError: com/parctechnologies/eclipse/CompoundTerm;0;0;0
DRESDEN/bidding-tictactoe_10coins;PALAMEDES_JAVA_ECLIPSE;0.6.1;false;NoClassDefFoundError: com/parctechnologies/eclipse/CompoundTerm;0;0;0
BASE/colonelBlottoVariant2;PALAMEDES_JAVA_ECLIPSE;0.6.1;false;NoClassDefFoundError: com/parctechnologies/eclipse/CompoundTerm;0;0;0
DRESDEN/chinesecheckers2;PALAMEDES_JAVA_ECLIPSE;0.6.1;false;NoClassDefFoundError: com/parctechnologies/eclipse/CompoundTerm;0;0;0
DRESDEN/bomberman2p;PALAMEDES_JAVA_ECLIPSE;0.6.1;false;NoClassDefFoundError: com/parctechnologies/eclipse/CompoundTerm;0;0;0
BASE/queens08ug;PALAMEDES_JAVA_ECLIPSE;0.6.1;false;NoClassDefFoundError: com/parctechnologies/eclipse/CompoundTerm;0;0;0
DRESDEN/amazons;PALAMEDES_JAVA_ECLIPSE;0.6.1;false;NoClassDefFoundError: com/parctechnologies/eclipse/CompoundTerm;0;0;0
DRESDEN/3pffa;PALAMEDES_JAVA_ECLIPSE;0.6.1;false;NoClassDefFoundError: com/parctechnologies/eclipse/CompoundTerm;0;0;0
DRESDEN/vacuumcleaner_random;PALAMEDES_JAVA_ECLIPSE;0.6.1;false;NoClassDefFoundError: com/parctechnologies/eclipse/CompoundTerm;0;0;0
STANFORD/pentago;PALAMEDES_JAVA_ECLIPSE;0.6.1;false;NoClassDefFoundError: com/parctechnologies/eclipse/CompoundTerm;0;0;0
DRESDEN/nim2;PALAMEDES_JAVA_ECLIPSE;0.6.1;false;NoClassDefFoundError: com/parctechnologies/eclipse/CompoundTerm;0;0;0
STANFORD/8puzzle;PALAMEDES_JAVA_ECLIPSE;0.6.1;false;NoClassDefFoundError: com/parctechnologies/eclipse/CompoundTerm;0;0;0
BASE/lightsOut;PALAMEDES_JAVA_ECLIPSE;0.6.1;false;NoClassDefFoundError: com/parctechnologies/eclipse/CompoundTerm;0;0;0
BASE/blocksWorldSerial;PALAMEDES_JAVA_ECLIPSE;0.6.1;false;NoClassDefFoundError: com/parctechnologies/eclipse/CompoundTerm;0;0;0
BASE/coins_atomic;PALAMEDES_JAVA_ECLIPSE;0.6.1;false;NoClassDefFoundError: com/parctechnologies/eclipse/CompoundTerm;0;0;0
DRESDEN/brawl;PALAMEDES_JAVA_ECLIPSE;0.6.1;false;NoClassDefFoundError: com/parctechnologies/eclipse/CompoundTerm;0;0;0
BASE/hanoi7_bugfix;PALAMEDES_JAVA_ECLIPSE;0.6.1;false;NoClassDefFoundError: com/parctechnologies/eclipse/CompoundTerm;0;0;0
DRESDEN/hanoi_6_disks;PALAMEDES_JAVA_ECLIPSE;0.6.1;false;NoClassDefFoundError: com/parctechnologies/eclipse/CompoundTerm;0;0;0
BASE/tictactoe_3d_2player;PALAMEDES_JAVA_ECLIPSE;0.6.1;false;NoClassDefFoundError: com/parctechnologies/eclipse/CompoundTerm;0;0;0
DRESDEN/skirmishfinal;PALAMEDES_JAVA_ECLIPSE;0.6.1;false;NoClassDefFoundError: com/parctechnologies/eclipse/CompoundTerm;0;0;0
DRESDEN/logistics;PALAMEDES_JAVA_ECLIPSE;0.6.1;false;NoClassDefFoundError: com/parctechnologies/eclipse/CompoundTerm;0;0;0
DRESDEN/chinesecheckers1;PALAMEDES_JAVA_ECLIPSE;0.6.1;false;NoClassDefFoundError: com/parctechnologies/eclipse/CompoundTerm;0;0;0
BASE/factoringMutuallyAssuredDestruction;PALAMEDES_JAVA_ECLIPSE;0.6.1;false;NoClassDefFoundError: com/parctechnologies/eclipse/CompoundTerm;0;0;0
DRESDEN/tictactoe_3d_6player;PALAMEDES_JAVA_ECLIPSE;0.6.1;false;NoClassDefFoundError: com/parctechnologies/eclipse/CompoundTerm;0;0;0
BASE/roshambo2;PALAMEDES_JAVA_ECLIPSE;0.6.1;false;NoClassDefFoundError: com/parctechnologies/eclipse/CompoundTerm;0;0;0
BASE/2pffa_zerosum;PALAMEDES_JAVA_ECLIPSE;0.6.1;false;NoClassDefFoundError: com/parctechnologies/eclipse/CompoundTerm;0;0;0
BASE/smallest_4player;PALAMEDES_JAVA_ECLIPSE;0.6.1;false;NoClassDefFoundError: com/parctechnologies/eclipse/CompoundTerm;0;0;0
BASE/othelloSuicide;PALAMEDES_JAVA_ECLIPSE;0.6.1;false;NoClassDefFoundError: com/parctechnologies/eclipse/CompoundTerm;0;0;0
