BASE/cubicup_3player;PALAMEDES_GAME_SIMULATOR_USEOPT_TRUE;0.6.1;true;;30000;1606;19
BASE/blocks2player;PALAMEDES_GAME_SIMULATOR_USEOPT_TRUE;0.6.1;true;;30000;123720;6873
DRESDEN/skirmish3;PALAMEDES_GAME_SIMULATOR_USEOPT_TRUE;0.6.1;true;;30000;4912;122
DRESDEN/fizzbuzz;PALAMEDES_GAME_SIMULATOR_USEOPT_TRUE;0.6.1;true;;30000;281836;9394
BASE/tttcc4;PALAMEDES_GAME_SIMULATOR_USEOPT_TRUE;0.6.1;true;;30000;10498;373
STANFORD/tictactoe5;PALAMEDES_GAME_SIMULATOR_USEOPT_TRUE;0.6.1;true;;30000;55718;15301
BASE/sudokuGrade6H;PALAMEDES_GAME_SIMULATOR_USEOPT_TRUE;0.6.1;true;;30072;355;7
BASE/snakeAssemblit;PALAMEDES_GAME_SIMULATOR_USEOPT_TRUE;0.6.1;true;;30000;8366;1039
BASE/blocksWorld;PALAMEDES_GAME_SIMULATOR_USEOPT_TRUE;0.6.1;true;;30000;156855;52285
DRESDEN/4pttc;PALAMEDES_GAME_SIMULATOR_USEOPT_TRUE;0.6.1;true;;30000;17608;556
BASE/ticTacToeParallel;PALAMEDES_GAME_SIMULATOR_USEOPT_TRUE;0.6.1;true;;30000;23205;3354
BASE/othello-comp2007;PALAMEDES_GAME_SIMULATOR_USEOPT_TRUE;0.6.1;true;;30246;100;1
BASE/reversi;PALAMEDES_GAME_SIMULATOR_USEOPT_TRUE;0.6.1;true;;30002;389;6
BASE/nim4;PALAMEDES_GAME_SIMULATOR_USEOPT_TRUE;0.6.1;true;;30000;105030;7866
DRESDEN/toetictac;PALAMEDES_GAME_SIMULATOR_USEOPT_TRUE;0.6.1;true;;30000;98886;12947
BASE/checkers-newgoals;PALAMEDES_GAME_SIMULATOR_USEOPT_TRUE;0.6.1;true;;30005;3449;34
BASE/cylinder-checkers;PALAMEDES_GAME_SIMULATOR_USEOPT_TRUE;0.6.1;true;;30008;3190;32
BASE/gt_two_thirds_6p;PALAMEDES_GAME_SIMULATOR_USEOPT_TRUE;0.6.1;false;Exception of type NullPointerException;0;0;0
DRESDEN/amazons;PALAMEDES_GAME_SIMULATOR_USEOPT_TRUE;0.6.1;true;;30185;291;4
BASE/asteroidsSerial;PALAMEDES_GAME_SIMULATOR_USEOPT_TRUE;0.6.1;true;;30000;62119;672
BASE/dualConnect4;PALAMEDES_GAME_SIMULATOR_USEOPT_TRUE;0.6.1;true;;30001;11664;366
BASE/slaughter;PALAMEDES_GAME_SIMULATOR_USEOPT_TRUE;0.6.1;true;;30024;469;2
BASE/skirmishHoles;PALAMEDES_GAME_SIMULATOR_USEOPT_TRUE;0.6.1;true;;30031;761;7
BASE/sudoku;PALAMEDES_GAME_SIMULATOR_USEOPT_TRUE;0.6.1;false;Exception of type NullPointerException;0;0;0
BASE/lightsOn;PALAMEDES_GAME_SIMULATOR_USEOPT_TRUE;0.6.1;true;;30000;122116;9860
DRESDEN/pancakes6;PALAMEDES_GAME_SIMULATOR_USEOPT_TRUE;0.6.1;true;;30000;267803;6747
BASE/pacman2p;PALAMEDES_GAME_SIMULATOR_USEOPT_TRUE;0.6.1;true;;30000;15183;311
BASE/doubletoetictac;PALAMEDES_GAME_SIMULATOR_USEOPT_TRUE;0.6.1;true;;30000;28362;3397
BASE/untwistycomplex2;PALAMEDES_GAME_SIMULATOR_USEOPT_TRUE;0.6.1;true;;30000;334259;47751
STANFORD/freeforall;PALAMEDES_GAME_SIMULATOR_USEOPT_TRUE;0.6.1;true;;30001;21416;713
STANFORD/knightstourmedium;PALAMEDES_GAME_SIMULATOR_USEOPT_TRUE;0.6.1;true;;30000;209447;52354
DRESDEN/capture_the_king;PALAMEDES_GAME_SIMULATOR_USEOPT_TRUE;0.6.1;true;;30010;1247;20
BASE/minichess-evilconjuncts;PALAMEDES_GAME_SIMULATOR_USEOPT_TRUE;0.6.1;false;Exception of type NullPointerException;0;0;0
DRESDEN/mummymaze2p;PALAMEDES_GAME_SIMULATOR_USEOPT_TRUE;0.6.1;true;;30001;16071;325
BASE/kalaha6x2x4;PALAMEDES_GAME_SIMULATOR_USEOPT_TRUE;0.6.1;true;;30000;37279;202
BASE/biddingTicTacToe_10coins;PALAMEDES_GAME_SIMULATOR_USEOPT_TRUE;0.6.1;true;;30000;43266;2933
DRESDEN/racer;PALAMEDES_GAME_SIMULATOR_USEOPT_TRUE;0.6.1;true;;30000;33815;2460
BASE/ticTacToeNoVars;PALAMEDES_GAME_SIMULATOR_USEOPT_TRUE;0.6.1;true;;30000;27156;3560
BASE/factoringMediumTurtleBrain;PALAMEDES_GAME_SIMULATOR_USEOPT_TRUE;0.6.1;true;;30000;13452;160
DRESDEN/vacuumcleaner_obstacles_1;PALAMEDES_GAME_SIMULATOR_USEOPT_TRUE;0.6.1;true;;30000;71247;11797
STANFORD/hunter;PALAMEDES_GAME_SIMULATOR_USEOPT_TRUE;0.6.1;true;;30000;54040;3860
STANFORD/duikoshi;PALAMEDES_GAME_SIMULATOR_USEOPT_TRUE;0.6.1;true;;30000;12313;916
DRESDEN/cube_2x2x2;PALAMEDES_GAME_SIMULATOR_USEOPT_TRUE;0.6.1;true;;30000;30492;2543
BASE/connectFourSuicide;PALAMEDES_GAME_SIMULATOR_USEOPT_TRUE;0.6.1;true;;30000;16528;744
DRESDEN/oisters_farm;PALAMEDES_GAME_SIMULATOR_USEOPT_TRUE;0.6.1;true;;30000;141929;2897
BASE/chickentictactoe;PALAMEDES_GAME_SIMULATOR_USEOPT_TRUE;0.6.1;true;;30000;51013;7194
STANFORD/tictactoe7;PALAMEDES_GAME_SIMULATOR_USEOPT_TRUE;0.6.1;true;;30000;58745;10644
BASE/breakthrough;PALAMEDES_GAME_SIMULATOR_USEOPT_TRUE;0.6.1;true;;30001;9318;144
BASE/crissrace;PALAMEDES_GAME_SIMULATOR_USEOPT_TRUE;0.6.1;true;;30001;14792;329
BASE/gt_ultimatum;PALAMEDES_GAME_SIMULATOR_USEOPT_TRUE;0.6.1;true;;30000;113833;5691
BASE/tron_10x10;PALAMEDES_GAME_SIMULATOR_USEOPT_TRUE;0.6.1;true;;30000;41346;13672
BASE/duplicateStateMedium;PALAMEDES_GAME_SIMULATOR_USEOPT_TRUE;0.6.1;true;;30000;44406;4934
DRESDEN/merrills;PALAMEDES_GAME_SIMULATOR_USEOPT_TRUE;0.6.1;true;;30054;744;12
BASE/stateSpaceMedium;PALAMEDES_GAME_SIMULATOR_USEOPT_TRUE;0.6.1;true;;30000;68358;7595
BASE/gt_prisoner;PALAMEDES_GAME_SIMULATOR_USEOPT_TRUE;0.6.1;true;;30000;123895;6194
DRESDEN/javastrike;PALAMEDES_GAME_SIMULATOR_USEOPT_TRUE;0.6.1;true;;30002;4783;9
DRESDEN/Runners;PALAMEDES_GAME_SIMULATOR_USEOPT_TRUE;0.6.1;true;;30000;265685;5422
DRESDEN/uf20-010.cnf.SAT.satlike;PALAMEDES_GAME_SIMULATOR_USEOPT_TRUE;0.6.1;true;;35021;40;2
BASE/checkers-cylinder-mustjump;PALAMEDES_GAME_SIMULATOR_USEOPT_TRUE;0.6.1;true;;30007;2362;52
DRESDEN/vacuumcleaner_obstacles_2;PALAMEDES_GAME_SIMULATOR_USEOPT_TRUE;0.6.1;true;;30000;72915;12207
BASE/blockerParallel;PALAMEDES_GAME_SIMULATOR_USEOPT_TRUE;0.6.1;true;;30001;6740;964
DRESDEN/sat_test_20v_91c;PALAMEDES_GAME_SIMULATOR_USEOPT_TRUE;0.6.1;true;;30002;16596;829
BASE/pacman3p;PALAMEDES_GAME_SIMULATOR_USEOPT_TRUE;0.6.1;true;;30001;15450;305
DRESDEN/chinesecheckers6;PALAMEDES_GAME_SIMULATOR_USEOPT_TRUE;0.6.1;true;;30000;13678;231
BASE/4pffa;PALAMEDES_GAME_SIMULATOR_USEOPT_TRUE;0.6.1;true;;30001;17982;449
DRESDEN/racer4;PALAMEDES_GAME_SIMULATOR_USEOPT_TRUE;0.6.1;true;;30000;14872;678
BASE/pearls;PALAMEDES_GAME_SIMULATOR_USEOPT_TRUE;0.6.1;true;;30000;335295;30481
DRESDEN/pancakes88;PALAMEDES_GAME_SIMULATOR_USEOPT_TRUE;0.6.1;true;;30000;212580;5314
DRESDEN/tictactoeparallel;PALAMEDES_GAME_SIMULATOR_USEOPT_TRUE;0.6.1;true;;30000;23531;3407
DRESDEN/statespacelarge;PALAMEDES_GAME_SIMULATOR_USEOPT_TRUE;0.6.1;true;;30000;23590;1685
BASE/knightwar;PALAMEDES_GAME_SIMULATOR_USEOPT_TRUE;0.6.1;true;;30000;25790;3028
BASE/maze;PALAMEDES_GAME_SIMULATOR_USEOPT_TRUE;0.6.1;true;;30000;266171;30309
DRESDEN/mummymaze2p-comp2007;PALAMEDES_GAME_SIMULATOR_USEOPT_TRUE;0.6.1;true;;30001;28810;616
DRESDEN/kitten_escapes_from_fire;PALAMEDES_GAME_SIMULATOR_USEOPT_TRUE;0.6.1;true;;30000;58230;7029
DRESDEN/checkers;PALAMEDES_GAME_SIMULATOR_USEOPT_TRUE;0.6.1;true;;30006;3550;35
DRESDEN/babel;PALAMEDES_GAME_SIMULATOR_USEOPT_TRUE;0.6.1;true;;30000;5754;287
BASE/cittaceot;PALAMEDES_GAME_SIMULATOR_USEOPT_TRUE;0.6.1;true;;30000;12739;591
BASE/snake_2009;PALAMEDES_GAME_SIMULATOR_USEOPT_TRUE;0.6.1;true;;30000;11850;727
DRESDEN/quarto;PALAMEDES_GAME_SIMULATOR_USEOPT_TRUE;0.6.1;true;;30000;23216;993
BASE/factoringEasyTurtleBrain;PALAMEDES_GAME_SIMULATOR_USEOPT_TRUE;0.6.1;true;;30000;54600;910
BASE/ticTacToeLarge;PALAMEDES_GAME_SIMULATOR_USEOPT_TRUE;0.6.1;true;;30000;26630;1115
BASE/choicethroughalt;PALAMEDES_GAME_SIMULATOR_USEOPT_TRUE;0.6.1;true;;30000;7140;184
DRESDEN/battlesnakes1509;PALAMEDES_GAME_SIMULATOR_USEOPT_TRUE;0.6.1;true;;30001;12783;307
DRESDEN/mummymaze1p;PALAMEDES_GAME_SIMULATOR_USEOPT_TRUE;0.6.1;true;;30000;16921;3179
BASE/nim1;PALAMEDES_GAME_SIMULATOR_USEOPT_TRUE;0.6.1;true;;30000;149102;21719
BASE/3pttc;PALAMEDES_GAME_SIMULATOR_USEOPT_TRUE;0.6.1;true;;30001;18327;631
STANFORD/selectivesukoshi;PALAMEDES_GAME_SIMULATOR_USEOPT_TRUE;0.6.1;true;;30006;1216;41
BASE/bunk_t;PALAMEDES_GAME_SIMULATOR_USEOPT_TRUE;0.6.1;true;;30000;28917;3475
DRESDEN/pawntoqueen;PALAMEDES_GAME_SIMULATOR_USEOPT_TRUE;0.6.1;true;;30043;471;35
DRESDEN/queens;PALAMEDES_GAME_SIMULATOR_USEOPT_TRUE;0.6.1;true;;30676;130;13
BASE/wargame01;PALAMEDES_GAME_SIMULATOR_USEOPT_TRUE;0.6.1;true;;30001;11917;1188
DRESDEN/vacuumcleaner_random;PALAMEDES_GAME_SIMULATOR_USEOPT_TRUE;0.6.1;true;;30000;57111;9347
BASE/quartoSuicide;PALAMEDES_GAME_SIMULATOR_USEOPT_TRUE;0.6.1;true;;30001;22733;967
BASE/2pttc;PALAMEDES_GAME_SIMULATOR_USEOPT_TRUE;0.6.1;true;;30000;19386;702
BASE/lightsOnParallel;PALAMEDES_GAME_SIMULATOR_USEOPT_TRUE;0.6.1;true;;30000;45422;2292
BASE/amazonsSuicide_10x10;PALAMEDES_GAME_SIMULATOR_USEOPT_TRUE;0.6.1;true;;30000;5391;40
BASE/checkersSmall;PALAMEDES_GAME_SIMULATOR_USEOPT_TRUE;0.6.1;true;;30001;7153;77
BASE/skirmishZeroSum;PALAMEDES_GAME_SIMULATOR_USEOPT_TRUE;0.6.1;true;;30005;3652;36
BASE/kalaha_2009;PALAMEDES_GAME_SIMULATOR_USEOPT_TRUE;0.6.1;true;;30000;38727;462
DRESDEN/brain_teaser_extended;PALAMEDES_GAME_SIMULATOR_USEOPT_TRUE;0.6.1;true;;30001;41356;2757
BASE/factoringGeorgeForman;PALAMEDES_GAME_SIMULATOR_USEOPT_TRUE;0.6.1;true;;30000;79793;1654
BASE/knightazons;PALAMEDES_GAME_SIMULATOR_USEOPT_TRUE;0.6.1;true;;30005;3979;60
DRESDEN/backgammon;PALAMEDES_GAME_SIMULATOR_USEOPT_TRUE;0.6.1;true;;30004;4670;23
STANFORD/pentago;PALAMEDES_GAME_SIMULATOR_USEOPT_TRUE;0.6.1;true;;30000;8902;162
STANFORD/untwistycomplex;PALAMEDES_GAME_SIMULATOR_USEOPT_TRUE;0.6.1;true;;30000;131664;14629
BASE/pawnWhopping;PALAMEDES_GAME_SIMULATOR_USEOPT_TRUE;0.6.1;true;;30001;13987;409
STANFORD/breakthrough;PALAMEDES_GAME_SIMULATOR_USEOPT_TRUE;0.6.1;true;;30001;11896;185
DRESDEN/crisscross;PALAMEDES_GAME_SIMULATOR_USEOPT_TRUE;0.6.1;true;;30000;19861;769
BASE/quad;PALAMEDES_GAME_SIMULATOR_USEOPT_TRUE;0.6.1;true;;30091;122;3
DRESDEN/catcha_mouse;PALAMEDES_GAME_SIMULATOR_USEOPT_TRUE;0.6.1;true;;30000;15815;1192
DRESDEN/hanoi;PALAMEDES_GAME_SIMULATOR_USEOPT_TRUE;0.6.1;true;;30000;117767;3798
DRESDEN/bomberman2p;PALAMEDES_GAME_SIMULATOR_USEOPT_TRUE;0.6.1;true;;30000;23294;2977
DRESDEN/chinesecheckers4;PALAMEDES_GAME_SIMULATOR_USEOPT_TRUE;0.6.1;true;;30002;10197;175
DRESDEN/knightfight;PALAMEDES_GAME_SIMULATOR_USEOPT_TRUE;0.6.1;true;;30000;47743;4478
DRESDEN/othello-cornercontrol;PALAMEDES_GAME_SIMULATOR_USEOPT_TRUE;0.6.1;true;;30068;195;5
STANFORD/bestbuttonsandlightsbig;PALAMEDES_GAME_SIMULATOR_USEOPT_TRUE;0.6.1;true;;30000;125378;20896
DRESDEN/CephalopodMicro;PALAMEDES_GAME_SIMULATOR_USEOPT_TRUE;0.6.1;true;;30063;430;10
BASE/hallway;PALAMEDES_GAME_SIMULATOR_USEOPT_TRUE;0.6.1;true;;30003;4662;155
BASE/tictactoe-init1;PALAMEDES_GAME_SIMULATOR_USEOPT_TRUE;0.6.1;true;;30000;58493;16781
BASE/max_knights;PALAMEDES_GAME_SIMULATOR_USEOPT_TRUE;0.6.1;true;;30000;13300;2547
BASE/breakthroughHoles;PALAMEDES_GAME_SIMULATOR_USEOPT_TRUE;0.6.1;true;;30001;9425;154
BASE/factoringImpossibleTurtleBrain;PALAMEDES_GAME_SIMULATOR_USEOPT_TRUE;0.6.1;true;;34161;8;0
BASE/nim3;PALAMEDES_GAME_SIMULATOR_USEOPT_TRUE;0.6.1;true;;30000;108071;8174
BASE/ruleDepthLinear;PALAMEDES_GAME_SIMULATOR_USEOPT_TRUE;0.6.1;true;;30000;368805;184076
STANFORD/hex;PALAMEDES_GAME_SIMULATOR_USEOPT_TRUE;0.6.1;true;;30000;4544;64
BASE/breakthroughSmall;PALAMEDES_GAME_SIMULATOR_USEOPT_TRUE;0.6.1;true;;30001;13784;485
BASE/snake_2009_big;PALAMEDES_GAME_SIMULATOR_USEOPT_TRUE;0.6.1;true;;30000;9415;521
STANFORD/tictactoe3;PALAMEDES_GAME_SIMULATOR_USEOPT_TRUE;0.6.1;true;;30000;51340;19243
BASE/sheepAndWolf;PALAMEDES_GAME_SIMULATOR_USEOPT_TRUE;0.6.1;true;;30000;13331;321
BASE/wargame03;PALAMEDES_GAME_SIMULATOR_USEOPT_TRUE;0.6.1;true;;30000;9699;1506
BASE/checkers-mustjump;PALAMEDES_GAME_SIMULATOR_USEOPT_TRUE;0.6.1;true;;30001;2862;57
DRESDEN/chinesecheckers3;PALAMEDES_GAME_SIMULATOR_USEOPT_TRUE;0.6.1;true;;30001;18063;333
DRESDEN/catch_me;PALAMEDES_GAME_SIMULATOR_USEOPT_TRUE;0.6.1;true;;30000;107649;3182
BASE/connectFourLarger;PALAMEDES_GAME_SIMULATOR_USEOPT_TRUE;0.6.1;true;;30002;7206;221
BASE/numbertictactoe;PALAMEDES_GAME_SIMULATOR_USEOPT_TRUE;0.6.1;true;;30000;32811;4078
DRESDEN/bidding-tictactoe;PALAMEDES_GAME_SIMULATOR_USEOPT_TRUE;0.6.1;true;;30000;47945;3275
BASE/ticblock;PALAMEDES_GAME_SIMULATOR_USEOPT_TRUE;0.6.1;true;;30000;35983;2169
BASE/cephalopodMicro;PALAMEDES_GAME_SIMULATOR_USEOPT_TRUE;0.6.1;true;;30006;435;10
DRESDEN/chinesecheckers2;PALAMEDES_GAME_SIMULATOR_USEOPT_TRUE;0.6.1;true;;30000;20178;534
BASE/tictactoe_3d_6player;PALAMEDES_GAME_SIMULATOR_USEOPT_TRUE;0.6.1;true;;30067;2709;25
BASE/nim2;PALAMEDES_GAME_SIMULATOR_USEOPT_TRUE;0.6.1;true;;30000;140346;15853
BASE/kalaha5x2x3;PALAMEDES_GAME_SIMULATOR_USEOPT_TRUE;0.6.1;true;;30000;40988;420
DRESDEN/quad_5x5_8_2;PALAMEDES_GAME_SIMULATOR_USEOPT_TRUE;0.6.1;true;;30012;1877;102
BASE/quad_5x5;PALAMEDES_GAME_SIMULATOR_USEOPT_TRUE;0.6.1;true;;30112;1405;99
BASE/brawl;PALAMEDES_GAME_SIMULATOR_USEOPT_TRUE;0.6.1;true;;30017;1412;141
DRESDEN/blocks;PALAMEDES_GAME_SIMULATOR_USEOPT_TRUE;0.6.1;true;;30000;156673;52224
BASE/hanoi_6_disks;PALAMEDES_GAME_SIMULATOR_USEOPT_TRUE;0.6.1;true;;30000;90496;25118
BASE/wargame02;PALAMEDES_GAME_SIMULATOR_USEOPT_TRUE;0.6.1;true;;30002;6656;2254
DRESDEN/towerworld;PALAMEDES_GAME_SIMULATOR_USEOPT_TRUE;0.6.1;true;;30002;532;1
BASE/checkersBarrelNoKings;PALAMEDES_GAME_SIMULATOR_USEOPT_TRUE;0.6.1;true;;30003;11488;180
BASE/ruleDepthExponential;PALAMEDES_GAME_SIMULATOR_USEOPT_TRUE;0.6.1;true;;193203;22;8
BASE/sudokuGrade6E;PALAMEDES_GAME_SIMULATOR_USEOPT_TRUE;0.6.1;true;;30040;365;7
DRESDEN/uf20-020.cnf.SAT.satlike;PALAMEDES_GAME_SIMULATOR_USEOPT_TRUE;0.6.1;true;;162828;40;2
DRESDEN/3pffa;PALAMEDES_GAME_SIMULATOR_USEOPT_TRUE;0.6.1;true;;30001;23872;795
DRESDEN/peg_bugfixed;PALAMEDES_GAME_SIMULATOR_USEOPT_TRUE;0.6.1;true;;30002;9843;405
BASE/double_tictactoe_dengji;PALAMEDES_GAME_SIMULATOR_USEOPT_TRUE;0.6.1;true;;30000;33151;2332
DRESDEN/knightstour;PALAMEDES_GAME_SIMULATOR_USEOPT_TRUE;0.6.1;true;;30000;207973;42917
DRESDEN/chinesecheckers6-simultaneous;PALAMEDES_GAME_SIMULATOR_USEOPT_TRUE;0.6.1;true;;30003;5058;219
BASE/tictactoex9;PALAMEDES_GAME_SIMULATOR_USEOPT_TRUE;0.6.1;true;;30000;6355;225
BASE/amazons_10x10;PALAMEDES_GAME_SIMULATOR_USEOPT_TRUE;0.6.1;true;;30002;5460;40
STANFORD/checkersonabarrelnokings;PALAMEDES_GAME_SIMULATOR_USEOPT_TRUE;0.6.1;true;;30000;10859;171
BASE/amazonsTorus;PALAMEDES_GAME_SIMULATOR_USEOPT_TRUE;0.6.1;false;Test process timed out after 240 seconds;0;0;0
BASE/racetrackcorridor;PALAMEDES_GAME_SIMULATOR_USEOPT_TRUE;0.6.1;true;;30001;18705;938
DRESDEN/snake_2008;PALAMEDES_GAME_SIMULATOR_USEOPT_TRUE;0.6.1;true;;30000;12912;795
STANFORD/threepuzzle;PALAMEDES_GAME_SIMULATOR_USEOPT_TRUE;0.6.1;true;;30000;153648;25608
DRESDEN/tictactoe_3d_2player;PALAMEDES_GAME_SIMULATOR_USEOPT_TRUE;0.6.1;true;;30004;3043;84
BASE/chineseCheckers4;PALAMEDES_GAME_SIMULATOR_USEOPT_TRUE;0.6.1;true;;30000;20986;363
BASE/ttcc4;PALAMEDES_GAME_SIMULATOR_USEOPT_TRUE;0.6.1;true;;30003;10338;365
DRESDEN/kalaha_2009;PALAMEDES_GAME_SIMULATOR_USEOPT_TRUE;0.6.1;true;;30000;39464;475
DRESDEN/quad_5x5;PALAMEDES_GAME_SIMULATOR_USEOPT_TRUE;0.6.1;true;;30000;1314;92
BASE/gt_chicken;PALAMEDES_GAME_SIMULATOR_USEOPT_TRUE;0.6.1;true;;30000;115664;5783
BASE/blocker;PALAMEDES_GAME_SIMULATOR_USEOPT_TRUE;0.6.1;true;;30000;53698;6806
DRESDEN/connect4;PALAMEDES_GAME_SIMULATOR_USEOPT_TRUE;0.6.1;true;;30000;6733;312
DRESDEN/connectfoursuicide;PALAMEDES_GAME_SIMULATOR_USEOPT_TRUE;0.6.1;true;;30001;16420;725
BASE/golden_rectangle;PALAMEDES_GAME_SIMULATOR_USEOPT_TRUE;0.6.1;true;;30007;2876;96
DRESDEN/mimikry;PALAMEDES_GAME_SIMULATOR_USEOPT_TRUE;0.6.1;true;;30000;9107;372
DRESDEN/battlesnakes2011;PALAMEDES_GAME_SIMULATOR_USEOPT_TRUE;0.6.1;true;;30000;12405;390
BASE/colonelBlottoVariant;PALAMEDES_GAME_SIMULATOR_USEOPT_TRUE;0.6.1;true;;30000;118030;11803
BASE/sudokuGrade1;PALAMEDES_GAME_SIMULATOR_USEOPT_TRUE;0.6.1;true;;30029;393;11
BASE/gt_two_thirds_2p;PALAMEDES_GAME_SIMULATOR_USEOPT_TRUE;0.6.1;false;Exception of type NullPointerException;0;0;0
BASE/knightThrough;PALAMEDES_GAME_SIMULATOR_USEOPT_TRUE;0.6.1;true;;30000;13539;401
BASE/gt_centipede;PALAMEDES_GAME_SIMULATOR_USEOPT_TRUE;0.6.1;true;;30000;188292;94236
BASE/gt_dollar;PALAMEDES_GAME_SIMULATOR_USEOPT_TRUE;0.6.1;true;;30000;117664;59187
DRESDEN/tpeg;PALAMEDES_GAME_SIMULATOR_USEOPT_TRUE;0.6.1;true;;30001;10775;894
BASE/tictactoe_3player;PALAMEDES_GAME_SIMULATOR_USEOPT_TRUE;0.6.1;true;;30002;14062;688
BASE/chineseCheckers3;PALAMEDES_GAME_SIMULATOR_USEOPT_TRUE;0.6.1;true;;30000;36973;682
DRESDEN/CatchMeIfYouCanTest;PALAMEDES_GAME_SIMULATOR_USEOPT_TRUE;0.6.1;true;;30000;106468;3104
BASE/withConviction;PALAMEDES_GAME_SIMULATOR_USEOPT_TRUE;0.6.1;true;;30001;11187;447
BASE/chineseCheckers6;PALAMEDES_GAME_SIMULATOR_USEOPT_TRUE;0.6.1;true;;30000;23114;385
BASE/checkersTorusNoKings;PALAMEDES_GAME_SIMULATOR_USEOPT_TRUE;0.6.1;true;;30002;10563;177
DRESDEN/connect5;PALAMEDES_GAME_SIMULATOR_USEOPT_TRUE;0.6.1;true;;30003;6179;135
BASE/gt_staghunt;PALAMEDES_GAME_SIMULATOR_USEOPT_TRUE;0.6.1;true;;30000;129281;6464
BASE/futoshiki5;PALAMEDES_GAME_SIMULATOR_USEOPT_TRUE;0.6.1;true;;30000;5303;398
DRESDEN/gt_ultimatum;PALAMEDES_GAME_SIMULATOR_USEOPT_TRUE;0.6.1;true;;30000;114987;5749
BASE/firefighter;PALAMEDES_GAME_SIMULATOR_USEOPT_TRUE;0.6.1;true;;30000;100379;2282
BASE/peg;PALAMEDES_GAME_SIMULATOR_USEOPT_TRUE;0.6.1;true;;30000;9808;403
BASE/merrills;PALAMEDES_GAME_SIMULATOR_USEOPT_TRUE;0.6.1;true;;30029;763;12
STANFORD/rainbow;PALAMEDES_GAME_SIMULATOR_USEOPT_TRUE;0.6.1;false;Exception of type NullPointerException;0;0;0
DRESDEN/hanoi7;PALAMEDES_GAME_SIMULATOR_USEOPT_TRUE;0.6.1;true;;30000;105444;830
DRESDEN/circlesolitaire;PALAMEDES_GAME_SIMULATOR_USEOPT_TRUE;0.6.1;true;;30000;105645;10216
BASE/othelloHoles;PALAMEDES_GAME_SIMULATOR_USEOPT_TRUE;0.6.1;true;;30473;126;2
STANFORD/multiplebuttonsandlights_9;PALAMEDES_GAME_SIMULATOR_USEOPT_TRUE;0.6.1;true;;30000;204862;34144
BASE/tictactoe_3d_small_2player;PALAMEDES_GAME_SIMULATOR_USEOPT_TRUE;0.6.1;true;;30000;10058;816
BASE/sudokuGrade2;PALAMEDES_GAME_SIMULATOR_USEOPT_TRUE;0.6.1;true;;30030;383;10
DRESDEN/lightsout2;PALAMEDES_GAME_SIMULATOR_USEOPT_TRUE;0.6.1;true;;30000;21982;1099
BASE/chinook;PALAMEDES_GAME_SIMULATOR_USEOPT_TRUE;0.6.1;true;;30002;9449;331
BASE/checkers;PALAMEDES_GAME_SIMULATOR_USEOPT_TRUE;0.6.1;true;;30001;5338;53
BASE/blobwars;PALAMEDES_GAME_SIMULATOR_USEOPT_TRUE;0.6.1;true;;30000;5181;129
STANFORD/dualrainbow;PALAMEDES_GAME_SIMULATOR_USEOPT_TRUE;0.6.1;false;Exception of type NullPointerException;0;0;0
BASE/wallmaze;PALAMEDES_GAME_SIMULATOR_USEOPT_TRUE;0.6.1;true;;30003;8272;285
BASE/gt_coordination;PALAMEDES_GAME_SIMULATOR_USEOPT_TRUE;0.6.1;true;;30000;136005;6800
BASE/chickentoetictac;PALAMEDES_GAME_SIMULATOR_USEOPT_TRUE;0.6.1;true;;30000;81267;11435
DRESDEN/minichess;PALAMEDES_GAME_SIMULATOR_USEOPT_TRUE;0.6.1;true;;30001;20335;2295
STANFORD/sudoku;PALAMEDES_GAME_SIMULATOR_USEOPT_TRUE;0.6.1;true;;30057;372;9
BASE/blocksWorldParallel;PALAMEDES_GAME_SIMULATOR_USEOPT_TRUE;0.6.1;true;;30002;10628;3542
STANFORD/knightstourbig;PALAMEDES_GAME_SIMULATOR_USEOPT_TRUE;0.6.1;true;;30000;190786;33176
BASE/futoshiki4;PALAMEDES_GAME_SIMULATOR_USEOPT_TRUE;0.6.1;true;;30002;10975;1192
DRESDEN/guess;PALAMEDES_GAME_SIMULATOR_USEOPT_TRUE;0.6.1;true;;30000;28274;3167
DRESDEN/Goldrush;PALAMEDES_GAME_SIMULATOR_USEOPT_TRUE;0.6.1;true;;30000;19547;2617
BASE/connectFourSimultaneous;PALAMEDES_GAME_SIMULATOR_USEOPT_TRUE;0.6.1;true;;30002;7322;410
DRESDEN/sat_test_20v_91c_visualisation;PALAMEDES_GAME_SIMULATOR_USEOPT_TRUE;0.6.1;true;;30001;16452;822
BASE/checkers-suicide-cylinder-mustjump;PALAMEDES_GAME_SIMULATOR_USEOPT_TRUE;0.6.1;true;;30005;2334;52
BASE/englishDraughts;PALAMEDES_GAME_SIMULATOR_USEOPT_TRUE;0.6.1;true;;30001;11232;159
BASE/sudokuGrade3;PALAMEDES_GAME_SIMULATOR_USEOPT_TRUE;0.6.1;true;;30039;384;10
BASE/checkLines;PALAMEDES_GAME_SIMULATOR_USEOPT_TRUE;0.6.1;true;;30000;25658;1669
BASE/breakthroughSmallHoles;PALAMEDES_GAME_SIMULATOR_USEOPT_TRUE;0.6.1;true;;30001;12312;481
BASE/biddingTicTacToe;PALAMEDES_GAME_SIMULATOR_USEOPT_TRUE;0.6.1;true;;30000;47711;3233
DRESDEN/coins;PALAMEDES_GAME_SIMULATOR_USEOPT_TRUE;0.6.1;true;;30000;9303;3702
DRESDEN/snake_2009;PALAMEDES_GAME_SIMULATOR_USEOPT_TRUE;0.6.1;true;;30000;11747;693
DRESDEN/checkers-mustjump-torus;PALAMEDES_GAME_SIMULATOR_USEOPT_TRUE;0.6.1;true;;30004;2258;50
STANFORD/multiplebuttonsandlights;PALAMEDES_GAME_SIMULATOR_USEOPT_TRUE;0.6.1;true;;30000;194932;32488
BASE/blokbox_simple;PALAMEDES_GAME_SIMULATOR_USEOPT_TRUE;0.6.1;true;;30493;15;0
BASE/gt_tinfoil;PALAMEDES_GAME_SIMULATOR_USEOPT_TRUE;0.6.1;true;;30000;165914;16591
DRESDEN/statespacesmall;PALAMEDES_GAME_SIMULATOR_USEOPT_TRUE;0.6.1;true;;30000;211671;52917
DRESDEN/slidingpieces;PALAMEDES_GAME_SIMULATOR_USEOPT_TRUE;0.6.1;true;;30007;3615;44
DRESDEN/pacman3p;PALAMEDES_GAME_SIMULATOR_USEOPT_TRUE;0.6.1;true;;30001;15642;302
DRESDEN/buttons;PALAMEDES_GAME_SIMULATOR_USEOPT_TRUE;0.6.1;true;;30000;262584;43764
BASE/simultaneousWin2;PALAMEDES_GAME_SIMULATOR_USEOPT_TRUE;0.6.1;true;;30002;7103;116
BASE/sudokuGrade4;PALAMEDES_GAME_SIMULATOR_USEOPT_TRUE;0.6.1;true;;30004;392;10
BASE/racer;PALAMEDES_GAME_SIMULATOR_USEOPT_TRUE;0.6.1;true;;30000;36375;2596
BASE/snake2p;PALAMEDES_GAME_SIMULATOR_USEOPT_TRUE;0.6.1;true;;30000;6438;4798
DRESDEN/SC_TestOnly_enabled;PALAMEDES_GAME_SIMULATOR_USEOPT_TRUE;0.6.1;true;;30000;55872;6208
STANFORD/connectfour;PALAMEDES_GAME_SIMULATOR_USEOPT_TRUE;0.6.1;true;;30000;17096;792
STANFORD/dualhunter;PALAMEDES_GAME_SIMULATOR_USEOPT_TRUE;0.6.1;true;;30000;23519;1679
BASE/ticTacToeLargeSuicide;PALAMEDES_GAME_SIMULATOR_USEOPT_TRUE;0.6.1;true;;30000;27315;1147
BASE/pancakes;PALAMEDES_GAME_SIMULATOR_USEOPT_TRUE;0.6.1;true;;30000;277896;7006
DRESDEN/eotcatcit;PALAMEDES_GAME_SIMULATOR_USEOPT_TRUE;0.6.1;true;;30000;57746;7555
BASE/amazons_8x8;PALAMEDES_GAME_SIMULATOR_USEOPT_TRUE;0.6.1;true;;30000;7223;79
DRESDEN/point_grab;PALAMEDES_GAME_SIMULATOR_USEOPT_TRUE;0.6.1;true;;30000;232220;7740
DRESDEN/ggp-course2013_jordi;PALAMEDES_GAME_SIMULATOR_USEOPT_TRUE;0.6.1;true;;30011;2448;73
DRESDEN/uf20-020.cnf.SAT;PALAMEDES_GAME_SIMULATOR_USEOPT_TRUE;0.6.1;true;;30000;16484;824
DRESDEN/lightsout;PALAMEDES_GAME_SIMULATOR_USEOPT_TRUE;0.6.1;true;;30001;21607;1080
BASE/gt_two_thirds_4p;PALAMEDES_GAME_SIMULATOR_USEOPT_TRUE;0.6.1;false;Exception of type NullPointerException;0;0;0
BASE/sudokuGrade5;PALAMEDES_GAME_SIMULATOR_USEOPT_TRUE;0.6.1;true;;30033;390;10
BASE/doubletictactoe;PALAMEDES_GAME_SIMULATOR_USEOPT_TRUE;0.6.1;true;;30000;28495;3414
DRESDEN/hitori;PALAMEDES_GAME_SIMULATOR_USEOPT_TRUE;0.6.1;true;;30028;1063;11
BASE/four_way_battle;PALAMEDES_GAME_SIMULATOR_USEOPT_TRUE;0.6.1;true;;30005;3208;104
DRESDEN/roshambo2;PALAMEDES_GAME_SIMULATOR_USEOPT_TRUE;0.6.1;true;;30000;203062;23867
BASE/tictactoe_orthogonal;PALAMEDES_GAME_SIMULATOR_USEOPT_TRUE;0.6.1;true;;30000;68809;8610
BASE/colonelBlotto;PALAMEDES_GAME_SIMULATOR_USEOPT_TRUE;0.6.1;true;;30000;27017;5403
DRESDEN/god;PALAMEDES_GAME_SIMULATOR_USEOPT_TRUE;0.6.1;true;;30012;1272;60
DRESDEN/sum15;PALAMEDES_GAME_SIMULATOR_USEOPT_TRUE;0.6.1;true;;30000;68401;8969
BASE/ticTacToeSerial;PALAMEDES_GAME_SIMULATOR_USEOPT_TRUE;0.6.1;true;;30000;24729;1618
DRESDEN/hanoi7_bugfix;PALAMEDES_GAME_SIMULATOR_USEOPT_TRUE;0.6.1;true;;30000;105530;830
BASE/twisty-passages;PALAMEDES_GAME_SIMULATOR_USEOPT_TRUE;0.6.1;true;;30000;29788;149
DRESDEN/uf20-010.cnf.SAT;PALAMEDES_GAME_SIMULATOR_USEOPT_TRUE;0.6.1;true;;30001;17577;878
DRESDEN/sheep_and_wolf;PALAMEDES_GAME_SIMULATOR_USEOPT_TRUE;0.6.1;true;;30001;13080;324
BASE/chomp;PALAMEDES_GAME_SIMULATOR_USEOPT_TRUE;0.6.1;true;;30001;33923;4785
DRESDEN/2player_normal_form_2010;PALAMEDES_GAME_SIMULATOR_USEOPT_TRUE;0.6.1;true;;30000;102105;102105
BASE/chineseCheckers2;PALAMEDES_GAME_SIMULATOR_USEOPT_TRUE;0.6.1;true;;30000;42371;1123
STANFORD/multiplesukoshi;PALAMEDES_GAME_SIMULATOR_USEOPT_TRUE;0.6.1;true;;30023;1236;26
BASE/pentago;PALAMEDES_GAME_SIMULATOR_USEOPT_TRUE;0.6.1;true;;30002;6298;114
BASE/mummyMaze2p_2007;PALAMEDES_GAME_SIMULATOR_USEOPT_TRUE;0.6.1;true;;30000;29014;614
BASE/haystack;PALAMEDES_GAME_SIMULATOR_USEOPT_TRUE;0.6.1;true;;30000;476821;158797
BASE/crossers3;PALAMEDES_GAME_SIMULATOR_USEOPT_TRUE;0.6.1;true;;30001;18046;1368
DRESDEN/smallest_4player;PALAMEDES_GAME_SIMULATOR_USEOPT_TRUE;0.6.1;true;;30000;50087;2120
STANFORD/bestbuttonsandlights;PALAMEDES_GAME_SIMULATOR_USEOPT_TRUE;0.6.1;true;;30000;162203;27033
BASE/eightPuzzle;PALAMEDES_GAME_SIMULATOR_USEOPT_TRUE;0.6.1;true;;30000;80211;1336
DRESDEN/latenttictactoe;PALAMEDES_GAME_SIMULATOR_USEOPT_TRUE;0.6.1;true;;30000;34954;3301
STANFORD/nineboardtictactoe;PALAMEDES_GAME_SIMULATOR_USEOPT_TRUE;0.6.1;true;;30001;5116;172
DRESDEN/pawn_whopping;PALAMEDES_GAME_SIMULATOR_USEOPT_TRUE;0.6.1;true;;30002;14912;410
DRESDEN/skirmish2;PALAMEDES_GAME_SIMULATOR_USEOPT_TRUE;0.6.1;true;;30003;5237;130
DRESDEN/3qbf-5cnf-20var-40cl.1.qdimacs.viz.SAT;PALAMEDES_GAME_SIMULATOR_USEOPT_TRUE;0.6.1;true;;30001;18818;323
BASE/laikLee_hex;PALAMEDES_GAME_SIMULATOR_USEOPT_TRUE;0.6.1;true;;30914;778;38
DRESDEN/Travelers-Dilemma;PALAMEDES_GAME_SIMULATOR_USEOPT_TRUE;0.6.1;true;;30000;213793;21379
BASE/quad_7x7;PALAMEDES_GAME_SIMULATOR_USEOPT_TRUE;0.6.1;true;;31942;317;10
DRESDEN/blockerparallel;PALAMEDES_GAME_SIMULATOR_USEOPT_TRUE;0.6.1;true;;30004;6883;973
BASE/knightsTour;PALAMEDES_GAME_SIMULATOR_USEOPT_TRUE;0.6.1;true;;30000;209446;43121
DRESDEN/blocks2player;PALAMEDES_GAME_SIMULATOR_USEOPT_TRUE;0.6.1;true;;30000;126970;7053
BASE/chineseCheckers1;PALAMEDES_GAME_SIMULATOR_USEOPT_TRUE;0.6.1;true;;30000;56282;1986
BASE/knightfight;PALAMEDES_GAME_SIMULATOR_USEOPT_TRUE;0.6.1;true;;30001;46514;4245
DRESDEN/vacuumcleaner_random_big;PALAMEDES_GAME_SIMULATOR_USEOPT_TRUE;0.6.1;true;;30000;16200;2722
BASE/asteroidsParallel;PALAMEDES_GAME_SIMULATOR_USEOPT_TRUE;0.6.1;true;;30000;64647;1454
BASE/qyshinsu;PALAMEDES_GAME_SIMULATOR_USEOPT_TRUE;0.6.1;true;;30005;2319;97
BASE/hanoi;PALAMEDES_GAME_SIMULATOR_USEOPT_TRUE;0.6.1;true;;30000;118489;3822
BASE/aipsrovers01;PALAMEDES_GAME_SIMULATOR_USEOPT_TRUE;0.6.1;true;;30000;47351;1637
BASE/snakeParallel;PALAMEDES_GAME_SIMULATOR_USEOPT_TRUE;0.6.1;true;;30000;51004;11008
DRESDEN/checkers-cylinder-mustjump;PALAMEDES_GAME_SIMULATOR_USEOPT_TRUE;0.6.1;true;;30005;2360;53
DRESDEN/quad_7x7;PALAMEDES_GAME_SIMULATOR_USEOPT_TRUE;0.6.1;true;;35324;169;5
BASE/asteroids;PALAMEDES_GAME_SIMULATOR_USEOPT_TRUE;0.6.1;true;;30000;136168;2935
BASE/crisscross;PALAMEDES_GAME_SIMULATOR_USEOPT_TRUE;0.6.1;true;;30001;20491;792
BASE/skirmishFinal3;PALAMEDES_GAME_SIMULATOR_USEOPT_TRUE;0.6.1;true;;30010;1200;20
DRESDEN/pawn_whopping_simultaneous;PALAMEDES_GAME_SIMULATOR_USEOPT_TRUE;0.6.1;true;;30000;11123;616
DRESDEN/knightwar;PALAMEDES_GAME_SIMULATOR_USEOPT_TRUE;0.6.1;true;;30000;25953;3073
BASE/onestep;PALAMEDES_GAME_SIMULATOR_USEOPT_TRUE;0.6.1;true;;30000;503986;503986
BASE/queens;PALAMEDES_GAME_SIMULATOR_USEOPT_TRUE;0.6.1;true;;30037;130;13
DRESDEN/small_dominion;PALAMEDES_GAME_SIMULATOR_USEOPT_TRUE;0.6.1;true;;35697;32;0
BASE/ad_game_2x2;PALAMEDES_GAME_SIMULATOR_USEOPT_TRUE;0.6.1;true;;30045;660;353
DRESDEN/gt_prisoner;PALAMEDES_GAME_SIMULATOR_USEOPT_TRUE;0.6.1;true;;30000;122734;6136
BASE/ttcc4_2player_small;PALAMEDES_GAME_SIMULATOR_USEOPT_TRUE;0.6.1;true;;30000;17937;1178
BASE/knightsTourLarge;PALAMEDES_GAME_SIMULATOR_USEOPT_TRUE;0.6.1;true;;30000;198714;33333
DRESDEN/quartosuicide;PALAMEDES_GAME_SIMULATOR_USEOPT_TRUE;0.6.1;true;;30001;22898;973
BASE/ttcc4_2player_alt;PALAMEDES_GAME_SIMULATOR_USEOPT_TRUE;0.6.1;true;;30002;12587;330
BASE/connectFourLarge;PALAMEDES_GAME_SIMULATOR_USEOPT_TRUE;0.6.1;true;;30000;11423;432
DRESDEN/cylinder-checkers;PALAMEDES_GAME_SIMULATOR_USEOPT_TRUE;0.6.1;true;;30000;3204;33
BASE/dotsAndBoxesSuicide;PALAMEDES_GAME_SIMULATOR_USEOPT_TRUE;0.6.1;true;;30001;13292;221
DRESDEN/blobwars;PALAMEDES_GAME_SIMULATOR_USEOPT_TRUE;0.6.1;true;;30009;5252;131
STANFORD/trifecta;PALAMEDES_GAME_SIMULATOR_USEOPT_TRUE;0.6.1;true;;30000;58357;7653
BASE/duplicateStateSmall;PALAMEDES_GAME_SIMULATOR_USEOPT_TRUE;0.6.1;true;;30000;153648;38412
BASE/ticTacHeaven;PALAMEDES_GAME_SIMULATOR_USEOPT_TRUE;0.6.1;true;;30000;6176;274
DRESDEN/satlike_20v_91c;PALAMEDES_GAME_SIMULATOR_USEOPT_TRUE;0.6.1;true;;107386;20;1
BASE/hex;PALAMEDES_GAME_SIMULATOR_USEOPT_TRUE;0.6.1;true;;30002;4361;60
DRESDEN/Zhadu;PALAMEDES_GAME_SIMULATOR_USEOPT_TRUE;0.6.1;true;;30001;1333;31
STANFORD/chinook;PALAMEDES_GAME_SIMULATOR_USEOPT_TRUE;0.6.1;true;;30003;8578;214
BASE/alexChess;PALAMEDES_GAME_SIMULATOR_USEOPT_TRUE;0.6.1;false;Exception of type StackOverflowError;0;0;0
DRESDEN/tictactoe_3d_small_2player;PALAMEDES_GAME_SIMULATOR_USEOPT_TRUE;0.6.1;true;;30002;9466;775
BASE/4pttc;PALAMEDES_GAME_SIMULATOR_USEOPT_TRUE;0.6.1;true;;30001;15870;499
DRESDEN/connectfour;PALAMEDES_GAME_SIMULATOR_USEOPT_TRUE;0.6.1;true;;30000;16892;757
STANFORD/3puzzle;PALAMEDES_GAME_SIMULATOR_USEOPT_TRUE;0.6.1;true;;30000;150166;25027
BASE/ticTacToe;PALAMEDES_GAME_SIMULATOR_USEOPT_TRUE;0.6.1;true;;30000;60670;7977
DRESDEN/doubletoetictac;PALAMEDES_GAME_SIMULATOR_USEOPT_TRUE;0.6.1;true;;30000;28812;3458
DRESDEN/four_way_battle;PALAMEDES_GAME_SIMULATOR_USEOPT_TRUE;0.6.1;true;;30001;3142;100
DRESDEN/knightthrough;PALAMEDES_GAME_SIMULATOR_USEOPT_TRUE;0.6.1;true;;30000;14039;419
BASE/ghostMaze2p;PALAMEDES_GAME_SIMULATOR_USEOPT_TRUE;0.6.1;true;;30000;51288;1060
BASE/knightmove;PALAMEDES_GAME_SIMULATOR_USEOPT_TRUE;0.6.1;true;;30000;21474;601
DRESDEN/battle;PALAMEDES_GAME_SIMULATOR_USEOPT_TRUE;0.6.1;true;;30027;1072;35
BASE/slidingpieces;PALAMEDES_GAME_SIMULATOR_USEOPT_TRUE;0.6.1;true;;30004;3557;43
BASE/strangeSkirmish;PALAMEDES_GAME_SIMULATOR_USEOPT_TRUE;0.6.1;true;;30006;615;6
DRESDEN/checkers-newgoals;PALAMEDES_GAME_SIMULATOR_USEOPT_TRUE;0.6.1;true;;30005;3520;35
BASE/eotcatcit;PALAMEDES_GAME_SIMULATOR_USEOPT_TRUE;0.6.1;true;;30000;56836;7443
DRESDEN/tttcc4;PALAMEDES_GAME_SIMULATOR_USEOPT_TRUE;0.6.1;true;;30003;10611;379
BASE/stateSpaceLarge;PALAMEDES_GAME_SIMULATOR_USEOPT_TRUE;0.6.1;true;;30001;23702;1693
DRESDEN/chickentictactoe;PALAMEDES_GAME_SIMULATOR_USEOPT_TRUE;0.6.1;true;;30000;50616;7120
STANFORD/jointbuttonsandlights;PALAMEDES_GAME_SIMULATOR_USEOPT_TRUE;0.6.1;true;;30000;97444;16912
DRESDEN/tictactoe_3d_small_6player;PALAMEDES_GAME_SIMULATOR_USEOPT_TRUE;0.6.1;true;;30002;7839;220
BASE/brain_teaser_extended;PALAMEDES_GAME_SIMULATOR_USEOPT_TRUE;0.6.1;true;;30000;43861;2924
BASE/skirmish;PALAMEDES_GAME_SIMULATOR_USEOPT_TRUE;0.6.1;true;;30038;731;7
BASE/connect5;PALAMEDES_GAME_SIMULATOR_USEOPT_TRUE;0.6.1;true;;30000;6113;130
DRESDEN/minichess-evilconjuncts;PALAMEDES_GAME_SIMULATOR_USEOPT_TRUE;0.6.1;false;Exception of type NullPointerException;0;0;0
BASE/nineBoardTicTacToePie;PALAMEDES_GAME_SIMULATOR_USEOPT_TRUE;0.6.1;true;;30002;5139;181
DRESDEN/skirmishfinal;PALAMEDES_GAME_SIMULATOR_USEOPT_TRUE;0.6.1;true;;30013;1078;18
BASE/conn4;PALAMEDES_GAME_SIMULATOR_USEOPT_TRUE;0.6.1;true;;30003;7357;339
BASE/gt_two_thirds_6p;PALAMEDES_GAME_SIMULATOR_USEOPT_TRUE;0.6.1;false;Exception of type NullPointerException;0;0;0
BASE/sudoku;PALAMEDES_GAME_SIMULATOR_USEOPT_TRUE;0.6.1;false;Exception of type NullPointerException;0;0;0
BASE/minichess-evilconjuncts;PALAMEDES_GAME_SIMULATOR_USEOPT_TRUE;0.6.1;false;Exception of type NullPointerException;0;0;0
BASE/amazonsTorus;PALAMEDES_GAME_SIMULATOR_USEOPT_TRUE;0.6.1;false;Test process timed out after 240 seconds;0;0;0
BASE/gt_two_thirds_2p;PALAMEDES_GAME_SIMULATOR_USEOPT_TRUE;0.6.1;false;Exception of type NullPointerException;0;0;0
STANFORD/rainbow;PALAMEDES_GAME_SIMULATOR_USEOPT_TRUE;0.6.1;false;Exception of type NullPointerException;0;0;0
STANFORD/dualrainbow;PALAMEDES_GAME_SIMULATOR_USEOPT_TRUE;0.6.1;false;Exception of type NullPointerException;0;0;0
BASE/gt_two_thirds_4p;PALAMEDES_GAME_SIMULATOR_USEOPT_TRUE;0.6.1;false;Exception of type NullPointerException;0;0;0
BASE/alexChess;PALAMEDES_GAME_SIMULATOR_USEOPT_TRUE;0.6.1;false;Exception of type StackOverflowError;0;0;0
DRESDEN/minichess-evilconjuncts;PALAMEDES_GAME_SIMULATOR_USEOPT_TRUE;0.6.1;false;Exception of type NullPointerException;0;0;0
DRESDEN/tictictoe;PALAMEDES_GAME_SIMULATOR_USEOPT_TRUE;0.6.1;true;;30000;42662;8483
DRESDEN/snake_2009_big;PALAMEDES_GAME_SIMULATOR_USEOPT_TRUE;0.6.1;true;;30002;9153;525
BASE/troublemaker02;PALAMEDES_GAME_SIMULATOR_USEOPT_TRUE;0.6.1;true;;30000;282583;94206
BASE/toetictac;PALAMEDES_GAME_SIMULATOR_USEOPT_TRUE;0.6.1;true;;30000;99847;13067
BASE/3pffa;PALAMEDES_GAME_SIMULATOR_USEOPT_TRUE;0.6.1;true;;30000;20776;692
BASE/2pffa;PALAMEDES_GAME_SIMULATOR_USEOPT_TRUE;0.6.1;true;;30000;23038;767
STANFORD/breakthroughsmall;PALAMEDES_GAME_SIMULATOR_USEOPT_TRUE;0.6.1;true;;30000;13593;492
DRESDEN/tictactoe_3player;PALAMEDES_GAME_SIMULATOR_USEOPT_TRUE;0.6.1;true;;30000;14659;709
DRESDEN/nim4;PALAMEDES_GAME_SIMULATOR_USEOPT_TRUE;0.6.1;true;;30000;106854;7975
DRESDEN/tictactoe-init1;PALAMEDES_GAME_SIMULATOR_USEOPT_TRUE;0.6.1;true;;30000;59693;17011
DRESDEN/hallway;PALAMEDES_GAME_SIMULATOR_USEOPT_TRUE;0.6.1;true;;30004;4781;159
BASE/connect4;PALAMEDES_GAME_SIMULATOR_USEOPT_TRUE;0.6.1;true;;30001;6888;321
BASE/racer4;PALAMEDES_GAME_SIMULATOR_USEOPT_TRUE;0.6.1;true;;30000;16053;723
BASE/nineBoardTicTacToe;PALAMEDES_GAME_SIMULATOR_USEOPT_TRUE;0.6.1;true;;30003;4978;167
BASE/futoshiki6;PALAMEDES_GAME_SIMULATOR_USEOPT_TRUE;0.6.1;true;;30001;3229;157
DRESDEN/Thief_Police;PALAMEDES_GAME_SIMULATOR_USEOPT_TRUE;0.6.1;true;;30000;106169;3128
BASE/connectFour;PALAMEDES_GAME_SIMULATOR_USEOPT_TRUE;0.6.1;true;;30000;16291;736
DRESDEN/3qbf-5cnf-20var-40cl.2.qdimacs.SAT;PALAMEDES_GAME_SIMULATOR_USEOPT_TRUE;0.6.1;true;;30000;19135;326
DRESDEN/crissrace;PALAMEDES_GAME_SIMULATOR_USEOPT_TRUE;0.6.1;true;;30000;14813;331
DRESDEN/brawl;PALAMEDES_GAME_SIMULATOR_USEOPT_TRUE;0.6.1;true;;30012;1410;141
BASE/troublemaker01;PALAMEDES_GAME_SIMULATOR_USEOPT_TRUE;0.6.1;true;;30000;306620;102212
STANFORD/madness;PALAMEDES_GAME_SIMULATOR_USEOPT_TRUE;0.6.1;true;;30040;689;11
BASE/gt_attrition;PALAMEDES_GAME_SIMULATOR_USEOPT_TRUE;0.6.1;true;;30035;296;59
BASE/breakthroughSuicide;PALAMEDES_GAME_SIMULATOR_USEOPT_TRUE;0.6.1;true;;30001;9256;141
BASE/pentagoSuicide;PALAMEDES_GAME_SIMULATOR_USEOPT_TRUE;0.6.1;true;;30006;6633;125
BASE/amazonsTorus_10x10;PALAMEDES_GAME_SIMULATOR_USEOPT_TRUE;0.6.1;true;;30004;3212;21
BASE/endgame;PALAMEDES_GAME_SIMULATOR_USEOPT_TRUE;0.6.1;true;;30004;6755;482
DRESDEN/double_tictactoe_dengji;PALAMEDES_GAME_SIMULATOR_USEOPT_TRUE;0.6.1;true;;30000;31037;2180
DRESDEN/racetrackcorridor;PALAMEDES_GAME_SIMULATOR_USEOPT_TRUE;0.6.1;true;;30000;17093;965
DRESDEN/breakthrough;PALAMEDES_GAME_SIMULATOR_USEOPT_TRUE;0.6.1;true;;30000;8585;140
DRESDEN/statespacemedium;PALAMEDES_GAME_SIMULATOR_USEOPT_TRUE;0.6.1;true;;30000;59717;6635
BASE/speedChess;PALAMEDES_GAME_SIMULATOR_USEOPT_TRUE;0.6.1;true;;30001;3959;35
DRESDEN/cubicup;PALAMEDES_GAME_SIMULATOR_USEOPT_TRUE;0.6.1;true;;30003;3720;66
DRESDEN/golden_rectangle;PALAMEDES_GAME_SIMULATOR_USEOPT_TRUE;0.6.1;true;;30003;2782;92
BASE/eotcitcit;PALAMEDES_GAME_SIMULATOR_USEOPT_TRUE;0.6.1;true;;30001;44132;8785
BASE/skirmishFinal2;PALAMEDES_GAME_SIMULATOR_USEOPT_TRUE;0.6.1;true;;30024;1033;17
STANFORD/knightstour;PALAMEDES_GAME_SIMULATOR_USEOPT_TRUE;0.6.1;true;;30000;208888;42894
DRESDEN/logistics;PALAMEDES_GAME_SIMULATOR_USEOPT_TRUE;0.6.1;true;;30000;29599;591
DRESDEN/bidding-tictactoe_10coins;PALAMEDES_GAME_SIMULATOR_USEOPT_TRUE;0.6.1;true;;30000;42837;2894
DRESDEN/ticblock;PALAMEDES_GAME_SIMULATOR_USEOPT_TRUE;0.6.1;true;;30000;36127;2193
DRESDEN/breakthroughsuicide;PALAMEDES_GAME_SIMULATOR_USEOPT_TRUE;0.6.1;true;;30001;9851;156
DRESDEN/Catch-Me-If-You-Can;PALAMEDES_GAME_SIMULATOR_USEOPT_TRUE;0.6.1;true;;30000;106418;3190
DRESDEN/nim2;PALAMEDES_GAME_SIMULATOR_USEOPT_TRUE;0.6.1;true;;30000;141217;15906
DRESDEN/battlebrushes;PALAMEDES_GAME_SIMULATOR_USEOPT_TRUE;0.6.1;true;;30090;627;33
STANFORD/multipletictactoe;PALAMEDES_GAME_SIMULATOR_USEOPT_TRUE;0.6.1;true;;30002;7454;414
BASE/blocks;PALAMEDES_GAME_SIMULATOR_USEOPT_TRUE;0.6.1;true;;30000;154776;51592
BASE/lightsOnSimul4;PALAMEDES_GAME_SIMULATOR_USEOPT_TRUE;0.6.1;true;;30005;8133;1293
BASE/dotsAndBoxes;PALAMEDES_GAME_SIMULATOR_USEOPT_TRUE;0.6.1;true;;30000;13217;220
BASE/skirmishFinal1;PALAMEDES_GAME_SIMULATOR_USEOPT_TRUE;0.6.1;true;;30013;1076;18
DRESDEN/3pttc;PALAMEDES_GAME_SIMULATOR_USEOPT_TRUE;0.6.1;true;;30000;21643;740
BASE/kitten_escapes_from_fire;PALAMEDES_GAME_SIMULATOR_USEOPT_TRUE;0.6.1;true;;30000;58598;7060
BASE/amazons;PALAMEDES_GAME_SIMULATOR_USEOPT_TRUE;0.6.1;true;;30782;15;0
BASE/pegEuro;PALAMEDES_GAME_SIMULATOR_USEOPT_TRUE;0.6.1;true;;30000;8053;312
DRESDEN/max_knights;PALAMEDES_GAME_SIMULATOR_USEOPT_TRUE;0.6.1;true;;30001;13161;2515
DRESDEN/smallest;PALAMEDES_GAME_SIMULATOR_USEOPT_TRUE;0.6.1;true;;30000;32499;1359
DRESDEN/quad;PALAMEDES_GAME_SIMULATOR_USEOPT_TRUE;0.6.1;true;;32081;48;0
BASE/bomberman2p;PALAMEDES_GAME_SIMULATOR_USEOPT_TRUE;0.6.1;true;;30000;24257;3096
DRESDEN/knightazons;PALAMEDES_GAME_SIMULATOR_USEOPT_TRUE;0.6.1;true;;30006;4139;62
BASE/switches;PALAMEDES_GAME_SIMULATOR_USEOPT_TRUE;0.6.1;true;;30000;195337;195337
BASE/skirmishNew;PALAMEDES_GAME_SIMULATOR_USEOPT_TRUE;0.6.1;true;;30001;3669;36
BASE/zhadu;PALAMEDES_GAME_SIMULATOR_USEOPT_TRUE;0.6.1;true;;30013;306;9
STANFORD/untwistycorridor;PALAMEDES_GAME_SIMULATOR_USEOPT_TRUE;0.6.1;true;;30000;336052;48007
DRESDEN/nim3;PALAMEDES_GAME_SIMULATOR_USEOPT_TRUE;0.6.1;true;;30000;107774;8128
STANFORD/duidoku;PALAMEDES_GAME_SIMULATOR_USEOPT_TRUE;0.6.1;true;;30058;376;9
BASE/cubicup;PALAMEDES_GAME_SIMULATOR_USEOPT_TRUE;0.6.1;true;;30007;3671;65
DRESDEN/tictactoe_3d_6player;PALAMEDES_GAME_SIMULATOR_USEOPT_TRUE;0.6.1;true;;30008;3003;31
DRESDEN/chinesecheckers1;PALAMEDES_GAME_SIMULATOR_USEOPT_TRUE;0.6.1;true;;30001;25356;896
BASE/minichess;PALAMEDES_GAME_SIMULATOR_USEOPT_TRUE;0.6.1;true;;30001;22219;7406
DRESDEN/3qbf-5cnf-20var-40cl.0.qdimacs;PALAMEDES_GAME_SIMULATOR_USEOPT_TRUE;0.6.1;true;;30001;19274;328
DRESDEN/doubletictactoe;PALAMEDES_GAME_SIMULATOR_USEOPT_TRUE;0.6.1;true;;30000;28531;3424
DRESDEN/checkers-mustjump;PALAMEDES_GAME_SIMULATOR_USEOPT_TRUE;0.6.1;true;;30011;2951;58
BASE/checkersTiny;PALAMEDES_GAME_SIMULATOR_USEOPT_TRUE;0.6.1;true;;30002;10019;175
DRESDEN/tictactoelargesuicide;PALAMEDES_GAME_SIMULATOR_USEOPT_TRUE;0.6.1;true;;30000;27059;1139
DRESDEN/checkers-suicide-cylinder-mustjump;PALAMEDES_GAME_SIMULATOR_USEOPT_TRUE;0.6.1;true;;30012;2368;54
STANFORD/sukoshi;PALAMEDES_GAME_SIMULATOR_USEOPT_TRUE;0.6.1;true;;30000;32837;6059
BASE/ticTacHeavenFC;PALAMEDES_GAME_SIMULATOR_USEOPT_TRUE;0.6.1;true;;30004;6147;223
BASE/guess;PALAMEDES_GAME_SIMULATOR_USEOPT_TRUE;0.6.1;true;;30000;28288;3170
DRESDEN/hanoi_6_disks;PALAMEDES_GAME_SIMULATOR_USEOPT_TRUE;0.6.1;true;;30000;90801;25402
DRESDEN/tictactoe_orthogonal;PALAMEDES_GAME_SIMULATOR_USEOPT_TRUE;0.6.1;true;;30000;68638;8554
BASE/hodgepodge;PALAMEDES_GAME_SIMULATOR_USEOPT_TRUE;0.6.1;true;;30000;91145;91145
BASE/god;PALAMEDES_GAME_SIMULATOR_USEOPT_TRUE;0.6.1;true;;30009;1232;50
DRESDEN/grid_game2;PALAMEDES_GAME_SIMULATOR_USEOPT_TRUE;0.6.1;true;;30003;4351;89
DRESDEN/endgame;PALAMEDES_GAME_SIMULATOR_USEOPT_TRUE;0.6.1;true;;30006;5789;413
DRESDEN/3qbf-5cnf-20var-40cl.1.qdimacs.SAT;PALAMEDES_GAME_SIMULATOR_USEOPT_TRUE;0.6.1;true;;30000;18171;311
DRESDEN/3qbf-5cnf-20var-40cl.2.qdimacs.satlike;PALAMEDES_GAME_SIMULATOR_USEOPT_TRUE;0.6.1;true;;30000;16105;274
DRESDEN/firefighter;PALAMEDES_GAME_SIMULATOR_USEOPT_TRUE;0.6.1;true;;30000;100527;2265
DRESDEN/chomp;PALAMEDES_GAME_SIMULATOR_USEOPT_TRUE;0.6.1;true;;30000;33872;4823
DRESDEN/ggp-course2013_michal13;PALAMEDES_GAME_SIMULATOR_USEOPT_TRUE;0.6.1;true;;30136;95;2
BASE/mummymaze1p;PALAMEDES_GAME_SIMULATOR_USEOPT_TRUE;0.6.1;true;;30000;16883;2666
BASE/pawnToQueen;PALAMEDES_GAME_SIMULATOR_USEOPT_TRUE;0.6.1;true;;30003;471;35
STANFORD/8puzzle;PALAMEDES_GAME_SIMULATOR_USEOPT_TRUE;0.6.1;true;;30000;77973;1299
BASE/checkersTorus;PALAMEDES_GAME_SIMULATOR_USEOPT_TRUE;0.6.1;true;;30001;9313;158
DRESDEN/ghostmaze2p;PALAMEDES_GAME_SIMULATOR_USEOPT_TRUE;0.6.1;true;;30000;52240;1076
BASE/tictactoe2;PALAMEDES_GAME_SIMULATOR_USEOPT_TRUE;0.6.1;true;;30000;59431;7809
BASE/stateSpaceSmall;PALAMEDES_GAME_SIMULATOR_USEOPT_TRUE;0.6.1;true;;30000;209000;52250
BASE/buttons;PALAMEDES_GAME_SIMULATOR_USEOPT_TRUE;0.6.1;true;;30000;267543;44590
DRESDEN/nim1;PALAMEDES_GAME_SIMULATOR_USEOPT_TRUE;0.6.1;true;;30000;150777;21961
DRESDEN/crossers3;PALAMEDES_GAME_SIMULATOR_USEOPT_TRUE;0.6.1;true;;30000;18271;1384
BASE/snake_2008_tweaked;PALAMEDES_GAME_SIMULATOR_USEOPT_TRUE;0.6.1;true;;30001;12744;763
BASE/checkers-mustjump-torus;PALAMEDES_GAME_SIMULATOR_USEOPT_TRUE;0.6.1;true;;30003;2266;52
DRESDEN/twisty-passages;PALAMEDES_GAME_SIMULATOR_USEOPT_TRUE;0.6.1;true;;30000;29646;148
DRESDEN/farmers;PALAMEDES_GAME_SIMULATOR_USEOPT_TRUE;0.6.1;true;;30000;13537;1353
BASE/escortLatch;PALAMEDES_GAME_SIMULATOR_USEOPT_TRUE;0.6.1;true;;30002;12174;206
BASE/coins;PALAMEDES_GAME_SIMULATOR_USEOPT_TRUE;0.6.1;true;;30000;9293;3724
BASE/ttcc4_2player;PALAMEDES_GAME_SIMULATOR_USEOPT_TRUE;0.6.1;true;;30002;10724;247
DRESDEN/tictactoex9;PALAMEDES_GAME_SIMULATOR_USEOPT_TRUE;0.6.1;true;;30003;6350;217
DRESDEN/bunk_t;PALAMEDES_GAME_SIMULATOR_USEOPT_TRUE;0.6.1;true;;30002;28636;3420
DRESDEN/blocker;PALAMEDES_GAME_SIMULATOR_USEOPT_TRUE;0.6.1;true;;30000;52769;6728
DRESDEN/chickentoetictac;PALAMEDES_GAME_SIMULATOR_USEOPT_TRUE;0.6.1;true;;30000;79314;11173
DRESDEN/pancakes;PALAMEDES_GAME_SIMULATOR_USEOPT_TRUE;0.6.1;true;;30000;272112;6864
DRESDEN/ggp-course2013_nicolai;PALAMEDES_GAME_SIMULATOR_USEOPT_TRUE;0.6.1;true;;30014;1724;51
BASE/catcha_mouse;PALAMEDES_GAME_SIMULATOR_USEOPT_TRUE;0.6.1;true;;30001;15990;1203
BASE/tictactoe_3d_small_6player;PALAMEDES_GAME_SIMULATOR_USEOPT_TRUE;0.6.1;true;;30000;7824;221
DRESDEN/satlike_20v_91c_version2;PALAMEDES_GAME_SIMULATOR_USEOPT_TRUE;0.6.1;true;;159046;40;2
BASE/tpeg;PALAMEDES_GAME_SIMULATOR_USEOPT_TRUE;0.6.1;true;;30000;10443;834
DRESDEN/troublemaker02;PALAMEDES_GAME_SIMULATOR_USEOPT_TRUE;0.6.1;true;;30000;289531;96415
DRESDEN/knightmove;PALAMEDES_GAME_SIMULATOR_USEOPT_TRUE;0.6.1;true;;30000;21449;605
BASE/pancakes88;PALAMEDES_GAME_SIMULATOR_USEOPT_TRUE;0.6.1;true;;30000;215593;5390
DRESDEN/skirmish;PALAMEDES_GAME_SIMULATOR_USEOPT_TRUE;0.6.1;true;;30000;4886;122
DRESDEN/grid_game;PALAMEDES_GAME_SIMULATOR_USEOPT_TRUE;0.6.1;true;;30000;18948;532
STANFORD/buttonsandlights;PALAMEDES_GAME_SIMULATOR_USEOPT_TRUE;0.6.1;true;;30000;511733;86458
BASE/blockerSerial;PALAMEDES_GAME_SIMULATOR_USEOPT_TRUE;0.6.1;true;;30000;24650;1566
BASE/mummymaze2p;PALAMEDES_GAME_SIMULATOR_USEOPT_TRUE;0.6.1;true;;30001;15722;320
BASE/snake_2008;PALAMEDES_GAME_SIMULATOR_USEOPT_TRUE;0.6.1;true;;30001;13264;855
BASE/quarto;PALAMEDES_GAME_SIMULATOR_USEOPT_TRUE;0.6.1;true;;30000;22788;974
DRESDEN/tictactoelarge;PALAMEDES_GAME_SIMULATOR_USEOPT_TRUE;0.6.1;true;;30000;27391;1151
BASE/hitori;PALAMEDES_GAME_SIMULATOR_USEOPT_TRUE;0.6.1;true;;30005;1027;11
DRESDEN/peg;PALAMEDES_GAME_SIMULATOR_USEOPT_TRUE;0.6.1;true;;30002;9687;393
BASE/duplicateStateLarge;PALAMEDES_GAME_SIMULATOR_USEOPT_TRUE;0.6.1;true;;30001;15504;1107
BASE/pancakes6;PALAMEDES_GAME_SIMULATOR_USEOPT_TRUE;0.6.1;true;;30000;278810;7023
BASE/incredible;PALAMEDES_GAME_SIMULATOR_USEOPT_TRUE;0.6.1;true;;30000;57029;3001
BASE/hexPie;PALAMEDES_GAME_SIMULATOR_USEOPT_TRUE;0.6.1;true;;30004;4254;59
DRESDEN/pentago_2008;PALAMEDES_GAME_SIMULATOR_USEOPT_TRUE;0.6.1;true;;30001;6032;109
DRESDEN/pawn_whopping_corrected;PALAMEDES_GAME_SIMULATOR_USEOPT_TRUE;0.6.1;true;;30000;14182;410
DRESDEN/troublemaker01;PALAMEDES_GAME_SIMULATOR_USEOPT_TRUE;0.6.1;true;;30000;299489;99687
BASE/beatMania;PALAMEDES_GAME_SIMULATOR_USEOPT_TRUE;0.6.1;true;;30000;104340;1739
BASE/amazonsSuicide;PALAMEDES_GAME_SIMULATOR_USEOPT_TRUE;0.6.1;true;;30230;21;0
DRESDEN/blocksworldparallel;PALAMEDES_GAME_SIMULATOR_USEOPT_TRUE;0.6.1;true;;30000;41338;13779
BASE/majorities;PALAMEDES_GAME_SIMULATOR_USEOPT_TRUE;0.6.1;true;;30002;3569;67
STANFORD/triplesukoshi;PALAMEDES_GAME_SIMULATOR_USEOPT_TRUE;0.6.1;true;;30003;9115;1302
BASE/breakthroughWalls;PALAMEDES_GAME_SIMULATOR_USEOPT_TRUE;0.6.1;true;;30001;9359;150
DRESDEN/uf20-01.cnf.SAT;PALAMEDES_GAME_SIMULATOR_USEOPT_TRUE;0.6.1;true;;30001;17076;853
DRESDEN/aipsrovers01;PALAMEDES_GAME_SIMULATOR_USEOPT_TRUE;0.6.1;true;;30000;49197;1701
DRESDEN/vacuumcleaner_obstacles_3;PALAMEDES_GAME_SIMULATOR_USEOPT_TRUE;0.6.1;true;;30005;1454;250
BASE/factoringMutuallyAssuredDestruction;PALAMEDES_GAME_SIMULATOR_USEOPT_TRUE;0.6.1;true;;30000;63051;3152
STANFORD/tictactoe;PALAMEDES_GAME_SIMULATOR_USEOPT_TRUE;0.6.1;true;;30000;58161;7619
BASE/coloredtrails;PALAMEDES_GAME_SIMULATOR_USEOPT_TRUE;0.6.1;true;;30000;50494;5610
STANFORD/eightpuzzle;PALAMEDES_GAME_SIMULATOR_USEOPT_TRUE;0.6.1;true;;30000;78113;1562
DRESDEN/cubicup_3player;PALAMEDES_GAME_SIMULATOR_USEOPT_TRUE;0.6.1;true;;30001;1616;19
BASE/3pConnectFour;PALAMEDES_GAME_SIMULATOR_USEOPT_TRUE;0.6.1;true;;30001;9831;273
STANFORD/skirmish;PALAMEDES_GAME_SIMULATOR_USEOPT_TRUE;0.6.1;true;;30000;688;6
BASE/lightsOnSimultaneous;PALAMEDES_GAME_SIMULATOR_USEOPT_TRUE;0.6.1;true;;30001;10240;669
BASE/circlesolitaire;PALAMEDES_GAME_SIMULATOR_USEOPT_TRUE;0.6.1;true;;30000;105696;10262
BASE/battle;PALAMEDES_GAME_SIMULATOR_USEOPT_TRUE;0.6.1;true;;30005;1053;35
BASE/sum15;PALAMEDES_GAME_SIMULATOR_USEOPT_TRUE;0.6.1;true;;30000;70792;9278
STANFORD/alquerquezero;PALAMEDES_GAME_SIMULATOR_USEOPT_TRUE;0.6.1;true;;30000;13345;460
BASE/colonelBlottoVariant2;PALAMEDES_GAME_SIMULATOR_USEOPT_TRUE;0.6.1;true;;30000;118426;23676
BASE/survival;PALAMEDES_GAME_SIMULATOR_USEOPT_TRUE;0.6.1;true;;30000;375798;322242
STANFORD/platformjumpers;PALAMEDES_GAME_SIMULATOR_USEOPT_TRUE;0.6.1;true;;30006;5600;110
BASE/smallest_4player;PALAMEDES_GAME_SIMULATOR_USEOPT_TRUE;0.6.1;true;;30000;49816;2109
DRESDEN/tictactoe;PALAMEDES_GAME_SIMULATOR_USEOPT_TRUE;0.6.1;true;;30000;60714;7946
BASE/blocksWorldSerial;PALAMEDES_GAME_SIMULATOR_USEOPT_TRUE;0.6.1;true;;30000;68555;11425
DRESDEN/laikLee_hex;PALAMEDES_GAME_SIMULATOR_USEOPT_TRUE;0.6.1;true;;36759;714;35
DRESDEN/vacuum_cleaner_1;PALAMEDES_GAME_SIMULATOR_USEOPT_TRUE;0.6.1;true;;30000;83328;13885
STANFORD/ttcc4;PALAMEDES_GAME_SIMULATOR_USEOPT_TRUE;0.6.1;true;;30000;11699;224
DRESDEN/vacuumcleaner_obstacles_5;PALAMEDES_GAME_SIMULATOR_USEOPT_TRUE;0.6.1;true;;30006;1440;241
DRESDEN/frogs_and_toads;PALAMEDES_GAME_SIMULATOR_USEOPT_TRUE;0.6.1;true;;30002;11773;101
BASE/ticTicToe;PALAMEDES_GAME_SIMULATOR_USEOPT_TRUE;0.6.1;true;;30000;43367;8612
DRESDEN/gt_chicken;PALAMEDES_GAME_SIMULATOR_USEOPT_TRUE;0.6.1;true;;30000;114511;5725
BASE/hanoi7_bugfix;PALAMEDES_GAME_SIMULATOR_USEOPT_TRUE;0.6.1;true;;30000;105160;828
DRESDEN/stratego;PALAMEDES_GAME_SIMULATOR_USEOPT_TRUE;0.6.1;true;;30000;11394;272
DRESDEN/8puzzle;PALAMEDES_GAME_SIMULATOR_USEOPT_TRUE;0.6.1;true;;30000;79845;1330
BASE/othelloSuicide;PALAMEDES_GAME_SIMULATOR_USEOPT_TRUE;0.6.1;true;;30097;101;1
BASE/coins_atomic;PALAMEDES_GAME_SIMULATOR_USEOPT_TRUE;0.6.1;true;;30001;8572;3437
DRESDEN/sat_test_20v_91c_version2;PALAMEDES_GAME_SIMULATOR_USEOPT_TRUE;0.6.1;true;;30001;16615;830
BASE/tictactoe_3d_2player;PALAMEDES_GAME_SIMULATOR_USEOPT_TRUE;0.6.1;true;;30000;3100;88
BASE/roshambo2;PALAMEDES_GAME_SIMULATOR_USEOPT_TRUE;0.6.1;true;;30000;207427;24417
BASE/2pffa_zerosum;PALAMEDES_GAME_SIMULATOR_USEOPT_TRUE;0.6.1;true;;30001;20535;684
DRESDEN/lightson2x2;PALAMEDES_GAME_SIMULATOR_USEOPT_TRUE;0.6.1;true;;30000;77059;7705
DRESDEN/breakthroughsuicide_v2;PALAMEDES_GAME_SIMULATOR_USEOPT_TRUE;0.6.1;true;;30001;9153;144
DRESDEN/vacuumcleaner_obstacles_6;PALAMEDES_GAME_SIMULATOR_USEOPT_TRUE;0.6.1;true;;30000;1581;249
BASE/lightsOut;PALAMEDES_GAME_SIMULATOR_USEOPT_TRUE;0.6.1;true;;30000;22016;1100
BASE/point_grab;PALAMEDES_GAME_SIMULATOR_USEOPT_TRUE;0.6.1;true;;30000;228072;7602
BASE/mineClearingSmall;PALAMEDES_GAME_SIMULATOR_USEOPT_TRUE;0.6.1;true;;30000;4769;408
BASE/queens31lg;PALAMEDES_GAME_SIMULATOR_USEOPT_TRUE;0.6.1;true;;30089;19;0
BASE/queens08lg;PALAMEDES_GAME_SIMULATOR_USEOPT_TRUE;0.6.1;true;;30001;5787;946
BASE/queens08ug;PALAMEDES_GAME_SIMULATOR_USEOPT_TRUE;0.6.1;true;;30001;19721;2465
BASE/queens06ug;PALAMEDES_GAME_SIMULATOR_USEOPT_TRUE;0.6.1;true;;30000;37839;6306
