DRESDEN/coins;TUPLE_PROVER;1;true;;30017;1957;778
DRESDEN/vacuumcleaner_obstacles_6;TUPLE_PROVER;1;true;;30008;630;109
DRESDEN/battlesnakes2011;TUPLE_PROVER;1;true;;30005;3466;109
STANFORD/hunter;TUPLE_PROVER;1;true;;30000;72369;5169
BASE/blocks;TUPLE_PROVER;1;true;;30000;244652;81550
BASE/smallest_4player;TUPLE_PROVER;1;true;;30000;4268;180
BASE/chineseCheckers2;TUPLE_PROVER;1;true;;30000;24072;640
BASE/merrills;TUPLE_PROVER;1;true;;30460;85;1
DRESDEN/checkers-mustjump;TUPLE_PROVER;1;true;;30081;110;1
DRESDEN/peg;TUPLE_PROVER;1;true;;30011;2086;85
DRESDEN/3qbf-5cnf-20var-40cl.1.qdimacs.viz.SAT;TUPLE_PROVER;1;true;;30000;16221;279
STANFORD/knightstourmedium;TUPLE_PROVER;1;true;;30000;63170;15799
DRESDEN/tictactoelargesuicide;TUPLE_PROVER;1;true;;30000;14572;620
BASE/ttcc4_2player;TUPLE_PROVER;1;true;;30017;2285;63
BASE/catcha_mouse;TUPLE_PROVER;1;true;;30003;10936;815
BASE/pancakes88;TUPLE_PROVER;1;true;;30000;225917;5647
DRESDEN/doubletictactoe;TUPLE_PROVER;1;true;;30000;14271;1711
DRESDEN/tictactoe_3d_6player;TUPLE_PROVER;1;true;;30019;602;6
DRESDEN/grid_game2;TUPLE_PROVER;1;true;;30064;239;4
BASE/checkers;TUPLE_PROVER;1;true;;30005;704;6
DRESDEN/snake_2008;TUPLE_PROVER;1;true;;30003;11492;725
DRESDEN/tictactoe_3d_2player;TUPLE_PROVER;1;true;;30039;1702;51
BASE/quarto;TUPLE_PROVER;1;true;;30001;5645;242
DRESDEN/vacuumcleaner_obstacles_5;TUPLE_PROVER;1;true;;30016;602;103
BASE/mummymaze2p;TUPLE_PROVER;1;true;;30001;23045;466
STANFORD/duikoshi;TUPLE_PROVER;1;true;;30001;3491;260
BASE/chineseCheckers1;TUPLE_PROVER;1;true;;30000;33184;1173
STANFORD/bestbuttonsandlightsbig;TUPLE_PROVER;1;true;;30000;135293;22548
DRESDEN/vacuum_cleaner_1;TUPLE_PROVER;1;true;;30000;23605;3972
DRESDEN/peg_bugfixed;TUPLE_PROVER;1;true;;30009;2011;83
BASE/pancakes6;TUPLE_PROVER;1;true;;30000;283272;7144
DRESDEN/pentago_2008;TUPLE_PROVER;1;true;;30006;1574;27
BASE/hitori;TUPLE_PROVER;1;true;;30450;95;0
DRESDEN/quad;TUPLE_PROVER;1;true;;30023;33;1
DRESDEN/3pttc;TUPLE_PROVER;1;true;;30000;11857;402
DRESDEN/Travelers-Dilemma;TUPLE_PROVER;1;true;;30028;1347;134
BASE/bomberman2p;TUPLE_PROVER;1;true;;30000;21567;2760
BASE/englishDraughts;TUPLE_PROVER;1;true;;30001;3730;50
DRESDEN/knightazons;TUPLE_PROVER;1;true;;30016;1333;19
BASE/knightsTour;TUPLE_PROVER;1;true;;30000;63031;12921
DRESDEN/snake_2009;TUPLE_PROVER;1;true;;30000;12221;757
STANFORD/tictactoe7;TUPLE_PROVER;1;true;;30000;54422;9801
DRESDEN/sat_test_20v_91c_visualisation;TUPLE_PROVER;1;true;;30004;8991;449
DRESDEN/point_grab;TUPLE_PROVER;1;true;;30000;161272;5375
DRESDEN/mimikry;TUPLE_PROVER;1;true;;30000;5002;206
DRESDEN/nim1;TUPLE_PROVER;1;true;;30010;556;80
BASE/checkersTiny;TUPLE_PROVER;1;true;;30005;2135;37
DRESDEN/satlike_20v_91c_version2;TUPLE_PROVER;1;true;;43476;20;1
BASE/minichess;TUPLE_PROVER;1;true;;30000;14203;4734
BASE/ticTacHeavenFC;TUPLE_PROVER;1;true;;30043;2871;107
DRESDEN/quad_5x5;TUPLE_PROVER;1;true;;30412;51;3
BASE/ttcc4;TUPLE_PROVER;1;true;;30003;2971;106
BASE/hodgepodge;TUPLE_PROVER;1;true;;30000;120688;120688
DRESDEN/tictactoelarge;TUPLE_PROVER;1;true;;30000;16143;681
BASE/incredible;TUPLE_PROVER;1;true;;30000;74878;3941
DRESDEN/laikLee_hex;TUPLE_PROVER;1;true;;33420;152;7
BASE/racer;TUPLE_PROVER;1;true;;42728;3;0
DRESDEN/hanoi_6_disks;TUPLE_PROVER;1;true;;30000;25694;7250
BASE/2pffa;TUPLE_PROVER;1;true;;30005;5736;191
BASE/connectFour;TUPLE_PROVER;1;true;;30001;10815;469
BASE/mummymaze1p;TUPLE_PROVER;1;true;;30002;2247;404
DRESDEN/pancakes;TUPLE_PROVER;1;true;;30000;287345;7245
DRESDEN/uf20-020.cnf.SAT;TUPLE_PROVER;1;true;;30010;9020;451
BASE/hex;TUPLE_PROVER;1;true;;30017;2747;38
BASE/racer4;TUPLE_PROVER;1;true;;30776;17;0
DRESDEN/vacuumcleaner_obstacles_3;TUPLE_PROVER;1;true;;30143;300;54
DRESDEN/blocker;TUPLE_PROVER;1;true;;30000;61039;7738
BASE/tictactoe2;TUPLE_PROVER;1;true;;30000;45916;6030
DRESDEN/3qbf-5cnf-20var-40cl.2.qdimacs.satlike;TUPLE_PROVER;1;true;;30090;12119;207
DRESDEN/bomberman2p;TUPLE_PROVER;1;true;;30000;23357;2972
BASE/lightsOnSimultaneous;TUPLE_PROVER;1;true;;30001;8681;568
BASE/colonelBlottoVariant;TUPLE_PROVER;1;true;;30033;227;22
DRESDEN/lightsout;TUPLE_PROVER;1;true;;30000;16522;826
DRESDEN/CephalopodMicro;TUPLE_PROVER;1;true;;30015;91;2
BASE/factoringImpossibleTurtleBrain;TUPLE_PROVER;1;true;;31576;8;0
BASE/knightsTourLarge;TUPLE_PROVER;1;true;;30000;32780;5481
BASE/dotsAndBoxesSuicide;TUPLE_PROVER;1;true;;30001;7773;129
BASE/beatMania;TUPLE_PROVER;1;true;;30000;79937;1332
DRESDEN/uf20-01.cnf.SAT;TUPLE_PROVER;1;true;;30003;9919;495
BASE/tpeg;TUPLE_PROVER;1;true;;30010;2259;173
BASE/lightsOnSimul4;TUPLE_PROVER;1;true;;30000;6678;1032
DRESDEN/smallest_4player;TUPLE_PROVER;1;true;;30000;4202;177
BASE/ruleDepthLinear;TUPLE_PROVER;1;true;;30000;438905;219672
BASE/breakthroughSmall;TUPLE_PROVER;1;true;;30003;6041;215
DRESDEN/SC_TestOnly_enabled;TUPLE_PROVER;1;true;;30000;67412;7490
BASE/checkers-mustjump;TUPLE_PROVER;1;true;;30200;106;2
BASE/blocker;TUPLE_PROVER;1;true;;30000;61578;7831
BASE/dotsAndBoxes;TUPLE_PROVER;1;true;;30002;7640;127
BASE/wallmaze;TUPLE_PROVER;1;true;;30001;5811;200
DRESDEN/cube_2x2x2;TUPLE_PROVER;1;true;;30000;32251;2688
BASE/4pttc;TUPLE_PROVER;1;true;;30002;9098;292
DRESDEN/mummymaze1p;TUPLE_PROVER;1;true;;30010;2000;357
DRESDEN/sheep_and_wolf;TUPLE_PROVER;1;true;;30001;13980;341
DRESDEN/frogs_and_toads;TUPLE_PROVER;1;true;;30000;11051;95
BASE/numbertictactoe;TUPLE_PROVER;1;true;;30000;21075;2622
BASE/ticTacToe;TUPLE_PROVER;1;true;;30000;69459;9092
DRESDEN/latenttictactoe;TUPLE_PROVER;1;true;;30000;42013;4016
BASE/amazons;TUPLE_PROVER;1;true;;31442;4;0
BASE/tictactoe_3d_6player;TUPLE_PROVER;1;true;;30035;491;4
BASE/blocksWorldParallel;TUPLE_PROVER;1;true;;30002;5904;1968
STANFORD/multiplesukoshi;TUPLE_PROVER;1;true;;30027;451;9
BASE/strangeSkirmish;TUPLE_PROVER;1;true;;30218;135;1
STANFORD/breakthrough;TUPLE_PROVER;1;true;;30000;12783;201
STANFORD/untwistycomplex;TUPLE_PROVER;1;true;;30000;119701;13300
DRESDEN/breakthroughsuicide_v2;TUPLE_PROVER;1;true;;30002;3565;55
BASE/hexPie;TUPLE_PROVER;1;true;;30001;2610;36
DRESDEN/minichess;TUPLE_PROVER;1;true;;30001;12494;1413
STANFORD/ttcc4;TUPLE_PROVER;1;true;;30001;2606;50
DRESDEN/blocks2player;TUPLE_PROVER;1;true;;30000;175400;9744
BASE/toetictac;TUPLE_PROVER;1;true;;30000;125509;16449
DRESDEN/blockerparallel;TUPLE_PROVER;1;true;;30004;4316;618
BASE/hanoi_6_disks;TUPLE_PROVER;1;true;;30000;26665;7667
BASE/factoringEasyTurtleBrain;TUPLE_PROVER;1;true;;30000;62181;1036
BASE/quad_5x5;TUPLE_PROVER;1;true;;30729;65;5
DRESDEN/ggp-course2013_nicolai;TUPLE_PROVER;1;true;;30004;640;18
DRESDEN/hanoi7;TUPLE_PROVER;1;true;;30001;20718;163
DRESDEN/bunk_t;TUPLE_PROVER;1;true;;30001;14617;1748
DRESDEN/sum15;TUPLE_PROVER;1;true;;30000;74004;9707
STANFORD/dualhunter;TUPLE_PROVER;1;true;;30000;29382;2098
BASE/crisscross;TUPLE_PROVER;1;true;;30004;7237;277
DRESDEN/skirmish3;TUPLE_PROVER;1;true;;30027;1399;34
BASE/asteroids;TUPLE_PROVER;1;true;;30000;92426;1990
DRESDEN/2player_normal_form_2010;TUPLE_PROVER;1;true;;30000;174738;174738
DRESDEN/mummymaze2p;TUPLE_PROVER;1;true;;30000;23167;467
BASE/skirmishFinal3;TUPLE_PROVER;1;true;;30025;307;5
DRESDEN/pacman3p;TUPLE_PROVER;1;true;;30006;4686;97
BASE/knightazons;TUPLE_PROVER;1;true;;30022;1341;20
BASE/checkersTorus;TUPLE_PROVER;1;true;;30003;3495;61
BASE/kalaha_2009;TUPLE_PROVER;1;true;;30000;24400;292
STANFORD/knightstourbig;TUPLE_PROVER;1;true;;30000;24509;4251
BASE/quad;TUPLE_PROVER;1;true;;35534;36;0
BASE/3pttc;TUPLE_PROVER;1;true;;30001;6732;231
DRESDEN/firefighter;TUPLE_PROVER;1;true;;30000;132717;2997
DRESDEN/pancakes6;TUPLE_PROVER;1;true;;30008;290293;7321
BASE/nineBoardTicTacToePie;TUPLE_PROVER;1;true;;30002;3744;124
BASE/speedChess;TUPLE_PROVER;1;true;;30003;1245;11
DRESDEN/hitori;TUPLE_PROVER;1;true;;30446;96;0
BASE/crissrace;TUPLE_PROVER;1;true;;30001;5231;119
BASE/connectFourLarge;TUPLE_PROVER;1;true;;30002;7900;303
DRESDEN/pawn_whopping_simultaneous;TUPLE_PROVER;1;true;;30003;2476;135
DRESDEN/small_dominion;TUPLE_PROVER;1;true;;35715;17;0
BASE/hallway;TUPLE_PROVER;1;true;;30000;5726;190
BASE/skirmishFinal2;TUPLE_PROVER;1;true;;30033;267;4
DRESDEN/knightwar;TUPLE_PROVER;1;true;;30002;10924;1300
BASE/breakthrough;TUPLE_PROVER;1;true;;30006;3823;58
BASE/sudoku;TUPLE_PROVER;1;false;Exception of type NullPointerException;0;0;0
STANFORD/hex;TUPLE_PROVER;1;true;;30013;2888;41
BASE/ticTicToe;TUPLE_PROVER;1;true;;30000;45658;9128
DRESDEN/battle;TUPLE_PROVER;1;true;;30198;92;3
BASE/kalaha6x2x4;TUPLE_PROVER;1;true;;30000;29375;163
DRESDEN/Runners;TUPLE_PROVER;1;true;;30000;119512;2439
STANFORD/alquerquezero;TUPLE_PROVER;1;true;;30006;2072;71
BASE/blocksWorldSerial;TUPLE_PROVER;1;true;;30000;80429;13404
BASE/factoringMediumTurtleBrain;TUPLE_PROVER;1;true;;30000;16628;197
DRESDEN/4pttc;TUPLE_PROVER;1;true;;30000;14900;470
BASE/connect5;TUPLE_PROVER;1;true;;30000;4448;96
BASE/roshambo2;TUPLE_PROVER;1;true;;30000;184743;21748
BASE/2pffa_zerosum;TUPLE_PROVER;1;true;;30002;6459;215
BASE/kitten_escapes_from_fire;TUPLE_PROVER;1;true;;30001;21585;2614
BASE/stateSpaceLarge;TUPLE_PROVER;1;true;;30000;11059;789
BASE/slidingpieces;TUPLE_PROVER;1;true;;30021;1244;15
STANFORD/madness;TUPLE_PROVER;1;true;;30105;142;2
BASE/zhadu;TUPLE_PROVER;1;true;;30774;16;0
BASE/brain_teaser_extended;TUPLE_PROVER;1;true;;30000;17906;1193
BASE/pacman3p;TUPLE_PROVER;1;true;;30003;4544;97
DRESDEN/towerworld;TUPLE_PROVER;1;true;;30071;175;0
BASE/blockerParallel;TUPLE_PROVER;1;true;;30000;4570;641
DRESDEN/skirmish2;TUPLE_PROVER;1;true;;30019;1539;38
BASE/skirmishFinal1;TUPLE_PROVER;1;true;;30016;228;3
DRESDEN/checkers-newgoals;TUPLE_PROVER;1;true;;30005;657;6
BASE/stateSpaceMedium;TUPLE_PROVER;1;true;;30000;36557;4061
BASE/eotcatcit;TUPLE_PROVER;1;true;;30000;64132;8421
BASE/lightsOut;TUPLE_PROVER;1;true;;30000;16423;821
DRESDEN/chickentictactoe;TUPLE_PROVER;1;true;;30000;57414;8096
BASE/lightsOn;TUPLE_PROVER;1;true;;30000;134293;10893
DRESDEN/knightfight;TUPLE_PROVER;1;true;;30000;27781;2594
BASE/snake_2009;TUPLE_PROVER;1;true;;30000;12503;829
BASE/tttcc4;TUPLE_PROVER;1;true;;30001;3157;116
BASE/coloredtrails;TUPLE_PROVER;1;true;;30000;53192;5910
BASE/gt_ultimatum;TUPLE_PROVER;1;true;;30026;306;15
BASE/duplicateStateMedium;TUPLE_PROVER;1;true;;30000;24058;2673
DRESDEN/statespacesmall;TUPLE_PROVER;1;true;;30000;187615;46903
BASE/checkers-newgoals;TUPLE_PROVER;1;true;;30043;609;6
DRESDEN/brawl;TUPLE_PROVER;1;true;;30006;723;72
STANFORD/threepuzzle;TUPLE_PROVER;1;true;;30000;205019;34169
BASE/ttcc4_2player_alt;TUPLE_PROVER;1;true;;30000;3428;95
DRESDEN/hanoi;TUPLE_PROVER;1;true;;30000;30430;981
STANFORD/selectivesukoshi;TUPLE_PROVER;1;true;;73274;228;8
BASE/pacman2p;TUPLE_PROVER;1;true;;30002;4480;94
BASE/circlesolitaire;TUPLE_PROVER;1;true;;30000;108893;10546
DRESDEN/amazons;TUPLE_PROVER;1;true;;30090;32;0
BASE/duplicateStateSmall;TUPLE_PROVER;1;true;;30000;132394;33098
DRESDEN/blocks;TUPLE_PROVER;1;true;;30000;246287;82095
DRESDEN/nim3;TUPLE_PROVER;1;true;;30029;557;40
DRESDEN/breakthrough;TUPLE_PROVER;1;true;;30000;3731;59
DRESDEN/crissrace;TUPLE_PROVER;1;true;;30003;5343;121
BASE/doubletoetictac;TUPLE_PROVER;1;true;;30002;14279;1714
STANFORD/freeforall;TUPLE_PROVER;1;true;;30000;6579;219
BASE/coins;TUPLE_PROVER;1;true;;30001;2013;803
DRESDEN/max_knights;TUPLE_PROVER;1;true;;30012;8287;1580
STANFORD/platformjumpers;TUPLE_PROVER;1;true;;30028;1738;34
DRESDEN/skirmishfinal;TUPLE_PROVER;1;true;;30102;262;4
DRESDEN/brain_teaser_extended;TUPLE_PROVER;1;true;;30001;17792;1186
DRESDEN/satlike_20v_91c;TUPLE_PROVER;1;true;;31047;20;1
DRESDEN/babel;TUPLE_PROVER;1;true;;30025;1230;61
BASE/snake_2008;TUPLE_PROVER;1;true;;30003;11942;780
DRESDEN/nim2;TUPLE_PROVER;1;true;;30038;559;62
DRESDEN/mummymaze2p-comp2007;TUPLE_PROVER;1;true;;30002;15244;322
DRESDEN/vacuumcleaner_random;TUPLE_PROVER;1;true;;30011;21510;3612
BASE/tron_10x10;TUPLE_PROVER;1;true;;30000;54921;18352
BASE/blockerSerial;TUPLE_PROVER;1;true;;30008;3650;233
DRESDEN/pawntoqueen;TUPLE_PROVER;1;true;;30232;75;5
DRESDEN/gt_ultimatum;TUPLE_PROVER;1;true;;30031;310;15
DRESDEN/circlesolitaire;TUPLE_PROVER;1;true;;30000;110286;10663
BASE/duplicateStateLarge;TUPLE_PROVER;1;true;;30004;7271;519
BASE/coins_atomic;TUPLE_PROVER;1;true;;30013;2021;806
DRESDEN/lightsout2;TUPLE_PROVER;1;true;;30000;16434;821
BASE/pearls;TUPLE_PROVER;1;true;;30000;475101;43191
BASE/god;TUPLE_PROVER;1;false;Test process timed out after 240 seconds;0;0;0
BASE/tictactoe_3d_2player;TUPLE_PROVER;1;true;;30005;1658;46
DRESDEN/tictactoeparallel;TUPLE_PROVER;1;true;;30000;16472;2402
BASE/checkers-cylinder-mustjump;TUPLE_PROVER;1;true;;30222;58;1
DRESDEN/chinesecheckers6;TUPLE_PROVER;1;true;;30001;8322;141
BASE/ghostMaze2p;TUPLE_PROVER;1;true;;30000;44370;913
DRESDEN/sat_test_20v_91c;TUPLE_PROVER;1;true;;30002;9440;472
BASE/gt_prisoner;TUPLE_PROVER;1;true;;30000;39813;1990
DRESDEN/pancakes88;TUPLE_PROVER;1;true;;30000;241220;6030
STANFORD/pentago;TUPLE_PROVER;1;true;;30002;3872;73
BASE/colonelBlottoVariant2;TUPLE_PROVER;1;true;;30644;96;18
DRESDEN/statespacelarge;TUPLE_PROVER;1;true;;30000;11255;803
BASE/breakthroughWalls;TUPLE_PROVER;1;true;;30009;3622;62
BASE/point_grab;TUPLE_PROVER;1;true;;30000;165864;5528
BASE/amazonsSuicide;TUPLE_PROVER;1;true;;35674;4;0
BASE/majorities;TUPLE_PROVER;1;true;;30010;2862;53
DRESDEN/connect4;TUPLE_PROVER;1;true;;30006;2593;124
DRESDEN/breakthroughsuicide;TUPLE_PROVER;1;true;;30001;3924;59
BASE/blocks2player;TUPLE_PROVER;1;true;;30000;180254;10014
STANFORD/3puzzle;TUPLE_PROVER;1;true;;30000;206290;34381
DRESDEN/chinesecheckers3;TUPLE_PROVER;1;true;;30000;12176;226
BASE/othello-comp2007;TUPLE_PROVER;1;true;;32253;21;0
DRESDEN/backgammon;TUPLE_PROVER;1;true;;30004;1121;6
DRESDEN/oisters_farm;TUPLE_PROVER;1;true;;30000;178578;3644
BASE/snakeParallel;TUPLE_PROVER;1;true;;30000;54273;11795
BASE/factoringMutuallyAssuredDestruction;TUPLE_PROVER;1;true;;30000;75485;3774
DRESDEN/kalaha_2009;TUPLE_PROVER;1;true;;30000;25297;303
DRESDEN/nim4;TUPLE_PROVER;1;true;;30038;572;41
DRESDEN/quarto;TUPLE_PROVER;1;true;;30001;5477;227
DRESDEN/battlesnakes1509;TUPLE_PROVER;1;true;;30006;3739;92
DRESDEN/connect5;TUPLE_PROVER;1;true;;30001;4661;101
STANFORD/8puzzle;TUPLE_PROVER;1;true;;30000;89802;1496
DRESDEN/statespacemedium;TUPLE_PROVER;1;true;;30000;35676;3964
BASE/asteroidsSerial;TUPLE_PROVER;1;true;;30000;38635;414
DRESDEN/chinesecheckers4;TUPLE_PROVER;1;true;;30002;4499;78
DRESDEN/othello-cornercontrol;TUPLE_PROVER;1;true;;30210;27;0
BASE/3pConnectFour;TUPLE_PROVER;1;true;;30017;7376;212
BASE/sum15;TUPLE_PROVER;1;true;;30000;72712;9530
BASE/checkers-mustjump-torus;TUPLE_PROVER;1;true;;30071;50;1
DRESDEN/quartosuicide;TUPLE_PROVER;1;true;;30002;5679;247
BASE/survival;TUPLE_PROVER;1;true;;30000;677801;581033
DRESDEN/tpeg;TUPLE_PROVER;1;true;;30000;2337;195
DRESDEN/catcha_mouse;TUPLE_PROVER;1;true;;30003;11262;840
DRESDEN/tictactoe_orthogonal;TUPLE_PROVER;1;true;;30000;84523;10557
DRESDEN/twisty-passages;TUPLE_PROVER;1;true;;30000;25728;129
BASE/colonelBlotto;TUPLE_PROVER;1;false;Test process timed out after 240 seconds;0;0;0
BASE/tictactoe-init1;TUPLE_PROVER;1;true;;30000;60058;17133
BASE/wargame02;TUPLE_PROVER;1;true;;30036;618;197
BASE/tictactoe_3player;TUPLE_PROVER;1;true;;30001;12102;595
STANFORD/trifecta;TUPLE_PROVER;1;true;;30000;66206;8647
BASE/tictactoe_3d_small_2player;TUPLE_PROVER;1;true;;30000;5806;467
BASE/checkersTorusNoKings;TUPLE_PROVER;1;true;;30010;4084;67
DRESDEN/connectfoursuicide;TUPLE_PROVER;1;true;;30001;12591;562
DRESDEN/endgame;TUPLE_PROVER;1;true;;30000;2730;195
BASE/snake_2009_big;TUPLE_PROVER;1;true;;30003;9938;564
BASE/tictactoe_3d_small_6player;TUPLE_PROVER;1;true;;30008;1865;50
DRESDEN/3qbf-5cnf-20var-40cl.0.qdimacs;TUPLE_PROVER;1;true;;30000;17027;288
BASE/breakthroughHoles;TUPLE_PROVER;1;true;;30005;3856;63
DRESDEN/chinesecheckers1;TUPLE_PROVER;1;true;;30001;18233;642
DRESDEN/ggp-course2013_michal13;TUPLE_PROVER;1;true;;30478;47;1
BASE/hanoi7_bugfix;TUPLE_PROVER;1;true;;30001;18872;148
BASE/cephalopodMicro;TUPLE_PROVER;1;true;;30289;92;2
BASE/wargame01;TUPLE_PROVER;1;true;;30002;681;70
BASE/blobwars;TUPLE_PROVER;1;true;;30007;2627;65
DRESDEN/troublemaker01;TUPLE_PROVER;1;true;;30000;498475;166222
BASE/othelloSuicide;TUPLE_PROVER;1;true;;30878;22;0
DRESDEN/chickentoetictac;TUPLE_PROVER;1;true;;30000;102461;14454
BASE/kalaha5x2x3;TUPLE_PROVER;1;true;;30000;32579;326
DRESDEN/tictactoex9;TUPLE_PROVER;1;true;;30001;7758;266
BASE/breakthroughSmallHoles;TUPLE_PROVER;1;true;;30004;6955;265
DRESDEN/chinesecheckers2;TUPLE_PROVER;1;true;;30000;12530;330
DRESDEN/sat_test_20v_91c_version2;TUPLE_PROVER;1;true;;30000;8518;425
DRESDEN/3pffa;TUPLE_PROVER;1;true;;30001;12557;418
BASE/ruleDepthExponential;TUPLE_PROVER;1;true;;30548;3226;1604
STANFORD/knightstour;TUPLE_PROVER;1;true;;30000;55040;11296
STANFORD/chinook;TUPLE_PROVER;1;true;;30014;1221;30
DRESDEN/golden_rectangle;TUPLE_PROVER;1;true;;52983;0;0
BASE/brawl;TUPLE_PROVER;1;true;;30029;693;69
STANFORD/tictactoe;TUPLE_PROVER;1;true;;30018;62323;8160
DRESDEN/battlebrushes;TUPLE_PROVER;1;true;;30369;855;45
DRESDEN/double_tictactoe_dengji;TUPLE_PROVER;1;true;;31049;10568;738
DRESDEN/troublemaker02;TUPLE_PROVER;1;true;;30000;405907;135182
DRESDEN/3qbf-5cnf-20var-40cl.2.qdimacs.SAT;TUPLE_PROVER;1;true;;30720;12933;220
BASE/double_tictactoe_dengji;TUPLE_PROVER;1;true;;30066;10644;747
STANFORD/untwistycorridor;TUPLE_PROVER;1;true;;30000;368965;52709
BASE/ticTacToeLarge;TUPLE_PROVER;1;true;;30000;15826;668
BASE/cubicup;TUPLE_PROVER;1;true;;30006;2316;41
DRESDEN/Goldrush;TUPLE_PROVER;1;true;;30008;780;104
BASE/2pttc;TUPLE_PROVER;1;true;;30005;6165;222
DRESDEN/roshambo2;TUPLE_PROVER;1;true;;30000;167854;19756
DRESDEN/logistics;TUPLE_PROVER;1;true;;30000;27156;543
BASE/guess;TUPLE_PROVER;1;true;;30168;158;19
BASE/amazonsTorus;TUPLE_PROVER;1;false;Exception of type StackOverflowError;0;0;0
DRESDEN/buttons;TUPLE_PROVER;1;true;;30000;351929;58654
STANFORD/skirmish;TUPLE_PROVER;1;true;;30074;141;1
BASE/amazons_10x10;TUPLE_PROVER;1;true;;30015;1520;11
BASE/tictactoex9;TUPLE_PROVER;1;true;;30003;7644;272
BASE/checkersSmall;TUPLE_PROVER;1;true;;30016;1082;11
BASE/skirmishZeroSum;TUPLE_PROVER;1;true;;30026;1146;11
DRESDEN/CatchMeIfYouCanTest;TUPLE_PROVER;1;true;;30000;69436;2066
BASE/chickentoetictac;TUPLE_PROVER;1;true;;30000;97100;13645
DRESDEN/crossers3;TUPLE_PROVER;1;true;;30000;6702;510
DRESDEN/tictictoe;TUPLE_PROVER;1;true;;30000;44282;8814
BASE/withConviction;TUPLE_PROVER;1;true;;30001;10325;413
BASE/pawnToQueen;TUPLE_PROVER;1;true;;30001;76;5
BASE/amazonsSuicide_10x10;TUPLE_PROVER;1;true;;30005;1531;11
BASE/amazons_8x8;TUPLE_PROVER;1;true;;30008;1898;21
STANFORD/triplesukoshi;TUPLE_PROVER;1;true;;30057;1128;161
DRESDEN/chinesecheckers6-simultaneous;TUPLE_PROVER;1;true;;30003;2269;100
BASE/gt_two_thirds_4p;TUPLE_PROVER;1;false;Exception of type NullPointerException;0;0;0
DRESDEN/bidding-tictactoe_10coins;TUPLE_PROVER;1;true;;30001;2109;141
BASE/pawnWhopping;TUPLE_PROVER;1;true;;30006;7670;226
BASE/stateSpaceSmall;TUPLE_PROVER;1;true;;30000;185036;46259
BASE/buttons;TUPLE_PROVER;1;true;;30000;353553;58925
BASE/four_way_battle;TUPLE_PROVER;1;true;;30053;443;15
DRESDEN/knightstour;TUPLE_PROVER;1;true;;30000;58145;12050
DRESDEN/chomp;TUPLE_PROVER;1;true;;30005;6982;983
DRESDEN/cubicup;TUPLE_PROVER;1;true;;30007;2296;41
BASE/knightThrough;TUPLE_PROVER;1;true;;30003;3793;113
BASE/battle;TUPLE_PROVER;1;true;;30205;92;3
BASE/knightwar;TUPLE_PROVER;1;true;;30005;10851;1263
BASE/untwistycomplex2;TUPLE_PROVER;1;true;;30000;404665;57809
BASE/escortLatch;TUPLE_PROVER;1;true;;30001;5722;96
DRESDEN/connectfour;TUPLE_PROVER;1;true;;30004;12373;538
BASE/minichess-evilconjuncts;TUPLE_PROVER;1;true;;30008;1698;192
DRESDEN/queens;TUPLE_PROVER;1;false;Test process timed out after 240 seconds;0;0;0
DRESDEN/slidingpieces;TUPLE_PROVER;1;true;;30005;1241;15
BASE/sudokuGrade2;TUPLE_PROVER;1;true;;30642;48;1
BASE/breakthroughSuicide;TUPLE_PROVER;1;true;;30006;3792;56
BASE/connectFourLarger;TUPLE_PROVER;1;true;;30001;3880;116
BASE/factoringGeorgeForman;TUPLE_PROVER;1;true;;30000;69737;1472
BASE/eotcitcit;TUPLE_PROVER;1;true;;30000;46091;9184
DRESDEN/hanoi7_bugfix;TUPLE_PROVER;1;true;;30000;20413;160
DRESDEN/aipsrovers01;TUPLE_PROVER;1;true;;30001;19966;691
DRESDEN/checkers-mustjump-torus;TUPLE_PROVER;1;true;;30416;56;1
DRESDEN/guess;TUPLE_PROVER;1;true;;30005;121;14
BASE/connectFourSimultaneous;TUPLE_PROVER;1;true;;30002;4885;266
BASE/checkers-suicide-cylinder-mustjump;TUPLE_PROVER;1;true;;30670;61;1
BASE/sheepAndWolf;TUPLE_PROVER;1;true;;30001;14987;360
BASE/skirmishNew;TUPLE_PROVER;1;true;;30015;1123;11
DRESDEN/lightson2x2;TUPLE_PROVER;1;true;;30000;90992;9099
STANFORD/eightpuzzle;TUPLE_PROVER;1;true;;30000;84517;1690
BASE/sudokuGrade3;TUPLE_PROVER;1;true;;30414;47;1
BASE/4pffa;TUPLE_PROVER;1;true;;30001;6964;174
BASE/maze;TUPLE_PROVER;1;true;;30000;363392;41373
BASE/switches;TUPLE_PROVER;1;true;;30000;293712;293712
DRESDEN/tictactoe_3d_small_6player;TUPLE_PROVER;1;true;;30001;1937;57
STANFORD/breakthroughsmall;TUPLE_PROVER;1;true;;30004;6021;214
BASE/connect4;TUPLE_PROVER;1;true;;30001;2621;120
BASE/3pffa;TUPLE_PROVER;1;true;;30001;6885;229
BASE/blocksWorld;TUPLE_PROVER;1;true;;30000;241243;80414
BASE/racetrackcorridor;TUPLE_PROVER;1;true;;30001;13087;655
DRESDEN/pawn_whopping;TUPLE_PROVER;1;true;;30000;7974;214
BASE/cittaceot;TUPLE_PROVER;1;true;;30050;481;22
DRESDEN/uf20-010.cnf.SAT;TUPLE_PROVER;1;true;;30000;9998;499
DRESDEN/grid_game;TUPLE_PROVER;1;true;;30000;14175;401
DRESDEN/eotcatcit;TUPLE_PROVER;1;true;;30000;65964;8641
DRESDEN/stratego;TUPLE_PROVER;1;true;;30000;7550;178
BASE/quartoSuicide;TUPLE_PROVER;1;true;;30001;5723;246
BASE/sudokuGrade6H;TUPLE_PROVER;1;true;;30363;32;0
DRESDEN/skirmish;TUPLE_PROVER;1;true;;30001;1391;34
BASE/ticTacToeParallel;TUPLE_PROVER;1;true;;30001;15704;2272
DRESDEN/checkers-cylinder-mustjump;TUPLE_PROVER;1;true;;30522;61;1
BASE/ticblock;TUPLE_PROVER;1;true;;30002;9686;583
DRESDEN/Zhadu;TUPLE_PROVER;1;true;;30087;95;2
BASE/nineBoardTicTacToe;TUPLE_PROVER;1;true;;30006;3536;115
BASE/nim4;TUPLE_PROVER;1;true;;30026;533;39
BASE/reversi;TUPLE_PROVER;1;true;;31149;53;0
DRESDEN/gt_chicken;TUPLE_PROVER;1;true;;30001;28363;1418
STANFORD/buttonsandlights;TUPLE_PROVER;1;true;;30000;668167;112927
BASE/wargame03;TUPLE_PROVER;1;true;;30014;702;110
BASE/gt_two_thirds_6p;TUPLE_PROVER;1;false;Exception of type NullPointerException;0;0;0
DRESDEN/gt_prisoner;TUPLE_PROVER;1;true;;30000;32779;1638
DRESDEN/ggp-course2013_jordi;TUPLE_PROVER;1;true;;30004;862;28
BASE/golden_rectangle;TUPLE_PROVER;1;true;;30802;20;0
BASE/amazonsTorus_10x10;TUPLE_PROVER;1;true;;30033;911;6
DRESDEN/tictactoe;TUPLE_PROVER;1;true;;30000;66794;8741
BASE/sudokuGrade1;TUPLE_PROVER;1;true;;30420;48;1
DRESDEN/god;TUPLE_PROVER;1;true;;35393;91;5
STANFORD/rainbow;TUPLE_PROVER;1;false;Exception of type NullPointerException;0;0;0
BASE/slaughter;TUPLE_PROVER;1;true;;30055;53;1
BASE/gt_dollar;TUPLE_PROVER;1;true;;30000;122686;61385
BASE/snake_2008_tweaked;TUPLE_PROVER;1;true;;30000;10941;659
BASE/ticTacToeSerial;TUPLE_PROVER;1;true;;30005;3682;239
DRESDEN/uf20-020.cnf.SAT.satlike;TUPLE_PROVER;1;true;;178609;40;2
BASE/nim3;TUPLE_PROVER;1;true;;30036;554;40
DRESDEN/doubletoetictac;TUPLE_PROVER;1;true;;30000;14361;1727
DRESDEN/fizzbuzz;TUPLE_PROVER;1;true;;30034;232;7
BASE/ttcc4_2player_small;TUPLE_PROVER;1;true;;30002;6519;436
BASE/connectFourSuicide;TUPLE_PROVER;1;true;;30002;11940;543
DRESDEN/catch_me;TUPLE_PROVER;1;true;;30000;68008;1979
DRESDEN/javastrike;TUPLE_PROVER;1;true;;30012;1398;2
BASE/ticTacHeaven;TUPLE_PROVER;1;true;;30245;2073;95
BASE/max_knights;TUPLE_PROVER;1;true;;30000;7875;1460
BASE/pentago;TUPLE_PROVER;1;true;;30092;1760;33
STANFORD/dualrainbow;TUPLE_PROVER;1;false;Exception of type NullPointerException;0;0;0
BASE/haystack;TUPLE_PROVER;1;true;;30000;786844;262129
DRESDEN/racer4;TUPLE_PROVER;1;true;;31618;18;0
BASE/nim2;TUPLE_PROVER;1;true;;30040;563;62
BASE/pegEuro;TUPLE_PROVER;1;true;;30012;1652;62
BASE/knightmove;TUPLE_PROVER;1;true;;30006;3075;89
DRESDEN/uf20-010.cnf.SAT.satlike;TUPLE_PROVER;1;true;;87757;40;2
DRESDEN/cylinder-checkers;TUPLE_PROVER;1;true;;30063;476;4
BASE/laikLee_hex;TUPLE_PROVER;1;true;;52149;110;5
BASE/skirmish;TUPLE_PROVER;1;true;;30051;150;1
DRESDEN/tttcc4;TUPLE_PROVER;1;true;;30005;3180;112
DRESDEN/minichess-evilconjuncts;TUPLE_PROVER;1;true;;30012;1661;189
BASE/sudokuGrade6E;TUPLE_PROVER;1;true;;30050;31;0
BASE/checkersBarrelNoKings;TUPLE_PROVER;1;true;;30003;4059;60
DRESDEN/cubicup_3player;TUPLE_PROVER;1;true;;30046;914;10
DRESDEN/knightthrough;TUPLE_PROVER;1;true;;30000;3626;115
BASE/knightfight;TUPLE_PROVER;1;true;;30001;25541;2347
DRESDEN/Catch-Me-If-You-Can;TUPLE_PROVER;1;true;;30000;63554;1909
BASE/qyshinsu;TUPLE_PROVER;1;true;;30079;1556;63
DRESDEN/quad_5x5_8_2;TUPLE_PROVER;1;true;;30597;38;2
BASE/nim1;TUPLE_PROVER;1;true;;30004;568;84
BASE/troublemaker02;TUPLE_PROVER;1;true;;30000;464361;155169
BASE/choicethroughalt;TUPLE_PROVER;1;true;;30001;2385;60
DRESDEN/bidding-tictactoe;TUPLE_PROVER;1;true;;30001;9369;642
STANFORD/sukoshi;TUPLE_PROVER;1;true;;30001;19541;3606
BASE/gt_tinfoil;TUPLE_PROVER;1;true;;30001;13288;1328
BASE/conn4;TUPLE_PROVER;1;true;;30017;3972;189
STANFORD/multiplebuttonsandlights;TUPLE_PROVER;1;true;;30000;226876;37812
BASE/ad_game_2x2;TUPLE_PROVER;1;true;;41371;5;2
BASE/gt_attrition;TUPLE_PROVER;1;true;;32250;1;0
BASE/snakeAssemblit;TUPLE_PROVER;1;true;;30003;5379;685
BASE/lightsOnParallel;TUPLE_PROVER;1;true;;30000;46386;2339
BASE/hanoi;TUPLE_PROVER;1;true;;30000;28572;921
STANFORD/duidoku;TUPLE_PROVER;1;true;;30007;42;1
BASE/sudokuGrade4;TUPLE_PROVER;1;true;;30858;46;1
DRESDEN/four_way_battle;TUPLE_PROVER;1;true;;30007;460;14
BASE/snake2p;TUPLE_PROVER;1;true;;30005;3436;2568
BASE/bunk_t;TUPLE_PROVER;1;true;;30000;13552;1618
DRESDEN/8puzzle;TUPLE_PROVER;1;true;;30000;86010;1433
DRESDEN/quad_7x7;TUPLE_PROVER;1;true;;79584;34;1
STANFORD/bestbuttonsandlights;TUPLE_PROVER;1;true;;30000;189659;31609
BASE/pancakes;TUPLE_PROVER;1;true;;30000;283732;7160
STANFORD/checkersonabarrelnokings;TUPLE_PROVER;1;true;;30003;4069;64
STANFORD/multipletictactoe;TUPLE_PROVER;1;true;;30001;9384;524
STANFORD/nineboardtictactoe;TUPLE_PROVER;1;true;;30008;3597;123
BASE/onestep;TUPLE_PROVER;1;true;;30000;921481;921481
BASE/troublemaker01;TUPLE_PROVER;1;true;;30000;508081;169418
BASE/endgame;TUPLE_PROVER;1;true;;30002;3446;246
BASE/queens;TUPLE_PROVER;1;true;;174418;10;1
BASE/dualConnect4;TUPLE_PROVER;1;true;;30000;8356;271
DRESDEN/capture_the_king;TUPLE_PROVER;1;true;;30028;371;5
BASE/pentagoSuicide;TUPLE_PROVER;1;true;;30189;1664;30
BASE/doubletictactoe;TUPLE_PROVER;1;true;;30001;14809;1777
STANFORD/connectfour;TUPLE_PROVER;1;true;;30000;12107;544
BASE/sudokuGrade5;TUPLE_PROVER;1;true;;30273;44;1
BASE/skirmishHoles;TUPLE_PROVER;1;true;;30125;152;1
BASE/cylinder-checkers;TUPLE_PROVER;1;true;;30108;453;4
BASE/asteroidsParallel;TUPLE_PROVER;1;true;;30000;44496;1011
DRESDEN/tictactoe_3player;TUPLE_PROVER;1;true;;30002;11349;562
DRESDEN/hallway;TUPLE_PROVER;1;true;;30003;5712;190
BASE/chineseCheckers6;TUPLE_PROVER;1;true;;30001;11728;195
DRESDEN/tictactoe-init1;TUPLE_PROVER;1;true;;30000;59512;17019
BASE/tictactoe_orthogonal;TUPLE_PROVER;1;true;;30000;85210;10625
BASE/chomp;TUPLE_PROVER;1;true;;30002;7391;1034
BASE/peg;TUPLE_PROVER;1;true;;30011;2018;83
DRESDEN/merrills;TUPLE_PROVER;1;true;;30452;81;1
BASE/ticTacToeNoVars;TUPLE_PROVER;1;true;;30000;24398;3219
STANFORD/jointbuttonsandlights;TUPLE_PROVER;1;true;;30000;115580;20049
BASE/twisty-passages;TUPLE_PROVER;1;true;;30001;25730;129
DRESDEN/snake_2009_big;TUPLE_PROVER;1;true;;30000;10103;572
BASE/chickentictactoe;TUPLE_PROVER;1;true;;30000;57300;8057
BASE/firefighter;TUPLE_PROVER;1;true;;30000;130202;2936
DRESDEN/vacuumcleaner_obstacles_2;TUPLE_PROVER;1;true;;30000;22097;3695
DRESDEN/smallest;TUPLE_PROVER;1;true;;30292;1163;48
BASE/othelloHoles;TUPLE_PROVER;1;true;;30541;22;0
BASE/alexChess;TUPLE_PROVER;1;false;Exception of type StackOverflowError;0;0;0
STANFORD/sudoku;TUPLE_PROVER;1;true;;30575;48;1
BASE/biddingTicTacToe_10coins;TUPLE_PROVER;1;true;;30018;2029;135
BASE/chinook;TUPLE_PROVER;1;true;;30007;1309;47
BASE/mummyMaze2p_2007;TUPLE_PROVER;1;true;;30002;15612;336
DRESDEN/kitten_escapes_from_fire;TUPLE_PROVER;1;true;;30001;21619;2617
BASE/gt_staghunt;TUPLE_PROVER;1;true;;30000;40194;2009
BASE/gt_coordination;TUPLE_PROVER;1;true;;30000;60581;3029
STANFORD/tictactoe3;TUPLE_PROVER;1;true;;30000;37066;13915
DRESDEN/blocksworldparallel;TUPLE_PROVER;1;true;;30000;60157;20052
DRESDEN/knightmove;TUPLE_PROVER;1;true;;30000;3027;92
DRESDEN/ticblock;TUPLE_PROVER;1;true;;30000;10406;627
DRESDEN/vacuumcleaner_obstacles_1;TUPLE_PROVER;1;true;;30000;29254;4932
DRESDEN/racer;TUPLE_PROVER;1;true;;43170;3;0
BASE/quad_7x7;TUPLE_PROVER;1;true;;125117;34;1
BASE/biddingTicTacToe;TUPLE_PROVER;1;true;;30002;9399;638
BASE/eightPuzzle;TUPLE_PROVER;1;true;;30000;91240;1520
BASE/crossers3;TUPLE_PROVER;1;true;;30000;6629;504
DRESDEN/tictactoe_3d_small_2player;TUPLE_PROVER;1;true;;30000;5633;467
BASE/checkLines;TUPLE_PROVER;1;true;;30002;8067;525
BASE/cubicup_3player;TUPLE_PROVER;1;true;;30023;911;10
DRESDEN/ghostmaze2p;TUPLE_PROVER;1;true;;30000;44528;919
DRESDEN/pawn_whopping_corrected;TUPLE_PROVER;1;true;;30003;7368;215
DRESDEN/racetrackcorridor;TUPLE_PROVER;1;true;;30001;21999;1241
DRESDEN/crisscross;TUPLE_PROVER;1;true;;30007;7433;286
BASE/chineseCheckers4;TUPLE_PROVER;1;true;;30003;7804;135
DRESDEN/toetictac;TUPLE_PROVER;1;true;;30000;129166;16921
BASE/aipsrovers01;TUPLE_PROVER;1;true;;30000;19471;672
BASE/simultaneousWin2;TUPLE_PROVER;1;true;;30064;282;3
DRESDEN/checkers-suicide-cylinder-mustjump;TUPLE_PROVER;1;true;;30695;70;1
BASE/blokbox_simple;TUPLE_PROVER;1;true;;34216;1;0
BASE/ticTacToeLargeSuicide;TUPLE_PROVER;1;true;;30000;15836;668
DRESDEN/farmers;TUPLE_PROVER;1;true;;30300;180;18
BASE/chineseCheckers3;TUPLE_PROVER;1;true;;30000;18380;335
DRESDEN/blobwars;TUPLE_PROVER;1;true;;30014;2639;65
DRESDEN/vacuumcleaner_random_big;TUPLE_PROVER;1;true;;30001;6919;1146
DRESDEN/checkers;TUPLE_PROVER;1;true;;30030;683;7
BASE/gt_two_thirds_2p;TUPLE_PROVER;1;false;Exception of type NullPointerException;0;0;0
BASE/gt_chicken;TUPLE_PROVER;1;true;;30000;30664;1533
STANFORD/multiplebuttonsandlights_9;TUPLE_PROVER;1;true;;30000;236087;39348
BASE/gt_centipede;TUPLE_PROVER;1;true;;30000;232489;115936
DRESDEN/3qbf-5cnf-20var-40cl.1.qdimacs.SAT;TUPLE_PROVER;1;true;;30001;16963;290
DRESDEN/Thief_Police;TUPLE_PROVER;1;true;;30000;69455;2127
STANFORD/tictactoe5;TUPLE_PROVER;1;true;;30000;49961;13707
