BASE/checkers-suicide-cylinder-mustjump;REKKURA_BACKWARD_PROVER;1.0.0;true;;30068;234;5
BASE/pentagoSuicide;REKKURA_BACKWARD_PROVER;1.0.0;true;;30000;9675;175
DRESDEN/hallway;REKKURA_BACKWARD_PROVER;1.0.0;true;;30002;6471;215
DRESDEN/nim3;REKKURA_BACKWARD_PROVER;1.0.0;true;;30000;31560;2376
DRESDEN/crissrace;REKKURA_BACKWARD_PROVER;1.0.0;true;;45146;1;0
DRESDEN/breakthrough;REKKURA_BACKWARD_PROVER;1.0.0;true;;30003;3011;49
BASE/futoshiki6;REKKURA_BACKWARD_PROVER;1.0.0;true;;30002;12572;618
DRESDEN/max_knights;REKKURA_BACKWARD_PROVER;1.0.0;true;;30043;123;20
BASE/blockerSerial;REKKURA_BACKWARD_PROVER;1.0.0;true;;30000;22279;1407
DRESDEN/smallest;REKKURA_BACKWARD_PROVER;1.0.0;true;;30000;14523;607
STANFORD/multipletictactoe;REKKURA_BACKWARD_PROVER;1.0.0;true;;30000;14569;811
BASE/troublemaker01;REKKURA_BACKWARD_PROVER;1.0.0;true;;30000;234954;78332
BASE/gt_attrition;REKKURA_BACKWARD_PROVER;1.0.0;true;;31141;28;5
BASE/eightPuzzle;REKKURA_BACKWARD_PROVER;1.0.0;true;;30000;43550;725
BASE/gt_tinfoil;REKKURA_BACKWARD_PROVER;1.0.0;true;;30008;2700;270
BASE/endgame;REKKURA_BACKWARD_PROVER;1.0.0;true;;30004;1785;127
DRESDEN/lightsout;REKKURA_BACKWARD_PROVER;1.0.0;true;;30000;64795;3239
STANFORD/rainbow;REKKURA_BACKWARD_PROVER;1.0.0;true;;30000;140398;23399
BASE/sudokuGrade5;REKKURA_BACKWARD_PROVER;1.0.0;true;;30002;4343;114
STANFORD/madness;REKKURA_BACKWARD_PROVER;1.0.0;true;;30075;148;2
DRESDEN/nim4;REKKURA_BACKWARD_PROVER;1.0.0;true;;30000;33091;2473
BASE/skirmishNew;REKKURA_BACKWARD_PROVER;1.0.0;true;;30016;497;4
BASE/futoshiki5;REKKURA_BACKWARD_PROVER;1.0.0;true;;30000;19112;1401
DRESDEN/circlesolitaire;REKKURA_BACKWARD_PROVER;1.0.0;true;;30000;99956;9723
DRESDEN/pancakes;REKKURA_BACKWARD_PROVER;1.0.0;true;;30000;30782;776
BASE/3pffa;REKKURA_BACKWARD_PROVER;1.0.0;true;;30000;10920;364
DRESDEN/sum15;REKKURA_BACKWARD_PROVER;1.0.0;true;;30000;118661;15544
BASE/eotcitcit;REKKURA_BACKWARD_PROVER;1.0.0;true;;30000;59286;11855
BASE/sudokuGrade4;REKKURA_BACKWARD_PROVER;1.0.0;true;;30002;4532;114
BASE/escortLatch;REKKURA_BACKWARD_PROVER;1.0.0;true;;30000;9523;161
DRESDEN/2player_normal_form_2010;REKKURA_BACKWARD_PROVER;1.0.0;true;;30000;131813;131813
DRESDEN/SC_TestOnly_enabled;REKKURA_BACKWARD_PROVER;1.0.0;true;;30000;48883;5431
BASE/amazonsTorus_10x10;REKKURA_BACKWARD_PROVER;1.0.0;true;;30036;292;1
BASE/sudokuGrade2;REKKURA_BACKWARD_PROVER;1.0.0;true;;30000;4338;114
BASE/futoshiki4;REKKURA_BACKWARD_PROVER;1.0.0;true;;30000;33352;3627
BASE/nineBoardTicTacToe;REKKURA_BACKWARD_PROVER;1.0.0;true;;30000;16708;556
BASE/knightmove;REKKURA_BACKWARD_PROVER;1.0.0;true;;30000;8853;249
DRESDEN/ggp-course2013_nicolai;REKKURA_BACKWARD_PROVER;1.0.0;true;;30008;1629;50
BASE/connect5;REKKURA_BACKWARD_PROVER;1.0.0;true;;30011;449;10
BASE/gt_dollar;REKKURA_BACKWARD_PROVER;1.0.0;true;;30000;62878;31497
DRESDEN/tttcc4;REKKURA_BACKWARD_PROVER;1.0.0;true;;30008;2486;87
BASE/gt_chicken;REKKURA_BACKWARD_PROVER;1.0.0;true;;30001;10398;519
DRESDEN/cylinder-checkers;REKKURA_BACKWARD_PROVER;1.0.0;true;;30096;51;0
BASE/snake_2008_tweaked;REKKURA_BACKWARD_PROVER;1.0.0;true;;30001;8023;526
DRESDEN/Thief_Police;REKKURA_BACKWARD_PROVER;1.0.0;true;;30000;60753;1796
BASE/brain_teaser_extended;REKKURA_BACKWARD_PROVER;1.0.0;true;;30000;82607;5507
BASE/biddingTicTacToe;REKKURA_BACKWARD_PROVER;1.0.0;true;;30000;29042;1994
BASE/sudokuGrade3;REKKURA_BACKWARD_PROVER;1.0.0;true;;30005;4512;116
DRESDEN/snake_2009;REKKURA_BACKWARD_PROVER;1.0.0;true;;30000;11235;702
BASE/skirmish;REKKURA_BACKWARD_PROVER;1.0.0;true;;30048;478;4
BASE/ttcc4_2player_small;REKKURA_BACKWARD_PROVER;1.0.0;true;;30000;6069;395
DRESDEN/lightsout2;REKKURA_BACKWARD_PROVER;1.0.0;true;;30000;71785;3589
BASE/sudokuGrade1;REKKURA_BACKWARD_PROVER;1.0.0;true;;30002;4640;130
DRESDEN/gt_ultimatum;REKKURA_BACKWARD_PROVER;1.0.0;true;;30001;8589;429
BASE/slidingpieces;REKKURA_BACKWARD_PROVER;1.0.0;true;;30001;19295;238
BASE/checkLines;REKKURA_BACKWARD_PROVER;1.0.0;true;;30000;15378;984
BASE/breakthroughSuicide;REKKURA_BACKWARD_PROVER;1.0.0;true;;30005;3191;52
DRESDEN/pacman3p;REKKURA_BACKWARD_PROVER;1.0.0;true;;30000;1503;29
BASE/gt_staghunt;REKKURA_BACKWARD_PROVER;1.0.0;true;;30001;12913;645
STANFORD/buttonsandlights;REKKURA_BACKWARD_PROVER;1.0.0;true;;30000;227897;38511
DRESDEN/bunk_t;REKKURA_BACKWARD_PROVER;1.0.0;true;;30000;46512;5578
BASE/chinook;REKKURA_BACKWARD_PROVER;1.0.0;true;;30005;2001;70
BASE/asteroids;REKKURA_BACKWARD_PROVER;1.0.0;true;;30000;31293;679
BASE/racetrackcorridor;REKKURA_BACKWARD_PROVER;1.0.0;true;;30000;23378;1171
BASE/god;REKKURA_BACKWARD_PROVER;1.0.0;true;;30013;451;20
BASE/connect4;REKKURA_BACKWARD_PROVER;1.0.0;true;;30000;14874;690
DRESDEN/snake_2008;REKKURA_BACKWARD_PROVER;1.0.0;true;;30001;6864;424
DRESDEN/knightwar;REKKURA_BACKWARD_PROVER;1.0.0;true;;30002;12485;1474
BASE/guess;REKKURA_BACKWARD_PROVER;1.0.0;true;;30000;5392;610
BASE/stateSpaceLarge;REKKURA_BACKWARD_PROVER;1.0.0;true;;30000;82178;5869
DRESDEN/peg;REKKURA_BACKWARD_PROVER;1.0.0;true;;30001;16159;664
DRESDEN/doubletoetictac;REKKURA_BACKWARD_PROVER;1.0.0;true;;30001;40620;4866
BASE/pegEuro;REKKURA_BACKWARD_PROVER;1.0.0;true;;30000;7161;280
DRESDEN/checkers-mustjump;REKKURA_BACKWARD_PROVER;1.0.0;true;;30518;24;0
BASE/skirmishFinal3;REKKURA_BACKWARD_PROVER;1.0.0;true;;30058;656;11
DRESDEN/small_dominion;REKKURA_BACKWARD_PROVER;1.0.0;true;;30007;439;14
DRESDEN/chickentictactoe;REKKURA_BACKWARD_PROVER;1.0.0;true;;30000;74969;10541
BASE/kitten_escapes_from_fire;REKKURA_BACKWARD_PROVER;1.0.0;true;;30000;14794;1768
DRESDEN/quartosuicide;REKKURA_BACKWARD_PROVER;1.0.0;true;;30034;412;17
BASE/asteroidsParallel;REKKURA_BACKWARD_PROVER;1.0.0;true;;30000;16299;369
BASE/eotcatcit;REKKURA_BACKWARD_PROVER;1.0.0;true;;30000;84556;11092
DRESDEN/farmers;REKKURA_BACKWARD_PROVER;1.0.0;true;;30489;26;2
STANFORD/knightstourbig;REKKURA_BACKWARD_PROVER;1.0.0;true;;30002;10209;1739
DRESDEN/coins;REKKURA_BACKWARD_PROVER;1.0.0;true;;30000;32314;12920
BASE/pawnToQueen;REKKURA_BACKWARD_PROVER;1.0.0;true;;30183;91;7
DRESDEN/tpeg;REKKURA_BACKWARD_PROVER;1.0.0;true;;30000;16983;1390
BASE/zhadu;REKKURA_BACKWARD_PROVER;1.0.0;true;;30017;893;23
DRESDEN/grid_game2;REKKURA_BACKWARD_PROVER;1.0.0;true;;30000;37249;762
BASE/snake_2009_big;REKKURA_BACKWARD_PROVER;1.0.0;true;;30001;9438;539
STANFORD/breakthrough;REKKURA_BACKWARD_PROVER;1.0.0;true;;30000;20797;332
BASE/tictactoex9;REKKURA_BACKWARD_PROVER;1.0.0;true;;30000;15952;557
DRESDEN/vacuumcleaner_random_big;REKKURA_BACKWARD_PROVER;1.0.0;true;;30146;46;8
BASE/skirmishFinal2;REKKURA_BACKWARD_PROVER;1.0.0;true;;30022;609;10
BASE/breakthroughHoles;REKKURA_BACKWARD_PROVER;1.0.0;true;;30006;3125;51
DRESDEN/peg_bugfixed;REKKURA_BACKWARD_PROVER;1.0.0;true;;30000;17127;701
DRESDEN/quad;REKKURA_BACKWARD_PROVER;1.0.0;true;;30002;4136;86
DRESDEN/blocker;REKKURA_BACKWARD_PROVER;1.0.0;true;;30000;91094;11521
BASE/golden_rectangle;REKKURA_BACKWARD_PROVER;1.0.0;true;;30000;12917;439
BASE/connectFourLarge;REKKURA_BACKWARD_PROVER;1.0.0;true;;30002;13412;511
BASE/tictactoe_3d_small_6player;REKKURA_BACKWARD_PROVER;1.0.0;true;;30001;15740;433
BASE/wargame03;REKKURA_BACKWARD_PROVER;1.0.0;true;;30359;74;12
DRESDEN/kalaha_2009;REKKURA_BACKWARD_PROVER;1.0.0;true;;30066;403;4
STANFORD/duidoku;REKKURA_BACKWARD_PROVER;1.0.0;true;;30006;3741;91
BASE/pawnWhopping;REKKURA_BACKWARD_PROVER;1.0.0;true;;30000;27428;802
DRESDEN/mimikry;REKKURA_BACKWARD_PROVER;1.0.0;true;;30000;18808;782
BASE/kalaha5x2x3;REKKURA_BACKWARD_PROVER;1.0.0;true;;30000;10548;108
DRESDEN/Catch-Me-If-You-Can;REKKURA_BACKWARD_PROVER;1.0.0;true;;30000;62343;1825
DRESDEN/nim1;REKKURA_BACKWARD_PROVER;1.0.0;true;;30000;34534;5046
BASE/brawl;REKKURA_BACKWARD_PROVER;1.0.0;true;;30015;839;83
BASE/skirmishFinal1;REKKURA_BACKWARD_PROVER;1.0.0;true;;30027;571;9
BASE/skirmishZeroSum;REKKURA_BACKWARD_PROVER;1.0.0;true;;30025;406;4
STANFORD/untwistycorridor;REKKURA_BACKWARD_PROVER;1.0.0;true;;30031;151585;21655
BASE/cubicup_3player;REKKURA_BACKWARD_PROVER;1.0.0;true;;30002;9373;111
BASE/blocks2player;REKKURA_BACKWARD_PROVER;1.0.0;true;;30000;107979;5999
DRESDEN/skirmish3;REKKURA_BACKWARD_PROVER;1.0.0;true;;30010;1243;31
DRESDEN/fizzbuzz;REKKURA_BACKWARD_PROVER;1.0.0;true;;30000;19074;635
BASE/tttcc4;REKKURA_BACKWARD_PROVER;1.0.0;true;;30000;2512;90
STANFORD/tictactoe5;REKKURA_BACKWARD_PROVER;1.0.0;true;;30000;74500;20555
BASE/sudokuGrade6H;REKKURA_BACKWARD_PROVER;1.0.0;true;;30000;4159;88
BASE/snakeAssemblit;REKKURA_BACKWARD_PROVER;1.0.0;true;;30000;11855;1473
BASE/blocksWorld;REKKURA_BACKWARD_PROVER;1.0.0;true;;30000;175811;58603
DRESDEN/4pttc;REKKURA_BACKWARD_PROVER;1.0.0;true;;30001;6574;206
BASE/ticTacToeParallel;REKKURA_BACKWARD_PROVER;1.0.0;true;;30000;33251;4816
BASE/othello-comp2007;REKKURA_BACKWARD_PROVER;1.0.0;true;;30065;464;7
BASE/reversi;REKKURA_BACKWARD_PROVER;1.0.0;true;;30001;791;13
BASE/nim4;REKKURA_BACKWARD_PROVER;1.0.0;true;;30000;32894;2461
DRESDEN/toetictac;REKKURA_BACKWARD_PROVER;1.0.0;true;;30000;100183;13135
BASE/checkers-newgoals;REKKURA_BACKWARD_PROVER;1.0.0;true;;30050;565;5
BASE/cylinder-checkers;REKKURA_BACKWARD_PROVER;1.0.0;true;;30249;52;0
BASE/gt_two_thirds_6p;REKKURA_BACKWARD_PROVER;1.0.0;false;Test process timed out after 240 seconds;0;0;0
DRESDEN/amazons;REKKURA_BACKWARD_PROVER;1.0.0;true;;30084;244;3
BASE/asteroidsSerial;REKKURA_BACKWARD_PROVER;1.0.0;true;;30000;16959;182
BASE/dualConnect4;REKKURA_BACKWARD_PROVER;1.0.0;true;;30001;12421;393
BASE/slaughter;REKKURA_BACKWARD_PROVER;1.0.0;false;Test process timed out after 240 seconds;0;0;0
BASE/skirmishHoles;REKKURA_BACKWARD_PROVER;1.0.0;true;;30028;613;6
BASE/sudoku;REKKURA_BACKWARD_PROVER;1.0.0;false;Test process timed out after 240 seconds;0;0;0
BASE/lightsOn;REKKURA_BACKWARD_PROVER;1.0.0;true;;30000;131772;10528
DRESDEN/pancakes6;REKKURA_BACKWARD_PROVER;1.0.0;true;;30000;28584;721
BASE/pacman2p;REKKURA_BACKWARD_PROVER;1.0.0;true;;30007;1490;26
BASE/doubletoetictac;REKKURA_BACKWARD_PROVER;1.0.0;true;;30000;44596;5337
BASE/untwistycomplex2;REKKURA_BACKWARD_PROVER;1.0.0;true;;30000;158114;22587
STANFORD/freeforall;REKKURA_BACKWARD_PROVER;1.0.0;true;;30000;10546;351
STANFORD/knightstourmedium;REKKURA_BACKWARD_PROVER;1.0.0;true;;30000;42204;10639
DRESDEN/capture_the_king;REKKURA_BACKWARD_PROVER;1.0.0;true;;30019;969;16
BASE/minichess-evilconjuncts;REKKURA_BACKWARD_PROVER;1.0.0;true;;30002;5805;656
DRESDEN/mummymaze2p;REKKURA_BACKWARD_PROVER;1.0.0;true;;30016;931;18
BASE/kalaha6x2x4;REKKURA_BACKWARD_PROVER;1.0.0;true;;30003;5381;28
BASE/biddingTicTacToe_10coins;REKKURA_BACKWARD_PROVER;1.0.0;true;;30001;14110;949
DRESDEN/racer;REKKURA_BACKWARD_PROVER;1.0.0;true;;30037;374;27
BASE/ticTacToeNoVars;REKKURA_BACKWARD_PROVER;1.0.0;true;;30000;58783;7732
BASE/factoringMediumTurtleBrain;REKKURA_BACKWARD_PROVER;1.0.0;true;;30000;31592;376
DRESDEN/vacuumcleaner_obstacles_1;REKKURA_BACKWARD_PROVER;1.0.0;true;;30091;285;46
STANFORD/hunter;REKKURA_BACKWARD_PROVER;1.0.0;true;;30000;51762;3697
STANFORD/duikoshi;REKKURA_BACKWARD_PROVER;1.0.0;true;;30000;32488;2423
DRESDEN/cube_2x2x2;REKKURA_BACKWARD_PROVER;1.0.0;true;;30000;31672;2640
BASE/connectFourSuicide;REKKURA_BACKWARD_PROVER;1.0.0;true;;30000;21785;957
DRESDEN/oisters_farm;REKKURA_BACKWARD_PROVER;1.0.0;true;;30000;70326;1435
BASE/chickentictactoe;REKKURA_BACKWARD_PROVER;1.0.0;true;;30000;73403;10339
STANFORD/tictactoe7;REKKURA_BACKWARD_PROVER;1.0.0;true;;30000;75349;13619
BASE/breakthrough;REKKURA_BACKWARD_PROVER;1.0.0;true;;30008;1138;18
BASE/crissrace;REKKURA_BACKWARD_PROVER;1.0.0;true;;45729;1;0
BASE/gt_ultimatum;REKKURA_BACKWARD_PROVER;1.0.0;true;;30001;7809;390
BASE/tron_10x10;REKKURA_BACKWARD_PROVER;1.0.0;true;;30000;28449;9458
BASE/duplicateStateMedium;REKKURA_BACKWARD_PROVER;1.0.0;true;;30000;50886;5654
DRESDEN/merrills;REKKURA_BACKWARD_PROVER;1.0.0;true;;166367;0;0
BASE/stateSpaceMedium;REKKURA_BACKWARD_PROVER;1.0.0;true;;30000;129397;14377
BASE/gt_prisoner;REKKURA_BACKWARD_PROVER;1.0.0;true;;30000;13191;659
DRESDEN/javastrike;REKKURA_BACKWARD_PROVER;1.0.0;true;;30002;6288;13
DRESDEN/Runners;REKKURA_BACKWARD_PROVER;1.0.0;true;;30000;29039;592
DRESDEN/uf20-010.cnf.SAT.satlike;REKKURA_BACKWARD_PROVER;1.0.0;true;;30096;1000;50
BASE/checkers-cylinder-mustjump;REKKURA_BACKWARD_PROVER;1.0.0;true;;30047;244;5
DRESDEN/vacuumcleaner_obstacles_2;REKKURA_BACKWARD_PROVER;1.0.0;true;;30069;270;50
BASE/blockerParallel;REKKURA_BACKWARD_PROVER;1.0.0;true;;30000;16267;2325
DRESDEN/sat_test_20v_91c;REKKURA_BACKWARD_PROVER;1.0.0;true;;30001;11061;553
BASE/pacman3p;REKKURA_BACKWARD_PROVER;1.0.0;true;;30013;1498;31
DRESDEN/chinesecheckers6;REKKURA_BACKWARD_PROVER;1.0.0;true;;42123;0;0
BASE/4pffa;REKKURA_BACKWARD_PROVER;1.0.0;true;;30000;9902;247
DRESDEN/racer4;REKKURA_BACKWARD_PROVER;1.0.0;true;;30016;324;17
BASE/pearls;REKKURA_BACKWARD_PROVER;1.0.0;true;;30000;259453;23586
DRESDEN/pancakes88;REKKURA_BACKWARD_PROVER;1.0.0;true;;30000;25562;639
DRESDEN/tictactoeparallel;REKKURA_BACKWARD_PROVER;1.0.0;true;;30000;32573;4742
DRESDEN/statespacelarge;REKKURA_BACKWARD_PROVER;1.0.0;true;;30000;83783;5984
BASE/knightwar;REKKURA_BACKWARD_PROVER;1.0.0;true;;30000;4027;470
BASE/maze;REKKURA_BACKWARD_PROVER;1.0.0;true;;30000;145126;16509
DRESDEN/mummymaze2p-comp2007;REKKURA_BACKWARD_PROVER;1.0.0;true;;30009;2383;51
DRESDEN/kitten_escapes_from_fire;REKKURA_BACKWARD_PROVER;1.0.0;true;;30000;14788;1775
DRESDEN/checkers;REKKURA_BACKWARD_PROVER;1.0.0;true;;30202;48;0
DRESDEN/babel;REKKURA_BACKWARD_PROVER;1.0.0;true;;30001;2085;104
BASE/cittaceot;REKKURA_BACKWARD_PROVER;1.0.0;true;;30000;15931;741
BASE/snake_2009;REKKURA_BACKWARD_PROVER;1.0.0;true;;30002;11539;707
DRESDEN/quarto;REKKURA_BACKWARD_PROVER;1.0.0;true;;30004;407;17
BASE/factoringEasyTurtleBrain;REKKURA_BACKWARD_PROVER;1.0.0;true;;30000;72389;1206
BASE/ticTacToeLarge;REKKURA_BACKWARD_PROVER;1.0.0;true;;30000;49708;2101
BASE/choicethroughalt;REKKURA_BACKWARD_PROVER;1.0.0;true;;30012;2112;51
DRESDEN/battlesnakes1509;REKKURA_BACKWARD_PROVER;1.0.0;true;;30000;17253;404
DRESDEN/mummymaze1p;REKKURA_BACKWARD_PROVER;1.0.0;false;Test process timed out after 240 seconds;0;0;0
BASE/nim1;REKKURA_BACKWARD_PROVER;1.0.0;true;;30000;32183;4707
BASE/3pttc;REKKURA_BACKWARD_PROVER;1.0.0;true;;30007;3191;109
STANFORD/selectivesukoshi;REKKURA_BACKWARD_PROVER;1.0.0;true;;30002;9925;347
BASE/bunk_t;REKKURA_BACKWARD_PROVER;1.0.0;true;;30000;47700;5717
DRESDEN/pawntoqueen;REKKURA_BACKWARD_PROVER;1.0.0;true;;30198;91;6
DRESDEN/queens;REKKURA_BACKWARD_PROVER;1.0.0;false;IllegalArgumentException: too many occurrences: 2147483765;0;0;0
BASE/wargame01;REKKURA_BACKWARD_PROVER;1.0.0;true;;30015;85;8
DRESDEN/vacuumcleaner_random;REKKURA_BACKWARD_PROVER;1.0.0;true;;30058;268;38
BASE/quartoSuicide;REKKURA_BACKWARD_PROVER;1.0.0;true;;30002;355;16
BASE/2pttc;REKKURA_BACKWARD_PROVER;1.0.0;true;;30004;4844;174
BASE/lightsOnParallel;REKKURA_BACKWARD_PROVER;1.0.0;true;;30000;87249;4400
BASE/amazonsSuicide_10x10;REKKURA_BACKWARD_PROVER;1.0.0;true;;30006;504;3
BASE/checkersSmall;REKKURA_BACKWARD_PROVER;1.0.0;true;;30011;1813;21
BASE/kalaha_2009;REKKURA_BACKWARD_PROVER;1.0.0;true;;30014;372;4
DRESDEN/brain_teaser_extended;REKKURA_BACKWARD_PROVER;1.0.0;true;;30000;80458;5363
BASE/factoringGeorgeForman;REKKURA_BACKWARD_PROVER;1.0.0;true;;30000;158422;3320
BASE/knightazons;REKKURA_BACKWARD_PROVER;1.0.0;true;;30026;953;14
DRESDEN/backgammon;REKKURA_BACKWARD_PROVER;1.0.0;true;;30001;6678;36
STANFORD/pentago;REKKURA_BACKWARD_PROVER;1.0.0;true;;30000;9879;177
STANFORD/untwistycomplex;REKKURA_BACKWARD_PROVER;1.0.0;true;;30000;76860;8540
DRESDEN/crisscross;REKKURA_BACKWARD_PROVER;1.0.0;true;;34827;0;0
BASE/quad;REKKURA_BACKWARD_PROVER;1.0.0;true;;30002;4075;87
DRESDEN/catcha_mouse;REKKURA_BACKWARD_PROVER;1.0.0;true;;30000;28983;2197
DRESDEN/hanoi;REKKURA_BACKWARD_PROVER;1.0.0;true;;30000;36341;1172
DRESDEN/bomberman2p;REKKURA_BACKWARD_PROVER;1.0.0;true;;30007;3240;415
DRESDEN/chinesecheckers4;REKKURA_BACKWARD_PROVER;1.0.0;true;;30784;15;0
DRESDEN/knightfight;REKKURA_BACKWARD_PROVER;1.0.0;true;;30011;1037;92
DRESDEN/othello-cornercontrol;REKKURA_BACKWARD_PROVER;1.0.0;true;;31952;3;0
STANFORD/bestbuttonsandlightsbig;REKKURA_BACKWARD_PROVER;1.0.0;true;;30000;90943;15157
DRESDEN/CephalopodMicro;REKKURA_BACKWARD_PROVER;1.0.0;true;;30001;1905;43
BASE/hallway;REKKURA_BACKWARD_PROVER;1.0.0;true;;30001;6463;215
BASE/tictactoe-init1;REKKURA_BACKWARD_PROVER;1.0.0;true;;30000;82473;23560
BASE/max_knights;REKKURA_BACKWARD_PROVER;1.0.0;true;;30059;118;22
BASE/factoringImpossibleTurtleBrain;REKKURA_BACKWARD_PROVER;1.0.0;true;;30012;319;3
BASE/nim3;REKKURA_BACKWARD_PROVER;1.0.0;true;;30000;32531;2447
BASE/ruleDepthLinear;REKKURA_BACKWARD_PROVER;1.0.0;true;;30000;38837;19413
STANFORD/hex;REKKURA_BACKWARD_PROVER;1.0.0;true;;30010;2205;31
BASE/breakthroughSmall;REKKURA_BACKWARD_PROVER;1.0.0;true;;30001;8636;306
STANFORD/tictactoe3;REKKURA_BACKWARD_PROVER;1.0.0;true;;30000;64421;24182
BASE/sheepAndWolf;REKKURA_BACKWARD_PROVER;1.0.0;true;;30006;2645;67
BASE/checkers-mustjump;REKKURA_BACKWARD_PROVER;1.0.0;true;;30070;272;5
DRESDEN/chinesecheckers3;REKKURA_BACKWARD_PROVER;1.0.0;true;;31539;11;0
DRESDEN/catch_me;REKKURA_BACKWARD_PROVER;1.0.0;true;;30000;59797;1766
BASE/connectFourLarger;REKKURA_BACKWARD_PROVER;1.0.0;true;;30003;5034;152
BASE/numbertictactoe;REKKURA_BACKWARD_PROVER;1.0.0;true;;30000;47118;5856
DRESDEN/bidding-tictactoe;REKKURA_BACKWARD_PROVER;1.0.0;true;;30000;32300;2208
BASE/ticblock;REKKURA_BACKWARD_PROVER;1.0.0;true;;30000;39072;2362
BASE/cephalopodMicro;REKKURA_BACKWARD_PROVER;1.0.0;true;;30001;1692;38
DRESDEN/chinesecheckers2;REKKURA_BACKWARD_PROVER;1.0.0;true;;30109;188;4
BASE/tictactoe_3d_6player;REKKURA_BACKWARD_PROVER;1.0.0;true;;30000;3017;28
BASE/nim2;REKKURA_BACKWARD_PROVER;1.0.0;true;;30000;34854;3919
DRESDEN/quad_5x5_8_2;REKKURA_BACKWARD_PROVER;1.0.0;true;;30003;4901;268
BASE/quad_5x5;REKKURA_BACKWARD_PROVER;1.0.0;true;;30000;5001;347
DRESDEN/blocks;REKKURA_BACKWARD_PROVER;1.0.0;true;;30000;155554;51851
BASE/hanoi_6_disks;REKKURA_BACKWARD_PROVER;1.0.0;true;;30000;7111;2051
BASE/wargame02;REKKURA_BACKWARD_PROVER;1.0.0;true;;30217;87;32
DRESDEN/towerworld;REKKURA_BACKWARD_PROVER;1.0.0;true;;30033;656;1
BASE/checkersBarrelNoKings;REKKURA_BACKWARD_PROVER;1.0.0;true;;30004;1974;29
BASE/ruleDepthExponential;REKKURA_BACKWARD_PROVER;1.0.0;true;;30595;11;8
BASE/sudokuGrade6E;REKKURA_BACKWARD_PROVER;1.0.0;true;;30003;4132;89
DRESDEN/uf20-020.cnf.SAT.satlike;REKKURA_BACKWARD_PROVER;1.0.0;true;;30400;1020;51
DRESDEN/3pffa;REKKURA_BACKWARD_PROVER;1.0.0;true;;30000;18816;627
BASE/double_tictactoe_dengji;REKKURA_BACKWARD_PROVER;1.0.0;true;;30000;34485;2442
DRESDEN/knightstour;REKKURA_BACKWARD_PROVER;1.0.0;true;;30000;53584;11033
DRESDEN/chinesecheckers6-simultaneous;REKKURA_BACKWARD_PROVER;1.0.0;true;;41416;0;0
BASE/amazons_10x10;REKKURA_BACKWARD_PROVER;1.0.0;true;;30004;490;3
STANFORD/checkersonabarrelnokings;REKKURA_BACKWARD_PROVER;1.0.0;true;;30005;1899;31
BASE/amazonsTorus;REKKURA_BACKWARD_PROVER;1.0.0;false;Test process timed out after 240 seconds;0;0;0
STANFORD/threepuzzle;REKKURA_BACKWARD_PROVER;1.0.0;true;;30000;86610;14435
DRESDEN/tictactoe_3d_2player;REKKURA_BACKWARD_PROVER;1.0.0;true;;30011;3432;95
BASE/chineseCheckers4;REKKURA_BACKWARD_PROVER;1.0.0;true;;30003;6785;117
BASE/ttcc4;REKKURA_BACKWARD_PROVER;1.0.0;true;;30003;2324;82
DRESDEN/quad_5x5;REKKURA_BACKWARD_PROVER;1.0.0;true;;30003;4958;343
BASE/blocker;REKKURA_BACKWARD_PROVER;1.0.0;true;;30000;75949;9633
DRESDEN/connect4;REKKURA_BACKWARD_PROVER;1.0.0;true;;30001;16196;753
DRESDEN/connectfoursuicide;REKKURA_BACKWARD_PROVER;1.0.0;true;;30000;23372;1052
DRESDEN/battlesnakes2011;REKKURA_BACKWARD_PROVER;1.0.0;true;;30001;17475;566
BASE/colonelBlottoVariant;REKKURA_BACKWARD_PROVER;1.0.0;true;;30002;963;96
BASE/gt_two_thirds_2p;REKKURA_BACKWARD_PROVER;1.0.0;true;;30246;48;48
BASE/knightThrough;REKKURA_BACKWARD_PROVER;1.0.0;true;;30022;1107;33
BASE/gt_centipede;REKKURA_BACKWARD_PROVER;1.0.0;true;;30000;50141;25210
BASE/tictactoe_3player;REKKURA_BACKWARD_PROVER;1.0.0;true;;30000;24293;1198
BASE/chineseCheckers3;REKKURA_BACKWARD_PROVER;1.0.0;true;;30001;8468;157
DRESDEN/CatchMeIfYouCanTest;REKKURA_BACKWARD_PROVER;1.0.0;true;;30000;63808;1925
BASE/withConviction;REKKURA_BACKWARD_PROVER;1.0.0;true;;30000;37525;1501
BASE/chineseCheckers6;REKKURA_BACKWARD_PROVER;1.0.0;true;;30004;5439;90
BASE/checkersTorusNoKings;REKKURA_BACKWARD_PROVER;1.0.0;true;;30015;1799;29
DRESDEN/connect5;REKKURA_BACKWARD_PROVER;1.0.0;true;;30161;515;10
BASE/firefighter;REKKURA_BACKWARD_PROVER;1.0.0;true;;30000;67988;1518
BASE/peg;REKKURA_BACKWARD_PROVER;1.0.0;true;;30003;7580;311
BASE/merrills;REKKURA_BACKWARD_PROVER;1.0.0;true;;187607;0;0
DRESDEN/hanoi7;REKKURA_BACKWARD_PROVER;1.0.0;true;;30004;3307;26
BASE/othelloHoles;REKKURA_BACKWARD_PROVER;1.0.0;true;;30020;511;8
STANFORD/multiplebuttonsandlights_9;REKKURA_BACKWARD_PROVER;1.0.0;true;;30000;118931;19821
BASE/tictactoe_3d_small_2player;REKKURA_BACKWARD_PROVER;1.0.0;true;;30001;19895;1604
BASE/checkers;REKKURA_BACKWARD_PROVER;1.0.0;true;;30014;1261;12
BASE/blobwars;REKKURA_BACKWARD_PROVER;1.0.0;true;;30037;329;8
STANFORD/dualrainbow;REKKURA_BACKWARD_PROVER;1.0.0;true;;30000;89537;14922
BASE/wallmaze;REKKURA_BACKWARD_PROVER;1.0.0;true;;30000;17052;588
BASE/gt_coordination;REKKURA_BACKWARD_PROVER;1.0.0;true;;30001;19080;954
BASE/chickentoetictac;REKKURA_BACKWARD_PROVER;1.0.0;true;;30000;87556;12325
DRESDEN/minichess;REKKURA_BACKWARD_PROVER;1.0.0;true;;30000;5585;629
STANFORD/sudoku;REKKURA_BACKWARD_PROVER;1.0.0;true;;30005;4251;102
BASE/blocksWorldParallel;REKKURA_BACKWARD_PROVER;1.0.0;true;;30000;43230;14410
DRESDEN/guess;REKKURA_BACKWARD_PROVER;1.0.0;true;;30000;5774;642
DRESDEN/Goldrush;REKKURA_BACKWARD_PROVER;1.0.0;true;;30000;11860;1583
BASE/connectFourSimultaneous;REKKURA_BACKWARD_PROVER;1.0.0;true;;30001;13054;749
DRESDEN/sat_test_20v_91c_visualisation;REKKURA_BACKWARD_PROVER;1.0.0;true;;30000;9284;464
BASE/englishDraughts;REKKURA_BACKWARD_PROVER;1.0.0;true;;30003;5995;82
BASE/breakthroughSmallHoles;REKKURA_BACKWARD_PROVER;1.0.0;true;;30000;32421;1273
DRESDEN/checkers-mustjump-torus;REKKURA_BACKWARD_PROVER;1.0.0;true;;30020;24;0
STANFORD/multiplebuttonsandlights;REKKURA_BACKWARD_PROVER;1.0.0;true;;30000;112761;18793
BASE/blokbox_simple;REKKURA_BACKWARD_PROVER;1.0.0;true;;30227;139;5
DRESDEN/statespacesmall;REKKURA_BACKWARD_PROVER;1.0.0;true;;30000;227156;56789
DRESDEN/slidingpieces;REKKURA_BACKWARD_PROVER;1.0.0;true;;30001;19967;246
DRESDEN/buttons;REKKURA_BACKWARD_PROVER;1.0.0;true;;30000;182448;30408
BASE/simultaneousWin2;REKKURA_BACKWARD_PROVER;1.0.0;true;;30001;27219;459
BASE/racer;REKKURA_BACKWARD_PROVER;1.0.0;true;;30058;347;25
BASE/snake2p;REKKURA_BACKWARD_PROVER;1.0.0;true;;30000;31575;23583
STANFORD/connectfour;REKKURA_BACKWARD_PROVER;1.0.0;true;;30000;21746;975
STANFORD/dualhunter;REKKURA_BACKWARD_PROVER;1.0.0;true;;30000;36576;2612
BASE/ticTacToeLargeSuicide;REKKURA_BACKWARD_PROVER;1.0.0;true;;30000;46334;1946
BASE/pancakes;REKKURA_BACKWARD_PROVER;1.0.0;true;;30001;17215;435
DRESDEN/eotcatcit;REKKURA_BACKWARD_PROVER;1.0.0;true;;30000;86348;11303
BASE/amazons_8x8;REKKURA_BACKWARD_PROVER;1.0.0;true;;30028;916;10
DRESDEN/point_grab;REKKURA_BACKWARD_PROVER;1.0.0;true;;30000;85025;2834
DRESDEN/ggp-course2013_jordi;REKKURA_BACKWARD_PROVER;1.0.0;true;;30001;5519;176
DRESDEN/uf20-020.cnf.SAT;REKKURA_BACKWARD_PROVER;1.0.0;true;;30002;9681;484
BASE/gt_two_thirds_4p;REKKURA_BACKWARD_PROVER;1.0.0;false;Test process timed out after 240 seconds;0;0;0
BASE/doubletictactoe;REKKURA_BACKWARD_PROVER;1.0.0;true;;30000;45658;5459
DRESDEN/hitori;REKKURA_BACKWARD_PROVER;1.0.0;true;;30126;28;0
BASE/four_way_battle;REKKURA_BACKWARD_PROVER;1.0.0;true;;30242;115;4
DRESDEN/roshambo2;REKKURA_BACKWARD_PROVER;1.0.0;true;;30000;116256;13690
BASE/tictactoe_orthogonal;REKKURA_BACKWARD_PROVER;1.0.0;true;;30000;108326;13519
BASE/colonelBlotto;REKKURA_BACKWARD_PROVER;1.0.0;true;;30050;110;22
DRESDEN/god;REKKURA_BACKWARD_PROVER;1.0.0;true;;30052;491;24
BASE/ticTacToeSerial;REKKURA_BACKWARD_PROVER;1.0.0;true;;30000;31452;2060
DRESDEN/hanoi7_bugfix;REKKURA_BACKWARD_PROVER;1.0.0;true;;30006;3487;27
BASE/twisty-passages;REKKURA_BACKWARD_PROVER;1.0.0;true;;30022;879;4
DRESDEN/uf20-010.cnf.SAT;REKKURA_BACKWARD_PROVER;1.0.0;true;;30000;10991;549
DRESDEN/sheep_and_wolf;REKKURA_BACKWARD_PROVER;1.0.0;true;;30001;14812;362
BASE/chomp;REKKURA_BACKWARD_PROVER;1.0.0;true;;30000;43713;6209
BASE/chineseCheckers2;REKKURA_BACKWARD_PROVER;1.0.0;true;;30000;11800;313
STANFORD/multiplesukoshi;REKKURA_BACKWARD_PROVER;1.0.0;true;;30001;8876;194
BASE/pentago;REKKURA_BACKWARD_PROVER;1.0.0;true;;30004;9603;179
BASE/mummyMaze2p_2007;REKKURA_BACKWARD_PROVER;1.0.0;true;;30007;2246;46
BASE/haystack;REKKURA_BACKWARD_PROVER;1.0.0;true;;30000;346767;115404
BASE/crossers3;REKKURA_BACKWARD_PROVER;1.0.0;true;;30012;1000;77
DRESDEN/smallest_4player;REKKURA_BACKWARD_PROVER;1.0.0;true;;30001;17961;763
STANFORD/bestbuttonsandlights;REKKURA_BACKWARD_PROVER;1.0.0;true;;30000;118620;19770
DRESDEN/latenttictactoe;REKKURA_BACKWARD_PROVER;1.0.0;true;;30000;46072;4389
STANFORD/nineboardtictactoe;REKKURA_BACKWARD_PROVER;1.0.0;true;;30001;16564;563
DRESDEN/pawn_whopping;REKKURA_BACKWARD_PROVER;1.0.0;true;;30000;27584;747
DRESDEN/skirmish2;REKKURA_BACKWARD_PROVER;1.0.0;true;;30000;976;24
DRESDEN/3qbf-5cnf-20var-40cl.1.qdimacs.viz.SAT;REKKURA_BACKWARD_PROVER;1.0.0;true;;30000;12007;207
BASE/laikLee_hex;REKKURA_BACKWARD_PROVER;1.0.0;false;Test process timed out after 240 seconds;0;0;0
DRESDEN/Travelers-Dilemma;REKKURA_BACKWARD_PROVER;1.0.0;true;;30004;622;62
BASE/quad_7x7;REKKURA_BACKWARD_PROVER;1.0.0;true;;30001;14933;489
DRESDEN/blockerparallel;REKKURA_BACKWARD_PROVER;1.0.0;true;;30001;15711;2237
BASE/knightsTour;REKKURA_BACKWARD_PROVER;1.0.0;true;;30000;35680;7286
DRESDEN/blocks2player;REKKURA_BACKWARD_PROVER;1.0.0;true;;30000;106482;5915
BASE/chineseCheckers1;REKKURA_BACKWARD_PROVER;1.0.0;true;;30000;19780;701
BASE/knightfight;REKKURA_BACKWARD_PROVER;1.0.0;true;;30007;994;90
BASE/qyshinsu;REKKURA_BACKWARD_PROVER;1.0.0;true;;30005;4651;201
BASE/hanoi;REKKURA_BACKWARD_PROVER;1.0.0;true;;30000;37089;1196
BASE/aipsrovers01;REKKURA_BACKWARD_PROVER;1.0.0;true;;30001;26391;911
BASE/snakeParallel;REKKURA_BACKWARD_PROVER;1.0.0;true;;30000;70423;15322
DRESDEN/checkers-cylinder-mustjump;REKKURA_BACKWARD_PROVER;1.0.0;true;;30137;26;0
DRESDEN/quad_7x7;REKKURA_BACKWARD_PROVER;1.0.0;true;;30000;15004;492
BASE/crisscross;REKKURA_BACKWARD_PROVER;1.0.0;true;;34926;0;0
DRESDEN/pawn_whopping_simultaneous;REKKURA_BACKWARD_PROVER;1.0.0;true;;30000;18522;1029
BASE/onestep;REKKURA_BACKWARD_PROVER;1.0.0;true;;30000;384561;384561
BASE/queens;REKKURA_BACKWARD_PROVER;1.0.0;false;IllegalArgumentException: too many occurrences: 2147483765;0;0;0
BASE/ad_game_2x2;REKKURA_BACKWARD_PROVER;1.0.0;true;;31146;13;7
DRESDEN/gt_prisoner;REKKURA_BACKWARD_PROVER;1.0.0;true;;30000;14807;740
BASE/knightsTourLarge;REKKURA_BACKWARD_PROVER;1.0.0;true;;30000;13912;2240
BASE/ttcc4_2player_alt;REKKURA_BACKWARD_PROVER;1.0.0;true;;30009;2194;51
BASE/dotsAndBoxesSuicide;REKKURA_BACKWARD_PROVER;1.0.0;true;;30001;18570;309
DRESDEN/blobwars;REKKURA_BACKWARD_PROVER;1.0.0;true;;30022;349;8
STANFORD/trifecta;REKKURA_BACKWARD_PROVER;1.0.0;true;;30000;79087;10353
BASE/duplicateStateSmall;REKKURA_BACKWARD_PROVER;1.0.0;true;;30000;152436;38109
BASE/ticTacHeaven;REKKURA_BACKWARD_PROVER;1.0.0;true;;30000;17436;773
DRESDEN/satlike_20v_91c;REKKURA_BACKWARD_PROVER;1.0.0;true;;30487;1040;52
BASE/hex;REKKURA_BACKWARD_PROVER;1.0.0;true;;30003;2311;32
DRESDEN/Zhadu;REKKURA_BACKWARD_PROVER;1.0.0;true;;30002;905;23
STANFORD/chinook;REKKURA_BACKWARD_PROVER;1.0.0;true;;30001;1854;46
BASE/alexChess;REKKURA_BACKWARD_PROVER;1.0.0;true;;30058;278;1
DRESDEN/tictactoe_3d_small_2player;REKKURA_BACKWARD_PROVER;1.0.0;true;;30001;19544;1566
BASE/4pttc;REKKURA_BACKWARD_PROVER;1.0.0;true;;30011;1622;51
DRESDEN/connectfour;REKKURA_BACKWARD_PROVER;1.0.0;true;;30002;24012;1081
STANFORD/3puzzle;REKKURA_BACKWARD_PROVER;1.0.0;true;;30000;85154;14192
BASE/ticTacToe;REKKURA_BACKWARD_PROVER;1.0.0;true;;30000;71275;9334
DRESDEN/four_way_battle;REKKURA_BACKWARD_PROVER;1.0.0;true;;30074;126;3
DRESDEN/knightthrough;REKKURA_BACKWARD_PROVER;1.0.0;true;;30001;3044;96
BASE/ghostMaze2p;REKKURA_BACKWARD_PROVER;1.0.0;true;;30008;2961;60
DRESDEN/battle;REKKURA_BACKWARD_PROVER;1.0.0;true;;30274;76;2
BASE/strangeSkirmish;REKKURA_BACKWARD_PROVER;1.0.0;true;;30027;584;5
DRESDEN/checkers-newgoals;REKKURA_BACKWARD_PROVER;1.0.0;true;;30174;48;0
STANFORD/jointbuttonsandlights;REKKURA_BACKWARD_PROVER;1.0.0;true;;30000;112256;19464
DRESDEN/tictactoe_3d_small_6player;REKKURA_BACKWARD_PROVER;1.0.0;true;;30000;14919;414
DRESDEN/minichess-evilconjuncts;REKKURA_BACKWARD_PROVER;1.0.0;true;;30000;5826;661
BASE/nineBoardTicTacToePie;REKKURA_BACKWARD_PROVER;1.0.0;true;;30001;18272;639
DRESDEN/skirmishfinal;REKKURA_BACKWARD_PROVER;1.0.0;true;;30022;580;9
BASE/conn4;REKKURA_BACKWARD_PROVER;1.0.0;true;;30000;26771;1239
DRESDEN/tictictoe;REKKURA_BACKWARD_PROVER;1.0.0;true;;30000;56625;11267
DRESDEN/snake_2009_big;REKKURA_BACKWARD_PROVER;1.0.0;true;;30002;9403;554
BASE/troublemaker02;REKKURA_BACKWARD_PROVER;1.0.0;true;;30000;225933;75258
BASE/toetictac;REKKURA_BACKWARD_PROVER;1.0.0;true;;30000;100515;13185
BASE/2pffa;REKKURA_BACKWARD_PROVER;1.0.0;true;;30001;13129;437
STANFORD/breakthroughsmall;REKKURA_BACKWARD_PROVER;1.0.0;true;;30001;7890;276
DRESDEN/tictactoe_3player;REKKURA_BACKWARD_PROVER;1.0.0;true;;30000;24371;1204
DRESDEN/tictactoe-init1;REKKURA_BACKWARD_PROVER;1.0.0;true;;30000;81705;23348
BASE/racer4;REKKURA_BACKWARD_PROVER;1.0.0;true;;30028;315;16
BASE/connectFour;REKKURA_BACKWARD_PROVER;1.0.0;true;;30000;22215;977
DRESDEN/3qbf-5cnf-20var-40cl.2.qdimacs.SAT;REKKURA_BACKWARD_PROVER;1.0.0;true;;30000;11014;188
DRESDEN/brawl;REKKURA_BACKWARD_PROVER;1.0.0;true;;30009;857;85
DRESDEN/double_tictactoe_dengji;REKKURA_BACKWARD_PROVER;1.0.0;true;;30000;35450;2491
DRESDEN/racetrackcorridor;REKKURA_BACKWARD_PROVER;1.0.0;true;;30001;21781;1222
DRESDEN/statespacemedium;REKKURA_BACKWARD_PROVER;1.0.0;true;;30000;131850;14650
BASE/speedChess;REKKURA_BACKWARD_PROVER;1.0.0;true;;30030;485;4
DRESDEN/cubicup;REKKURA_BACKWARD_PROVER;1.0.0;true;;30002;10788;192
DRESDEN/golden_rectangle;REKKURA_BACKWARD_PROVER;1.0.0;true;;30000;11215;380
STANFORD/knightstour;REKKURA_BACKWARD_PROVER;1.0.0;true;;30000;35044;7208
DRESDEN/logistics;REKKURA_BACKWARD_PROVER;1.0.0;true;;30000;20621;412
DRESDEN/bidding-tictactoe_10coins;REKKURA_BACKWARD_PROVER;1.0.0;true;;30001;15554;1056
DRESDEN/ticblock;REKKURA_BACKWARD_PROVER;1.0.0;true;;30000;38144;2304
DRESDEN/breakthroughsuicide;REKKURA_BACKWARD_PROVER;1.0.0;true;;30006;3226;49
DRESDEN/nim2;REKKURA_BACKWARD_PROVER;1.0.0;true;;30000;33504;3760
DRESDEN/battlebrushes;REKKURA_BACKWARD_PROVER;1.0.0;true;;33596;6;0
BASE/blocks;REKKURA_BACKWARD_PROVER;1.0.0;true;;30000;158757;52919
BASE/lightsOnSimul4;REKKURA_BACKWARD_PROVER;1.0.0;true;;30000;28882;4538
BASE/dotsAndBoxes;REKKURA_BACKWARD_PROVER;1.0.0;true;;30000;18027;300
DRESDEN/3pttc;REKKURA_BACKWARD_PROVER;1.0.0;true;;30001;18535;627
BASE/amazons;REKKURA_BACKWARD_PROVER;1.0.0;true;;34221;2;0
BASE/bomberman2p;REKKURA_BACKWARD_PROVER;1.0.0;true;;30001;3172;420
DRESDEN/knightazons;REKKURA_BACKWARD_PROVER;1.0.0;true;;30007;962;14
BASE/switches;REKKURA_BACKWARD_PROVER;1.0.0;true;;30000;154598;154598
BASE/cubicup;REKKURA_BACKWARD_PROVER;1.0.0;true;;30000;11133;198
DRESDEN/tictactoe_3d_6player;REKKURA_BACKWARD_PROVER;1.0.0;true;;30007;3193;31
DRESDEN/chinesecheckers1;REKKURA_BACKWARD_PROVER;1.0.0;true;;30001;15499;553
BASE/minichess;REKKURA_BACKWARD_PROVER;1.0.0;true;;30000;6709;2236
DRESDEN/3qbf-5cnf-20var-40cl.0.qdimacs;REKKURA_BACKWARD_PROVER;1.0.0;true;;30000;13327;227
DRESDEN/doubletictactoe;REKKURA_BACKWARD_PROVER;1.0.0;true;;30000;48927;5873
BASE/checkersTiny;REKKURA_BACKWARD_PROVER;1.0.0;true;;30007;2852;55
DRESDEN/tictactoelargesuicide;REKKURA_BACKWARD_PROVER;1.0.0;true;;30000;57628;2427
DRESDEN/checkers-suicide-cylinder-mustjump;REKKURA_BACKWARD_PROVER;1.0.0;true;;30012;26;0
STANFORD/sukoshi;REKKURA_BACKWARD_PROVER;1.0.0;true;;30000;60358;11104
BASE/ticTacHeavenFC;REKKURA_BACKWARD_PROVER;1.0.0;true;;30000;15161;563
DRESDEN/hanoi_6_disks;REKKURA_BACKWARD_PROVER;1.0.0;true;;30000;7200;2049
DRESDEN/tictactoe_orthogonal;REKKURA_BACKWARD_PROVER;1.0.0;true;;30000;97814;12252
BASE/hodgepodge;REKKURA_BACKWARD_PROVER;1.0.0;true;;30000;73477;73477
DRESDEN/endgame;REKKURA_BACKWARD_PROVER;1.0.0;true;;30009;915;65
DRESDEN/3qbf-5cnf-20var-40cl.1.qdimacs.SAT;REKKURA_BACKWARD_PROVER;1.0.0;true;;30000;11259;195
DRESDEN/3qbf-5cnf-20var-40cl.2.qdimacs.satlike;REKKURA_BACKWARD_PROVER;1.0.0;true;;30001;8955;153
DRESDEN/firefighter;REKKURA_BACKWARD_PROVER;1.0.0;true;;30000;68102;1560
DRESDEN/chomp;REKKURA_BACKWARD_PROVER;1.0.0;true;;30000;44178;6272
DRESDEN/ggp-course2013_michal13;REKKURA_BACKWARD_PROVER;1.0.0;true;;30000;10954;346
BASE/mummymaze1p;REKKURA_BACKWARD_PROVER;1.0.0;false;Test process timed out after 240 seconds;0;0;0
STANFORD/8puzzle;REKKURA_BACKWARD_PROVER;1.0.0;true;;30000;43216;720
BASE/checkersTorus;REKKURA_BACKWARD_PROVER;1.0.0;true;;30001;1421;23
DRESDEN/ghostmaze2p;REKKURA_BACKWARD_PROVER;1.0.0;true;;30002;3114;64
BASE/tictactoe2;REKKURA_BACKWARD_PROVER;1.0.0;true;;30000;92461;12118
BASE/stateSpaceSmall;REKKURA_BACKWARD_PROVER;1.0.0;true;;30000;213983;53495
BASE/buttons;REKKURA_BACKWARD_PROVER;1.0.0;true;;30000;187731;31288
DRESDEN/crossers3;REKKURA_BACKWARD_PROVER;1.0.0;true;;30026;1025;78
BASE/checkers-mustjump-torus;REKKURA_BACKWARD_PROVER;1.0.0;true;;30099;199;5
DRESDEN/twisty-passages;REKKURA_BACKWARD_PROVER;1.0.0;true;;30024;945;4
BASE/coins;REKKURA_BACKWARD_PROVER;1.0.0;true;;30000;32481;13004
BASE/ttcc4_2player;REKKURA_BACKWARD_PROVER;1.0.0;true;;30003;2197;57
DRESDEN/tictactoex9;REKKURA_BACKWARD_PROVER;1.0.0;true;;30001;15240;521
DRESDEN/chickentoetictac;REKKURA_BACKWARD_PROVER;1.0.0;true;;30000;93439;13149
BASE/catcha_mouse;REKKURA_BACKWARD_PROVER;1.0.0;true;;30000;29496;2243
DRESDEN/satlike_20v_91c_version2;REKKURA_BACKWARD_PROVER;1.0.0;true;;30145;1000;50
BASE/tpeg;REKKURA_BACKWARD_PROVER;1.0.0;true;;30001;16612;1386
DRESDEN/troublemaker02;REKKURA_BACKWARD_PROVER;1.0.0;true;;30000;214112;71463
DRESDEN/knightmove;REKKURA_BACKWARD_PROVER;1.0.0;true;;30000;8880;248
BASE/pancakes88;REKKURA_BACKWARD_PROVER;1.0.0;true;;30007;403;10
DRESDEN/skirmish;REKKURA_BACKWARD_PROVER;1.0.0;true;;30011;893;22
DRESDEN/grid_game;REKKURA_BACKWARD_PROVER;1.0.0;true;;30000;14112;403
BASE/mummymaze2p;REKKURA_BACKWARD_PROVER;1.0.0;true;;30001;936;18
BASE/snake_2008;REKKURA_BACKWARD_PROVER;1.0.0;true;;30003;7814;482
BASE/quarto;REKKURA_BACKWARD_PROVER;1.0.0;true;;30057;366;13
DRESDEN/tictactoelarge;REKKURA_BACKWARD_PROVER;1.0.0;true;;30000;60595;2546
BASE/hitori;REKKURA_BACKWARD_PROVER;1.0.0;true;;30399;28;0
BASE/duplicateStateLarge;REKKURA_BACKWARD_PROVER;1.0.0;true;;30000;20474;1462
BASE/pancakes6;REKKURA_BACKWARD_PROVER;1.0.0;true;;30000;17641;444
BASE/incredible;REKKURA_BACKWARD_PROVER;1.0.0;true;;30000;58377;3072
BASE/hexPie;REKKURA_BACKWARD_PROVER;1.0.0;true;;30001;2148;29
DRESDEN/pentago_2008;REKKURA_BACKWARD_PROVER;1.0.0;true;;30001;10329;190
DRESDEN/pawn_whopping_corrected;REKKURA_BACKWARD_PROVER;1.0.0;true;;30000;26809;786
DRESDEN/troublemaker01;REKKURA_BACKWARD_PROVER;1.0.0;true;;30000;254259;84851
BASE/beatMania;REKKURA_BACKWARD_PROVER;1.0.0;true;;30000;64566;1076
BASE/amazonsSuicide;REKKURA_BACKWARD_PROVER;1.0.0;true;;32521;2;0
DRESDEN/blocksworldparallel;REKKURA_BACKWARD_PROVER;1.0.0;true;;30000;59636;19878
BASE/majorities;REKKURA_BACKWARD_PROVER;1.0.0;true;;30002;8979;168
STANFORD/triplesukoshi;REKKURA_BACKWARD_PROVER;1.0.0;true;;30000;30419;4345
BASE/breakthroughWalls;REKKURA_BACKWARD_PROVER;1.0.0;true;;30002;2854;44
DRESDEN/uf20-01.cnf.SAT;REKKURA_BACKWARD_PROVER;1.0.0;true;;30001;8288;414
DRESDEN/aipsrovers01;REKKURA_BACKWARD_PROVER;1.0.0;true;;30000;25216;871
DRESDEN/vacuumcleaner_obstacles_3;REKKURA_BACKWARD_PROVER;1.0.0;false;Test process timed out after 240 seconds;0;0;0
BASE/factoringMutuallyAssuredDestruction;REKKURA_BACKWARD_PROVER;1.0.0;true;;30000;62058;3102
STANFORD/tictactoe;REKKURA_BACKWARD_PROVER;1.0.0;true;;30000;70531;9258
BASE/coloredtrails;REKKURA_BACKWARD_PROVER;1.0.0;true;;30000;36337;4037
STANFORD/eightpuzzle;REKKURA_BACKWARD_PROVER;1.0.0;true;;30000;44247;884
DRESDEN/cubicup_3player;REKKURA_BACKWARD_PROVER;1.0.0;true;;30001;9416;112
BASE/3pConnectFour;REKKURA_BACKWARD_PROVER;1.0.0;true;;30001;18970;538
STANFORD/skirmish;REKKURA_BACKWARD_PROVER;1.0.0;true;;30165;155;1
BASE/lightsOnSimultaneous;REKKURA_BACKWARD_PROVER;1.0.0;true;;30000;32668;2138
BASE/circlesolitaire;REKKURA_BACKWARD_PROVER;1.0.0;true;;30000;95489;9238
BASE/battle;REKKURA_BACKWARD_PROVER;1.0.0;true;;30093;74;2
BASE/sum15;REKKURA_BACKWARD_PROVER;1.0.0;true;;30000;112777;14781
STANFORD/alquerquezero;REKKURA_BACKWARD_PROVER;1.0.0;true;;30002;6514;224
BASE/colonelBlottoVariant2;REKKURA_BACKWARD_PROVER;1.0.0;true;;30007;936;188
BASE/survival;REKKURA_BACKWARD_PROVER;1.0.0;true;;30000;250322;214575
STANFORD/platformjumpers;REKKURA_BACKWARD_PROVER;1.0.0;true;;30059;409;8
BASE/smallest_4player;REKKURA_BACKWARD_PROVER;1.0.0;true;;30001;18146;769
DRESDEN/tictactoe;REKKURA_BACKWARD_PROVER;1.0.0;true;;30000;86466;11343
BASE/blocksWorldSerial;REKKURA_BACKWARD_PROVER;1.0.0;true;;30000;71693;11948
DRESDEN/laikLee_hex;REKKURA_BACKWARD_PROVER;1.0.0;false;Test process timed out after 240 seconds;0;0;0
DRESDEN/vacuum_cleaner_1;REKKURA_BACKWARD_PROVER;1.0.0;true;;30093;265;35
STANFORD/ttcc4;REKKURA_BACKWARD_PROVER;1.0.0;true;;30002;2147;37
DRESDEN/vacuumcleaner_obstacles_5;REKKURA_BACKWARD_PROVER;1.0.0;false;Test process timed out after 240 seconds;0;0;0
DRESDEN/frogs_and_toads;REKKURA_BACKWARD_PROVER;1.0.0;true;;30003;6003;51
BASE/ticTicToe;REKKURA_BACKWARD_PROVER;1.0.0;true;;30000;49298;9817
DRESDEN/gt_chicken;REKKURA_BACKWARD_PROVER;1.0.0;true;;30002;12207;610
BASE/hanoi7_bugfix;REKKURA_BACKWARD_PROVER;1.0.0;true;;30004;3401;26
DRESDEN/stratego;REKKURA_BACKWARD_PROVER;1.0.0;true;;30000;16111;375
DRESDEN/8puzzle;REKKURA_BACKWARD_PROVER;1.0.0;true;;30000;58345;972
BASE/othelloSuicide;REKKURA_BACKWARD_PROVER;1.0.0;true;;30003;449;7
BASE/coins_atomic;REKKURA_BACKWARD_PROVER;1.0.0;true;;30000;32825;13087
DRESDEN/sat_test_20v_91c_version2;REKKURA_BACKWARD_PROVER;1.0.0;true;;30000;9235;461
BASE/tictactoe_3d_2player;REKKURA_BACKWARD_PROVER;1.0.0;true;;30002;3393;93
BASE/roshambo2;REKKURA_BACKWARD_PROVER;1.0.0;true;;30000;121041;14250
BASE/2pffa_zerosum;REKKURA_BACKWARD_PROVER;1.0.0;true;;30001;12783;426
DRESDEN/lightson2x2;REKKURA_BACKWARD_PROVER;1.0.0;true;;30000;100027;10002
DRESDEN/breakthroughsuicide_v2;REKKURA_BACKWARD_PROVER;1.0.0;true;;30001;3064;48
DRESDEN/vacuumcleaner_obstacles_6;REKKURA_BACKWARD_PROVER;1.0.0;false;Test process timed out after 240 seconds;0;0;0
BASE/lightsOut;REKKURA_BACKWARD_PROVER;1.0.0;true;;30000;67776;3388
BASE/point_grab;REKKURA_BACKWARD_PROVER;1.0.0;true;;30000;113160;3772
BASE/mineClearingSmall;REKKURA_BACKWARD_PROVER;1.0.0;true;;30001;5750;500
BASE/queens31lg;REKKURA_BACKWARD_PROVER;1.0.0;true;;30033;763;30
BASE/queens08lg;REKKURA_BACKWARD_PROVER;1.0.0;true;;30001;13496;2203
BASE/queens08ug;REKKURA_BACKWARD_PROVER;1.0.0;true;;30000;21508;2688
BASE/queens06ug;REKKURA_BACKWARD_PROVER;1.0.0;true;;30000;26759;4459
