BASE/cubicup_3player;REKKURA_GENERIC_BACKWARD_PROVER;1.0.0;true;;30007;4273;50
BASE/blocks2player;REKKURA_GENERIC_BACKWARD_PROVER;1.0.0;true;;30000;30956;1720
DRESDEN/skirmish3;REKKURA_GENERIC_BACKWARD_PROVER;1.0.0;true;;30005;310;7
DRESDEN/fizzbuzz;REKKURA_GENERIC_BACKWARD_PROVER;1.0.0;true;;30065;152;5
BASE/tttcc4;REKKURA_GENERIC_BACKWARD_PROVER;1.0.0;true;;30041;609;21
STANFORD/tictactoe5;REKKURA_GENERIC_BACKWARD_PROVER;1.0.0;true;;30000;17042;4682
BASE/sudokuGrade6H;REKKURA_GENERIC_BACKWARD_PROVER;1.0.0;true;;30014;1349;28
BASE/snakeAssemblit;REKKURA_GENERIC_BACKWARD_PROVER;1.0.0;true;;30005;3798;466
BASE/blocksWorld;REKKURA_GENERIC_BACKWARD_PROVER;1.0.0;true;;30000;48512;16170
DRESDEN/4pttc;REKKURA_GENERIC_BACKWARD_PROVER;1.0.0;true;;30012;1828;57
BASE/ticTacToeParallel;REKKURA_GENERIC_BACKWARD_PROVER;1.0.0;true;;30002;9270;1346
BASE/othello-comp2007;REKKURA_GENERIC_BACKWARD_PROVER;1.0.0;true;;30079;68;1
BASE/reversi;REKKURA_GENERIC_BACKWARD_PROVER;1.0.0;true;;30261;85;1
BASE/nim4;REKKURA_GENERIC_BACKWARD_PROVER;1.0.0;true;;30016;1410;106
DRESDEN/toetictac;REKKURA_GENERIC_BACKWARD_PROVER;1.0.0;true;;30000;40028;5273
BASE/checkers-newgoals;REKKURA_GENERIC_BACKWARD_PROVER;1.0.0;true;;30882;26;0
BASE/cylinder-checkers;REKKURA_GENERIC_BACKWARD_PROVER;1.0.0;true;;32061;11;0
BASE/gt_two_thirds_6p;REKKURA_GENERIC_BACKWARD_PROVER;1.0.0;false;Test process timed out after 240 seconds;0;0;0
DRESDEN/amazons;REKKURA_GENERIC_BACKWARD_PROVER;1.0.0;true;;30125;105;1
BASE/asteroidsSerial;REKKURA_GENERIC_BACKWARD_PROVER;1.0.0;true;;30002;4723;52
BASE/dualConnect4;REKKURA_GENERIC_BACKWARD_PROVER;1.0.0;true;;30003;5647;179
BASE/slaughter;REKKURA_GENERIC_BACKWARD_PROVER;1.0.0;false;Test process timed out after 240 seconds;0;0;0
BASE/skirmishHoles;REKKURA_GENERIC_BACKWARD_PROVER;1.0.0;true;;30021;279;2
BASE/sudoku;REKKURA_GENERIC_BACKWARD_PROVER;1.0.0;false;Test process timed out after 240 seconds;0;0;0
BASE/lightsOn;REKKURA_GENERIC_BACKWARD_PROVER;1.0.0;true;;30000;39773;3169
DRESDEN/pancakes6;REKKURA_GENERIC_BACKWARD_PROVER;1.0.0;true;;30012;600;15
BASE/pacman2p;REKKURA_GENERIC_BACKWARD_PROVER;1.0.0;true;;30060;401;8
BASE/doubletoetictac;REKKURA_GENERIC_BACKWARD_PROVER;1.0.0;true;;30000;19033;2288
BASE/untwistycomplex2;REKKURA_GENERIC_BACKWARD_PROVER;1.0.0;true;;30000;44300;6328
STANFORD/freeforall;REKKURA_GENERIC_BACKWARD_PROVER;1.0.0;true;;30001;1692;56
STANFORD/knightstourmedium;REKKURA_GENERIC_BACKWARD_PROVER;1.0.0;true;;30005;6311;1544
DRESDEN/capture_the_king;REKKURA_GENERIC_BACKWARD_PROVER;1.0.0;true;;30092;251;4
BASE/minichess-evilconjuncts;REKKURA_GENERIC_BACKWARD_PROVER;1.0.0;true;;30005;2729;308
DRESDEN/mummymaze2p;REKKURA_GENERIC_BACKWARD_PROVER;1.0.0;true;;30027;317;6
BASE/kalaha6x2x4;REKKURA_GENERIC_BACKWARD_PROVER;1.0.0;true;;30049;151;0
BASE/biddingTicTacToe_10coins;REKKURA_GENERIC_BACKWARD_PROVER;1.0.0;true;;30019;880;57
DRESDEN/racer;REKKURA_GENERIC_BACKWARD_PROVER;1.0.0;true;;37816;3;0
BASE/ticTacToeNoVars;REKKURA_GENERIC_BACKWARD_PROVER;1.0.0;true;;30000;18976;2486
BASE/factoringMediumTurtleBrain;REKKURA_GENERIC_BACKWARD_PROVER;1.0.0;true;;30002;8561;101
DRESDEN/vacuumcleaner_obstacles_1;REKKURA_GENERIC_BACKWARD_PROVER;1.0.0;true;;31668;4;0
STANFORD/hunter;REKKURA_GENERIC_BACKWARD_PROVER;1.0.0;true;;30000;10044;717
STANFORD/duikoshi;REKKURA_GENERIC_BACKWARD_PROVER;1.0.0;true;;30002;10387;778
DRESDEN/cube_2x2x2;REKKURA_GENERIC_BACKWARD_PROVER;1.0.0;true;;30000;10321;862
BASE/connectFourSuicide;REKKURA_GENERIC_BACKWARD_PROVER;1.0.0;true;;30002;8344;375
DRESDEN/oisters_farm;REKKURA_GENERIC_BACKWARD_PROVER;1.0.0;true;;30000;20369;415
BASE/chickentictactoe;REKKURA_GENERIC_BACKWARD_PROVER;1.0.0;true;;30000;25949;3690
STANFORD/tictactoe7;REKKURA_GENERIC_BACKWARD_PROVER;1.0.0;true;;30000;18693;3372
BASE/breakthrough;REKKURA_GENERIC_BACKWARD_PROVER;1.0.0;true;;30072;214;3
BASE/crissrace;REKKURA_GENERIC_BACKWARD_PROVER;1.0.0;true;;39750;0;0
BASE/gt_ultimatum;REKKURA_GENERIC_BACKWARD_PROVER;1.0.0;true;;30011;351;17
BASE/tron_10x10;REKKURA_GENERIC_BACKWARD_PROVER;1.0.0;true;;30000;5571;1836
BASE/duplicateStateMedium;REKKURA_GENERIC_BACKWARD_PROVER;1.0.0;true;;30000;16067;1785
DRESDEN/merrills;REKKURA_GENERIC_BACKWARD_PROVER;1.0.0;true;;199904;0;0
BASE/stateSpaceMedium;REKKURA_GENERIC_BACKWARD_PROVER;1.0.0;true;;30000;41066;4562
BASE/gt_prisoner;REKKURA_GENERIC_BACKWARD_PROVER;1.0.0;true;;30002;3372;168
DRESDEN/javastrike;REKKURA_GENERIC_BACKWARD_PROVER;1.0.0;true;;30003;2033;4
DRESDEN/Runners;REKKURA_GENERIC_BACKWARD_PROVER;1.0.0;true;;30002;5214;106
DRESDEN/uf20-010.cnf.SAT.satlike;REKKURA_GENERIC_BACKWARD_PROVER;1.0.0;true;;31895;8;0
BASE/checkers-cylinder-mustjump;REKKURA_GENERIC_BACKWARD_PROVER;1.0.0;true;;30643;34;0
DRESDEN/vacuumcleaner_obstacles_2;REKKURA_GENERIC_BACKWARD_PROVER;1.0.0;true;;34877;4;1
BASE/blockerParallel;REKKURA_GENERIC_BACKWARD_PROVER;1.0.0;true;;30004;4718;674
DRESDEN/sat_test_20v_91c;REKKURA_GENERIC_BACKWARD_PROVER;1.0.0;true;;30008;3706;185
BASE/pacman3p;REKKURA_GENERIC_BACKWARD_PROVER;1.0.0;true;;30067;414;10
DRESDEN/chinesecheckers6;REKKURA_GENERIC_BACKWARD_PROVER;1.0.0;true;;41405;0;0
BASE/4pffa;REKKURA_GENERIC_BACKWARD_PROVER;1.0.0;true;;30005;1146;28
DRESDEN/racer4;REKKURA_GENERIC_BACKWARD_PROVER;1.0.0;true;;31260;16;0
BASE/pearls;REKKURA_GENERIC_BACKWARD_PROVER;1.0.0;true;;30000;79769;7251
DRESDEN/pancakes88;REKKURA_GENERIC_BACKWARD_PROVER;1.0.0;true;;30043;590;14
DRESDEN/tictactoeparallel;REKKURA_GENERIC_BACKWARD_PROVER;1.0.0;true;;30001;9083;1307
DRESDEN/statespacelarge;REKKURA_GENERIC_BACKWARD_PROVER;1.0.0;true;;30000;25798;1842
BASE/knightwar;REKKURA_GENERIC_BACKWARD_PROVER;1.0.0;true;;30041;579;75
BASE/maze;REKKURA_GENERIC_BACKWARD_PROVER;1.0.0;true;;30000;35930;4094
DRESDEN/mummymaze2p-comp2007;REKKURA_GENERIC_BACKWARD_PROVER;1.0.0;true;;30012;522;11
DRESDEN/kitten_escapes_from_fire;REKKURA_GENERIC_BACKWARD_PROVER;1.0.0;true;;30009;2266;272
DRESDEN/checkers;REKKURA_GENERIC_BACKWARD_PROVER;1.0.0;true;;36848;3;0
DRESDEN/babel;REKKURA_GENERIC_BACKWARD_PROVER;1.0.0;true;;30058;658;32
BASE/cittaceot;REKKURA_GENERIC_BACKWARD_PROVER;1.0.0;true;;30003;5041;230
BASE/snake_2009;REKKURA_GENERIC_BACKWARD_PROVER;1.0.0;true;;30000;3536;229
DRESDEN/quarto;REKKURA_GENERIC_BACKWARD_PROVER;1.0.0;true;;30199;70;3
BASE/factoringEasyTurtleBrain;REKKURA_GENERIC_BACKWARD_PROVER;1.0.0;true;;30001;21450;357
BASE/ticTacToeLarge;REKKURA_GENERIC_BACKWARD_PROVER;1.0.0;true;;30001;15011;634
BASE/choicethroughalt;REKKURA_GENERIC_BACKWARD_PROVER;1.0.0;true;;30002;474;12
DRESDEN/battlesnakes1509;REKKURA_GENERIC_BACKWARD_PROVER;1.0.0;true;;30004;5268;134
DRESDEN/mummymaze1p;REKKURA_GENERIC_BACKWARD_PROVER;1.0.0;false;Test process timed out after 240 seconds;0;0;0
BASE/nim1;REKKURA_GENERIC_BACKWARD_PROVER;1.0.0;true;;30006;1321;189
BASE/3pttc;REKKURA_GENERIC_BACKWARD_PROVER;1.0.0;true;;30016;405;14
STANFORD/selectivesukoshi;REKKURA_GENERIC_BACKWARD_PROVER;1.0.0;true;;30003;3113;106
BASE/bunk_t;REKKURA_GENERIC_BACKWARD_PROVER;1.0.0;true;;30001;18760;2239
DRESDEN/pawntoqueen;REKKURA_GENERIC_BACKWARD_PROVER;1.0.0;true;;30464;19;1
DRESDEN/queens;REKKURA_GENERIC_BACKWARD_PROVER;1.0.0;false;IllegalArgumentException: too many occurrences: 2147483765;0;0;0
BASE/wargame01;REKKURA_GENERIC_BACKWARD_PROVER;1.0.0;true;;30937;25;3
DRESDEN/vacuumcleaner_random;REKKURA_GENERIC_BACKWARD_PROVER;1.0.0;true;;35481;3;1
BASE/quartoSuicide;REKKURA_GENERIC_BACKWARD_PROVER;1.0.0;true;;30108;69;2
BASE/2pttc;REKKURA_GENERIC_BACKWARD_PROVER;1.0.0;true;;30040;587;20
BASE/lightsOnParallel;REKKURA_GENERIC_BACKWARD_PROVER;1.0.0;true;;30000;24497;1235
BASE/amazonsSuicide_10x10;REKKURA_GENERIC_BACKWARD_PROVER;1.0.0;true;;30116;106;0
BASE/checkersSmall;REKKURA_GENERIC_BACKWARD_PROVER;1.0.0;true;;30449;47;1
BASE/skirmishZeroSum;REKKURA_GENERIC_BACKWARD_PROVER;1.0.0;true;;30770;31;0
BASE/kalaha_2009;REKKURA_GENERIC_BACKWARD_PROVER;1.0.0;true;;32400;2;0
DRESDEN/brain_teaser_extended;REKKURA_GENERIC_BACKWARD_PROVER;1.0.0;true;;30000;28092;1872
BASE/factoringGeorgeForman;REKKURA_GENERIC_BACKWARD_PROVER;1.0.0;true;;30000;61703;1298
BASE/knightazons;REKKURA_GENERIC_BACKWARD_PROVER;1.0.0;true;;30069;209;3
DRESDEN/backgammon;REKKURA_GENERIC_BACKWARD_PROVER;1.0.0;true;;30019;1209;6
STANFORD/pentago;REKKURA_GENERIC_BACKWARD_PROVER;1.0.0;true;;30005;3062;56
STANFORD/untwistycomplex;REKKURA_GENERIC_BACKWARD_PROVER;1.0.0;true;;30000;20642;2293
BASE/pawnWhopping;REKKURA_GENERIC_BACKWARD_PROVER;1.0.0;true;;30000;14064;406
STANFORD/breakthrough;REKKURA_GENERIC_BACKWARD_PROVER;1.0.0;true;;30002;4178;64
DRESDEN/crisscross;REKKURA_GENERIC_BACKWARD_PROVER;1.0.0;true;;34603;0;0
BASE/quad;REKKURA_GENERIC_BACKWARD_PROVER;1.0.0;true;;30497;43;0
DRESDEN/catcha_mouse;REKKURA_GENERIC_BACKWARD_PROVER;1.0.0;true;;30001;8666;646
DRESDEN/hanoi;REKKURA_GENERIC_BACKWARD_PROVER;1.0.0;true;;30004;958;30
DRESDEN/bomberman2p;REKKURA_GENERIC_BACKWARD_PROVER;1.0.0;true;;30035;542;69
DRESDEN/chinesecheckers4;REKKURA_GENERIC_BACKWARD_PROVER;1.0.0;true;;31596;11;0
DRESDEN/knightfight;REKKURA_GENERIC_BACKWARD_PROVER;1.0.0;true;;30107;211;21
DRESDEN/othello-cornercontrol;REKKURA_GENERIC_BACKWARD_PROVER;1.0.0;true;;34728;3;0
STANFORD/bestbuttonsandlightsbig;REKKURA_GENERIC_BACKWARD_PROVER;1.0.0;true;;30001;15898;2649
DRESDEN/CephalopodMicro;REKKURA_GENERIC_BACKWARD_PROVER;1.0.0;true;;30008;517;11
BASE/hallway;REKKURA_GENERIC_BACKWARD_PROVER;1.0.0;true;;30029;698;23
BASE/tictactoe-init1;REKKURA_GENERIC_BACKWARD_PROVER;1.0.0;true;;30000;26921;7711
BASE/max_knights;REKKURA_GENERIC_BACKWARD_PROVER;1.0.0;true;;30819;17;2
BASE/breakthroughHoles;REKKURA_GENERIC_BACKWARD_PROVER;1.0.0;true;;30006;689;10
BASE/factoringImpossibleTurtleBrain;REKKURA_GENERIC_BACKWARD_PROVER;1.0.0;true;;30080;107;1
BASE/nim3;REKKURA_GENERIC_BACKWARD_PROVER;1.0.0;true;;30012;1483;114
BASE/ruleDepthLinear;REKKURA_GENERIC_BACKWARD_PROVER;1.0.0;true;;30000;8075;4033
STANFORD/hex;REKKURA_GENERIC_BACKWARD_PROVER;1.0.0;true;;30030;435;6
BASE/breakthroughSmall;REKKURA_GENERIC_BACKWARD_PROVER;1.0.0;true;;30011;1927;71
BASE/snake_2009_big;REKKURA_GENERIC_BACKWARD_PROVER;1.0.0;true;;30002;2962;172
STANFORD/tictactoe3;REKKURA_GENERIC_BACKWARD_PROVER;1.0.0;true;;30000;18905;7114
BASE/sheepAndWolf;REKKURA_GENERIC_BACKWARD_PROVER;1.0.0;true;;30081;340;7
BASE/wargame03;REKKURA_GENERIC_BACKWARD_PROVER;1.0.0;true;;30146;19;3
BASE/checkers-mustjump;REKKURA_GENERIC_BACKWARD_PROVER;1.0.0;true;;30425;42;0
DRESDEN/chinesecheckers3;REKKURA_GENERIC_BACKWARD_PROVER;1.0.0;true;;31444;5;0
DRESDEN/catch_me;REKKURA_GENERIC_BACKWARD_PROVER;1.0.0;true;;30000;17440;498
BASE/connectFourLarger;REKKURA_GENERIC_BACKWARD_PROVER;1.0.0;true;;30005;2112;69
BASE/numbertictactoe;REKKURA_GENERIC_BACKWARD_PROVER;1.0.0;true;;30001;13543;1684
DRESDEN/bidding-tictactoe;REKKURA_GENERIC_BACKWARD_PROVER;1.0.0;true;;30005;3523;243
BASE/ticblock;REKKURA_GENERIC_BACKWARD_PROVER;1.0.0;true;;30001;15306;926
BASE/cephalopodMicro;REKKURA_GENERIC_BACKWARD_PROVER;1.0.0;true;;30020;404;9
DRESDEN/chinesecheckers2;REKKURA_GENERIC_BACKWARD_PROVER;1.0.0;true;;30042;59;1
BASE/tictactoe_3d_6player;REKKURA_GENERIC_BACKWARD_PROVER;1.0.0;true;;30001;952;10
BASE/nim2;REKKURA_GENERIC_BACKWARD_PROVER;1.0.0;true;;30015;1357;156
BASE/kalaha5x2x3;REKKURA_GENERIC_BACKWARD_PROVER;1.0.0;true;;30010;467;3
DRESDEN/quad_5x5_8_2;REKKURA_GENERIC_BACKWARD_PROVER;1.0.0;true;;30177;113;6
BASE/quad_5x5;REKKURA_GENERIC_BACKWARD_PROVER;1.0.0;true;;30424;42;2
BASE/brawl;REKKURA_GENERIC_BACKWARD_PROVER;1.0.0;true;;30061;212;21
DRESDEN/blocks;REKKURA_GENERIC_BACKWARD_PROVER;1.0.0;true;;30000;49372;16457
BASE/hanoi_6_disks;REKKURA_GENERIC_BACKWARD_PROVER;1.0.0;true;;30016;126;29
BASE/wargame02;REKKURA_GENERIC_BACKWARD_PROVER;1.0.0;true;;30927;19;9
DRESDEN/towerworld;REKKURA_GENERIC_BACKWARD_PROVER;1.0.0;true;;30071;328;0
BASE/checkersBarrelNoKings;REKKURA_GENERIC_BACKWARD_PROVER;1.0.0;true;;30045;437;7
BASE/ruleDepthExponential;REKKURA_GENERIC_BACKWARD_PROVER;1.0.0;true;;37597;3;1
BASE/sudokuGrade6E;REKKURA_GENERIC_BACKWARD_PROVER;1.0.0;true;;30020;1327;28
DRESDEN/uf20-020.cnf.SAT.satlike;REKKURA_GENERIC_BACKWARD_PROVER;1.0.0;true;;32115;7;0
DRESDEN/3pffa;REKKURA_GENERIC_BACKWARD_PROVER;1.0.0;true;;30000;4606;153
DRESDEN/peg_bugfixed;REKKURA_GENERIC_BACKWARD_PROVER;1.0.0;true;;30001;5674;232
BASE/double_tictactoe_dengji;REKKURA_GENERIC_BACKWARD_PROVER;1.0.0;true;;30000;15336;1074
DRESDEN/knightstour;REKKURA_GENERIC_BACKWARD_PROVER;1.0.0;true;;30002;10034;2074
DRESDEN/chinesecheckers6-simultaneous;REKKURA_GENERIC_BACKWARD_PROVER;1.0.0;true;;42938;0;0
BASE/tictactoex9;REKKURA_GENERIC_BACKWARD_PROVER;1.0.0;true;;30000;5936;203
BASE/amazons_10x10;REKKURA_GENERIC_BACKWARD_PROVER;1.0.0;true;;30128;106;0
STANFORD/checkersonabarrelnokings;REKKURA_GENERIC_BACKWARD_PROVER;1.0.0;true;;30037;464;7
BASE/amazonsTorus;REKKURA_GENERIC_BACKWARD_PROVER;1.0.0;false;Test process timed out after 240 seconds;0;0;0
BASE/racetrackcorridor;REKKURA_GENERIC_BACKWARD_PROVER;1.0.0;true;;30010;2380;119
DRESDEN/snake_2008;REKKURA_GENERIC_BACKWARD_PROVER;1.0.0;true;;30056;300;19
STANFORD/threepuzzle;REKKURA_GENERIC_BACKWARD_PROVER;1.0.0;true;;30000;21088;3514
DRESDEN/tictactoe_3d_2player;REKKURA_GENERIC_BACKWARD_PROVER;1.0.0;true;;30021;1119;33
BASE/chineseCheckers4;REKKURA_GENERIC_BACKWARD_PROVER;1.0.0;true;;30002;1235;21
BASE/ttcc4;REKKURA_GENERIC_BACKWARD_PROVER;1.0.0;true;;30009;560;19
DRESDEN/kalaha_2009;REKKURA_GENERIC_BACKWARD_PROVER;1.0.0;true;;32389;2;0
DRESDEN/quad_5x5;REKKURA_GENERIC_BACKWARD_PROVER;1.0.0;true;;30076;42;2
BASE/gt_chicken;REKKURA_GENERIC_BACKWARD_PROVER;1.0.0;true;;30000;2862;143
BASE/blocker;REKKURA_GENERIC_BACKWARD_PROVER;1.0.0;true;;30000;19499;2457
DRESDEN/connect4;REKKURA_GENERIC_BACKWARD_PROVER;1.0.0;true;;30003;4448;214
DRESDEN/connectfoursuicide;REKKURA_GENERIC_BACKWARD_PROVER;1.0.0;true;;30002;10674;475
BASE/golden_rectangle;REKKURA_GENERIC_BACKWARD_PROVER;1.0.0;true;;30001;3200;108
DRESDEN/mimikry;REKKURA_GENERIC_BACKWARD_PROVER;1.0.0;true;;30001;2849;117
DRESDEN/battlesnakes2011;REKKURA_GENERIC_BACKWARD_PROVER;1.0.0;true;;30002;5317;155
BASE/colonelBlottoVariant;REKKURA_GENERIC_BACKWARD_PROVER;1.0.0;true;;30384;19;1
BASE/sudokuGrade1;REKKURA_GENERIC_BACKWARD_PROVER;1.0.0;true;;30016;1397;38
BASE/gt_two_thirds_2p;REKKURA_GENERIC_BACKWARD_PROVER;1.0.0;false;Test process timed out after 240 seconds;0;0;0
BASE/knightThrough;REKKURA_GENERIC_BACKWARD_PROVER;1.0.0;true;;30093;211;7
BASE/gt_centipede;REKKURA_GENERIC_BACKWARD_PROVER;1.0.0;true;;30001;10619;5277
BASE/gt_dollar;REKKURA_GENERIC_BACKWARD_PROVER;1.0.0;true;;30000;13208;6576
DRESDEN/tpeg;REKKURA_GENERIC_BACKWARD_PROVER;1.0.0;true;;30003;5865;476
BASE/tictactoe_3player;REKKURA_GENERIC_BACKWARD_PROVER;1.0.0;true;;30003;5830;285
BASE/chineseCheckers3;REKKURA_GENERIC_BACKWARD_PROVER;1.0.0;true;;30008;1536;27
DRESDEN/CatchMeIfYouCanTest;REKKURA_GENERIC_BACKWARD_PROVER;1.0.0;true;;30001;17228;497
BASE/withConviction;REKKURA_GENERIC_BACKWARD_PROVER;1.0.0;true;;30000;13379;535
BASE/chineseCheckers6;REKKURA_GENERIC_BACKWARD_PROVER;1.0.0;true;;30011;929;15
BASE/checkersTorusNoKings;REKKURA_GENERIC_BACKWARD_PROVER;1.0.0;true;;30019;435;6
DRESDEN/connect5;REKKURA_GENERIC_BACKWARD_PROVER;1.0.0;true;;30040;140;3
BASE/gt_staghunt;REKKURA_GENERIC_BACKWARD_PROVER;1.0.0;true;;30006;3438;171
BASE/futoshiki5;REKKURA_GENERIC_BACKWARD_PROVER;1.0.0;true;;30000;4203;314
DRESDEN/gt_ultimatum;REKKURA_GENERIC_BACKWARD_PROVER;1.0.0;true;;30089;400;20
BASE/firefighter;REKKURA_GENERIC_BACKWARD_PROVER;1.0.0;true;;30000;19992;449
BASE/peg;REKKURA_GENERIC_BACKWARD_PROVER;1.0.0;true;;30014;1163;47
BASE/merrills;REKKURA_GENERIC_BACKWARD_PROVER;1.0.0;true;;162752;0;0
STANFORD/rainbow;REKKURA_GENERIC_BACKWARD_PROVER;1.0.0;true;;30000;31493;5248
DRESDEN/hanoi7;REKKURA_GENERIC_BACKWARD_PROVER;1.0.0;true;;30663;21;0
DRESDEN/circlesolitaire;REKKURA_GENERIC_BACKWARD_PROVER;1.0.0;true;;30000;30377;2974
BASE/othelloHoles;REKKURA_GENERIC_BACKWARD_PROVER;1.0.0;true;;30222;68;1
STANFORD/multiplebuttonsandlights_9;REKKURA_GENERIC_BACKWARD_PROVER;1.0.0;true;;30000;20091;3348
BASE/tictactoe_3d_small_2player;REKKURA_GENERIC_BACKWARD_PROVER;1.0.0;true;;30000;6121;491
BASE/sudokuGrade2;REKKURA_GENERIC_BACKWARD_PROVER;1.0.0;true;;30013;1261;32
DRESDEN/lightsout2;REKKURA_GENERIC_BACKWARD_PROVER;1.0.0;true;;30000;18968;948
BASE/chinook;REKKURA_GENERIC_BACKWARD_PROVER;1.0.0;true;;30039;446;14
BASE/checkers;REKKURA_GENERIC_BACKWARD_PROVER;1.0.0;true;;30470;45;0
BASE/blobwars;REKKURA_GENERIC_BACKWARD_PROVER;1.0.0;true;;31423;7;0
STANFORD/dualrainbow;REKKURA_GENERIC_BACKWARD_PROVER;1.0.0;true;;30000;20136;3356
BASE/wallmaze;REKKURA_GENERIC_BACKWARD_PROVER;1.0.0;true;;30023;1020;35
BASE/gt_coordination;REKKURA_GENERIC_BACKWARD_PROVER;1.0.0;true;;30005;4529;226
BASE/chickentoetictac;REKKURA_GENERIC_BACKWARD_PROVER;1.0.0;true;;30000;30743;4312
DRESDEN/minichess;REKKURA_GENERIC_BACKWARD_PROVER;1.0.0;true;;30012;2686;304
STANFORD/sudoku;REKKURA_GENERIC_BACKWARD_PROVER;1.0.0;true;;30013;1376;33
BASE/blocksWorldParallel;REKKURA_GENERIC_BACKWARD_PROVER;1.0.0;true;;30001;12323;4107
STANFORD/knightstourbig;REKKURA_GENERIC_BACKWARD_PROVER;1.0.0;true;;30014;1475;258
BASE/futoshiki4;REKKURA_GENERIC_BACKWARD_PROVER;1.0.0;true;;30000;7505;828
DRESDEN/guess;REKKURA_GENERIC_BACKWARD_PROVER;1.0.0;true;;30085;158;16
DRESDEN/Goldrush;REKKURA_GENERIC_BACKWARD_PROVER;1.0.0;true;;30005;1065;145
BASE/connectFourSimultaneous;REKKURA_GENERIC_BACKWARD_PROVER;1.0.0;true;;30000;5413;302
DRESDEN/sat_test_20v_91c_visualisation;REKKURA_GENERIC_BACKWARD_PROVER;1.0.0;true;;30001;2674;133
BASE/checkers-suicide-cylinder-mustjump;REKKURA_GENERIC_BACKWARD_PROVER;1.0.0;true;;30550;34;0
BASE/englishDraughts;REKKURA_GENERIC_BACKWARD_PROVER;1.0.0;true;;30008;1931;29
BASE/sudokuGrade3;REKKURA_GENERIC_BACKWARD_PROVER;1.0.0;true;;30006;1381;34
BASE/checkLines;REKKURA_GENERIC_BACKWARD_PROVER;1.0.0;true;;30001;4380;285
BASE/breakthroughSmallHoles;REKKURA_GENERIC_BACKWARD_PROVER;1.0.0;true;;30001;15205;593
BASE/biddingTicTacToe;REKKURA_GENERIC_BACKWARD_PROVER;1.0.0;true;;30003;3012;205
DRESDEN/coins;REKKURA_GENERIC_BACKWARD_PROVER;1.0.0;true;;30001;15833;6327
DRESDEN/snake_2009;REKKURA_GENERIC_BACKWARD_PROVER;1.0.0;true;;30007;3534;224
DRESDEN/checkers-mustjump-torus;REKKURA_GENERIC_BACKWARD_PROVER;1.0.0;true;;32361;8;0
STANFORD/multiplebuttonsandlights;REKKURA_GENERIC_BACKWARD_PROVER;1.0.0;true;;30000;21115;3519
BASE/blokbox_simple;REKKURA_GENERIC_BACKWARD_PROVER;1.0.0;true;;30080;93;4
BASE/gt_tinfoil;REKKURA_GENERIC_BACKWARD_PROVER;1.0.0;true;;30160;20;2
DRESDEN/statespacesmall;REKKURA_GENERIC_BACKWARD_PROVER;1.0.0;true;;30000;53976;13494
DRESDEN/slidingpieces;REKKURA_GENERIC_BACKWARD_PROVER;1.0.0;true;;30002;5954;73
DRESDEN/pacman3p;REKKURA_GENERIC_BACKWARD_PROVER;1.0.0;true;;30065;419;9
DRESDEN/buttons;REKKURA_GENERIC_BACKWARD_PROVER;1.0.0;true;;30000;59941;9990
BASE/simultaneousWin2;REKKURA_GENERIC_BACKWARD_PROVER;1.0.0;true;;30001;10330;169
BASE/sudokuGrade4;REKKURA_GENERIC_BACKWARD_PROVER;1.0.0;true;;30002;1411;36
BASE/racer;REKKURA_GENERIC_BACKWARD_PROVER;1.0.0;true;;33201;2;0
BASE/snake2p;REKKURA_GENERIC_BACKWARD_PROVER;1.0.0;true;;30002;9832;7378
DRESDEN/SC_TestOnly_enabled;REKKURA_GENERIC_BACKWARD_PROVER;1.0.0;true;;30002;7774;863
STANFORD/connectfour;REKKURA_GENERIC_BACKWARD_PROVER;1.0.0;true;;30002;8240;356
STANFORD/dualhunter;REKKURA_GENERIC_BACKWARD_PROVER;1.0.0;true;;30001;6930;495
BASE/ticTacToeLargeSuicide;REKKURA_GENERIC_BACKWARD_PROVER;1.0.0;true;;30001;14795;624
BASE/pancakes;REKKURA_GENERIC_BACKWARD_PROVER;1.0.0;true;;30042;505;13
DRESDEN/eotcatcit;REKKURA_GENERIC_BACKWARD_PROVER;1.0.0;true;;30001;27674;3630
BASE/amazons_8x8;REKKURA_GENERIC_BACKWARD_PROVER;1.0.0;true;;30021;244;2
DRESDEN/point_grab;REKKURA_GENERIC_BACKWARD_PROVER;1.0.0;true;;30000;25223;840
DRESDEN/ggp-course2013_jordi;REKKURA_GENERIC_BACKWARD_PROVER;1.0.0;true;;30003;2354;72
DRESDEN/uf20-020.cnf.SAT;REKKURA_GENERIC_BACKWARD_PROVER;1.0.0;true;;30001;2910;145
DRESDEN/lightsout;REKKURA_GENERIC_BACKWARD_PROVER;1.0.0;true;;30001;19370;968
BASE/gt_two_thirds_4p;REKKURA_GENERIC_BACKWARD_PROVER;1.0.0;false;Test process timed out after 240 seconds;0;0;0
BASE/sudokuGrade5;REKKURA_GENERIC_BACKWARD_PROVER;1.0.0;true;;30003;1356;35
BASE/doubletictactoe;REKKURA_GENERIC_BACKWARD_PROVER;1.0.0;true;;30000;19383;2323
DRESDEN/hitori;REKKURA_GENERIC_BACKWARD_PROVER;1.0.0;true;;30149;9;0
BASE/four_way_battle;REKKURA_GENERIC_BACKWARD_PROVER;1.0.0;true;;30106;30;0
DRESDEN/roshambo2;REKKURA_GENERIC_BACKWARD_PROVER;1.0.0;true;;30000;11056;1310
BASE/tictactoe_orthogonal;REKKURA_GENERIC_BACKWARD_PROVER;1.0.0;true;;30000;22855;2858
BASE/colonelBlotto;REKKURA_GENERIC_BACKWARD_PROVER;1.0.0;true;;30700;15;3
DRESDEN/god;REKKURA_GENERIC_BACKWARD_PROVER;1.0.0;true;;30026;77;4
DRESDEN/sum15;REKKURA_GENERIC_BACKWARD_PROVER;1.0.0;true;;30000;39454;5184
BASE/ticTacToeSerial;REKKURA_GENERIC_BACKWARD_PROVER;1.0.0;true;;30000;8185;536
DRESDEN/hanoi7_bugfix;REKKURA_GENERIC_BACKWARD_PROVER;1.0.0;true;;30359;22;0
BASE/twisty-passages;REKKURA_GENERIC_BACKWARD_PROVER;1.0.0;true;;32467;5;0
DRESDEN/uf20-010.cnf.SAT;REKKURA_GENERIC_BACKWARD_PROVER;1.0.0;true;;30006;3125;156
DRESDEN/sheep_and_wolf;REKKURA_GENERIC_BACKWARD_PROVER;1.0.0;true;;30002;4237;103
BASE/chomp;REKKURA_GENERIC_BACKWARD_PROVER;1.0.0;true;;30002;6672;941
DRESDEN/2player_normal_form_2010;REKKURA_GENERIC_BACKWARD_PROVER;1.0.0;true;;30000;38418;38418
BASE/chineseCheckers2;REKKURA_GENERIC_BACKWARD_PROVER;1.0.0;true;;30010;2224;58
STANFORD/multiplesukoshi;REKKURA_GENERIC_BACKWARD_PROVER;1.0.0;true;;30002;2910;63
BASE/pentago;REKKURA_GENERIC_BACKWARD_PROVER;1.0.0;true;;30005;3059;55
BASE/mummyMaze2p_2007;REKKURA_GENERIC_BACKWARD_PROVER;1.0.0;true;;30033;540;11
BASE/haystack;REKKURA_GENERIC_BACKWARD_PROVER;1.0.0;true;;30000;104863;35044
BASE/crossers3;REKKURA_GENERIC_BACKWARD_PROVER;1.0.0;true;;30181;123;8
DRESDEN/smallest_4player;REKKURA_GENERIC_BACKWARD_PROVER;1.0.0;true;;30012;1516;63
STANFORD/bestbuttonsandlights;REKKURA_GENERIC_BACKWARD_PROVER;1.0.0;true;;30000;21780;3630
BASE/eightPuzzle;REKKURA_GENERIC_BACKWARD_PROVER;1.0.0;true;;30001;11179;186
DRESDEN/latenttictactoe;REKKURA_GENERIC_BACKWARD_PROVER;1.0.0;true;;30000;15797;1506
STANFORD/nineboardtictactoe;REKKURA_GENERIC_BACKWARD_PROVER;1.0.0;true;;30001;4415;154
DRESDEN/pawn_whopping;REKKURA_GENERIC_BACKWARD_PROVER;1.0.0;true;;30000;14335;389
DRESDEN/skirmish2;REKKURA_GENERIC_BACKWARD_PROVER;1.0.0;true;;30064;330;8
DRESDEN/3qbf-5cnf-20var-40cl.1.qdimacs.viz.SAT;REKKURA_GENERIC_BACKWARD_PROVER;1.0.0;true;;30001;3472;59
BASE/laikLee_hex;REKKURA_GENERIC_BACKWARD_PROVER;1.0.0;false;Test process timed out after 240 seconds;0;0;0
DRESDEN/Travelers-Dilemma;REKKURA_GENERIC_BACKWARD_PROVER;1.0.0;true;;31139;13;1
BASE/quad_7x7;REKKURA_GENERIC_BACKWARD_PROVER;1.0.0;true;;30021;620;21
DRESDEN/blockerparallel;REKKURA_GENERIC_BACKWARD_PROVER;1.0.0;true;;30000;4699;671
BASE/knightsTour;REKKURA_GENERIC_BACKWARD_PROVER;1.0.0;true;;30000;5937;1205
DRESDEN/blocks2player;REKKURA_GENERIC_BACKWARD_PROVER;1.0.0;true;;30000;30371;1687
BASE/chineseCheckers1;REKKURA_GENERIC_BACKWARD_PROVER;1.0.0;true;;30008;3004;108
BASE/knightfight;REKKURA_GENERIC_BACKWARD_PROVER;1.0.0;true;;30108;204;18
DRESDEN/vacuumcleaner_random_big;REKKURA_GENERIC_BACKWARD_PROVER;1.0.0;true;;76833;0;0
BASE/asteroidsParallel;REKKURA_GENERIC_BACKWARD_PROVER;1.0.0;true;;30000;4656;105
BASE/qyshinsu;REKKURA_GENERIC_BACKWARD_PROVER;1.0.0;true;;30014;1269;59
BASE/hanoi;REKKURA_GENERIC_BACKWARD_PROVER;1.0.0;true;;30011;971;31
BASE/aipsrovers01;REKKURA_GENERIC_BACKWARD_PROVER;1.0.0;true;;30000;7392;255
BASE/snakeParallel;REKKURA_GENERIC_BACKWARD_PROVER;1.0.0;true;;30000;16475;3547
DRESDEN/checkers-cylinder-mustjump;REKKURA_GENERIC_BACKWARD_PROVER;1.0.0;true;;31364;11;0
DRESDEN/quad_7x7;REKKURA_GENERIC_BACKWARD_PROVER;1.0.0;true;;30030;592;19
BASE/asteroids;REKKURA_GENERIC_BACKWARD_PROVER;1.0.0;true;;30000;8484;186
BASE/crisscross;REKKURA_GENERIC_BACKWARD_PROVER;1.0.0;true;;35211;0;0
BASE/skirmishFinal3;REKKURA_GENERIC_BACKWARD_PROVER;1.0.0;true;;30007;284;4
DRESDEN/pawn_whopping_simultaneous;REKKURA_GENERIC_BACKWARD_PROVER;1.0.0;true;;30001;9637;532
DRESDEN/knightwar;REKKURA_GENERIC_BACKWARD_PROVER;1.0.0;true;;30000;3481;421
BASE/onestep;REKKURA_GENERIC_BACKWARD_PROVER;1.0.0;true;;30000;109009;109009
BASE/queens;REKKURA_GENERIC_BACKWARD_PROVER;1.0.0;false;IllegalArgumentException: too many occurrences: 2147483765;0;0;0
DRESDEN/small_dominion;REKKURA_GENERIC_BACKWARD_PROVER;1.0.0;true;;30165;18;0
BASE/ad_game_2x2;REKKURA_GENERIC_BACKWARD_PROVER;1.0.0;true;;46349;0;0
DRESDEN/gt_prisoner;REKKURA_GENERIC_BACKWARD_PROVER;1.0.0;true;;30002;4712;235
BASE/ttcc4_2player_small;REKKURA_GENERIC_BACKWARD_PROVER;1.0.0;true;;30000;1410;91
BASE/knightsTourLarge;REKKURA_GENERIC_BACKWARD_PROVER;1.0.0;true;;30000;2151;364
DRESDEN/quartosuicide;REKKURA_GENERIC_BACKWARD_PROVER;1.0.0;true;;30267;71;2
BASE/ttcc4_2player_alt;REKKURA_GENERIC_BACKWARD_PROVER;1.0.0;true;;30051;382;11
BASE/connectFourLarge;REKKURA_GENERIC_BACKWARD_PROVER;1.0.0;true;;30007;5413;205
DRESDEN/cylinder-checkers;REKKURA_GENERIC_BACKWARD_PROVER;1.0.0;true;;31670;11;0
BASE/dotsAndBoxesSuicide;REKKURA_GENERIC_BACKWARD_PROVER;1.0.0;true;;30023;991;16
DRESDEN/blobwars;REKKURA_GENERIC_BACKWARD_PROVER;1.0.0;true;;32523;8;0
STANFORD/trifecta;REKKURA_GENERIC_BACKWARD_PROVER;1.0.0;true;;30001;19246;2517
BASE/duplicateStateSmall;REKKURA_GENERIC_BACKWARD_PROVER;1.0.0;true;;30000;40941;10235
BASE/ticTacHeaven;REKKURA_GENERIC_BACKWARD_PROVER;1.0.0;true;;30002;6215;280
DRESDEN/satlike_20v_91c;REKKURA_GENERIC_BACKWARD_PROVER;1.0.0;true;;30065;7;0
BASE/hex;REKKURA_GENERIC_BACKWARD_PROVER;1.0.0;true;;30026;425;5
DRESDEN/Zhadu;REKKURA_GENERIC_BACKWARD_PROVER;1.0.0;true;;30008;572;16
STANFORD/chinook;REKKURA_GENERIC_BACKWARD_PROVER;1.0.0;true;;30026;425;10
BASE/alexChess;REKKURA_GENERIC_BACKWARD_PROVER;1.0.0;true;;30128;103;0
DRESDEN/tictactoe_3d_small_2player;REKKURA_GENERIC_BACKWARD_PROVER;1.0.0;true;;30000;6308;512
BASE/4pttc;REKKURA_GENERIC_BACKWARD_PROVER;1.0.0;true;;30040;257;8
DRESDEN/connectfour;REKKURA_GENERIC_BACKWARD_PROVER;1.0.0;true;;30000;11002;500
STANFORD/3puzzle;REKKURA_GENERIC_BACKWARD_PROVER;1.0.0;true;;30000;22475;3745
BASE/ticTacToe;REKKURA_GENERIC_BACKWARD_PROVER;1.0.0;true;;30001;18542;2423
DRESDEN/doubletoetictac;REKKURA_GENERIC_BACKWARD_PROVER;1.0.0;true;;30000;18830;2256
DRESDEN/four_way_battle;REKKURA_GENERIC_BACKWARD_PROVER;1.0.0;true;;30140;30;0
DRESDEN/knightthrough;REKKURA_GENERIC_BACKWARD_PROVER;1.0.0;true;;30043;624;18
BASE/ghostMaze2p;REKKURA_GENERIC_BACKWARD_PROVER;1.0.0;true;;30000;582;11
BASE/knightmove;REKKURA_GENERIC_BACKWARD_PROVER;1.0.0;true;;30038;163;4
DRESDEN/battle;REKKURA_GENERIC_BACKWARD_PROVER;1.0.0;true;;30214;16;0
BASE/slidingpieces;REKKURA_GENERIC_BACKWARD_PROVER;1.0.0;true;;30000;5816;71
BASE/strangeSkirmish;REKKURA_GENERIC_BACKWARD_PROVER;1.0.0;true;;30040;249;2
DRESDEN/checkers-newgoals;REKKURA_GENERIC_BACKWARD_PROVER;1.0.0;true;;31227;10;0
BASE/eotcatcit;REKKURA_GENERIC_BACKWARD_PROVER;1.0.0;true;;30000;27885;3651
DRESDEN/tttcc4;REKKURA_GENERIC_BACKWARD_PROVER;1.0.0;true;;30043;577;20
BASE/stateSpaceLarge;REKKURA_GENERIC_BACKWARD_PROVER;1.0.0;true;;30000;25584;1827
DRESDEN/chickentictactoe;REKKURA_GENERIC_BACKWARD_PROVER;1.0.0;true;;30000;25099;3542
STANFORD/jointbuttonsandlights;REKKURA_GENERIC_BACKWARD_PROVER;1.0.0;true;;30000;27127;4698
DRESDEN/tictactoe_3d_small_6player;REKKURA_GENERIC_BACKWARD_PROVER;1.0.0;true;;30000;4741;137
BASE/brain_teaser_extended;REKKURA_GENERIC_BACKWARD_PROVER;1.0.0;true;;30000;26796;1786
BASE/skirmish;REKKURA_GENERIC_BACKWARD_PROVER;1.0.0;true;;30113;150;1
BASE/connect5;REKKURA_GENERIC_BACKWARD_PROVER;1.0.0;true;;30260;146;3
DRESDEN/minichess-evilconjuncts;REKKURA_GENERIC_BACKWARD_PROVER;1.0.0;true;;30007;2717;307
BASE/nineBoardTicTacToePie;REKKURA_GENERIC_BACKWARD_PROVER;1.0.0;true;;30003;4586;160
DRESDEN/skirmishfinal;REKKURA_GENERIC_BACKWARD_PROVER;1.0.0;true;;30004;258;4
BASE/conn4;REKKURA_GENERIC_BACKWARD_PROVER;1.0.0;true;;30002;9475;433
DRESDEN/tictictoe;REKKURA_GENERIC_BACKWARD_PROVER;1.0.0;true;;30000;18749;3708
DRESDEN/snake_2009_big;REKKURA_GENERIC_BACKWARD_PROVER;1.0.0;true;;30001;3012;169
BASE/troublemaker02;REKKURA_GENERIC_BACKWARD_PROVER;1.0.0;true;;30000;66297;22096
BASE/toetictac;REKKURA_GENERIC_BACKWARD_PROVER;1.0.0;true;;30000;35407;4656
BASE/3pffa;REKKURA_GENERIC_BACKWARD_PROVER;1.0.0;true;;30006;1269;42
BASE/2pffa;REKKURA_GENERIC_BACKWARD_PROVER;1.0.0;true;;30009;1628;54
STANFORD/breakthroughsmall;REKKURA_GENERIC_BACKWARD_PROVER;1.0.0;true;;30000;1806;64
DRESDEN/tictactoe_3player;REKKURA_GENERIC_BACKWARD_PROVER;1.0.0;true;;30004;5732;280
DRESDEN/nim4;REKKURA_GENERIC_BACKWARD_PROVER;1.0.0;true;;30013;1401;102
DRESDEN/tictactoe-init1;REKKURA_GENERIC_BACKWARD_PROVER;1.0.0;true;;30000;27536;7886
DRESDEN/hallway;REKKURA_GENERIC_BACKWARD_PROVER;1.0.0;true;;30008;686;22
BASE/connect4;REKKURA_GENERIC_BACKWARD_PROVER;1.0.0;true;;30003;4566;218
BASE/racer4;REKKURA_GENERIC_BACKWARD_PROVER;1.0.0;true;;31160;15;1
BASE/nineBoardTicTacToe;REKKURA_GENERIC_BACKWARD_PROVER;1.0.0;true;;30005;4536;158
BASE/futoshiki6;REKKURA_GENERIC_BACKWARD_PROVER;1.0.0;true;;30005;2883;138
DRESDEN/Thief_Police;REKKURA_GENERIC_BACKWARD_PROVER;1.0.0;true;;30000;18520;540
BASE/connectFour;REKKURA_GENERIC_BACKWARD_PROVER;1.0.0;true;;30002;8276;374
DRESDEN/3qbf-5cnf-20var-40cl.2.qdimacs.SAT;REKKURA_GENERIC_BACKWARD_PROVER;1.0.0;true;;30007;3560;60
DRESDEN/crissrace;REKKURA_GENERIC_BACKWARD_PROVER;1.0.0;true;;41103;0;0
DRESDEN/brawl;REKKURA_GENERIC_BACKWARD_PROVER;1.0.0;true;;30083;215;21
BASE/troublemaker01;REKKURA_GENERIC_BACKWARD_PROVER;1.0.0;true;;30000;81092;27068
STANFORD/madness;REKKURA_GENERIC_BACKWARD_PROVER;1.0.0;true;;30255;44;0
BASE/gt_attrition;REKKURA_GENERIC_BACKWARD_PROVER;1.0.0;true;;31794;8;1
BASE/breakthroughSuicide;REKKURA_GENERIC_BACKWARD_PROVER;1.0.0;true;;30001;680;12
BASE/pentagoSuicide;REKKURA_GENERIC_BACKWARD_PROVER;1.0.0;true;;30006;2902;54
BASE/amazonsTorus_10x10;REKKURA_GENERIC_BACKWARD_PROVER;1.0.0;true;;30303;41;0
BASE/endgame;REKKURA_GENERIC_BACKWARD_PROVER;1.0.0;true;;30000;848;60
DRESDEN/double_tictactoe_dengji;REKKURA_GENERIC_BACKWARD_PROVER;1.0.0;true;;30000;14073;995
DRESDEN/racetrackcorridor;REKKURA_GENERIC_BACKWARD_PROVER;1.0.0;true;;30003;2140;118
DRESDEN/breakthrough;REKKURA_GENERIC_BACKWARD_PROVER;1.0.0;true;;30027;655;9
DRESDEN/statespacemedium;REKKURA_GENERIC_BACKWARD_PROVER;1.0.0;true;;30000;40669;4518
BASE/speedChess;REKKURA_GENERIC_BACKWARD_PROVER;1.0.0;true;;30036;122;0
DRESDEN/cubicup;REKKURA_GENERIC_BACKWARD_PROVER;1.0.0;true;;30000;5150;91
DRESDEN/golden_rectangle;REKKURA_GENERIC_BACKWARD_PROVER;1.0.0;true;;30017;1430;48
BASE/eotcitcit;REKKURA_GENERIC_BACKWARD_PROVER;1.0.0;true;;30000;19013;3779
BASE/skirmishFinal2;REKKURA_GENERIC_BACKWARD_PROVER;1.0.0;true;;30090;252;4
STANFORD/knightstour;REKKURA_GENERIC_BACKWARD_PROVER;1.0.0;true;;30002;5796;1220
DRESDEN/logistics;REKKURA_GENERIC_BACKWARD_PROVER;1.0.0;true;;30001;5652;113
DRESDEN/bidding-tictactoe_10coins;REKKURA_GENERIC_BACKWARD_PROVER;1.0.0;true;;30007;903;62
DRESDEN/ticblock;REKKURA_GENERIC_BACKWARD_PROVER;1.0.0;true;;30001;15318;927
DRESDEN/breakthroughsuicide;REKKURA_GENERIC_BACKWARD_PROVER;1.0.0;true;;30019;676;10
DRESDEN/Catch-Me-If-You-Can;REKKURA_GENERIC_BACKWARD_PROVER;1.0.0;true;;30001;18595;539
DRESDEN/nim2;REKKURA_GENERIC_BACKWARD_PROVER;1.0.0;true;;30007;1320;151
DRESDEN/battlebrushes;REKKURA_GENERIC_BACKWARD_PROVER;1.0.0;true;;34192;2;0
STANFORD/multipletictactoe;REKKURA_GENERIC_BACKWARD_PROVER;1.0.0;true;;30007;3614;201
BASE/blocks;REKKURA_GENERIC_BACKWARD_PROVER;1.0.0;true;;30000;45829;15276
BASE/lightsOnSimul4;REKKURA_GENERIC_BACKWARD_PROVER;1.0.0;true;;30001;7833;1243
BASE/dotsAndBoxes;REKKURA_GENERIC_BACKWARD_PROVER;1.0.0;true;;30022;990;16
BASE/skirmishFinal1;REKKURA_GENERIC_BACKWARD_PROVER;1.0.0;true;;30111;251;4
DRESDEN/3pttc;REKKURA_GENERIC_BACKWARD_PROVER;1.0.0;true;;30005;4647;162
BASE/kitten_escapes_from_fire;REKKURA_GENERIC_BACKWARD_PROVER;1.0.0;true;;30000;2164;253
BASE/amazons;REKKURA_GENERIC_BACKWARD_PROVER;1.0.0;true;;122644;0;0
BASE/pegEuro;REKKURA_GENERIC_BACKWARD_PROVER;1.0.0;true;;30022;1128;43
DRESDEN/max_knights;REKKURA_GENERIC_BACKWARD_PROVER;1.0.0;true;;30560;17;3
DRESDEN/smallest;REKKURA_GENERIC_BACKWARD_PROVER;1.0.0;true;;30019;1350;56
DRESDEN/quad;REKKURA_GENERIC_BACKWARD_PROVER;1.0.0;true;;30026;41;1
BASE/bomberman2p;REKKURA_GENERIC_BACKWARD_PROVER;1.0.0;true;;30026;523;70
DRESDEN/knightazons;REKKURA_GENERIC_BACKWARD_PROVER;1.0.0;true;;30084;227;3
BASE/switches;REKKURA_GENERIC_BACKWARD_PROVER;1.0.0;true;;30000;37884;37884
BASE/skirmishNew;REKKURA_GENERIC_BACKWARD_PROVER;1.0.0;true;;30164;122;1
BASE/zhadu;REKKURA_GENERIC_BACKWARD_PROVER;1.0.0;true;;30011;485;14
STANFORD/untwistycorridor;REKKURA_GENERIC_BACKWARD_PROVER;1.0.0;true;;30000;41174;5882
DRESDEN/nim3;REKKURA_GENERIC_BACKWARD_PROVER;1.0.0;true;;30013;1406;106
STANFORD/duidoku;REKKURA_GENERIC_BACKWARD_PROVER;1.0.0;true;;30019;997;24
BASE/cubicup;REKKURA_GENERIC_BACKWARD_PROVER;1.0.0;true;;30002;5299;94
DRESDEN/tictactoe_3d_6player;REKKURA_GENERIC_BACKWARD_PROVER;1.0.0;true;;30037;1009;10
DRESDEN/chinesecheckers1;REKKURA_GENERIC_BACKWARD_PROVER;1.0.0;true;;30001;4686;167
BASE/minichess;REKKURA_GENERIC_BACKWARD_PROVER;1.0.0;true;;30000;2746;915
DRESDEN/3qbf-5cnf-20var-40cl.0.qdimacs;REKKURA_GENERIC_BACKWARD_PROVER;1.0.0;true;;30003;4708;79
DRESDEN/doubletictactoe;REKKURA_GENERIC_BACKWARD_PROVER;1.0.0;true;;30001;18724;2243
DRESDEN/checkers-mustjump;REKKURA_GENERIC_BACKWARD_PROVER;1.0.0;true;;30469;7;0
BASE/checkersTiny;REKKURA_GENERIC_BACKWARD_PROVER;1.0.0;true;;30224;52;0
DRESDEN/tictactoelargesuicide;REKKURA_GENERIC_BACKWARD_PROVER;1.0.0;true;;30000;24241;1020
DRESDEN/checkers-suicide-cylinder-mustjump;REKKURA_GENERIC_BACKWARD_PROVER;1.0.0;true;;31911;11;0
STANFORD/sukoshi;REKKURA_GENERIC_BACKWARD_PROVER;1.0.0;true;;30001;19376;3584
BASE/ticTacHeavenFC;REKKURA_GENERIC_BACKWARD_PROVER;1.0.0;true;;30002;5863;222
BASE/guess;REKKURA_GENERIC_BACKWARD_PROVER;1.0.0;true;;30042;160;16
DRESDEN/hanoi_6_disks;REKKURA_GENERIC_BACKWARD_PROVER;1.0.0;true;;30095;140;38
DRESDEN/tictactoe_orthogonal;REKKURA_GENERIC_BACKWARD_PROVER;1.0.0;true;;30000;22516;2797
BASE/hodgepodge;REKKURA_GENERIC_BACKWARD_PROVER;1.0.0;true;;30000;19008;19008
BASE/god;REKKURA_GENERIC_BACKWARD_PROVER;1.0.0;true;;30364;79;2
DRESDEN/grid_game2;REKKURA_GENERIC_BACKWARD_PROVER;1.0.0;true;;30000;8233;168
DRESDEN/endgame;REKKURA_GENERIC_BACKWARD_PROVER;1.0.0;true;;30052;501;35
DRESDEN/3qbf-5cnf-20var-40cl.1.qdimacs.SAT;REKKURA_GENERIC_BACKWARD_PROVER;1.0.0;true;;30003;3432;58
DRESDEN/3qbf-5cnf-20var-40cl.2.qdimacs.satlike;REKKURA_GENERIC_BACKWARD_PROVER;1.0.0;true;;30115;137;2
DRESDEN/firefighter;REKKURA_GENERIC_BACKWARD_PROVER;1.0.0;true;;30001;20755;469
DRESDEN/chomp;REKKURA_GENERIC_BACKWARD_PROVER;1.0.0;true;;30003;6471;929
DRESDEN/ggp-course2013_michal13;REKKURA_GENERIC_BACKWARD_PROVER;1.0.0;true;;30006;3158;98
BASE/mummymaze1p;REKKURA_GENERIC_BACKWARD_PROVER;1.0.0;false;Test process timed out after 240 seconds;0;0;0
BASE/pawnToQueen;REKKURA_GENERIC_BACKWARD_PROVER;1.0.0;true;;30443;19;1
STANFORD/8puzzle;REKKURA_GENERIC_BACKWARD_PROVER;1.0.0;true;;30000;10372;172
BASE/checkersTorus;REKKURA_GENERIC_BACKWARD_PROVER;1.0.0;true;;30050;389;6
DRESDEN/ghostmaze2p;REKKURA_GENERIC_BACKWARD_PROVER;1.0.0;true;;30009;549;11
BASE/tictactoe2;REKKURA_GENERIC_BACKWARD_PROVER;1.0.0;true;;30000;33508;4397
BASE/stateSpaceSmall;REKKURA_GENERIC_BACKWARD_PROVER;1.0.0;true;;30000;54157;13539
BASE/buttons;REKKURA_GENERIC_BACKWARD_PROVER;1.0.0;true;;30000;58322;9720
DRESDEN/nim1;REKKURA_GENERIC_BACKWARD_PROVER;1.0.0;true;;30003;1381;202
DRESDEN/crossers3;REKKURA_GENERIC_BACKWARD_PROVER;1.0.0;true;;30190;124;9
BASE/snake_2008_tweaked;REKKURA_GENERIC_BACKWARD_PROVER;1.0.0;true;;30029;295;13
BASE/checkers-mustjump-torus;REKKURA_GENERIC_BACKWARD_PROVER;1.0.0;true;;30440;40;1
DRESDEN/twisty-passages;REKKURA_GENERIC_BACKWARD_PROVER;1.0.0;true;;35493;5;0
DRESDEN/farmers;REKKURA_GENERIC_BACKWARD_PROVER;1.0.0;true;;96427;0;0
BASE/escortLatch;REKKURA_GENERIC_BACKWARD_PROVER;1.0.0;true;;30015;1777;30
BASE/coins;REKKURA_GENERIC_BACKWARD_PROVER;1.0.0;true;;30000;16040;6392
BASE/ttcc4_2player;REKKURA_GENERIC_BACKWARD_PROVER;1.0.0;true;;30011;418;10
DRESDEN/tictactoex9;REKKURA_GENERIC_BACKWARD_PROVER;1.0.0;true;;30003;5907;194
DRESDEN/bunk_t;REKKURA_GENERIC_BACKWARD_PROVER;1.0.0;true;;30000;18551;2231
DRESDEN/blocker;REKKURA_GENERIC_BACKWARD_PROVER;1.0.0;true;;30000;32174;4073
DRESDEN/chickentoetictac;REKKURA_GENERIC_BACKWARD_PROVER;1.0.0;true;;30000;33482;4704
DRESDEN/pancakes;REKKURA_GENERIC_BACKWARD_PROVER;1.0.0;true;;30034;617;15
DRESDEN/ggp-course2013_nicolai;REKKURA_GENERIC_BACKWARD_PROVER;1.0.0;true;;30012;545;16
BASE/catcha_mouse;REKKURA_GENERIC_BACKWARD_PROVER;1.0.0;true;;30003;7771;581
BASE/tictactoe_3d_small_6player;REKKURA_GENERIC_BACKWARD_PROVER;1.0.0;true;;30002;4718;132
DRESDEN/satlike_20v_91c_version2;REKKURA_GENERIC_BACKWARD_PROVER;1.0.0;true;;32859;7;0
BASE/tpeg;REKKURA_GENERIC_BACKWARD_PROVER;1.0.0;true;;30001;5548;460
DRESDEN/troublemaker02;REKKURA_GENERIC_BACKWARD_PROVER;1.0.0;true;;30000;61920;20693
DRESDEN/knightmove;REKKURA_GENERIC_BACKWARD_PROVER;1.0.0;true;;30067;159;4
BASE/pancakes88;REKKURA_GENERIC_BACKWARD_PROVER;1.0.0;true;;30327;28;0
DRESDEN/skirmish;REKKURA_GENERIC_BACKWARD_PROVER;1.0.0;true;;30036;315;7
DRESDEN/grid_game;REKKURA_GENERIC_BACKWARD_PROVER;1.0.0;true;;30002;4526;125
STANFORD/buttonsandlights;REKKURA_GENERIC_BACKWARD_PROVER;1.0.0;true;;30000;63406;10712
BASE/blockerSerial;REKKURA_GENERIC_BACKWARD_PROVER;1.0.0;true;;30000;6679;426
BASE/mummymaze2p;REKKURA_GENERIC_BACKWARD_PROVER;1.0.0;true;;30034;309;6
BASE/snake_2008;REKKURA_GENERIC_BACKWARD_PROVER;1.0.0;true;;30059;299;20
BASE/quarto;REKKURA_GENERIC_BACKWARD_PROVER;1.0.0;true;;30052;67;3
DRESDEN/tictactoelarge;REKKURA_GENERIC_BACKWARD_PROVER;1.0.0;true;;30000;22496;947
BASE/hitori;REKKURA_GENERIC_BACKWARD_PROVER;1.0.0;true;;32295;9;0
DRESDEN/peg;REKKURA_GENERIC_BACKWARD_PROVER;1.0.0;true;;30003;5289;217
BASE/duplicateStateLarge;REKKURA_GENERIC_BACKWARD_PROVER;1.0.0;true;;30004;5844;417
BASE/pancakes6;REKKURA_GENERIC_BACKWARD_PROVER;1.0.0;true;;30052;476;11
BASE/incredible;REKKURA_GENERIC_BACKWARD_PROVER;1.0.0;true;;30000;17320;911
BASE/hexPie;REKKURA_GENERIC_BACKWARD_PROVER;1.0.0;true;;30007;413;6
DRESDEN/pentago_2008;REKKURA_GENERIC_BACKWARD_PROVER;1.0.0;true;;30004;3458;63
DRESDEN/pawn_whopping_corrected;REKKURA_GENERIC_BACKWARD_PROVER;1.0.0;true;;30000;13947;409
DRESDEN/troublemaker01;REKKURA_GENERIC_BACKWARD_PROVER;1.0.0;true;;30000;81138;27150
BASE/beatMania;REKKURA_GENERIC_BACKWARD_PROVER;1.0.0;true;;30000;18088;301
BASE/amazonsSuicide;REKKURA_GENERIC_BACKWARD_PROVER;1.0.0;true;;95432;0;0
DRESDEN/blocksworldparallel;REKKURA_GENERIC_BACKWARD_PROVER;1.0.0;true;;30000;18555;6185
BASE/majorities;REKKURA_GENERIC_BACKWARD_PROVER;1.0.0;true;;30003;1990;37
STANFORD/triplesukoshi;REKKURA_GENERIC_BACKWARD_PROVER;1.0.0;true;;30002;7395;1056
BASE/breakthroughWalls;REKKURA_GENERIC_BACKWARD_PROVER;1.0.0;true;;30011;600;9
DRESDEN/uf20-01.cnf.SAT;REKKURA_GENERIC_BACKWARD_PROVER;1.0.0;true;;30000;2555;127
DRESDEN/aipsrovers01;REKKURA_GENERIC_BACKWARD_PROVER;1.0.0;true;;30000;6663;229
DRESDEN/vacuumcleaner_obstacles_3;REKKURA_GENERIC_BACKWARD_PROVER;1.0.0;false;Test process timed out after 240 seconds;0;0;0
BASE/factoringMutuallyAssuredDestruction;REKKURA_GENERIC_BACKWARD_PROVER;1.0.0;true;;30001;19613;980
STANFORD/tictactoe;REKKURA_GENERIC_BACKWARD_PROVER;1.0.0;true;;30000;18680;2445
BASE/coloredtrails;REKKURA_GENERIC_BACKWARD_PROVER;1.0.0;true;;30001;10544;1171
STANFORD/eightpuzzle;REKKURA_GENERIC_BACKWARD_PROVER;1.0.0;true;;30002;10528;210
DRESDEN/cubicup_3player;REKKURA_GENERIC_BACKWARD_PROVER;1.0.0;true;;30000;4054;48
BASE/3pConnectFour;REKKURA_GENERIC_BACKWARD_PROVER;1.0.0;true;;30001;6477;181
STANFORD/skirmish;REKKURA_GENERIC_BACKWARD_PROVER;1.0.0;true;;30045;44;0
BASE/lightsOnSimultaneous;REKKURA_GENERIC_BACKWARD_PROVER;1.0.0;true;;30000;10420;693
BASE/circlesolitaire;REKKURA_GENERIC_BACKWARD_PROVER;1.0.0;true;;30000;29381;2830
BASE/battle;REKKURA_GENERIC_BACKWARD_PROVER;1.0.0;true;;31281;17;0
BASE/sum15;REKKURA_GENERIC_BACKWARD_PROVER;1.0.0;true;;30000;38364;5033
STANFORD/alquerquezero;REKKURA_GENERIC_BACKWARD_PROVER;1.0.0;true;;30009;1310;45
BASE/colonelBlottoVariant2;REKKURA_GENERIC_BACKWARD_PROVER;1.0.0;true;;30972;16;4
BASE/survival;REKKURA_GENERIC_BACKWARD_PROVER;1.0.0;true;;30000;74647;64059
STANFORD/platformjumpers;REKKURA_GENERIC_BACKWARD_PROVER;1.0.0;true;;30108;95;1
BASE/smallest_4player;REKKURA_GENERIC_BACKWARD_PROVER;1.0.0;true;;30013;1543;65
DRESDEN/tictactoe;REKKURA_GENERIC_BACKWARD_PROVER;1.0.0;true;;30000;29130;3816
BASE/blocksWorldSerial;REKKURA_GENERIC_BACKWARD_PROVER;1.0.0;true;;30000;21454;3575
DRESDEN/laikLee_hex;REKKURA_GENERIC_BACKWARD_PROVER;1.0.0;false;Test process timed out after 240 seconds;0;0;0
DRESDEN/vacuum_cleaner_1;REKKURA_GENERIC_BACKWARD_PROVER;1.0.0;true;;32281;3;0
STANFORD/ttcc4;REKKURA_GENERIC_BACKWARD_PROVER;1.0.0;true;;30017;449;6
DRESDEN/vacuumcleaner_obstacles_5;REKKURA_GENERIC_BACKWARD_PROVER;1.0.0;false;Test process timed out after 240 seconds;0;0;0
DRESDEN/frogs_and_toads;REKKURA_GENERIC_BACKWARD_PROVER;1.0.0;true;;30001;1772;15
BASE/ticTicToe;REKKURA_GENERIC_BACKWARD_PROVER;1.0.0;true;;30000;14561;2905
DRESDEN/gt_chicken;REKKURA_GENERIC_BACKWARD_PROVER;1.0.0;true;;30004;3747;187
BASE/hanoi7_bugfix;REKKURA_GENERIC_BACKWARD_PROVER;1.0.0;true;;30130;23;0
DRESDEN/stratego;REKKURA_GENERIC_BACKWARD_PROVER;1.0.0;true;;30003;5139;126
DRESDEN/8puzzle;REKKURA_GENERIC_BACKWARD_PROVER;1.0.0;true;;30000;18309;305
BASE/othelloSuicide;REKKURA_GENERIC_BACKWARD_PROVER;1.0.0;true;;30290;67;1
BASE/coins_atomic;REKKURA_GENERIC_BACKWARD_PROVER;1.0.0;true;;30000;16209;6497
DRESDEN/sat_test_20v_91c_version2;REKKURA_GENERIC_BACKWARD_PROVER;1.0.0;true;;30006;2630;131
BASE/tictactoe_3d_2player;REKKURA_GENERIC_BACKWARD_PROVER;1.0.0;true;;30009;1179;31
BASE/roshambo2;REKKURA_GENERIC_BACKWARD_PROVER;1.0.0;true;;30000;11012;1295
BASE/2pffa_zerosum;REKKURA_GENERIC_BACKWARD_PROVER;1.0.0;true;;30010;1403;46
DRESDEN/lightson2x2;REKKURA_GENERIC_BACKWARD_PROVER;1.0.0;true;;30000;29400;2940
DRESDEN/breakthroughsuicide_v2;REKKURA_GENERIC_BACKWARD_PROVER;1.0.0;true;;30035;671;9
DRESDEN/vacuumcleaner_obstacles_6;REKKURA_GENERIC_BACKWARD_PROVER;1.0.0;false;Test process timed out after 240 seconds;0;0;0
BASE/lightsOut;REKKURA_GENERIC_BACKWARD_PROVER;1.0.0;true;;30000;19457;972
BASE/point_grab;REKKURA_GENERIC_BACKWARD_PROVER;1.0.0;true;;30000;25964;865
BASE/mineClearingSmall;REKKURA_GENERIC_BACKWARD_PROVER;1.0.0;true;;30003;1220;80
BASE/queens31lg;REKKURA_GENERIC_BACKWARD_PROVER;1.0.0;true;;30704;40;1
BASE/queens08lg;REKKURA_GENERIC_BACKWARD_PROVER;1.0.0;true;;30011;1038;164
BASE/queens08ug;REKKURA_GENERIC_BACKWARD_PROVER;1.0.0;true;;30004;1075;134
BASE/queens06ug;REKKURA_GENERIC_BACKWARD_PROVER;1.0.0;true;;30002;1803;300
