BASE/cubicup_3player;REKKURA_BACKWARD_PROVER_OSTD;1.0.0;true;;30003;9152;108
BASE/blocks2player;REKKURA_BACKWARD_PROVER_OSTD;1.0.0;true;;30000;109053;6058
DRESDEN/skirmish3;REKKURA_BACKWARD_PROVER_OSTD;1.0.0;true;;30000;1233;30
DRESDEN/fizzbuzz;REKKURA_BACKWARD_PROVER_OSTD;1.0.0;true;;30001;20065;668
BASE/tttcc4;REKKURA_BACKWARD_PROVER_OSTD;1.0.0;true;;30002;2041;73
STANFORD/tictactoe5;REKKURA_BACKWARD_PROVER_OSTD;1.0.0;true;;30000;67323;18591
BASE/sudokuGrade6H;REKKURA_BACKWARD_PROVER_OSTD;1.0.0;true;;30000;4096;87
BASE/snakeAssemblit;REKKURA_BACKWARD_PROVER_OSTD;1.0.0;true;;30001;12277;1517
BASE/blocksWorld;REKKURA_BACKWARD_PROVER_OSTD;1.0.0;true;;30000;149752;49917
DRESDEN/4pttc;REKKURA_BACKWARD_PROVER_OSTD;1.0.0;true;;30002;6792;216
BASE/ticTacToeParallel;REKKURA_BACKWARD_PROVER_OSTD;1.0.0;true;;30000;31406;4532
BASE/othello-comp2007;REKKURA_BACKWARD_PROVER_OSTD;1.0.0;true;;30040;511;8
BASE/reversi;REKKURA_BACKWARD_PROVER_OSTD;1.0.0;true;;30023;828;13
BASE/nim4;REKKURA_BACKWARD_PROVER_OSTD;1.0.0;true;;30000;31407;2314
DRESDEN/toetictac;REKKURA_BACKWARD_PROVER_OSTD;1.0.0;true;;30000;104887;13772
BASE/checkers-newgoals;REKKURA_BACKWARD_PROVER_OSTD;1.0.0;true;;30012;567;5
BASE/cylinder-checkers;REKKURA_BACKWARD_PROVER_OSTD;1.0.0;true;;30001;55;0
BASE/gt_two_thirds_6p;REKKURA_BACKWARD_PROVER_OSTD;1.0.0;false;Test process timed out after 240 seconds;0;0;0
DRESDEN/amazons;REKKURA_BACKWARD_PROVER_OSTD;1.0.0;true;;30032;240;3
BASE/asteroidsSerial;REKKURA_BACKWARD_PROVER_OSTD;1.0.0;true;;30000;17390;188
BASE/dualConnect4;REKKURA_BACKWARD_PROVER_OSTD;1.0.0;true;;30001;8792;280
BASE/slaughter;REKKURA_BACKWARD_PROVER_OSTD;1.0.0;false;Test process timed out after 240 seconds;0;0;0
BASE/skirmishHoles;REKKURA_BACKWARD_PROVER_OSTD;1.0.0;true;;30036;684;6
BASE/sudoku;REKKURA_BACKWARD_PROVER_OSTD;1.0.0;false;Test process timed out after 240 seconds;0;0;0
BASE/lightsOn;REKKURA_BACKWARD_PROVER_OSTD;1.0.0;true;;30000;128311;10166
DRESDEN/pancakes6;REKKURA_BACKWARD_PROVER_OSTD;1.0.0;true;;30000;29191;733
BASE/pacman2p;REKKURA_BACKWARD_PROVER_OSTD;1.0.0;true;;30009;1493;31
BASE/doubletoetictac;REKKURA_BACKWARD_PROVER_OSTD;1.0.0;true;;30000;47490;5682
BASE/untwistycomplex2;REKKURA_BACKWARD_PROVER_OSTD;1.0.0;true;;30000;153166;21880
STANFORD/freeforall;REKKURA_BACKWARD_PROVER_OSTD;1.0.0;true;;30001;10417;347
STANFORD/knightstourmedium;REKKURA_BACKWARD_PROVER_OSTD;1.0.0;true;;30000;43006;10804
DRESDEN/capture_the_king;REKKURA_BACKWARD_PROVER_OSTD;1.0.0;true;;30022;935;15
BASE/minichess-evilconjuncts;REKKURA_BACKWARD_PROVER_OSTD;1.0.0;true;;30002;5228;592
DRESDEN/mummymaze2p;REKKURA_BACKWARD_PROVER_OSTD;1.0.0;true;;30025;956;19
BASE/kalaha6x2x4;REKKURA_BACKWARD_PROVER_OSTD;1.0.0;true;;30004;5906;31
BASE/biddingTicTacToe_10coins;REKKURA_BACKWARD_PROVER_OSTD;1.0.0;true;;30001;13833;937
DRESDEN/racer;REKKURA_BACKWARD_PROVER_OSTD;1.0.0;true;;30060;370;27
BASE/ticTacToeNoVars;REKKURA_BACKWARD_PROVER_OSTD;1.0.0;true;;30000;53385;6983
BASE/factoringMediumTurtleBrain;REKKURA_BACKWARD_PROVER_OSTD;1.0.0;true;;30000;30478;362
DRESDEN/vacuumcleaner_obstacles_1;REKKURA_BACKWARD_PROVER_OSTD;1.0.0;true;;30083;299;52
STANFORD/hunter;REKKURA_BACKWARD_PROVER_OSTD;1.0.0;true;;30000;52244;3731
STANFORD/duikoshi;REKKURA_BACKWARD_PROVER_OSTD;1.0.0;true;;30000;32090;2402
DRESDEN/cube_2x2x2;REKKURA_BACKWARD_PROVER_OSTD;1.0.0;true;;30000;30332;2530
BASE/connectFourSuicide;REKKURA_BACKWARD_PROVER_OSTD;1.0.0;true;;30001;15039;688
DRESDEN/oisters_farm;REKKURA_BACKWARD_PROVER_OSTD;1.0.0;true;;30000;67421;1375
BASE/chickentictactoe;REKKURA_BACKWARD_PROVER_OSTD;1.0.0;true;;30000;71101;10010
STANFORD/tictactoe7;REKKURA_BACKWARD_PROVER_OSTD;1.0.0;true;;30000;69125;12470
BASE/breakthrough;REKKURA_BACKWARD_PROVER_OSTD;1.0.0;true;;30014;1242;20
BASE/crissrace;REKKURA_BACKWARD_PROVER_OSTD;1.0.0;true;;30000;8334;186
BASE/gt_ultimatum;REKKURA_BACKWARD_PROVER_OSTD;1.0.0;true;;30002;7413;370
BASE/tron_10x10;REKKURA_BACKWARD_PROVER_OSTD;1.0.0;true;;30000;28521;9542
BASE/duplicateStateMedium;REKKURA_BACKWARD_PROVER_OSTD;1.0.0;true;;30000;51613;5734
DRESDEN/merrills;REKKURA_BACKWARD_PROVER_OSTD;1.0.0;true;;220611;0;0
BASE/stateSpaceMedium;REKKURA_BACKWARD_PROVER_OSTD;1.0.0;true;;30000;133672;14852
BASE/gt_prisoner;REKKURA_BACKWARD_PROVER_OSTD;1.0.0;true;;30001;12882;644
DRESDEN/javastrike;REKKURA_BACKWARD_PROVER_OSTD;1.0.0;true;;30003;6336;13
DRESDEN/Runners;REKKURA_BACKWARD_PROVER_OSTD;1.0.0;true;;30000;28940;590
DRESDEN/uf20-010.cnf.SAT.satlike;REKKURA_BACKWARD_PROVER_OSTD;1.0.0;true;;30018;1000;50
BASE/checkers-cylinder-mustjump;REKKURA_BACKWARD_PROVER_OSTD;1.0.0;true;;30036;245;5
DRESDEN/vacuumcleaner_obstacles_2;REKKURA_BACKWARD_PROVER_OSTD;1.0.0;true;;30006;309;58
BASE/blockerParallel;REKKURA_BACKWARD_PROVER_OSTD;1.0.0;true;;30000;15903;2280
DRESDEN/sat_test_20v_91c;REKKURA_BACKWARD_PROVER_OSTD;1.0.0;true;;30000;11386;569
BASE/pacman3p;REKKURA_BACKWARD_PROVER_OSTD;1.0.0;true;;30010;1480;28
DRESDEN/chinesecheckers6;REKKURA_BACKWARD_PROVER_OSTD;1.0.0;true;;30000;3870;65
BASE/4pffa;REKKURA_BACKWARD_PROVER_OSTD;1.0.0;true;;30001;9969;249
DRESDEN/racer4;REKKURA_BACKWARD_PROVER_OSTD;1.0.0;true;;30078;329;12
BASE/pearls;REKKURA_BACKWARD_PROVER_OSTD;1.0.0;true;;30000;258890;23535
DRESDEN/pancakes88;REKKURA_BACKWARD_PROVER_OSTD;1.0.0;true;;30000;25356;634
DRESDEN/tictactoeparallel;REKKURA_BACKWARD_PROVER_OSTD;1.0.0;true;;30000;30252;4385
DRESDEN/statespacelarge;REKKURA_BACKWARD_PROVER_OSTD;1.0.0;true;;30000;84721;6051
BASE/knightwar;REKKURA_BACKWARD_PROVER_OSTD;1.0.0;true;;30004;3862;449
BASE/maze;REKKURA_BACKWARD_PROVER_OSTD;1.0.0;true;;30000;142295;16201
DRESDEN/mummymaze2p-comp2007;REKKURA_BACKWARD_PROVER_OSTD;1.0.0;true;;30006;2441;51
DRESDEN/kitten_escapes_from_fire;REKKURA_BACKWARD_PROVER_OSTD;1.0.0;true;;30001;14572;1742
DRESDEN/checkers;REKKURA_BACKWARD_PROVER_OSTD;1.0.0;true;;30287;59;0
DRESDEN/babel;REKKURA_BACKWARD_PROVER_OSTD;1.0.0;true;;30001;2120;106
BASE/cittaceot;REKKURA_BACKWARD_PROVER_OSTD;1.0.0;true;;30003;7143;329
BASE/snake_2009;REKKURA_BACKWARD_PROVER_OSTD;1.0.0;true;;30000;11901;756
DRESDEN/quarto;REKKURA_BACKWARD_PROVER_OSTD;1.0.0;true;;30026;520;21
BASE/factoringEasyTurtleBrain;REKKURA_BACKWARD_PROVER_OSTD;1.0.0;true;;30000;62313;1038
BASE/ticTacToeLarge;REKKURA_BACKWARD_PROVER_OSTD;1.0.0;true;;30000;39614;1668
BASE/choicethroughalt;REKKURA_BACKWARD_PROVER_OSTD;1.0.0;true;;30006;2088;55
DRESDEN/battlesnakes1509;REKKURA_BACKWARD_PROVER_OSTD;1.0.0;true;;30001;17265;399
DRESDEN/mummymaze1p;REKKURA_BACKWARD_PROVER_OSTD;1.0.0;false;Test process timed out after 240 seconds;0;0;0
BASE/nim1;REKKURA_BACKWARD_PROVER_OSTD;1.0.0;true;;30000;32478;4746
BASE/3pttc;REKKURA_BACKWARD_PROVER_OSTD;1.0.0;true;;30006;3045;104
STANFORD/selectivesukoshi;REKKURA_BACKWARD_PROVER_OSTD;1.0.0;true;;30002;9242;319
BASE/bunk_t;REKKURA_BACKWARD_PROVER_OSTD;1.0.0;true;;30000;47444;5703
DRESDEN/pawntoqueen;REKKURA_BACKWARD_PROVER_OSTD;1.0.0;true;;30162;98;8
DRESDEN/queens;REKKURA_BACKWARD_PROVER_OSTD;1.0.0;false;IllegalArgumentException: too many occurrences: 2147484126;0;0;0
BASE/wargame01;REKKURA_BACKWARD_PROVER_OSTD;1.0.0;true;;30006;101;6
DRESDEN/vacuumcleaner_random;REKKURA_BACKWARD_PROVER_OSTD;1.0.0;true;;30123;248;42
BASE/quartoSuicide;REKKURA_BACKWARD_PROVER_OSTD;1.0.0;true;;30029;355;15
BASE/2pttc;REKKURA_BACKWARD_PROVER_OSTD;1.0.0;true;;30005;4936;182
BASE/lightsOnParallel;REKKURA_BACKWARD_PROVER_OSTD;1.0.0;true;;30000;62601;3161
BASE/amazonsSuicide_10x10;REKKURA_BACKWARD_PROVER_OSTD;1.0.0;true;;30038;494;3
BASE/checkersSmall;REKKURA_BACKWARD_PROVER_OSTD;1.0.0;true;;30002;1835;21
BASE/skirmishZeroSum;REKKURA_BACKWARD_PROVER_OSTD;1.0.0;true;;30057;438;4
BASE/kalaha_2009;REKKURA_BACKWARD_PROVER_OSTD;1.0.0;true;;30060;409;4
DRESDEN/brain_teaser_extended;REKKURA_BACKWARD_PROVER_OSTD;1.0.0;true;;30000;81886;5459
BASE/factoringGeorgeForman;REKKURA_BACKWARD_PROVER_OSTD;1.0.0;true;;30000;131947;2782
BASE/knightazons;REKKURA_BACKWARD_PROVER_OSTD;1.0.0;true;;30007;818;12
DRESDEN/backgammon;REKKURA_BACKWARD_PROVER_OSTD;1.0.0;true;;30001;7101;37
STANFORD/pentago;REKKURA_BACKWARD_PROVER_OSTD;1.0.0;true;;30001;6066;112
STANFORD/untwistycomplex;REKKURA_BACKWARD_PROVER_OSTD;1.0.0;true;;30000;74547;8283
BASE/pawnWhopping;REKKURA_BACKWARD_PROVER_OSTD;1.0.0;true;;30000;27064;790
STANFORD/breakthrough;REKKURA_BACKWARD_PROVER_OSTD;1.0.0;true;;30001;19770;307
DRESDEN/crisscross;REKKURA_BACKWARD_PROVER_OSTD;1.0.0;true;;30000;20135;777
BASE/quad;REKKURA_BACKWARD_PROVER_OSTD;1.0.0;true;;30001;4220;92
DRESDEN/catcha_mouse;REKKURA_BACKWARD_PROVER_OSTD;1.0.0;true;;30000;28889;2165
DRESDEN/hanoi;REKKURA_BACKWARD_PROVER_OSTD;1.0.0;true;;30000;38202;1232
DRESDEN/bomberman2p;REKKURA_BACKWARD_PROVER_OSTD;1.0.0;true;;30001;3003;385
DRESDEN/chinesecheckers4;REKKURA_BACKWARD_PROVER_OSTD;1.0.0;true;;30004;5040;87
DRESDEN/knightfight;REKKURA_BACKWARD_PROVER_OSTD;1.0.0;true;;30008;1071;95
DRESDEN/othello-cornercontrol;REKKURA_BACKWARD_PROVER_OSTD;1.0.0;true;;38284;4;0
STANFORD/bestbuttonsandlightsbig;REKKURA_BACKWARD_PROVER_OSTD;1.0.0;true;;30000;86939;14489
DRESDEN/CephalopodMicro;REKKURA_BACKWARD_PROVER_OSTD;1.0.0;true;;30003;1935;45
BASE/hallway;REKKURA_BACKWARD_PROVER_OSTD;1.0.0;true;;30003;6154;205
BASE/tictactoe-init1;REKKURA_BACKWARD_PROVER_OSTD;1.0.0;true;;30000;77276;22039
BASE/max_knights;REKKURA_BACKWARD_PROVER_OSTD;1.0.0;true;;30145;131;27
BASE/breakthroughHoles;REKKURA_BACKWARD_PROVER_OSTD;1.0.0;true;;30001;2735;44
BASE/factoringImpossibleTurtleBrain;REKKURA_BACKWARD_PROVER_OSTD;1.0.0;true;;30081;238;2
BASE/nim3;REKKURA_BACKWARD_PROVER_OSTD;1.0.0;true;;30000;33341;2497
BASE/ruleDepthLinear;REKKURA_BACKWARD_PROVER_OSTD;1.0.0;true;;30000;40667;20458
STANFORD/hex;REKKURA_BACKWARD_PROVER_OSTD;1.0.0;true;;30011;2286;33
BASE/breakthroughSmall;REKKURA_BACKWARD_PROVER_OSTD;1.0.0;true;;30001;8317;291
BASE/snake_2009_big;REKKURA_BACKWARD_PROVER_OSTD;1.0.0;true;;30000;9740;566
STANFORD/tictactoe3;REKKURA_BACKWARD_PROVER_OSTD;1.0.0;true;;30000;62125;23311
BASE/sheepAndWolf;REKKURA_BACKWARD_PROVER_OSTD;1.0.0;true;;30003;2449;57
BASE/wargame03;REKKURA_BACKWARD_PROVER_OSTD;1.0.0;true;;30018;74;11
BASE/checkers-mustjump;REKKURA_BACKWARD_PROVER_OSTD;1.0.0;true;;30060;291;6
DRESDEN/chinesecheckers3;REKKURA_BACKWARD_PROVER_OSTD;1.0.0;true;;30001;8468;156
DRESDEN/catch_me;REKKURA_BACKWARD_PROVER_OSTD;1.0.0;true;;30000;60933;1773
BASE/connectFourLarger;REKKURA_BACKWARD_PROVER_OSTD;1.0.0;true;;30003;2839;91
BASE/numbertictactoe;REKKURA_BACKWARD_PROVER_OSTD;1.0.0;true;;30000;48795;6078
DRESDEN/bidding-tictactoe;REKKURA_BACKWARD_PROVER_OSTD;1.0.0;true;;30000;30734;2097
BASE/ticblock;REKKURA_BACKWARD_PROVER_OSTD;1.0.0;true;;30000;36669;2223
BASE/cephalopodMicro;REKKURA_BACKWARD_PROVER_OSTD;1.0.0;true;;30013;1737;38
DRESDEN/chinesecheckers2;REKKURA_BACKWARD_PROVER_OSTD;1.0.0;true;;30003;7736;203
BASE/tictactoe_3d_6player;REKKURA_BACKWARD_PROVER_OSTD;1.0.0;true;;30009;3045;29
BASE/nim2;REKKURA_BACKWARD_PROVER_OSTD;1.0.0;true;;30000;33999;3841
BASE/kalaha5x2x3;REKKURA_BACKWARD_PROVER_OSTD;1.0.0;true;;30001;9999;104
DRESDEN/quad_5x5_8_2;REKKURA_BACKWARD_PROVER_OSTD;1.0.0;true;;30001;5180;283
BASE/quad_5x5;REKKURA_BACKWARD_PROVER_OSTD;1.0.0;true;;30011;4928;340
BASE/brawl;REKKURA_BACKWARD_PROVER_OSTD;1.0.0;true;;30022;829;82
DRESDEN/blocks;REKKURA_BACKWARD_PROVER_OSTD;1.0.0;true;;30000;152898;50966
BASE/hanoi_6_disks;REKKURA_BACKWARD_PROVER_OSTD;1.0.0;true;;30001;6913;1992
BASE/wargame02;REKKURA_BACKWARD_PROVER_OSTD;1.0.0;true;;30056;86;30
DRESDEN/towerworld;REKKURA_BACKWARD_PROVER_OSTD;1.0.0;true;;30022;681;1
BASE/checkersBarrelNoKings;REKKURA_BACKWARD_PROVER_OSTD;1.0.0;true;;30006;1904;28
BASE/ruleDepthExponential;REKKURA_BACKWARD_PROVER_OSTD;1.0.0;false;Test process timed out after 240 seconds;0;0;0
BASE/sudokuGrade6E;REKKURA_BACKWARD_PROVER_OSTD;1.0.0;true;;30001;3934;84
DRESDEN/uf20-020.cnf.SAT.satlike;REKKURA_BACKWARD_PROVER_OSTD;1.0.0;true;;30253;1020;51
DRESDEN/3pffa;REKKURA_BACKWARD_PROVER_OSTD;1.0.0;true;;30000;19353;645
DRESDEN/peg_bugfixed;REKKURA_BACKWARD_PROVER_OSTD;1.0.0;true;;30001;17484;718
BASE/double_tictactoe_dengji;REKKURA_BACKWARD_PROVER_OSTD;1.0.0;true;;30000;29960;2099
DRESDEN/knightstour;REKKURA_BACKWARD_PROVER_OSTD;1.0.0;true;;30000;51295;10412
DRESDEN/chinesecheckers6-simultaneous;REKKURA_BACKWARD_PROVER_OSTD;1.0.0;true;;30003;4217;186
BASE/tictactoex9;REKKURA_BACKWARD_PROVER_OSTD;1.0.0;true;;30000;19556;666
BASE/amazons_10x10;REKKURA_BACKWARD_PROVER_OSTD;1.0.0;true;;30046;449;3
STANFORD/checkersonabarrelnokings;REKKURA_BACKWARD_PROVER_OSTD;1.0.0;true;;30006;1952;33
BASE/amazonsTorus;REKKURA_BACKWARD_PROVER_OSTD;1.0.0;true;;54600;1;0
BASE/racetrackcorridor;REKKURA_BACKWARD_PROVER_OSTD;1.0.0;true;;30000;24164;1209
DRESDEN/snake_2008;REKKURA_BACKWARD_PROVER_OSTD;1.0.0;true;;30003;8014;496
STANFORD/threepuzzle;REKKURA_BACKWARD_PROVER_OSTD;1.0.0;true;;30000;84333;14055
DRESDEN/tictactoe_3d_2player;REKKURA_BACKWARD_PROVER_OSTD;1.0.0;true;;30000;3354;95
BASE/chineseCheckers4;REKKURA_BACKWARD_PROVER_OSTD;1.0.0;true;;30001;6734;116
BASE/ttcc4;REKKURA_BACKWARD_PROVER_OSTD;1.0.0;true;;30005;2187;78
DRESDEN/kalaha_2009;REKKURA_BACKWARD_PROVER_OSTD;1.0.0;true;;30010;444;5
DRESDEN/quad_5x5;REKKURA_BACKWARD_PROVER_OSTD;1.0.0;true;;30004;4882;342
BASE/gt_chicken;REKKURA_BACKWARD_PROVER_OSTD;1.0.0;true;;30001;10949;547
BASE/blocker;REKKURA_BACKWARD_PROVER_OSTD;1.0.0;true;;30000;74890;9469
DRESDEN/connect4;REKKURA_BACKWARD_PROVER_OSTD;1.0.0;true;;30000;13735;636
DRESDEN/connectfoursuicide;REKKURA_BACKWARD_PROVER_OSTD;1.0.0;true;;30000;15332;681
BASE/golden_rectangle;REKKURA_BACKWARD_PROVER_OSTD;1.0.0;true;;30000;12083;409
DRESDEN/mimikry;REKKURA_BACKWARD_PROVER_OSTD;1.0.0;true;;30001;19621;818
DRESDEN/battlesnakes2011;REKKURA_BACKWARD_PROVER_OSTD;1.0.0;true;;30000;17587;521
BASE/colonelBlottoVariant;REKKURA_BACKWARD_PROVER_OSTD;1.0.0;true;;30028;929;92
BASE/sudokuGrade1;REKKURA_BACKWARD_PROVER_OSTD;1.0.0;true;;30005;4532;127
BASE/gt_two_thirds_2p;REKKURA_BACKWARD_PROVER_OSTD;1.0.0;true;;30412;52;52
BASE/knightThrough;REKKURA_BACKWARD_PROVER_OSTD;1.0.0;true;;30020;1105;30
BASE/gt_centipede;REKKURA_BACKWARD_PROVER_OSTD;1.0.0;true;;30000;49708;24806
BASE/gt_dollar;REKKURA_BACKWARD_PROVER_OSTD;1.0.0;true;;30000;65346;32688
DRESDEN/tpeg;REKKURA_BACKWARD_PROVER_OSTD;1.0.0;true;;30000;17293;1423
BASE/tictactoe_3player;REKKURA_BACKWARD_PROVER_OSTD;1.0.0;true;;30000;24758;1224
BASE/chineseCheckers3;REKKURA_BACKWARD_PROVER_OSTD;1.0.0;true;;30000;8048;148
DRESDEN/CatchMeIfYouCanTest;REKKURA_BACKWARD_PROVER_OSTD;1.0.0;true;;30000;58926;1760
BASE/withConviction;REKKURA_BACKWARD_PROVER_OSTD;1.0.0;true;;30000;36081;1443
BASE/chineseCheckers6;REKKURA_BACKWARD_PROVER_OSTD;1.0.0;true;;30005;5439;90
BASE/checkersTorusNoKings;REKKURA_BACKWARD_PROVER_OSTD;1.0.0;true;;30007;1856;29
DRESDEN/connect5;REKKURA_BACKWARD_PROVER_OSTD;1.0.0;true;;30019;489;11
BASE/gt_staghunt;REKKURA_BACKWARD_PROVER_OSTD;1.0.0;true;;30000;12799;639
BASE/futoshiki5;REKKURA_BACKWARD_PROVER_OSTD;1.0.0;true;;30001;18876;1370
DRESDEN/gt_ultimatum;REKKURA_BACKWARD_PROVER_OSTD;1.0.0;true;;30001;8044;402
BASE/firefighter;REKKURA_BACKWARD_PROVER_OSTD;1.0.0;true;;30000;64227;1468
BASE/peg;REKKURA_BACKWARD_PROVER_OSTD;1.0.0;true;;30002;6838;279
BASE/merrills;REKKURA_BACKWARD_PROVER_OSTD;1.0.0;true;;174234;0;0
STANFORD/rainbow;REKKURA_BACKWARD_PROVER_OSTD;1.0.0;true;;30000;133326;22221
DRESDEN/hanoi7;REKKURA_BACKWARD_PROVER_OSTD;1.0.0;true;;30002;3393;26
DRESDEN/circlesolitaire;REKKURA_BACKWARD_PROVER_OSTD;1.0.0;true;;30000;95053;9265
BASE/othelloHoles;REKKURA_BACKWARD_PROVER_OSTD;1.0.0;true;;30013;559;9
STANFORD/multiplebuttonsandlights_9;REKKURA_BACKWARD_PROVER_OSTD;1.0.0;true;;30000;114205;19034
BASE/tictactoe_3d_small_2player;REKKURA_BACKWARD_PROVER_OSTD;1.0.0;true;;30001;19879;1600
BASE/sudokuGrade2;REKKURA_BACKWARD_PROVER_OSTD;1.0.0;true;;30002;4317;114
DRESDEN/lightsout2;REKKURA_BACKWARD_PROVER_OSTD;1.0.0;true;;30000;66653;3332
BASE/chinook;REKKURA_BACKWARD_PROVER_OSTD;1.0.0;true;;30011;1996;69
BASE/checkers;REKKURA_BACKWARD_PROVER_OSTD;1.0.0;true;;30008;1247;12
BASE/blobwars;REKKURA_BACKWARD_PROVER_OSTD;1.0.0;true;;30038;325;8
STANFORD/dualrainbow;REKKURA_BACKWARD_PROVER_OSTD;1.0.0;true;;30000;86188;14364
BASE/wallmaze;REKKURA_BACKWARD_PROVER_OSTD;1.0.0;true;;30000;16367;564
BASE/gt_coordination;REKKURA_BACKWARD_PROVER_OSTD;1.0.0;true;;30000;18908;945
BASE/chickentoetictac;REKKURA_BACKWARD_PROVER_OSTD;1.0.0;true;;30000;88384;12439
DRESDEN/minichess;REKKURA_BACKWARD_PROVER_OSTD;1.0.0;true;;30004;5190;587
STANFORD/sudoku;REKKURA_BACKWARD_PROVER_OSTD;1.0.0;true;;30004;4453;108
BASE/blocksWorldParallel;REKKURA_BACKWARD_PROVER_OSTD;1.0.0;true;;30000;43301;14433
STANFORD/knightstourbig;REKKURA_BACKWARD_PROVER_OSTD;1.0.0;true;;30000;10189;1794
BASE/futoshiki4;REKKURA_BACKWARD_PROVER_OSTD;1.0.0;true;;30000;33066;3580
DRESDEN/guess;REKKURA_BACKWARD_PROVER_OSTD;1.0.0;true;;30000;5654;643
DRESDEN/Goldrush;REKKURA_BACKWARD_PROVER_OSTD;1.0.0;true;;30000;12900;1724
BASE/connectFourSimultaneous;REKKURA_BACKWARD_PROVER_OSTD;1.0.0;true;;30003;11476;647
DRESDEN/sat_test_20v_91c_visualisation;REKKURA_BACKWARD_PROVER_OSTD;1.0.0;true;;30001;8906;445
BASE/checkers-suicide-cylinder-mustjump;REKKURA_BACKWARD_PROVER_OSTD;1.0.0;true;;30036;241;5
BASE/englishDraughts;REKKURA_BACKWARD_PROVER_OSTD;1.0.0;true;;30002;6567;89
BASE/sudokuGrade3;REKKURA_BACKWARD_PROVER_OSTD;1.0.0;true;;30005;4523;116
BASE/checkLines;REKKURA_BACKWARD_PROVER_OSTD;1.0.0;true;;30000;7460;485
BASE/breakthroughSmallHoles;REKKURA_BACKWARD_PROVER_OSTD;1.0.0;true;;30000;33085;1273
BASE/biddingTicTacToe;REKKURA_BACKWARD_PROVER_OSTD;1.0.0;true;;30000;28903;1971
DRESDEN/coins;REKKURA_BACKWARD_PROVER_OSTD;1.0.0;true;;30000;32381;12964
DRESDEN/snake_2009;REKKURA_BACKWARD_PROVER_OSTD;1.0.0;true;;30001;11640;730
DRESDEN/checkers-mustjump-torus;REKKURA_BACKWARD_PROVER_OSTD;1.0.0;true;;30263;26;0
STANFORD/multiplebuttonsandlights;REKKURA_BACKWARD_PROVER_OSTD;1.0.0;true;;30000;118308;19718
BASE/blokbox_simple;REKKURA_BACKWARD_PROVER_OSTD;1.0.0;true;;30244;138;5
BASE/gt_tinfoil;REKKURA_BACKWARD_PROVER_OSTD;1.0.0;true;;30001;2706;270
DRESDEN/statespacesmall;REKKURA_BACKWARD_PROVER_OSTD;1.0.0;true;;30000;218288;54572
DRESDEN/slidingpieces;REKKURA_BACKWARD_PROVER_OSTD;1.0.0;true;;30000;19005;234
DRESDEN/pacman3p;REKKURA_BACKWARD_PROVER_OSTD;1.0.0;true;;30014;1509;34
DRESDEN/buttons;REKKURA_BACKWARD_PROVER_OSTD;1.0.0;true;;30000;182111;30351
BASE/simultaneousWin2;REKKURA_BACKWARD_PROVER_OSTD;1.0.0;true;;30001;24080;396
BASE/sudokuGrade4;REKKURA_BACKWARD_PROVER_OSTD;1.0.0;true;;30004;4551;116
BASE/racer;REKKURA_BACKWARD_PROVER_OSTD;1.0.0;true;;30024;398;29
BASE/snake2p;REKKURA_BACKWARD_PROVER_OSTD;1.0.0;true;;30000;33127;24903
DRESDEN/SC_TestOnly_enabled;REKKURA_BACKWARD_PROVER_OSTD;1.0.0;true;;30000;50314;5590
STANFORD/connectfour;REKKURA_BACKWARD_PROVER_OSTD;1.0.0;true;;30002;16042;715
STANFORD/dualhunter;REKKURA_BACKWARD_PROVER_OSTD;1.0.0;true;;30000;36148;2582
BASE/ticTacToeLargeSuicide;REKKURA_BACKWARD_PROVER_OSTD;1.0.0;true;;30000;40552;1714
BASE/pancakes;REKKURA_BACKWARD_PROVER_OSTD;1.0.0;true;;30001;17634;443
DRESDEN/eotcatcit;REKKURA_BACKWARD_PROVER_OSTD;1.0.0;true;;30000;83429;10942
BASE/amazons_8x8;REKKURA_BACKWARD_PROVER_OSTD;1.0.0;true;;30001;1104;12
DRESDEN/point_grab;REKKURA_BACKWARD_PROVER_OSTD;1.0.0;true;;30000;103358;3445
DRESDEN/ggp-course2013_jordi;REKKURA_BACKWARD_PROVER_OSTD;1.0.0;true;;30000;7070;220
DRESDEN/uf20-020.cnf.SAT;REKKURA_BACKWARD_PROVER_OSTD;1.0.0;true;;30000;10385;519
DRESDEN/lightsout;REKKURA_BACKWARD_PROVER_OSTD;1.0.0;true;;30000;60864;3043
BASE/gt_two_thirds_4p;REKKURA_BACKWARD_PROVER_OSTD;1.0.0;false;Test process timed out after 240 seconds;0;0;0
BASE/sudokuGrade5;REKKURA_BACKWARD_PROVER_OSTD;1.0.0;true;;30000;4434;115
BASE/doubletictactoe;REKKURA_BACKWARD_PROVER_OSTD;1.0.0;true;;30000;46707;5598
DRESDEN/hitori;REKKURA_BACKWARD_PROVER_OSTD;1.0.0;true;;30262;25;0
BASE/four_way_battle;REKKURA_BACKWARD_PROVER_OSTD;1.0.0;true;;30170;125;4
DRESDEN/roshambo2;REKKURA_BACKWARD_PROVER_OSTD;1.0.0;true;;30000;132696;15601
BASE/tictactoe_orthogonal;REKKURA_BACKWARD_PROVER_OSTD;1.0.0;true;;30000;107746;13434
BASE/colonelBlotto;REKKURA_BACKWARD_PROVER_OSTD;1.0.0;true;;30263;111;22
DRESDEN/god;REKKURA_BACKWARD_PROVER_OSTD;1.0.0;true;;30015;920;42
DRESDEN/sum15;REKKURA_BACKWARD_PROVER_OSTD;1.0.0;true;;30000;115499;15146
BASE/ticTacToeSerial;REKKURA_BACKWARD_PROVER_OSTD;1.0.0;true;;30000;29252;1914
DRESDEN/hanoi7_bugfix;REKKURA_BACKWARD_PROVER_OSTD;1.0.0;true;;30006;3432;27
BASE/twisty-passages;REKKURA_BACKWARD_PROVER_OSTD;1.0.0;true;;30004;952;4
DRESDEN/uf20-010.cnf.SAT;REKKURA_BACKWARD_PROVER_OSTD;1.0.0;true;;30001;10771;538
DRESDEN/sheep_and_wolf;REKKURA_BACKWARD_PROVER_OSTD;1.0.0;true;;30000;14533;350
BASE/chomp;REKKURA_BACKWARD_PROVER_OSTD;1.0.0;true;;30000;44122;6214
DRESDEN/2player_normal_form_2010;REKKURA_BACKWARD_PROVER_OSTD;1.0.0;true;;30000;141094;141094
BASE/chineseCheckers2;REKKURA_BACKWARD_PROVER_OSTD;1.0.0;true;;30001;11610;305
STANFORD/multiplesukoshi;REKKURA_BACKWARD_PROVER_OSTD;1.0.0;true;;30000;9170;199
BASE/pentago;REKKURA_BACKWARD_PROVER_OSTD;1.0.0;true;;30001;5788;107
BASE/mummyMaze2p_2007;REKKURA_BACKWARD_PROVER_OSTD;1.0.0;true;;30005;2391;49
BASE/haystack;REKKURA_BACKWARD_PROVER_OSTD;1.0.0;true;;30000;352642;117959
BASE/crossers3;REKKURA_BACKWARD_PROVER_OSTD;1.0.0;true;;30022;967;73
DRESDEN/smallest_4player;REKKURA_BACKWARD_PROVER_OSTD;1.0.0;true;;30001;18001;764
STANFORD/bestbuttonsandlights;REKKURA_BACKWARD_PROVER_OSTD;1.0.0;true;;30000;109056;18176
BASE/eightPuzzle;REKKURA_BACKWARD_PROVER_OSTD;1.0.0;true;;30000;44552;742
DRESDEN/latenttictactoe;REKKURA_BACKWARD_PROVER_OSTD;1.0.0;true;;30000;45666;4352
STANFORD/nineboardtictactoe;REKKURA_BACKWARD_PROVER_OSTD;1.0.0;true;;30001;15382;529
DRESDEN/pawn_whopping;REKKURA_BACKWARD_PROVER_OSTD;1.0.0;true;;30000;27298;739
DRESDEN/skirmish2;REKKURA_BACKWARD_PROVER_OSTD;1.0.0;true;;30046;932;23
DRESDEN/3qbf-5cnf-20var-40cl.1.qdimacs.viz.SAT;REKKURA_BACKWARD_PROVER_OSTD;1.0.0;true;;30000;11320;194
BASE/laikLee_hex;REKKURA_BACKWARD_PROVER_OSTD;1.0.0;false;Test process timed out after 240 seconds;0;0;0
DRESDEN/Travelers-Dilemma;REKKURA_BACKWARD_PROVER_OSTD;1.0.0;true;;30032;596;59
BASE/quad_7x7;REKKURA_BACKWARD_PROVER_OSTD;1.0.0;true;;30000;14289;470
DRESDEN/blockerparallel;REKKURA_BACKWARD_PROVER_OSTD;1.0.0;true;;30001;16124;2301
BASE/knightsTour;REKKURA_BACKWARD_PROVER_OSTD;1.0.0;true;;30000;34492;7081
DRESDEN/blocks2player;REKKURA_BACKWARD_PROVER_OSTD;1.0.0;true;;30000;107251;5958
BASE/chineseCheckers1;REKKURA_BACKWARD_PROVER_OSTD;1.0.0;true;;30000;19393;686
BASE/knightfight;REKKURA_BACKWARD_PROVER_OSTD;1.0.0;true;;30020;1078;100
DRESDEN/vacuumcleaner_random_big;REKKURA_BACKWARD_PROVER_OSTD;1.0.0;true;;30104;47;9
BASE/asteroidsParallel;REKKURA_BACKWARD_PROVER_OSTD;1.0.0;true;;30000;18048;407
BASE/qyshinsu;REKKURA_BACKWARD_PROVER_OSTD;1.0.0;true;;30002;4762;203
BASE/hanoi;REKKURA_BACKWARD_PROVER_OSTD;1.0.0;true;;30000;38242;1233
BASE/aipsrovers01;REKKURA_BACKWARD_PROVER_OSTD;1.0.0;true;;30001;25306;874
BASE/snakeParallel;REKKURA_BACKWARD_PROVER_OSTD;1.0.0;true;;30000;67565;14649
DRESDEN/checkers-cylinder-mustjump;REKKURA_BACKWARD_PROVER_OSTD;1.0.0;true;;30715;27;0
DRESDEN/quad_7x7;REKKURA_BACKWARD_PROVER_OSTD;1.0.0;true;;30000;15090;494
BASE/asteroids;REKKURA_BACKWARD_PROVER_OSTD;1.0.0;true;;30000;29339;629
BASE/crisscross;REKKURA_BACKWARD_PROVER_OSTD;1.0.0;true;;30001;18800;727
BASE/skirmishFinal3;REKKURA_BACKWARD_PROVER_OSTD;1.0.0;true;;30040;671;11
DRESDEN/pawn_whopping_simultaneous;REKKURA_BACKWARD_PROVER_OSTD;1.0.0;true;;30000;18406;1011
DRESDEN/knightwar;REKKURA_BACKWARD_PROVER_OSTD;1.0.0;true;;30000;12873;1502
BASE/onestep;REKKURA_BACKWARD_PROVER_OSTD;1.0.0;true;;30000;354065;354065
BASE/queens;REKKURA_BACKWARD_PROVER_OSTD;1.0.0;false;IllegalArgumentException: too many occurrences: 2147484126;0;0;0
DRESDEN/small_dominion;REKKURA_BACKWARD_PROVER_OSTD;1.0.0;true;;30034;475;16
BASE/ad_game_2x2;REKKURA_BACKWARD_PROVER_OSTD;1.0.0;true;;31484;15;8
DRESDEN/gt_prisoner;REKKURA_BACKWARD_PROVER_OSTD;1.0.0;true;;30000;15058;752
BASE/ttcc4_2player_small;REKKURA_BACKWARD_PROVER_OSTD;1.0.0;true;;30002;5377;356
BASE/knightsTourLarge;REKKURA_BACKWARD_PROVER_OSTD;1.0.0;true;;30000;13595;2269
DRESDEN/quartosuicide;REKKURA_BACKWARD_PROVER_OSTD;1.0.0;true;;30072;362;16
BASE/ttcc4_2player_alt;REKKURA_BACKWARD_PROVER_OSTD;1.0.0;true;;30012;2010;53
BASE/connectFourLarge;REKKURA_BACKWARD_PROVER_OSTD;1.0.0;true;;30000;7904;306
DRESDEN/cylinder-checkers;REKKURA_BACKWARD_PROVER_OSTD;1.0.0;true;;30215;50;0
BASE/dotsAndBoxesSuicide;REKKURA_BACKWARD_PROVER_OSTD;1.0.0;true;;30001;18219;303
DRESDEN/blobwars;REKKURA_BACKWARD_PROVER_OSTD;1.0.0;true;;30066;336;8
STANFORD/trifecta;REKKURA_BACKWARD_PROVER_OSTD;1.0.0;true;;30000;73509;9633
BASE/duplicateStateSmall;REKKURA_BACKWARD_PROVER_OSTD;1.0.0;true;;30000;154691;38672
BASE/ticTacHeaven;REKKURA_BACKWARD_PROVER_OSTD;1.0.0;true;;30000;14747;639
DRESDEN/satlike_20v_91c;REKKURA_BACKWARD_PROVER_OSTD;1.0.0;true;;30452;1020;51
BASE/hex;REKKURA_BACKWARD_PROVER_OSTD;1.0.0;true;;30011;2367;33
DRESDEN/Zhadu;REKKURA_BACKWARD_PROVER_OSTD;1.0.0;true;;30017;944;31
STANFORD/chinook;REKKURA_BACKWARD_PROVER_OSTD;1.0.0;true;;30009;1882;47
BASE/alexChess;REKKURA_BACKWARD_PROVER_OSTD;1.0.0;true;;30100;264;1
DRESDEN/tictactoe_3d_small_2player;REKKURA_BACKWARD_PROVER_OSTD;1.0.0;true;;30000;19127;1555
BASE/4pttc;REKKURA_BACKWARD_PROVER_OSTD;1.0.0;true;;30003;1611;50
DRESDEN/connectfour;REKKURA_BACKWARD_PROVER_OSTD;1.0.0;true;;30000;16443;744
STANFORD/3puzzle;REKKURA_BACKWARD_PROVER_OSTD;1.0.0;true;;30000;87110;14518
BASE/ticTacToe;REKKURA_BACKWARD_PROVER_OSTD;1.0.0;true;;30000;73537;9665
DRESDEN/doubletoetictac;REKKURA_BACKWARD_PROVER_OSTD;1.0.0;true;;30000;46768;5601
DRESDEN/four_way_battle;REKKURA_BACKWARD_PROVER_OSTD;1.0.0;true;;30128;124;4
DRESDEN/knightthrough;REKKURA_BACKWARD_PROVER_OSTD;1.0.0;true;;30008;2854;86
BASE/ghostMaze2p;REKKURA_BACKWARD_PROVER_OSTD;1.0.0;true;;30006;3137;64
BASE/knightmove;REKKURA_BACKWARD_PROVER_OSTD;1.0.0;true;;30000;9085;255
DRESDEN/battle;REKKURA_BACKWARD_PROVER_OSTD;1.0.0;true;;30341;76;2
BASE/slidingpieces;REKKURA_BACKWARD_PROVER_OSTD;1.0.0;true;;30001;19467;240
BASE/strangeSkirmish;REKKURA_BACKWARD_PROVER_OSTD;1.0.0;true;;30043;565;5
DRESDEN/checkers-newgoals;REKKURA_BACKWARD_PROVER_OSTD;1.0.0;true;;30076;56;0
BASE/eotcatcit;REKKURA_BACKWARD_PROVER_OSTD;1.0.0;true;;30000;76192;10023
DRESDEN/tttcc4;REKKURA_BACKWARD_PROVER_OSTD;1.0.0;true;;30005;2148;77
BASE/stateSpaceLarge;REKKURA_BACKWARD_PROVER_OSTD;1.0.0;true;;30000;87318;6237
DRESDEN/chickentictactoe;REKKURA_BACKWARD_PROVER_OSTD;1.0.0;true;;30000;75114;10539
STANFORD/jointbuttonsandlights;REKKURA_BACKWARD_PROVER_OSTD;1.0.0;true;;30000;99584;17269
DRESDEN/tictactoe_3d_small_6player;REKKURA_BACKWARD_PROVER_OSTD;1.0.0;true;;30000;15006;416
BASE/brain_teaser_extended;REKKURA_BACKWARD_PROVER_OSTD;1.0.0;true;;30000;77524;5168
BASE/skirmish;REKKURA_BACKWARD_PROVER_OSTD;1.0.0;true;;30026;489;4
BASE/connect5;REKKURA_BACKWARD_PROVER_OSTD;1.0.0;true;;30013;468;10
DRESDEN/minichess-evilconjuncts;REKKURA_BACKWARD_PROVER_OSTD;1.0.0;true;;30003;4833;547
BASE/nineBoardTicTacToePie;REKKURA_BACKWARD_PROVER_OSTD;1.0.0;true;;30001;18183;619
DRESDEN/skirmishfinal;REKKURA_BACKWARD_PROVER_OSTD;1.0.0;true;;30013;623;10
BASE/conn4;REKKURA_BACKWARD_PROVER_OSTD;1.0.0;true;;30000;30647;1443
DRESDEN/tictictoe;REKKURA_BACKWARD_PROVER_OSTD;1.0.0;true;;30000;61423;12207
DRESDEN/snake_2009_big;REKKURA_BACKWARD_PROVER_OSTD;1.0.0;true;;30001;9721;541
BASE/troublemaker02;REKKURA_BACKWARD_PROVER_OSTD;1.0.0;true;;30000;217440;72513
BASE/toetictac;REKKURA_BACKWARD_PROVER_OSTD;1.0.0;true;;30000;107709;14116
BASE/3pffa;REKKURA_BACKWARD_PROVER_OSTD;1.0.0;true;;30000;11413;380
BASE/2pffa;REKKURA_BACKWARD_PROVER_OSTD;1.0.0;true;;30000;12977;432
STANFORD/breakthroughsmall;REKKURA_BACKWARD_PROVER_OSTD;1.0.0;true;;30002;8237;302
DRESDEN/tictactoe_3player;REKKURA_BACKWARD_PROVER_OSTD;1.0.0;true;;30000;24960;1218
DRESDEN/nim4;REKKURA_BACKWARD_PROVER_OSTD;1.0.0;true;;30000;31614;2370
DRESDEN/tictactoe-init1;REKKURA_BACKWARD_PROVER_OSTD;1.0.0;true;;30000;77806;22222
DRESDEN/hallway;REKKURA_BACKWARD_PROVER_OSTD;1.0.0;true;;30000;6453;215
BASE/connect4;REKKURA_BACKWARD_PROVER_OSTD;1.0.0;true;;30000;14045;643
BASE/racer4;REKKURA_BACKWARD_PROVER_OSTD;1.0.0;true;;30052;299;15
BASE/nineBoardTicTacToe;REKKURA_BACKWARD_PROVER_OSTD;1.0.0;true;;30001;15042;520
BASE/futoshiki6;REKKURA_BACKWARD_PROVER_OSTD;1.0.0;true;;30000;12893;640
DRESDEN/Thief_Police;REKKURA_BACKWARD_PROVER_OSTD;1.0.0;true;;30000;57379;1710
BASE/connectFour;REKKURA_BACKWARD_PROVER_OSTD;1.0.0;true;;30000;14517;648
DRESDEN/3qbf-5cnf-20var-40cl.2.qdimacs.SAT;REKKURA_BACKWARD_PROVER_OSTD;1.0.0;true;;30000;11744;200
DRESDEN/crissrace;REKKURA_BACKWARD_PROVER_OSTD;1.0.0;true;;30001;8061;181
DRESDEN/brawl;REKKURA_BACKWARD_PROVER_OSTD;1.0.0;true;;30027;825;82
BASE/troublemaker01;REKKURA_BACKWARD_PROVER_OSTD;1.0.0;true;;30000;247618;82514
STANFORD/madness;REKKURA_BACKWARD_PROVER_OSTD;1.0.0;true;;30162;155;2
BASE/gt_attrition;REKKURA_BACKWARD_PROVER_OSTD;1.0.0;true;;30622;29;5
BASE/breakthroughSuicide;REKKURA_BACKWARD_PROVER_OSTD;1.0.0;true;;30008;3254;49
BASE/pentagoSuicide;REKKURA_BACKWARD_PROVER_OSTD;1.0.0;true;;30000;5823;109
BASE/amazonsTorus_10x10;REKKURA_BACKWARD_PROVER_OSTD;1.0.0;true;;30008;283;1
BASE/endgame;REKKURA_BACKWARD_PROVER_OSTD;1.0.0;true;;30011;1734;123
DRESDEN/double_tictactoe_dengji;REKKURA_BACKWARD_PROVER_OSTD;1.0.0;true;;30000;32042;2239
DRESDEN/racetrackcorridor;REKKURA_BACKWARD_PROVER_OSTD;1.0.0;true;;30000;21298;1191
DRESDEN/breakthrough;REKKURA_BACKWARD_PROVER_OSTD;1.0.0;true;;30005;3000;46
DRESDEN/statespacemedium;REKKURA_BACKWARD_PROVER_OSTD;1.0.0;true;;30000;137405;15267
BASE/speedChess;REKKURA_BACKWARD_PROVER_OSTD;1.0.0;true;;30011;453;3
DRESDEN/cubicup;REKKURA_BACKWARD_PROVER_OSTD;1.0.0;true;;30000;10831;193
DRESDEN/golden_rectangle;REKKURA_BACKWARD_PROVER_OSTD;1.0.0;true;;30001;10328;350
BASE/eotcitcit;REKKURA_BACKWARD_PROVER_OSTD;1.0.0;true;;30000;62789;12495
BASE/skirmishFinal2;REKKURA_BACKWARD_PROVER_OSTD;1.0.0;true;;30035;618;10
STANFORD/knightstour;REKKURA_BACKWARD_PROVER_OSTD;1.0.0;true;;30000;35363;7278
DRESDEN/logistics;REKKURA_BACKWARD_PROVER_OSTD;1.0.0;true;;30000;20985;419
DRESDEN/bidding-tictactoe_10coins;REKKURA_BACKWARD_PROVER_OSTD;1.0.0;true;;30001;14952;1005
DRESDEN/ticblock;REKKURA_BACKWARD_PROVER_OSTD;1.0.0;true;;30000;37999;2307
DRESDEN/breakthroughsuicide;REKKURA_BACKWARD_PROVER_OSTD;1.0.0;true;;30004;3228;50
DRESDEN/Catch-Me-If-You-Can;REKKURA_BACKWARD_PROVER_OSTD;1.0.0;true;;30000;58214;1748
DRESDEN/nim2;REKKURA_BACKWARD_PROVER_OSTD;1.0.0;true;;30000;34155;3866
DRESDEN/battlebrushes;REKKURA_BACKWARD_PROVER_OSTD;1.0.0;true;;31164;10;0
STANFORD/multipletictactoe;REKKURA_BACKWARD_PROVER_OSTD;1.0.0;true;;30001;18887;1051
BASE/blocks;REKKURA_BACKWARD_PROVER_OSTD;1.0.0;true;;30000;155665;51888
BASE/lightsOnSimul4;REKKURA_BACKWARD_PROVER_OSTD;1.0.0;true;;30000;26011;3993
BASE/dotsAndBoxes;REKKURA_BACKWARD_PROVER_OSTD;1.0.0;true;;30000;18510;308
BASE/skirmishFinal1;REKKURA_BACKWARD_PROVER_OSTD;1.0.0;true;;30042;550;9
DRESDEN/3pttc;REKKURA_BACKWARD_PROVER_OSTD;1.0.0;true;;30000;18933;645
BASE/kitten_escapes_from_fire;REKKURA_BACKWARD_PROVER_OSTD;1.0.0;true;;30000;14577;1755
BASE/amazons;REKKURA_BACKWARD_PROVER_OSTD;1.0.0;true;;35856;2;0
BASE/pegEuro;REKKURA_BACKWARD_PROVER_OSTD;1.0.0;true;;30000;7183;277
DRESDEN/max_knights;REKKURA_BACKWARD_PROVER_OSTD;1.0.0;true;;30004;127;25
DRESDEN/smallest;REKKURA_BACKWARD_PROVER_OSTD;1.0.0;true;;30000;14506;607
DRESDEN/quad;REKKURA_BACKWARD_PROVER_OSTD;1.0.0;true;;30004;4573;101
BASE/bomberman2p;REKKURA_BACKWARD_PROVER_OSTD;1.0.0;true;;30008;3078;394
DRESDEN/knightazons;REKKURA_BACKWARD_PROVER_OSTD;1.0.0;true;;30005;857;13
BASE/switches;REKKURA_BACKWARD_PROVER_OSTD;1.0.0;true;;30000;147225;147225
BASE/skirmishNew;REKKURA_BACKWARD_PROVER_OSTD;1.0.0;true;;30007;473;4
BASE/zhadu;REKKURA_BACKWARD_PROVER_OSTD;1.0.0;true;;30028;905;23
STANFORD/untwistycorridor;REKKURA_BACKWARD_PROVER_OSTD;1.0.0;true;;30000;158159;22594
DRESDEN/nim3;REKKURA_BACKWARD_PROVER_OSTD;1.0.0;true;;30000;32553;2459
STANFORD/duidoku;REKKURA_BACKWARD_PROVER_OSTD;1.0.0;true;;30003;3839;93
BASE/cubicup;REKKURA_BACKWARD_PROVER_OSTD;1.0.0;true;;30000;10855;193
DRESDEN/tictactoe_3d_6player;REKKURA_BACKWARD_PROVER_OSTD;1.0.0;true;;30016;3047;30
DRESDEN/chinesecheckers1;REKKURA_BACKWARD_PROVER_OSTD;1.0.0;true;;30000;15131;539
BASE/minichess;REKKURA_BACKWARD_PROVER_OSTD;1.0.0;true;;30002;6085;2028
DRESDEN/3qbf-5cnf-20var-40cl.0.qdimacs;REKKURA_BACKWARD_PROVER_OSTD;1.0.0;true;;30001;14284;242
DRESDEN/doubletictactoe;REKKURA_BACKWARD_PROVER_OSTD;1.0.0;true;;30000;46404;5563
DRESDEN/checkers-mustjump;REKKURA_BACKWARD_PROVER_OSTD;1.0.0;true;;31068;27;0
BASE/checkersTiny;REKKURA_BACKWARD_PROVER_OSTD;1.0.0;true;;30008;3163;55
DRESDEN/tictactoelargesuicide;REKKURA_BACKWARD_PROVER_OSTD;1.0.0;true;;30000;46290;1959
DRESDEN/checkers-suicide-cylinder-mustjump;REKKURA_BACKWARD_PROVER_OSTD;1.0.0;true;;30010;27;0
STANFORD/sukoshi;REKKURA_BACKWARD_PROVER_OSTD;1.0.0;true;;30000;60348;11106
BASE/ticTacHeavenFC;REKKURA_BACKWARD_PROVER_OSTD;1.0.0;true;;30000;13460;499
BASE/guess;REKKURA_BACKWARD_PROVER_OSTD;1.0.0;true;;30003;5814;659
DRESDEN/hanoi_6_disks;REKKURA_BACKWARD_PROVER_OSTD;1.0.0;true;;30002;7172;1994
DRESDEN/tictactoe_orthogonal;REKKURA_BACKWARD_PROVER_OSTD;1.0.0;true;;30000;104466;13082
BASE/hodgepodge;REKKURA_BACKWARD_PROVER_OSTD;1.0.0;true;;30000;76471;76471
BASE/god;REKKURA_BACKWARD_PROVER_OSTD;1.0.0;true;;30024;934;41
DRESDEN/grid_game2;REKKURA_BACKWARD_PROVER_OSTD;1.0.0;true;;30000;39211;801
DRESDEN/endgame;REKKURA_BACKWARD_PROVER_OSTD;1.0.0;true;;30008;854;61
DRESDEN/3qbf-5cnf-20var-40cl.1.qdimacs.SAT;REKKURA_BACKWARD_PROVER_OSTD;1.0.0;true;;30001;11639;200
DRESDEN/3qbf-5cnf-20var-40cl.2.qdimacs.satlike;REKKURA_BACKWARD_PROVER_OSTD;1.0.0;true;;30000;8993;154
DRESDEN/firefighter;REKKURA_BACKWARD_PROVER_OSTD;1.0.0;true;;30000;64699;1446
DRESDEN/chomp;REKKURA_BACKWARD_PROVER_OSTD;1.0.0;true;;30000;44554;6414
DRESDEN/ggp-course2013_michal13;REKKURA_BACKWARD_PROVER_OSTD;1.0.0;true;;30002;11044;340
BASE/mummymaze1p;REKKURA_BACKWARD_PROVER_OSTD;1.0.0;false;Test process timed out after 240 seconds;0;0;0
BASE/pawnToQueen;REKKURA_BACKWARD_PROVER_OSTD;1.0.0;true;;30058;98;6
STANFORD/8puzzle;REKKURA_BACKWARD_PROVER_OSTD;1.0.0;true;;30000;44454;740
BASE/checkersTorus;REKKURA_BACKWARD_PROVER_OSTD;1.0.0;true;;30001;1402;24
DRESDEN/ghostmaze2p;REKKURA_BACKWARD_PROVER_OSTD;1.0.0;true;;30008;3233;66
BASE/tictactoe2;REKKURA_BACKWARD_PROVER_OSTD;1.0.0;true;;30000;79283;10380
BASE/stateSpaceSmall;REKKURA_BACKWARD_PROVER_OSTD;1.0.0;true;;30000;192502;48125
BASE/buttons;REKKURA_BACKWARD_PROVER_OSTD;1.0.0;true;;30000;185145;30857
DRESDEN/nim1;REKKURA_BACKWARD_PROVER_OSTD;1.0.0;true;;30000;33359;4883
DRESDEN/crossers3;REKKURA_BACKWARD_PROVER_OSTD;1.0.0;true;;30023;1048;79
BASE/snake_2008_tweaked;REKKURA_BACKWARD_PROVER_OSTD;1.0.0;true;;30002;7954;526
BASE/checkers-mustjump-torus;REKKURA_BACKWARD_PROVER_OSTD;1.0.0;true;;30039;202;4
DRESDEN/twisty-passages;REKKURA_BACKWARD_PROVER_OSTD;1.0.0;true;;30013;901;4
DRESDEN/farmers;REKKURA_BACKWARD_PROVER_OSTD;1.0.0;true;;30891;26;2
BASE/escortLatch;REKKURA_BACKWARD_PROVER_OSTD;1.0.0;true;;30000;9534;161
BASE/coins;REKKURA_BACKWARD_PROVER_OSTD;1.0.0;true;;30000;34438;13738
BASE/ttcc4_2player;REKKURA_BACKWARD_PROVER_OSTD;1.0.0;true;;30012;1882;44
DRESDEN/tictactoex9;REKKURA_BACKWARD_PROVER_OSTD;1.0.0;true;;30001;19175;659
DRESDEN/bunk_t;REKKURA_BACKWARD_PROVER_OSTD;1.0.0;true;;30000;47626;5724
DRESDEN/blocker;REKKURA_BACKWARD_PROVER_OSTD;1.0.0;true;;30000;81719;10373
DRESDEN/chickentoetictac;REKKURA_BACKWARD_PROVER_OSTD;1.0.0;true;;30000;81123;11385
DRESDEN/pancakes;REKKURA_BACKWARD_PROVER_OSTD;1.0.0;true;;30000;28705;722
DRESDEN/ggp-course2013_nicolai;REKKURA_BACKWARD_PROVER_OSTD;1.0.0;true;;30001;1584;51
BASE/catcha_mouse;REKKURA_BACKWARD_PROVER_OSTD;1.0.0;true;;30000;29162;2221
BASE/tictactoe_3d_small_6player;REKKURA_BACKWARD_PROVER_OSTD;1.0.0;true;;30001;15285;423
DRESDEN/satlike_20v_91c_version2;REKKURA_BACKWARD_PROVER_OSTD;1.0.0;true;;30036;1000;50
BASE/tpeg;REKKURA_BACKWARD_PROVER_OSTD;1.0.0;true;;30001;17154;1439
DRESDEN/troublemaker02;REKKURA_BACKWARD_PROVER_OSTD;1.0.0;true;;30000;223144;74474
DRESDEN/knightmove;REKKURA_BACKWARD_PROVER_OSTD;1.0.0;true;;30002;8997;252
BASE/pancakes88;REKKURA_BACKWARD_PROVER_OSTD;1.0.0;true;;30029;424;10
DRESDEN/skirmish;REKKURA_BACKWARD_PROVER_OSTD;1.0.0;true;;30010;901;22
DRESDEN/grid_game;REKKURA_BACKWARD_PROVER_OSTD;1.0.0;true;;30000;14071;404
STANFORD/buttonsandlights;REKKURA_BACKWARD_PROVER_OSTD;1.0.0;true;;30000;247740;41865
BASE/blockerSerial;REKKURA_BACKWARD_PROVER_OSTD;1.0.0;true;;30000;22675;1432
BASE/mummymaze2p;REKKURA_BACKWARD_PROVER_OSTD;1.0.0;true;;30015;945;19
BASE/snake_2008;REKKURA_BACKWARD_PROVER_OSTD;1.0.0;true;;30002;7617;468
BASE/quarto;REKKURA_BACKWARD_PROVER_OSTD;1.0.0;true;;30000;358;15
DRESDEN/tictactoelarge;REKKURA_BACKWARD_PROVER_OSTD;1.0.0;true;;30000;49414;2090
BASE/hitori;REKKURA_BACKWARD_PROVER_OSTD;1.0.0;true;;30688;24;0
DRESDEN/peg;REKKURA_BACKWARD_PROVER_OSTD;1.0.0;true;;30000;17570;715
BASE/duplicateStateLarge;REKKURA_BACKWARD_PROVER_OSTD;1.0.0;true;;30002;17878;1277
BASE/pancakes6;REKKURA_BACKWARD_PROVER_OSTD;1.0.0;true;;30001;17907;449
BASE/incredible;REKKURA_BACKWARD_PROVER_OSTD;1.0.0;true;;30000;56666;2982
BASE/hexPie;REKKURA_BACKWARD_PROVER_OSTD;1.0.0;true;;30009;2264;30
DRESDEN/pentago_2008;REKKURA_BACKWARD_PROVER_OSTD;1.0.0;true;;30001;10094;188
DRESDEN/pawn_whopping_corrected;REKKURA_BACKWARD_PROVER_OSTD;1.0.0;true;;30000;26946;787
DRESDEN/troublemaker01;REKKURA_BACKWARD_PROVER_OSTD;1.0.0;true;;30000;241332;80509
BASE/beatMania;REKKURA_BACKWARD_PROVER_OSTD;1.0.0;true;;30000;59321;988
BASE/amazonsSuicide;REKKURA_BACKWARD_PROVER_OSTD;1.0.0;true;;31836;2;0
DRESDEN/blocksworldparallel;REKKURA_BACKWARD_PROVER_OSTD;1.0.0;true;;30000;64176;21392
BASE/majorities;REKKURA_BACKWARD_PROVER_OSTD;1.0.0;true;;30003;9084;170
STANFORD/triplesukoshi;REKKURA_BACKWARD_PROVER_OSTD;1.0.0;true;;30000;29941;4277
BASE/breakthroughWalls;REKKURA_BACKWARD_PROVER_OSTD;1.0.0;true;;30004;3001;50
DRESDEN/uf20-01.cnf.SAT;REKKURA_BACKWARD_PROVER_OSTD;1.0.0;true;;30002;8269;413
DRESDEN/aipsrovers01;REKKURA_BACKWARD_PROVER_OSTD;1.0.0;true;;30000;26405;913
DRESDEN/vacuumcleaner_obstacles_3;REKKURA_BACKWARD_PROVER_OSTD;1.0.0;false;Test process timed out after 240 seconds;0;0;0
BASE/factoringMutuallyAssuredDestruction;REKKURA_BACKWARD_PROVER_OSTD;1.0.0;true;;30000;45140;2257
STANFORD/tictactoe;REKKURA_BACKWARD_PROVER_OSTD;1.0.0;true;;30000;66642;8705
BASE/coloredtrails;REKKURA_BACKWARD_PROVER_OSTD;1.0.0;true;;30000;37888;4209
STANFORD/eightpuzzle;REKKURA_BACKWARD_PROVER_OSTD;1.0.0;true;;30000;43933;878
DRESDEN/cubicup_3player;REKKURA_BACKWARD_PROVER_OSTD;1.0.0;true;;30002;9567;113
BASE/3pConnectFour;REKKURA_BACKWARD_PROVER_OSTD;1.0.0;true;;30000;18755;537
STANFORD/skirmish;REKKURA_BACKWARD_PROVER_OSTD;1.0.0;true;;30032;155;1
BASE/lightsOnSimultaneous;REKKURA_BACKWARD_PROVER_OSTD;1.0.0;true;;30000;29138;1922
BASE/circlesolitaire;REKKURA_BACKWARD_PROVER_OSTD;1.0.0;true;;30000;96739;9353
BASE/battle;REKKURA_BACKWARD_PROVER_OSTD;1.0.0;true;;30222;70;2
BASE/sum15;REKKURA_BACKWARD_PROVER_OSTD;1.0.0;true;;30000;114333;14990
STANFORD/alquerquezero;REKKURA_BACKWARD_PROVER_OSTD;1.0.0;true;;30003;6541;225
BASE/colonelBlottoVariant2;REKKURA_BACKWARD_PROVER_OSTD;1.0.0;true;;30027;930;193
BASE/survival;REKKURA_BACKWARD_PROVER_OSTD;1.0.0;true;;30000;254859;218288
STANFORD/platformjumpers;REKKURA_BACKWARD_PROVER_OSTD;1.0.0;true;;30002;433;8
BASE/smallest_4player;REKKURA_BACKWARD_PROVER_OSTD;1.0.0;true;;30000;17935;759
DRESDEN/tictactoe;REKKURA_BACKWARD_PROVER_OSTD;1.0.0;true;;30000;89225;11672
BASE/blocksWorldSerial;REKKURA_BACKWARD_PROVER_OSTD;1.0.0;true;;30000;74801;12466
DRESDEN/laikLee_hex;REKKURA_BACKWARD_PROVER_OSTD;1.0.0;false;Test process timed out after 240 seconds;0;0;0
DRESDEN/vacuum_cleaner_1;REKKURA_BACKWARD_PROVER_OSTD;1.0.0;true;;30088;247;38
STANFORD/ttcc4;REKKURA_BACKWARD_PROVER_OSTD;1.0.0;true;;30010;1988;38
DRESDEN/vacuumcleaner_obstacles_5;REKKURA_BACKWARD_PROVER_OSTD;1.0.0;false;Test process timed out after 240 seconds;0;0;0
DRESDEN/frogs_and_toads;REKKURA_BACKWARD_PROVER_OSTD;1.0.0;true;;30003;5708;49
BASE/ticTicToe;REKKURA_BACKWARD_PROVER_OSTD;1.0.0;true;;30000;49718;9885
DRESDEN/gt_chicken;REKKURA_BACKWARD_PROVER_OSTD;1.0.0;true;;30000;12020;601
BASE/hanoi7_bugfix;REKKURA_BACKWARD_PROVER_OSTD;1.0.0;true;;30007;3390;26
DRESDEN/stratego;REKKURA_BACKWARD_PROVER_OSTD;1.0.0;true;;30000;16443;391
DRESDEN/8puzzle;REKKURA_BACKWARD_PROVER_OSTD;1.0.0;true;;30000;56258;937
BASE/othelloSuicide;REKKURA_BACKWARD_PROVER_OSTD;1.0.0;true;;30068;476;7
BASE/coins_atomic;REKKURA_BACKWARD_PROVER_OSTD;1.0.0;true;;30000;32830;13098
DRESDEN/sat_test_20v_91c_version2;REKKURA_BACKWARD_PROVER_OSTD;1.0.0;true;;30004;8160;408
BASE/tictactoe_3d_2player;REKKURA_BACKWARD_PROVER_OSTD;1.0.0;true;;30005;3356;96
BASE/roshambo2;REKKURA_BACKWARD_PROVER_OSTD;1.0.0;true;;30000;123528;14528
BASE/2pffa_zerosum;REKKURA_BACKWARD_PROVER_OSTD;1.0.0;true;;30000;12728;424
DRESDEN/lightson2x2;REKKURA_BACKWARD_PROVER_OSTD;1.0.0;true;;30000;61310;6131
DRESDEN/breakthroughsuicide_v2;REKKURA_BACKWARD_PROVER_OSTD;1.0.0;true;;30004;3142;48
DRESDEN/vacuumcleaner_obstacles_6;REKKURA_BACKWARD_PROVER_OSTD;1.0.0;false;Test process timed out after 240 seconds;0;0;0
BASE/lightsOut;REKKURA_BACKWARD_PROVER_OSTD;1.0.0;true;;30000;62051;3102
BASE/point_grab;REKKURA_BACKWARD_PROVER_OSTD;1.0.0;true;;30000;100803;3360
BASE/mineClearingSmall;REKKURA_BACKWARD_PROVER_OSTD;1.0.0;true;;30004;6320;527
BASE/queens31lg;REKKURA_BACKWARD_PROVER_OSTD;1.0.0;true;;30026;736;28
BASE/queens08lg;REKKURA_BACKWARD_PROVER_OSTD;1.0.0;true;;30000;13165;2110
BASE/queens08ug;REKKURA_BACKWARD_PROVER_OSTD;1.0.0;true;;30001;21826;2728
BASE/queens06ug;REKKURA_BACKWARD_PROVER_OSTD;1.0.0;true;;30000;26712;4452
