BASE/cubicup_3player;REKKURA_GENERIC_BACKWARD_PROVER_OSTD;1.0.0;true;;30004;4007;47
BASE/blocks2player;REKKURA_GENERIC_BACKWARD_PROVER_OSTD;1.0.0;true;;30000;30622;1701
DRESDEN/skirmish3;REKKURA_GENERIC_BACKWARD_PROVER_OSTD;1.0.0;true;;30063;304;7
DRESDEN/fizzbuzz;REKKURA_GENERIC_BACKWARD_PROVER_OSTD;1.0.0;true;;30107;144;4
BASE/tttcc4;REKKURA_GENERIC_BACKWARD_PROVER_OSTD;1.0.0;true;;30000;523;17
STANFORD/tictactoe5;REKKURA_GENERIC_BACKWARD_PROVER_OSTD;1.0.0;true;;30000;17068;4722
BASE/sudokuGrade6H;REKKURA_GENERIC_BACKWARD_PROVER_OSTD;1.0.0;true;;30014;1346;28
BASE/snakeAssemblit;REKKURA_GENERIC_BACKWARD_PROVER_OSTD;1.0.0;true;;30003;3694;456
BASE/blocksWorld;REKKURA_GENERIC_BACKWARD_PROVER_OSTD;1.0.0;true;;30000;48870;16290
DRESDEN/4pttc;REKKURA_GENERIC_BACKWARD_PROVER_OSTD;1.0.0;true;;30018;1737;56
BASE/ticTacToeParallel;REKKURA_GENERIC_BACKWARD_PROVER_OSTD;1.0.0;true;;30000;8513;1247
BASE/othello-comp2007;REKKURA_GENERIC_BACKWARD_PROVER_OSTD;1.0.0;true;;30143;71;1
BASE/reversi;REKKURA_GENERIC_BACKWARD_PROVER_OSTD;1.0.0;true;;30307;76;1
BASE/nim4;REKKURA_GENERIC_BACKWARD_PROVER_OSTD;1.0.0;true;;30012;1295;96
DRESDEN/toetictac;REKKURA_GENERIC_BACKWARD_PROVER_OSTD;1.0.0;true;;30000;33293;4345
BASE/checkers-newgoals;REKKURA_GENERIC_BACKWARD_PROVER_OSTD;1.0.0;true;;31030;25;0
BASE/cylinder-checkers;REKKURA_GENERIC_BACKWARD_PROVER_OSTD;1.0.0;true;;31953;11;0
BASE/gt_two_thirds_6p;REKKURA_GENERIC_BACKWARD_PROVER_OSTD;1.0.0;false;Test process timed out after 240 seconds;0;0;0
DRESDEN/amazons;REKKURA_GENERIC_BACKWARD_PROVER_OSTD;1.0.0;true;;30064;100;1
BASE/asteroidsSerial;REKKURA_GENERIC_BACKWARD_PROVER_OSTD;1.0.0;true;;30003;4862;51
BASE/dualConnect4;REKKURA_GENERIC_BACKWARD_PROVER_OSTD;1.0.0;true;;30006;3055;103
BASE/slaughter;REKKURA_GENERIC_BACKWARD_PROVER_OSTD;1.0.0;false;Test process timed out after 240 seconds;0;0;0
BASE/skirmishHoles;REKKURA_GENERIC_BACKWARD_PROVER_OSTD;1.0.0;true;;30088;281;2
BASE/sudoku;REKKURA_GENERIC_BACKWARD_PROVER_OSTD;1.0.0;false;Test process timed out after 240 seconds;0;0;0
BASE/lightsOn;REKKURA_GENERIC_BACKWARD_PROVER_OSTD;1.0.0;true;;30000;35303;2867
DRESDEN/pancakes6;REKKURA_GENERIC_BACKWARD_PROVER_OSTD;1.0.0;true;;30012;574;14
BASE/pacman2p;REKKURA_GENERIC_BACKWARD_PROVER_OSTD;1.0.0;true;;30058;410;8
BASE/doubletoetictac;REKKURA_GENERIC_BACKWARD_PROVER_OSTD;1.0.0;true;;30000;17872;2149
BASE/untwistycomplex2;REKKURA_GENERIC_BACKWARD_PROVER_OSTD;1.0.0;true;;30000;41202;5886
STANFORD/freeforall;REKKURA_GENERIC_BACKWARD_PROVER_OSTD;1.0.0;true;;30001;1681;56
STANFORD/knightstourmedium;REKKURA_GENERIC_BACKWARD_PROVER_OSTD;1.0.0;true;;30003;6449;1606
DRESDEN/capture_the_king;REKKURA_GENERIC_BACKWARD_PROVER_OSTD;1.0.0;true;;30047;244;3
BASE/minichess-evilconjuncts;REKKURA_GENERIC_BACKWARD_PROVER_OSTD;1.0.0;true;;30006;2181;246
DRESDEN/mummymaze2p;REKKURA_GENERIC_BACKWARD_PROVER_OSTD;1.0.0;true;;30061;305;6
BASE/kalaha6x2x4;REKKURA_GENERIC_BACKWARD_PROVER_OSTD;1.0.0;true;;30125;159;0
BASE/biddingTicTacToe_10coins;REKKURA_GENERIC_BACKWARD_PROVER_OSTD;1.0.0;true;;30005;866;57
DRESDEN/racer;REKKURA_GENERIC_BACKWARD_PROVER_OSTD;1.0.0;true;;35078;2;0
BASE/ticTacToeNoVars;REKKURA_GENERIC_BACKWARD_PROVER_OSTD;1.0.0;true;;30001;19328;2538
BASE/factoringMediumTurtleBrain;REKKURA_GENERIC_BACKWARD_PROVER_OSTD;1.0.0;true;;30000;8897;105
DRESDEN/vacuumcleaner_obstacles_1;REKKURA_GENERIC_BACKWARD_PROVER_OSTD;1.0.0;true;;33317;4;1
STANFORD/hunter;REKKURA_GENERIC_BACKWARD_PROVER_OSTD;1.0.0;true;;30001;10157;725
STANFORD/duikoshi;REKKURA_GENERIC_BACKWARD_PROVER_OSTD;1.0.0;true;;30000;10144;762
DRESDEN/cube_2x2x2;REKKURA_GENERIC_BACKWARD_PROVER_OSTD;1.0.0;true;;30000;11021;919
BASE/connectFourSuicide;REKKURA_GENERIC_BACKWARD_PROVER_OSTD;1.0.0;true;;30002;5534;242
DRESDEN/oisters_farm;REKKURA_GENERIC_BACKWARD_PROVER_OSTD;1.0.0;true;;30000;21368;436
BASE/chickentictactoe;REKKURA_GENERIC_BACKWARD_PROVER_OSTD;1.0.0;true;;30000;28608;3997
STANFORD/tictactoe7;REKKURA_GENERIC_BACKWARD_PROVER_OSTD;1.0.0;true;;30000;18258;3283
BASE/breakthrough;REKKURA_GENERIC_BACKWARD_PROVER_OSTD;1.0.0;true;;30054;220;3
BASE/crissrace;REKKURA_GENERIC_BACKWARD_PROVER_OSTD;1.0.0;true;;30012;1356;30
BASE/gt_ultimatum;REKKURA_GENERIC_BACKWARD_PROVER_OSTD;1.0.0;true;;30006;348;17
BASE/tron_10x10;REKKURA_GENERIC_BACKWARD_PROVER_OSTD;1.0.0;true;;30004;5128;1706
BASE/duplicateStateMedium;REKKURA_GENERIC_BACKWARD_PROVER_OSTD;1.0.0;true;;30001;16063;1784
DRESDEN/merrills;REKKURA_GENERIC_BACKWARD_PROVER_OSTD;1.0.0;true;;109706;0;0
BASE/stateSpaceMedium;REKKURA_GENERIC_BACKWARD_PROVER_OSTD;1.0.0;true;;30000;38321;4257
BASE/gt_prisoner;REKKURA_GENERIC_BACKWARD_PROVER_OSTD;1.0.0;true;;30004;3400;170
DRESDEN/javastrike;REKKURA_GENERIC_BACKWARD_PROVER_OSTD;1.0.0;true;;30003;1996;4
DRESDEN/Runners;REKKURA_GENERIC_BACKWARD_PROVER_OSTD;1.0.0;true;;30004;5157;105
DRESDEN/uf20-010.cnf.SAT.satlike;REKKURA_GENERIC_BACKWARD_PROVER_OSTD;1.0.0;true;;31620;8;0
BASE/checkers-cylinder-mustjump;REKKURA_GENERIC_BACKWARD_PROVER_OSTD;1.0.0;true;;30032;34;0
DRESDEN/vacuumcleaner_obstacles_2;REKKURA_GENERIC_BACKWARD_PROVER_OSTD;1.0.0;true;;33434;5;0
BASE/blockerParallel;REKKURA_GENERIC_BACKWARD_PROVER_OSTD;1.0.0;true;;30003;4947;704
DRESDEN/sat_test_20v_91c;REKKURA_GENERIC_BACKWARD_PROVER_OSTD;1.0.0;true;;30000;3822;191
BASE/pacman3p;REKKURA_GENERIC_BACKWARD_PROVER_OSTD;1.0.0;true;;30023;391;8
DRESDEN/chinesecheckers6;REKKURA_GENERIC_BACKWARD_PROVER_OSTD;1.0.0;true;;30013;1108;18
BASE/4pffa;REKKURA_GENERIC_BACKWARD_PROVER_OSTD;1.0.0;true;;30017;1138;28
DRESDEN/racer4;REKKURA_GENERIC_BACKWARD_PROVER_OSTD;1.0.0;true;;30474;15;0
BASE/pearls;REKKURA_GENERIC_BACKWARD_PROVER_OSTD;1.0.0;true;;30000;80458;7314
DRESDEN/pancakes88;REKKURA_GENERIC_BACKWARD_PROVER_OSTD;1.0.0;true;;30045;572;14
DRESDEN/tictactoeparallel;REKKURA_GENERIC_BACKWARD_PROVER_OSTD;1.0.0;true;;30003;8961;1312
DRESDEN/statespacelarge;REKKURA_GENERIC_BACKWARD_PROVER_OSTD;1.0.0;true;;30000;25207;1800
BASE/knightwar;REKKURA_GENERIC_BACKWARD_PROVER_OSTD;1.0.0;true;;30029;598;67
BASE/maze;REKKURA_GENERIC_BACKWARD_PROVER_OSTD;1.0.0;true;;30000;35044;3983
DRESDEN/mummymaze2p-comp2007;REKKURA_GENERIC_BACKWARD_PROVER_OSTD;1.0.0;true;;30023;533;10
DRESDEN/kitten_escapes_from_fire;REKKURA_GENERIC_BACKWARD_PROVER_OSTD;1.0.0;true;;30003;2272;276
DRESDEN/checkers;REKKURA_GENERIC_BACKWARD_PROVER_OSTD;1.0.0;true;;34325;3;0
DRESDEN/babel;REKKURA_GENERIC_BACKWARD_PROVER_OSTD;1.0.0;true;;30041;671;33
BASE/cittaceot;REKKURA_GENERIC_BACKWARD_PROVER_OSTD;1.0.0;true;;30001;2409;110
BASE/snake_2009;REKKURA_GENERIC_BACKWARD_PROVER_OSTD;1.0.0;true;;30003;3721;232
DRESDEN/quarto;REKKURA_GENERIC_BACKWARD_PROVER_OSTD;1.0.0;true;;30106;81;3
BASE/factoringEasyTurtleBrain;REKKURA_GENERIC_BACKWARD_PROVER_OSTD;1.0.0;true;;30000;19671;327
BASE/ticTacToeLarge;REKKURA_GENERIC_BACKWARD_PROVER_OSTD;1.0.0;true;;30000;12119;509
BASE/choicethroughalt;REKKURA_GENERIC_BACKWARD_PROVER_OSTD;1.0.0;true;;30014;461;14
DRESDEN/battlesnakes1509;REKKURA_GENERIC_BACKWARD_PROVER_OSTD;1.0.0;true;;30002;5122;124
DRESDEN/mummymaze1p;REKKURA_GENERIC_BACKWARD_PROVER_OSTD;1.0.0;false;Test process timed out after 240 seconds;0;0;0
BASE/nim1;REKKURA_GENERIC_BACKWARD_PROVER_OSTD;1.0.0;true;;30009;1332;196
BASE/3pttc;REKKURA_GENERIC_BACKWARD_PROVER_OSTD;1.0.0;true;;30024;404;14
STANFORD/selectivesukoshi;REKKURA_GENERIC_BACKWARD_PROVER_OSTD;1.0.0;true;;30004;2973;99
BASE/bunk_t;REKKURA_GENERIC_BACKWARD_PROVER_OSTD;1.0.0;true;;30001;18548;2236
DRESDEN/pawntoqueen;REKKURA_GENERIC_BACKWARD_PROVER_OSTD;1.0.0;true;;30057;20;1
DRESDEN/queens;REKKURA_GENERIC_BACKWARD_PROVER_OSTD;1.0.0;false;IllegalArgumentException: too many occurrences: 2147484126;0;0;0
BASE/wargame01;REKKURA_GENERIC_BACKWARD_PROVER_OSTD;1.0.0;true;;30693;26;3
DRESDEN/vacuumcleaner_random;REKKURA_GENERIC_BACKWARD_PROVER_OSTD;1.0.0;true;;30323;3;0
BASE/quartoSuicide;REKKURA_GENERIC_BACKWARD_PROVER_OSTD;1.0.0;true;;30322;69;2
BASE/2pttc;REKKURA_GENERIC_BACKWARD_PROVER_OSTD;1.0.0;true;;30022;576;19
BASE/lightsOnParallel;REKKURA_GENERIC_BACKWARD_PROVER_OSTD;1.0.0;true;;30000;16956;854
BASE/amazonsSuicide_10x10;REKKURA_GENERIC_BACKWARD_PROVER_OSTD;1.0.0;true;;30115;106;0
BASE/checkersSmall;REKKURA_GENERIC_BACKWARD_PROVER_OSTD;1.0.0;true;;30020;49;0
BASE/skirmishZeroSum;REKKURA_GENERIC_BACKWARD_PROVER_OSTD;1.0.0;true;;30186;29;0
BASE/kalaha_2009;REKKURA_GENERIC_BACKWARD_PROVER_OSTD;1.0.0;true;;31985;2;0
DRESDEN/brain_teaser_extended;REKKURA_GENERIC_BACKWARD_PROVER_OSTD;1.0.0;true;;30001;25560;1704
BASE/factoringGeorgeForman;REKKURA_GENERIC_BACKWARD_PROVER_OSTD;1.0.0;true;;30000;49084;995
BASE/knightazons;REKKURA_GENERIC_BACKWARD_PROVER_OSTD;1.0.0;true;;30123;217;3
DRESDEN/backgammon;REKKURA_GENERIC_BACKWARD_PROVER_OSTD;1.0.0;true;;30009;1260;6
STANFORD/pentago;REKKURA_GENERIC_BACKWARD_PROVER_OSTD;1.0.0;true;;30011;1897;34
STANFORD/untwistycomplex;REKKURA_GENERIC_BACKWARD_PROVER_OSTD;1.0.0;true;;30000;22077;2453
BASE/pawnWhopping;REKKURA_GENERIC_BACKWARD_PROVER_OSTD;1.0.0;true;;30000;14133;418
STANFORD/breakthrough;REKKURA_GENERIC_BACKWARD_PROVER_OSTD;1.0.0;true;;30006;4317;66
DRESDEN/crisscross;REKKURA_GENERIC_BACKWARD_PROVER_OSTD;1.0.0;true;;30000;4398;166
BASE/quad;REKKURA_GENERIC_BACKWARD_PROVER_OSTD;1.0.0;true;;30305;44;0
DRESDEN/catcha_mouse;REKKURA_GENERIC_BACKWARD_PROVER_OSTD;1.0.0;true;;30002;8342;601
DRESDEN/hanoi;REKKURA_GENERIC_BACKWARD_PROVER_OSTD;1.0.0;true;;30017;943;30
DRESDEN/bomberman2p;REKKURA_GENERIC_BACKWARD_PROVER_OSTD;1.0.0;true;;30014;548;71
DRESDEN/chinesecheckers4;REKKURA_GENERIC_BACKWARD_PROVER_OSTD;1.0.0;true;;30008;1331;23
DRESDEN/knightfight;REKKURA_GENERIC_BACKWARD_PROVER_OSTD;1.0.0;true;;30046;215;17
DRESDEN/othello-cornercontrol;REKKURA_GENERIC_BACKWARD_PROVER_OSTD;1.0.0;true;;30392;3;0
STANFORD/bestbuttonsandlightsbig;REKKURA_GENERIC_BACKWARD_PROVER_OSTD;1.0.0;true;;30001;16107;2684
DRESDEN/CephalopodMicro;REKKURA_GENERIC_BACKWARD_PROVER_OSTD;1.0.0;true;;30046;484;11
BASE/hallway;REKKURA_GENERIC_BACKWARD_PROVER_OSTD;1.0.0;true;;30033;726;24
BASE/tictactoe-init1;REKKURA_GENERIC_BACKWARD_PROVER_OSTD;1.0.0;true;;30000;26423;7508
BASE/max_knights;REKKURA_GENERIC_BACKWARD_PROVER_OSTD;1.0.0;true;;30871;18;3
BASE/breakthroughHoles;REKKURA_GENERIC_BACKWARD_PROVER_OSTD;1.0.0;true;;30024;670;12
BASE/factoringImpossibleTurtleBrain;REKKURA_GENERIC_BACKWARD_PROVER_OSTD;1.0.0;true;;30321;80;0
BASE/nim3;REKKURA_GENERIC_BACKWARD_PROVER_OSTD;1.0.0;true;;30009;1408;106
BASE/ruleDepthLinear;REKKURA_GENERIC_BACKWARD_PROVER_OSTD;1.0.0;true;;30000;8523;4160
STANFORD/hex;REKKURA_GENERIC_BACKWARD_PROVER_OSTD;1.0.0;true;;30013;433;5
BASE/breakthroughSmall;REKKURA_GENERIC_BACKWARD_PROVER_OSTD;1.0.0;true;;30001;1958;71
BASE/snake_2009_big;REKKURA_GENERIC_BACKWARD_PROVER_OSTD;1.0.0;true;;30001;3142;167
STANFORD/tictactoe3;REKKURA_GENERIC_BACKWARD_PROVER_OSTD;1.0.0;true;;30000;17335;6504
BASE/sheepAndWolf;REKKURA_GENERIC_BACKWARD_PROVER_OSTD;1.0.0;true;;30025;338;8
BASE/wargame03;REKKURA_GENERIC_BACKWARD_PROVER_OSTD;1.0.0;true;;30918;20;4
BASE/checkers-mustjump;REKKURA_GENERIC_BACKWARD_PROVER_OSTD;1.0.0;true;;30653;40;1
DRESDEN/chinesecheckers3;REKKURA_GENERIC_BACKWARD_PROVER_OSTD;1.0.0;true;;30006;2476;45
DRESDEN/catch_me;REKKURA_GENERIC_BACKWARD_PROVER_OSTD;1.0.0;true;;30001;16915;513
BASE/connectFourLarger;REKKURA_GENERIC_BACKWARD_PROVER_OSTD;1.0.0;true;;30004;1208;40
BASE/numbertictactoe;REKKURA_GENERIC_BACKWARD_PROVER_OSTD;1.0.0;true;;30000;14224;1752
DRESDEN/bidding-tictactoe;REKKURA_GENERIC_BACKWARD_PROVER_OSTD;1.0.0;true;;30005;3390;233
BASE/ticblock;REKKURA_GENERIC_BACKWARD_PROVER_OSTD;1.0.0;true;;30000;13711;829
BASE/cephalopodMicro;REKKURA_GENERIC_BACKWARD_PROVER_OSTD;1.0.0;true;;30052;408;9
DRESDEN/chinesecheckers2;REKKURA_GENERIC_BACKWARD_PROVER_OSTD;1.0.0;true;;30002;2313;60
BASE/tictactoe_3d_6player;REKKURA_GENERIC_BACKWARD_PROVER_OSTD;1.0.0;true;;30023;1022;9
BASE/nim2;REKKURA_GENERIC_BACKWARD_PROVER_OSTD;1.0.0;true;;30015;1388;157
BASE/kalaha5x2x3;REKKURA_GENERIC_BACKWARD_PROVER_OSTD;1.0.0;true;;30047;461;5
DRESDEN/quad_5x5_8_2;REKKURA_GENERIC_BACKWARD_PROVER_OSTD;1.0.0;true;;30242;42;2
BASE/quad_5x5;REKKURA_GENERIC_BACKWARD_PROVER_OSTD;1.0.0;true;;30346;43;2
BASE/brawl;REKKURA_GENERIC_BACKWARD_PROVER_OSTD;1.0.0;true;;30118;226;22
DRESDEN/blocks;REKKURA_GENERIC_BACKWARD_PROVER_OSTD;1.0.0;true;;30000;50162;16720
BASE/hanoi_6_disks;REKKURA_GENERIC_BACKWARD_PROVER_OSTD;1.0.0;true;;30037;133;34
BASE/wargame02;REKKURA_GENERIC_BACKWARD_PROVER_OSTD;1.0.0;true;;30113;18;10
DRESDEN/towerworld;REKKURA_GENERIC_BACKWARD_PROVER_OSTD;1.0.0;true;;30033;320;0
BASE/checkersBarrelNoKings;REKKURA_GENERIC_BACKWARD_PROVER_OSTD;1.0.0;true;;30021;436;7
BASE/ruleDepthExponential;REKKURA_GENERIC_BACKWARD_PROVER_OSTD;1.0.0;false;Test process timed out after 240 seconds;0;0;0
BASE/sudokuGrade6E;REKKURA_GENERIC_BACKWARD_PROVER_OSTD;1.0.0;true;;30007;1349;28
DRESDEN/uf20-020.cnf.SAT.satlike;REKKURA_GENERIC_BACKWARD_PROVER_OSTD;1.0.0;true;;30949;9;0
DRESDEN/3pffa;REKKURA_GENERIC_BACKWARD_PROVER_OSTD;1.0.0;true;;30001;4616;153
DRESDEN/peg_bugfixed;REKKURA_GENERIC_BACKWARD_PROVER_OSTD;1.0.0;true;;30004;5370;221
BASE/double_tictactoe_dengji;REKKURA_GENERIC_BACKWARD_PROVER_OSTD;1.0.0;true;;30001;14941;1054
DRESDEN/knightstour;REKKURA_GENERIC_BACKWARD_PROVER_OSTD;1.0.0;true;;30001;10311;2161
DRESDEN/chinesecheckers6-simultaneous;REKKURA_GENERIC_BACKWARD_PROVER_OSTD;1.0.0;true;;30015;1159;48
BASE/tictactoex9;REKKURA_GENERIC_BACKWARD_PROVER_OSTD;1.0.0;true;;30001;7185;247
BASE/amazons_10x10;REKKURA_GENERIC_BACKWARD_PROVER_OSTD;1.0.0;true;;30043;102;0
STANFORD/checkersonabarrelnokings;REKKURA_GENERIC_BACKWARD_PROVER_OSTD;1.0.0;true;;30051;452;6
BASE/amazonsTorus;REKKURA_GENERIC_BACKWARD_PROVER_OSTD;1.0.0;false;Test process timed out after 240 seconds;0;0;0
BASE/racetrackcorridor;REKKURA_GENERIC_BACKWARD_PROVER_OSTD;1.0.0;true;;30008;2234;111
DRESDEN/snake_2008;REKKURA_GENERIC_BACKWARD_PROVER_OSTD;1.0.0;true;;30045;291;15
STANFORD/threepuzzle;REKKURA_GENERIC_BACKWARD_PROVER_OSTD;1.0.0;true;;30000;21166;3527
DRESDEN/tictactoe_3d_2player;REKKURA_GENERIC_BACKWARD_PROVER_OSTD;1.0.0;true;;30016;1106;30
BASE/chineseCheckers4;REKKURA_GENERIC_BACKWARD_PROVER_OSTD;1.0.0;true;;30001;1234;21
BASE/ttcc4;REKKURA_GENERIC_BACKWARD_PROVER_OSTD;1.0.0;true;;30050;539;19
DRESDEN/kalaha_2009;REKKURA_GENERIC_BACKWARD_PROVER_OSTD;1.0.0;true;;32625;2;0
DRESDEN/quad_5x5;REKKURA_GENERIC_BACKWARD_PROVER_OSTD;1.0.0;true;;30280;42;3
BASE/gt_chicken;REKKURA_GENERIC_BACKWARD_PROVER_OSTD;1.0.0;true;;30002;2823;141
BASE/blocker;REKKURA_GENERIC_BACKWARD_PROVER_OSTD;1.0.0;true;;30000;17794;2272
DRESDEN/connect4;REKKURA_GENERIC_BACKWARD_PROVER_OSTD;1.0.0;true;;30003;4137;189
DRESDEN/connectfoursuicide;REKKURA_GENERIC_BACKWARD_PROVER_OSTD;1.0.0;true;;30000;7058;319
BASE/golden_rectangle;REKKURA_GENERIC_BACKWARD_PROVER_OSTD;1.0.0;true;;30001;2840;97
DRESDEN/mimikry;REKKURA_GENERIC_BACKWARD_PROVER_OSTD;1.0.0;true;;30001;2945;120
DRESDEN/battlesnakes2011;REKKURA_GENERIC_BACKWARD_PROVER_OSTD;1.0.0;true;;30002;5321;155
BASE/colonelBlottoVariant;REKKURA_GENERIC_BACKWARD_PROVER_OSTD;1.0.0;true;;31544;20;2
BASE/sudokuGrade1;REKKURA_GENERIC_BACKWARD_PROVER_OSTD;1.0.0;true;;30014;1435;40
BASE/gt_two_thirds_2p;REKKURA_GENERIC_BACKWARD_PROVER_OSTD;1.0.0;false;Test process timed out after 240 seconds;0;0;0
BASE/knightThrough;REKKURA_GENERIC_BACKWARD_PROVER_OSTD;1.0.0;true;;30097;204;6
BASE/gt_centipede;REKKURA_GENERIC_BACKWARD_PROVER_OSTD;1.0.0;true;;30000;10345;5243
BASE/gt_dollar;REKKURA_GENERIC_BACKWARD_PROVER_OSTD;1.0.0;true;;30000;13670;6754
DRESDEN/tpeg;REKKURA_GENERIC_BACKWARD_PROVER_OSTD;1.0.0;true;;30005;5526;469
BASE/tictactoe_3player;REKKURA_GENERIC_BACKWARD_PROVER_OSTD;1.0.0;true;;30004;5848;283
BASE/chineseCheckers3;REKKURA_GENERIC_BACKWARD_PROVER_OSTD;1.0.0;true;;30009;1522;28
DRESDEN/CatchMeIfYouCanTest;REKKURA_GENERIC_BACKWARD_PROVER_OSTD;1.0.0;true;;30000;16929;519
BASE/withConviction;REKKURA_GENERIC_BACKWARD_PROVER_OSTD;1.0.0;true;;30001;12366;494
BASE/chineseCheckers6;REKKURA_GENERIC_BACKWARD_PROVER_OSTD;1.0.0;true;;30027;938;15
BASE/checkersTorusNoKings;REKKURA_GENERIC_BACKWARD_PROVER_OSTD;1.0.0;true;;30007;416;6
DRESDEN/connect5;REKKURA_GENERIC_BACKWARD_PROVER_OSTD;1.0.0;true;;30091;124;3
BASE/gt_staghunt;REKKURA_GENERIC_BACKWARD_PROVER_OSTD;1.0.0;true;;30007;3253;162
BASE/futoshiki5;REKKURA_GENERIC_BACKWARD_PROVER_OSTD;1.0.0;true;;30002;4279;310
DRESDEN/gt_ultimatum;REKKURA_GENERIC_BACKWARD_PROVER_OSTD;1.0.0;true;;30048;373;18
BASE/firefighter;REKKURA_GENERIC_BACKWARD_PROVER_OSTD;1.0.0;true;;30000;19371;438
BASE/peg;REKKURA_GENERIC_BACKWARD_PROVER_OSTD;1.0.0;true;;30019;1152;47
BASE/merrills;REKKURA_GENERIC_BACKWARD_PROVER_OSTD;1.0.0;true;;181567;0;0
STANFORD/rainbow;REKKURA_GENERIC_BACKWARD_PROVER_OSTD;1.0.0;true;;30000;29942;4990
DRESDEN/hanoi7;REKKURA_GENERIC_BACKWARD_PROVER_OSTD;1.0.0;true;;30417;22;0
DRESDEN/circlesolitaire;REKKURA_GENERIC_BACKWARD_PROVER_OSTD;1.0.0;true;;30000;29787;2911
BASE/othelloHoles;REKKURA_GENERIC_BACKWARD_PROVER_OSTD;1.0.0;true;;30066;71;1
STANFORD/multiplebuttonsandlights_9;REKKURA_GENERIC_BACKWARD_PROVER_OSTD;1.0.0;true;;30000;21093;3515
BASE/tictactoe_3d_small_2player;REKKURA_GENERIC_BACKWARD_PROVER_OSTD;1.0.0;true;;30002;6298;516
BASE/sudokuGrade2;REKKURA_GENERIC_BACKWARD_PROVER_OSTD;1.0.0;true;;30010;1414;36
DRESDEN/lightsout2;REKKURA_GENERIC_BACKWARD_PROVER_OSTD;1.0.0;true;;30000;20316;1015
BASE/chinook;REKKURA_GENERIC_BACKWARD_PROVER_OSTD;1.0.0;true;;30057;466;17
BASE/checkers;REKKURA_GENERIC_BACKWARD_PROVER_OSTD;1.0.0;true;;30504;49;0
BASE/blobwars;REKKURA_GENERIC_BACKWARD_PROVER_OSTD;1.0.0;true;;31024;7;0
STANFORD/dualrainbow;REKKURA_GENERIC_BACKWARD_PROVER_OSTD;1.0.0;true;;30000;18864;3144
BASE/wallmaze;REKKURA_GENERIC_BACKWARD_PROVER_OSTD;1.0.0;true;;30003;1001;34
BASE/gt_coordination;REKKURA_GENERIC_BACKWARD_PROVER_OSTD;1.0.0;true;;30004;4532;226
BASE/chickentoetictac;REKKURA_GENERIC_BACKWARD_PROVER_OSTD;1.0.0;true;;30000;31252;4388
DRESDEN/minichess;REKKURA_GENERIC_BACKWARD_PROVER_OSTD;1.0.0;true;;30009;2181;245
STANFORD/sudoku;REKKURA_GENERIC_BACKWARD_PROVER_OSTD;1.0.0;true;;30009;1401;33
BASE/blocksWorldParallel;REKKURA_GENERIC_BACKWARD_PROVER_OSTD;1.0.0;true;;30000;12501;4167
STANFORD/knightstourbig;REKKURA_GENERIC_BACKWARD_PROVER_OSTD;1.0.0;true;;30011;1494;258
BASE/futoshiki4;REKKURA_GENERIC_BACKWARD_PROVER_OSTD;1.0.0;true;;30000;7436;805
DRESDEN/guess;REKKURA_GENERIC_BACKWARD_PROVER_OSTD;1.0.0;true;;30022;160;17
DRESDEN/Goldrush;REKKURA_GENERIC_BACKWARD_PROVER_OSTD;1.0.0;true;;30004;1185;150
BASE/connectFourSimultaneous;REKKURA_GENERIC_BACKWARD_PROVER_OSTD;1.0.0;true;;30002;4498;257
DRESDEN/sat_test_20v_91c_visualisation;REKKURA_GENERIC_BACKWARD_PROVER_OSTD;1.0.0;true;;30004;2614;130
BASE/checkers-suicide-cylinder-mustjump;REKKURA_GENERIC_BACKWARD_PROVER_OSTD;1.0.0;true;;30509;35;0
BASE/englishDraughts;REKKURA_GENERIC_BACKWARD_PROVER_OSTD;1.0.0;true;;30007;1881;28
BASE/sudokuGrade3;REKKURA_GENERIC_BACKWARD_PROVER_OSTD;1.0.0;true;;30002;1380;35
BASE/checkLines;REKKURA_GENERIC_BACKWARD_PROVER_OSTD;1.0.0;true;;30003;1987;132
BASE/breakthroughSmallHoles;REKKURA_GENERIC_BACKWARD_PROVER_OSTD;1.0.0;true;;30000;15484;599
BASE/biddingTicTacToe;REKKURA_GENERIC_BACKWARD_PROVER_OSTD;1.0.0;true;;30004;2989;202
DRESDEN/coins;REKKURA_GENERIC_BACKWARD_PROVER_OSTD;1.0.0;true;;30000;17022;6806
DRESDEN/snake_2009;REKKURA_GENERIC_BACKWARD_PROVER_OSTD;1.0.0;true;;30003;3645;208
DRESDEN/checkers-mustjump-torus;REKKURA_GENERIC_BACKWARD_PROVER_OSTD;1.0.0;true;;30742;7;0
STANFORD/multiplebuttonsandlights;REKKURA_GENERIC_BACKWARD_PROVER_OSTD;1.0.0;true;;30000;21870;3645
BASE/blokbox_simple;REKKURA_GENERIC_BACKWARD_PROVER_OSTD;1.0.0;true;;30058;90;4
BASE/gt_tinfoil;REKKURA_GENERIC_BACKWARD_PROVER_OSTD;1.0.0;true;;30543;20;2
DRESDEN/statespacesmall;REKKURA_GENERIC_BACKWARD_PROVER_OSTD;1.0.0;true;;30000;55515;13878
DRESDEN/slidingpieces;REKKURA_GENERIC_BACKWARD_PROVER_OSTD;1.0.0;true;;30004;5744;70
DRESDEN/pacman3p;REKKURA_GENERIC_BACKWARD_PROVER_OSTD;1.0.0;true;;30048;408;9
DRESDEN/buttons;REKKURA_GENERIC_BACKWARD_PROVER_OSTD;1.0.0;true;;30000;57163;9527
BASE/simultaneousWin2;REKKURA_GENERIC_BACKWARD_PROVER_OSTD;1.0.0;true;;30001;8996;146
BASE/sudokuGrade4;REKKURA_GENERIC_BACKWARD_PROVER_OSTD;1.0.0;true;;30018;1358;34
BASE/racer;REKKURA_GENERIC_BACKWARD_PROVER_OSTD;1.0.0;true;;34074;2;0
BASE/snake2p;REKKURA_GENERIC_BACKWARD_PROVER_OSTD;1.0.0;true;;30000;9310;6941
DRESDEN/SC_TestOnly_enabled;REKKURA_GENERIC_BACKWARD_PROVER_OSTD;1.0.0;true;;30003;7686;854
STANFORD/connectfour;REKKURA_GENERIC_BACKWARD_PROVER_OSTD;1.0.0;true;;30002;6528;294
STANFORD/dualhunter;REKKURA_GENERIC_BACKWARD_PROVER_OSTD;1.0.0;true;;30002;7355;525
BASE/ticTacToeLargeSuicide;REKKURA_GENERIC_BACKWARD_PROVER_OSTD;1.0.0;true;;30001;12470;525
BASE/pancakes;REKKURA_GENERIC_BACKWARD_PROVER_OSTD;1.0.0;true;;30055;480;12
DRESDEN/eotcatcit;REKKURA_GENERIC_BACKWARD_PROVER_OSTD;1.0.0;true;;30000;28554;3739
BASE/amazons_8x8;REKKURA_GENERIC_BACKWARD_PROVER_OSTD;1.0.0;true;;30060;238;2
DRESDEN/point_grab;REKKURA_GENERIC_BACKWARD_PROVER_OSTD;1.0.0;true;;30000;25116;837
DRESDEN/ggp-course2013_jordi;REKKURA_GENERIC_BACKWARD_PROVER_OSTD;1.0.0;true;;30002;2160;67
DRESDEN/uf20-020.cnf.SAT;REKKURA_GENERIC_BACKWARD_PROVER_OSTD;1.0.0;true;;30002;2937;146
DRESDEN/lightsout;REKKURA_GENERIC_BACKWARD_PROVER_OSTD;1.0.0;true;;30000;19613;980
BASE/gt_two_thirds_4p;REKKURA_GENERIC_BACKWARD_PROVER_OSTD;1.0.0;false;Test process timed out after 240 seconds;0;0;0
BASE/sudokuGrade5;REKKURA_GENERIC_BACKWARD_PROVER_OSTD;1.0.0;true;;30006;1393;35
BASE/doubletictactoe;REKKURA_GENERIC_BACKWARD_PROVER_OSTD;1.0.0;true;;30001;18854;2256
DRESDEN/hitori;REKKURA_GENERIC_BACKWARD_PROVER_OSTD;1.0.0;true;;34108;7;0
BASE/four_way_battle;REKKURA_GENERIC_BACKWARD_PROVER_OSTD;1.0.0;true;;31006;29;1
DRESDEN/roshambo2;REKKURA_GENERIC_BACKWARD_PROVER_OSTD;1.0.0;true;;30000;11025;1298
BASE/tictactoe_orthogonal;REKKURA_GENERIC_BACKWARD_PROVER_OSTD;1.0.0;true;;30000;32621;4051
BASE/colonelBlotto;REKKURA_GENERIC_BACKWARD_PROVER_OSTD;1.0.0;true;;31360;14;2
DRESDEN/god;REKKURA_GENERIC_BACKWARD_PROVER_OSTD;1.0.0;true;;30032;101;5
DRESDEN/sum15;REKKURA_GENERIC_BACKWARD_PROVER_OSTD;1.0.0;true;;30000;38777;5089
BASE/ticTacToeSerial;REKKURA_GENERIC_BACKWARD_PROVER_OSTD;1.0.0;true;;30001;8745;570
DRESDEN/hanoi7_bugfix;REKKURA_GENERIC_BACKWARD_PROVER_OSTD;1.0.0;true;;30207;22;0
BASE/twisty-passages;REKKURA_GENERIC_BACKWARD_PROVER_OSTD;1.0.0;true;;32346;5;0
DRESDEN/uf20-010.cnf.SAT;REKKURA_GENERIC_BACKWARD_PROVER_OSTD;1.0.0;true;;30003;2878;143
DRESDEN/sheep_and_wolf;REKKURA_GENERIC_BACKWARD_PROVER_OSTD;1.0.0;true;;30003;4256;102
BASE/chomp;REKKURA_GENERIC_BACKWARD_PROVER_OSTD;1.0.0;true;;30003;6705;953
DRESDEN/2player_normal_form_2010;REKKURA_GENERIC_BACKWARD_PROVER_OSTD;1.0.0;true;;30000;37589;37589
BASE/chineseCheckers2;REKKURA_GENERIC_BACKWARD_PROVER_OSTD;1.0.0;true;;30003;2297;61
STANFORD/multiplesukoshi;REKKURA_GENERIC_BACKWARD_PROVER_OSTD;1.0.0;true;;30006;3039;65
BASE/pentago;REKKURA_GENERIC_BACKWARD_PROVER_OSTD;1.0.0;true;;30007;1843;33
BASE/mummyMaze2p_2007;REKKURA_GENERIC_BACKWARD_PROVER_OSTD;1.0.0;true;;30045;553;11
BASE/haystack;REKKURA_GENERIC_BACKWARD_PROVER_OSTD;1.0.0;true;;30000;110517;36804
BASE/crossers3;REKKURA_GENERIC_BACKWARD_PROVER_OSTD;1.0.0;true;;30185;122;9
DRESDEN/smallest_4player;REKKURA_GENERIC_BACKWARD_PROVER_OSTD;1.0.0;true;;30011;1478;62
STANFORD/bestbuttonsandlights;REKKURA_GENERIC_BACKWARD_PROVER_OSTD;1.0.0;true;;30001;21728;3621
BASE/eightPuzzle;REKKURA_GENERIC_BACKWARD_PROVER_OSTD;1.0.0;true;;30000;10755;179
DRESDEN/latenttictactoe;REKKURA_GENERIC_BACKWARD_PROVER_OSTD;1.0.0;true;;30000;15483;1474
STANFORD/nineboardtictactoe;REKKURA_GENERIC_BACKWARD_PROVER_OSTD;1.0.0;true;;30004;3919;133
DRESDEN/pawn_whopping;REKKURA_GENERIC_BACKWARD_PROVER_OSTD;1.0.0;true;;30000;14582;395
DRESDEN/skirmish2;REKKURA_GENERIC_BACKWARD_PROVER_OSTD;1.0.0;true;;30002;327;8
DRESDEN/3qbf-5cnf-20var-40cl.1.qdimacs.viz.SAT;REKKURA_GENERIC_BACKWARD_PROVER_OSTD;1.0.0;true;;30001;3599;62
BASE/laikLee_hex;REKKURA_GENERIC_BACKWARD_PROVER_OSTD;1.0.0;false;Test process timed out after 240 seconds;0;0;0
DRESDEN/Travelers-Dilemma;REKKURA_GENERIC_BACKWARD_PROVER_OSTD;1.0.0;true;;30167;13;1
BASE/quad_7x7;REKKURA_GENERIC_BACKWARD_PROVER_OSTD;1.0.0;true;;30025;622;20
DRESDEN/blockerparallel;REKKURA_GENERIC_BACKWARD_PROVER_OSTD;1.0.0;true;;30003;4833;684
BASE/knightsTour;REKKURA_GENERIC_BACKWARD_PROVER_OSTD;1.0.0;true;;30005;5506;1142
DRESDEN/blocks2player;REKKURA_GENERIC_BACKWARD_PROVER_OSTD;1.0.0;true;;30000;30575;1698
BASE/chineseCheckers1;REKKURA_GENERIC_BACKWARD_PROVER_OSTD;1.0.0;true;;30007;3150;112
BASE/knightfight;REKKURA_GENERIC_BACKWARD_PROVER_OSTD;1.0.0;true;;30076;209;18
DRESDEN/vacuumcleaner_random_big;REKKURA_GENERIC_BACKWARD_PROVER_OSTD;1.0.0;true;;75939;0;0
BASE/asteroidsParallel;REKKURA_GENERIC_BACKWARD_PROVER_OSTD;1.0.0;true;;30002;5012;112
BASE/qyshinsu;REKKURA_GENERIC_BACKWARD_PROVER_OSTD;1.0.0;true;;30003;1230;52
BASE/hanoi;REKKURA_GENERIC_BACKWARD_PROVER_OSTD;1.0.0;true;;30001;931;30
BASE/aipsrovers01;REKKURA_GENERIC_BACKWARD_PROVER_OSTD;1.0.0;true;;30000;7509;259
BASE/snakeParallel;REKKURA_GENERIC_BACKWARD_PROVER_OSTD;1.0.0;true;;30000;16188;3466
DRESDEN/checkers-cylinder-mustjump;REKKURA_GENERIC_BACKWARD_PROVER_OSTD;1.0.0;true;;31228;11;0
DRESDEN/quad_7x7;REKKURA_GENERIC_BACKWARD_PROVER_OSTD;1.0.0;true;;30007;625;20
BASE/asteroids;REKKURA_GENERIC_BACKWARD_PROVER_OSTD;1.0.0;true;;30002;7952;174
BASE/crisscross;REKKURA_GENERIC_BACKWARD_PROVER_OSTD;1.0.0;true;;30006;4357;169
BASE/skirmishFinal3;REKKURA_GENERIC_BACKWARD_PROVER_OSTD;1.0.0;true;;30077;277;4
DRESDEN/pawn_whopping_simultaneous;REKKURA_GENERIC_BACKWARD_PROVER_OSTD;1.0.0;true;;30000;9513;522
DRESDEN/knightwar;REKKURA_GENERIC_BACKWARD_PROVER_OSTD;1.0.0;true;;30003;3410;412
BASE/onestep;REKKURA_GENERIC_BACKWARD_PROVER_OSTD;1.0.0;true;;30000;102221;102221
BASE/queens;REKKURA_GENERIC_BACKWARD_PROVER_OSTD;1.0.0;false;IllegalArgumentException: too many occurrences: 2147484126;0;0;0
DRESDEN/small_dominion;REKKURA_GENERIC_BACKWARD_PROVER_OSTD;1.0.0;true;;30515;18;0
BASE/ad_game_2x2;REKKURA_GENERIC_BACKWARD_PROVER_OSTD;1.0.0;true;;43014;0;0
DRESDEN/gt_prisoner;REKKURA_GENERIC_BACKWARD_PROVER_OSTD;1.0.0;true;;30001;4545;227
BASE/ttcc4_2player_small;REKKURA_GENERIC_BACKWARD_PROVER_OSTD;1.0.0;true;;30001;1326;96
BASE/knightsTourLarge;REKKURA_GENERIC_BACKWARD_PROVER_OSTD;1.0.0;true;;30008;2297;381
DRESDEN/quartosuicide;REKKURA_GENERIC_BACKWARD_PROVER_OSTD;1.0.0;true;;30248;71;3
BASE/ttcc4_2player_alt;REKKURA_GENERIC_BACKWARD_PROVER_OSTD;1.0.0;true;;30021;367;10
BASE/connectFourLarge;REKKURA_GENERIC_BACKWARD_PROVER_OSTD;1.0.0;true;;30001;3054;119
DRESDEN/cylinder-checkers;REKKURA_GENERIC_BACKWARD_PROVER_OSTD;1.0.0;true;;31868;11;0
BASE/dotsAndBoxesSuicide;REKKURA_GENERIC_BACKWARD_PROVER_OSTD;1.0.0;true;;30009;955;15
DRESDEN/blobwars;REKKURA_GENERIC_BACKWARD_PROVER_OSTD;1.0.0;true;;30635;7;0
STANFORD/trifecta;REKKURA_GENERIC_BACKWARD_PROVER_OSTD;1.0.0;true;;30001;20354;2664
BASE/duplicateStateSmall;REKKURA_GENERIC_BACKWARD_PROVER_OSTD;1.0.0;true;;30000;41544;10386
BASE/ticTacHeaven;REKKURA_GENERIC_BACKWARD_PROVER_OSTD;1.0.0;true;;30003;5478;229
DRESDEN/satlike_20v_91c;REKKURA_GENERIC_BACKWARD_PROVER_OSTD;1.0.0;true;;32086;8;0
BASE/hex;REKKURA_GENERIC_BACKWARD_PROVER_OSTD;1.0.0;true;;30034;431;5
DRESDEN/Zhadu;REKKURA_GENERIC_BACKWARD_PROVER_OSTD;1.0.0;true;;30043;557;13
STANFORD/chinook;REKKURA_GENERIC_BACKWARD_PROVER_OSTD;1.0.0;true;;30051;443;11
BASE/alexChess;REKKURA_GENERIC_BACKWARD_PROVER_OSTD;1.0.0;true;;30198;98;0
DRESDEN/tictactoe_3d_small_2player;REKKURA_GENERIC_BACKWARD_PROVER_OSTD;1.0.0;true;;30005;6193;512
BASE/4pttc;REKKURA_GENERIC_BACKWARD_PROVER_OSTD;1.0.0;true;;30091;265;8
DRESDEN/connectfour;REKKURA_GENERIC_BACKWARD_PROVER_OSTD;1.0.0;true;;30008;6616;300
STANFORD/3puzzle;REKKURA_GENERIC_BACKWARD_PROVER_OSTD;1.0.0;true;;30000;21844;3640
BASE/ticTacToe;REKKURA_GENERIC_BACKWARD_PROVER_OSTD;1.0.0;true;;30000;19612;2556
DRESDEN/doubletoetictac;REKKURA_GENERIC_BACKWARD_PROVER_OSTD;1.0.0;true;;30000;18513;2217
DRESDEN/four_way_battle;REKKURA_GENERIC_BACKWARD_PROVER_OSTD;1.0.0;true;;30630;30;1
DRESDEN/knightthrough;REKKURA_GENERIC_BACKWARD_PROVER_OSTD;1.0.0;true;;30040;640;19
BASE/ghostMaze2p;REKKURA_GENERIC_BACKWARD_PROVER_OSTD;1.0.0;true;;30002;595;12
BASE/knightmove;REKKURA_GENERIC_BACKWARD_PROVER_OSTD;1.0.0;true;;30110;151;4
DRESDEN/battle;REKKURA_GENERIC_BACKWARD_PROVER_OSTD;1.0.0;true;;31367;17;0
BASE/slidingpieces;REKKURA_GENERIC_BACKWARD_PROVER_OSTD;1.0.0;true;;30003;5795;71
BASE/strangeSkirmish;REKKURA_GENERIC_BACKWARD_PROVER_OSTD;1.0.0;true;;30100;248;2
DRESDEN/checkers-newgoals;REKKURA_GENERIC_BACKWARD_PROVER_OSTD;1.0.0;true;;31497;11;0
BASE/eotcatcit;REKKURA_GENERIC_BACKWARD_PROVER_OSTD;1.0.0;true;;30000;26472;3462
DRESDEN/tttcc4;REKKURA_GENERIC_BACKWARD_PROVER_OSTD;1.0.0;true;;30012;538;18
BASE/stateSpaceLarge;REKKURA_GENERIC_BACKWARD_PROVER_OSTD;1.0.0;true;;30000;27240;1945
DRESDEN/chickentictactoe;REKKURA_GENERIC_BACKWARD_PROVER_OSTD;1.0.0;true;;30000;26805;3779
STANFORD/jointbuttonsandlights;REKKURA_GENERIC_BACKWARD_PROVER_OSTD;1.0.0;true;;30000;23624;4093
DRESDEN/tictactoe_3d_small_6player;REKKURA_GENERIC_BACKWARD_PROVER_OSTD;1.0.0;true;;30004;4464;126
BASE/brain_teaser_extended;REKKURA_GENERIC_BACKWARD_PROVER_OSTD;1.0.0;true;;30001;26749;1783
BASE/skirmish;REKKURA_GENERIC_BACKWARD_PROVER_OSTD;1.0.0;true;;30163;146;1
BASE/connect5;REKKURA_GENERIC_BACKWARD_PROVER_OSTD;1.0.0;true;;30429;117;3
DRESDEN/minichess-evilconjuncts;REKKURA_GENERIC_BACKWARD_PROVER_OSTD;1.0.0;true;;30004;2198;249
BASE/nineBoardTicTacToePie;REKKURA_GENERIC_BACKWARD_PROVER_OSTD;1.0.0;true;;30005;4610;156
DRESDEN/skirmishfinal;REKKURA_GENERIC_BACKWARD_PROVER_OSTD;1.0.0;true;;30095;264;4
BASE/conn4;REKKURA_GENERIC_BACKWARD_PROVER_OSTD;1.0.0;true;;30000;10010;477
DRESDEN/tictictoe;REKKURA_GENERIC_BACKWARD_PROVER_OSTD;1.0.0;true;;30000;20278;4035
DRESDEN/snake_2009_big;REKKURA_GENERIC_BACKWARD_PROVER_OSTD;1.0.0;true;;30003;3007;168
BASE/troublemaker02;REKKURA_GENERIC_BACKWARD_PROVER_OSTD;1.0.0;true;;30000;65704;21915
BASE/toetictac;REKKURA_GENERIC_BACKWARD_PROVER_OSTD;1.0.0;true;;30000;34850;4584
BASE/3pffa;REKKURA_GENERIC_BACKWARD_PROVER_OSTD;1.0.0;true;;30010;1362;45
BASE/2pffa;REKKURA_GENERIC_BACKWARD_PROVER_OSTD;1.0.0;true;;30010;1661;55
STANFORD/breakthroughsmall;REKKURA_GENERIC_BACKWARD_PROVER_OSTD;1.0.0;true;;30008;1839;61
DRESDEN/tictactoe_3player;REKKURA_GENERIC_BACKWARD_PROVER_OSTD;1.0.0;true;;30000;5834;287
DRESDEN/nim4;REKKURA_GENERIC_BACKWARD_PROVER_OSTD;1.0.0;true;;30006;1452;107
DRESDEN/tictactoe-init1;REKKURA_GENERIC_BACKWARD_PROVER_OSTD;1.0.0;true;;30000;27418;7816
DRESDEN/hallway;REKKURA_GENERIC_BACKWARD_PROVER_OSTD;1.0.0;true;;30010;697;23
BASE/connect4;REKKURA_GENERIC_BACKWARD_PROVER_OSTD;1.0.0;true;;30003;4145;193
BASE/racer4;REKKURA_GENERIC_BACKWARD_PROVER_OSTD;1.0.0;true;;30703;15;1
BASE/nineBoardTicTacToe;REKKURA_GENERIC_BACKWARD_PROVER_OSTD;1.0.0;true;;30003;3932;130
BASE/futoshiki6;REKKURA_GENERIC_BACKWARD_PROVER_OSTD;1.0.0;true;;30008;2999;151
DRESDEN/Thief_Police;REKKURA_GENERIC_BACKWARD_PROVER_OSTD;1.0.0;true;;30000;16724;474
BASE/connectFour;REKKURA_GENERIC_BACKWARD_PROVER_OSTD;1.0.0;true;;30003;6026;284
DRESDEN/3qbf-5cnf-20var-40cl.2.qdimacs.SAT;REKKURA_GENERIC_BACKWARD_PROVER_OSTD;1.0.0;true;;30004;3370;58
DRESDEN/crissrace;REKKURA_GENERIC_BACKWARD_PROVER_OSTD;1.0.0;true;;30003;1368;29
DRESDEN/brawl;REKKURA_GENERIC_BACKWARD_PROVER_OSTD;1.0.0;true;;30042;231;23
BASE/troublemaker01;REKKURA_GENERIC_BACKWARD_PROVER_OSTD;1.0.0;true;;30000;79352;26420
STANFORD/madness;REKKURA_GENERIC_BACKWARD_PROVER_OSTD;1.0.0;true;;30509;46;0
BASE/gt_attrition;REKKURA_GENERIC_BACKWARD_PROVER_OSTD;1.0.0;true;;30142;8;1
BASE/breakthroughSuicide;REKKURA_GENERIC_BACKWARD_PROVER_OSTD;1.0.0;true;;30010;702;12
BASE/pentagoSuicide;REKKURA_GENERIC_BACKWARD_PROVER_OSTD;1.0.0;true;;30010;1850;33
BASE/amazonsTorus_10x10;REKKURA_GENERIC_BACKWARD_PROVER_OSTD;1.0.0;true;;30499;37;0
BASE/endgame;REKKURA_GENERIC_BACKWARD_PROVER_OSTD;1.0.0;true;;30009;834;59
DRESDEN/double_tictactoe_dengji;REKKURA_GENERIC_BACKWARD_PROVER_OSTD;1.0.0;true;;30000;14478;1023
DRESDEN/racetrackcorridor;REKKURA_GENERIC_BACKWARD_PROVER_OSTD;1.0.0;true;;30004;2065;116
DRESDEN/breakthrough;REKKURA_GENERIC_BACKWARD_PROVER_OSTD;1.0.0;true;;30039;701;12
DRESDEN/statespacemedium;REKKURA_GENERIC_BACKWARD_PROVER_OSTD;1.0.0;true;;30000;36663;4073
BASE/speedChess;REKKURA_GENERIC_BACKWARD_PROVER_OSTD;1.0.0;true;;30115;126;2
DRESDEN/cubicup;REKKURA_GENERIC_BACKWARD_PROVER_OSTD;1.0.0;true;;30001;5096;91
DRESDEN/golden_rectangle;REKKURA_GENERIC_BACKWARD_PROVER_OSTD;1.0.0;true;;30018;1441;51
BASE/eotcitcit;REKKURA_GENERIC_BACKWARD_PROVER_OSTD;1.0.0;true;;30000;20475;4073
BASE/skirmishFinal2;REKKURA_GENERIC_BACKWARD_PROVER_OSTD;1.0.0;true;;30088;262;4
STANFORD/knightstour;REKKURA_GENERIC_BACKWARD_PROVER_OSTD;1.0.0;true;;30000;5314;1097
DRESDEN/logistics;REKKURA_GENERIC_BACKWARD_PROVER_OSTD;1.0.0;true;;30002;5880;117
DRESDEN/bidding-tictactoe_10coins;REKKURA_GENERIC_BACKWARD_PROVER_OSTD;1.0.0;true;;30007;857;58
DRESDEN/ticblock;REKKURA_GENERIC_BACKWARD_PROVER_OSTD;1.0.0;true;;30001;15207;924
DRESDEN/breakthroughsuicide;REKKURA_GENERIC_BACKWARD_PROVER_OSTD;1.0.0;true;;30018;691;10
DRESDEN/Catch-Me-If-You-Can;REKKURA_GENERIC_BACKWARD_PROVER_OSTD;1.0.0;true;;30000;17619;502
DRESDEN/nim2;REKKURA_GENERIC_BACKWARD_PROVER_OSTD;1.0.0;true;;30012;1336;149
DRESDEN/battlebrushes;REKKURA_GENERIC_BACKWARD_PROVER_OSTD;1.0.0;true;;37901;3;0
STANFORD/multipletictactoe;REKKURA_GENERIC_BACKWARD_PROVER_OSTD;1.0.0;true;;30004;4472;250
BASE/blocks;REKKURA_GENERIC_BACKWARD_PROVER_OSTD;1.0.0;true;;30000;48511;16170
BASE/lightsOnSimul4;REKKURA_GENERIC_BACKWARD_PROVER_OSTD;1.0.0;true;;30001;6670;1048
BASE/dotsAndBoxes;REKKURA_GENERIC_BACKWARD_PROVER_OSTD;1.0.0;true;;30017;958;15
BASE/skirmishFinal1;REKKURA_GENERIC_BACKWARD_PROVER_OSTD;1.0.0;true;;30094;251;4
DRESDEN/3pttc;REKKURA_GENERIC_BACKWARD_PROVER_OSTD;1.0.0;true;;30000;4565;156
BASE/kitten_escapes_from_fire;REKKURA_GENERIC_BACKWARD_PROVER_OSTD;1.0.0;true;;30004;2170;257
BASE/amazons;REKKURA_GENERIC_BACKWARD_PROVER_OSTD;1.0.0;true;;127257;0;0
BASE/pegEuro;REKKURA_GENERIC_BACKWARD_PROVER_OSTD;1.0.0;true;;30021;1120;43
DRESDEN/max_knights;REKKURA_GENERIC_BACKWARD_PROVER_OSTD;1.0.0;true;;30092;17;3
DRESDEN/smallest;REKKURA_GENERIC_BACKWARD_PROVER_OSTD;1.0.0;true;;30004;1374;57
DRESDEN/quad;REKKURA_GENERIC_BACKWARD_PROVER_OSTD;1.0.0;true;;30528;44;0
BASE/bomberman2p;REKKURA_GENERIC_BACKWARD_PROVER_OSTD;1.0.0;true;;30005;511;66
DRESDEN/knightazons;REKKURA_GENERIC_BACKWARD_PROVER_OSTD;1.0.0;true;;30072;218;3
BASE/switches;REKKURA_GENERIC_BACKWARD_PROVER_OSTD;1.0.0;true;;30000;35814;35814
BASE/skirmishNew;REKKURA_GENERIC_BACKWARD_PROVER_OSTD;1.0.0;true;;30164;122;1
BASE/zhadu;REKKURA_GENERIC_BACKWARD_PROVER_OSTD;1.0.0;true;;30045;509;11
STANFORD/untwistycorridor;REKKURA_GENERIC_BACKWARD_PROVER_OSTD;1.0.0;true;;30000;42800;6114
DRESDEN/nim3;REKKURA_GENERIC_BACKWARD_PROVER_OSTD;1.0.0;true;;30006;1412;104
STANFORD/duidoku;REKKURA_GENERIC_BACKWARD_PROVER_OSTD;1.0.0;true;;30023;994;24
BASE/cubicup;REKKURA_GENERIC_BACKWARD_PROVER_OSTD;1.0.0;true;;30002;5097;91
DRESDEN/tictactoe_3d_6player;REKKURA_GENERIC_BACKWARD_PROVER_OSTD;1.0.0;true;;30001;1010;9
DRESDEN/chinesecheckers1;REKKURA_GENERIC_BACKWARD_PROVER_OSTD;1.0.0;true;;30001;4732;168
BASE/minichess;REKKURA_GENERIC_BACKWARD_PROVER_OSTD;1.0.0;true;;30002;2239;746
DRESDEN/3qbf-5cnf-20var-40cl.0.qdimacs;REKKURA_GENERIC_BACKWARD_PROVER_OSTD;1.0.0;true;;30000;4609;78
DRESDEN/doubletictactoe;REKKURA_GENERIC_BACKWARD_PROVER_OSTD;1.0.0;true;;30000;18714;2241
DRESDEN/checkers-mustjump;REKKURA_GENERIC_BACKWARD_PROVER_OSTD;1.0.0;true;;32145;8;0
BASE/checkersTiny;REKKURA_GENERIC_BACKWARD_PROVER_OSTD;1.0.0;true;;30079;50;0
DRESDEN/tictactoelargesuicide;REKKURA_GENERIC_BACKWARD_PROVER_OSTD;1.0.0;true;;30001;16325;689
DRESDEN/checkers-suicide-cylinder-mustjump;REKKURA_GENERIC_BACKWARD_PROVER_OSTD;1.0.0;true;;32167;11;0
STANFORD/sukoshi;REKKURA_GENERIC_BACKWARD_PROVER_OSTD;1.0.0;true;;30002;19281;3559
BASE/ticTacHeavenFC;REKKURA_GENERIC_BACKWARD_PROVER_OSTD;1.0.0;true;;30002;4991;181
BASE/guess;REKKURA_GENERIC_BACKWARD_PROVER_OSTD;1.0.0;true;;30020;170;20
DRESDEN/hanoi_6_disks;REKKURA_GENERIC_BACKWARD_PROVER_OSTD;1.0.0;true;;30142;131;39
DRESDEN/tictactoe_orthogonal;REKKURA_GENERIC_BACKWARD_PROVER_OSTD;1.0.0;true;;30000;29655;3701
BASE/hodgepodge;REKKURA_GENERIC_BACKWARD_PROVER_OSTD;1.0.0;true;;30000;18497;18497
BASE/god;REKKURA_GENERIC_BACKWARD_PROVER_OSTD;1.0.0;true;;30262;105;4
DRESDEN/grid_game2;REKKURA_GENERIC_BACKWARD_PROVER_OSTD;1.0.0;true;;30002;8693;178
DRESDEN/endgame;REKKURA_GENERIC_BACKWARD_PROVER_OSTD;1.0.0;true;;30037;464;33
DRESDEN/3qbf-5cnf-20var-40cl.1.qdimacs.SAT;REKKURA_GENERIC_BACKWARD_PROVER_OSTD;1.0.0;true;;30008;3461;58
DRESDEN/3qbf-5cnf-20var-40cl.2.qdimacs.satlike;REKKURA_GENERIC_BACKWARD_PROVER_OSTD;1.0.0;true;;30042;146;2
DRESDEN/firefighter;REKKURA_GENERIC_BACKWARD_PROVER_OSTD;1.0.0;true;;30001;19004;426
DRESDEN/chomp;REKKURA_GENERIC_BACKWARD_PROVER_OSTD;1.0.0;true;;30000;6679;934
DRESDEN/ggp-course2013_michal13;REKKURA_GENERIC_BACKWARD_PROVER_OSTD;1.0.0;true;;30003;3199;94
BASE/mummymaze1p;REKKURA_GENERIC_BACKWARD_PROVER_OSTD;1.0.0;false;Test process timed out after 240 seconds;0;0;0
BASE/pawnToQueen;REKKURA_GENERIC_BACKWARD_PROVER_OSTD;1.0.0;true;;30181;20;1
STANFORD/8puzzle;REKKURA_GENERIC_BACKWARD_PROVER_OSTD;1.0.0;true;;30001;10680;178
BASE/checkersTorus;REKKURA_GENERIC_BACKWARD_PROVER_OSTD;1.0.0;true;;30011;371;6
DRESDEN/ghostmaze2p;REKKURA_GENERIC_BACKWARD_PROVER_OSTD;1.0.0;true;;30004;597;12
BASE/tictactoe2;REKKURA_GENERIC_BACKWARD_PROVER_OSTD;1.0.0;true;;30000;27504;3611
BASE/stateSpaceSmall;REKKURA_GENERIC_BACKWARD_PROVER_OSTD;1.0.0;true;;30000;53122;13280
BASE/buttons;REKKURA_GENERIC_BACKWARD_PROVER_OSTD;1.0.0;true;;30000;57643;9607
DRESDEN/nim1;REKKURA_GENERIC_BACKWARD_PROVER_OSTD;1.0.0;true;;30017;1320;194
DRESDEN/crossers3;REKKURA_GENERIC_BACKWARD_PROVER_OSTD;1.0.0;true;;30012;126;9
BASE/snake_2008_tweaked;REKKURA_GENERIC_BACKWARD_PROVER_OSTD;1.0.0;true;;30053;292;19
BASE/checkers-mustjump-torus;REKKURA_GENERIC_BACKWARD_PROVER_OSTD;1.0.0;true;;30517;42;0
DRESDEN/twisty-passages;REKKURA_GENERIC_BACKWARD_PROVER_OSTD;1.0.0;true;;32407;5;0
DRESDEN/farmers;REKKURA_GENERIC_BACKWARD_PROVER_OSTD;1.0.0;true;;94667;0;0
BASE/escortLatch;REKKURA_GENERIC_BACKWARD_PROVER_OSTD;1.0.0;true;;30004;1830;31
BASE/coins;REKKURA_GENERIC_BACKWARD_PROVER_OSTD;1.0.0;true;;30000;16611;6648
BASE/ttcc4_2player;REKKURA_GENERIC_BACKWARD_PROVER_OSTD;1.0.0;true;;30010;409;11
DRESDEN/tictactoex9;REKKURA_GENERIC_BACKWARD_PROVER_OSTD;1.0.0;true;;30002;6832;229
DRESDEN/bunk_t;REKKURA_GENERIC_BACKWARD_PROVER_OSTD;1.0.0;true;;30000;18672;2234
DRESDEN/blocker;REKKURA_GENERIC_BACKWARD_PROVER_OSTD;1.0.0;true;;30000;31980;4057
DRESDEN/chickentoetictac;REKKURA_GENERIC_BACKWARD_PROVER_OSTD;1.0.0;true;;30000;31621;4435
DRESDEN/pancakes;REKKURA_GENERIC_BACKWARD_PROVER_OSTD;1.0.0;true;;30006;569;14
DRESDEN/ggp-course2013_nicolai;REKKURA_GENERIC_BACKWARD_PROVER_OSTD;1.0.0;true;;30036;556;18
BASE/catcha_mouse;REKKURA_GENERIC_BACKWARD_PROVER_OSTD;1.0.0;true;;30001;8475;635
BASE/tictactoe_3d_small_6player;REKKURA_GENERIC_BACKWARD_PROVER_OSTD;1.0.0;true;;30000;4487;129
DRESDEN/satlike_20v_91c_version2;REKKURA_GENERIC_BACKWARD_PROVER_OSTD;1.0.0;true;;31565;8;0
BASE/tpeg;REKKURA_GENERIC_BACKWARD_PROVER_OSTD;1.0.0;true;;30000;5525;457
DRESDEN/troublemaker02;REKKURA_GENERIC_BACKWARD_PROVER_OSTD;1.0.0;true;;30000;58295;19475
DRESDEN/knightmove;REKKURA_GENERIC_BACKWARD_PROVER_OSTD;1.0.0;true;;30059;145;4
BASE/pancakes88;REKKURA_GENERIC_BACKWARD_PROVER_OSTD;1.0.0;true;;30589;23;0
DRESDEN/skirmish;REKKURA_GENERIC_BACKWARD_PROVER_OSTD;1.0.0;true;;30048;290;7
DRESDEN/grid_game;REKKURA_GENERIC_BACKWARD_PROVER_OSTD;1.0.0;true;;30003;4491;130
STANFORD/buttonsandlights;REKKURA_GENERIC_BACKWARD_PROVER_OSTD;1.0.0;true;;30000;58750;9927
BASE/blockerSerial;REKKURA_GENERIC_BACKWARD_PROVER_OSTD;1.0.0;true;;30001;6719;427
BASE/mummymaze2p;REKKURA_GENERIC_BACKWARD_PROVER_OSTD;1.0.0;true;;30013;302;6
BASE/snake_2008;REKKURA_GENERIC_BACKWARD_PROVER_OSTD;1.0.0;true;;30074;288;22
BASE/quarto;REKKURA_GENERIC_BACKWARD_PROVER_OSTD;1.0.0;true;;30360;69;3
DRESDEN/tictactoelarge;REKKURA_GENERIC_BACKWARD_PROVER_OSTD;1.0.0;true;;30000;17147;723
BASE/hitori;REKKURA_GENERIC_BACKWARD_PROVER_OSTD;1.0.0;true;;32952;7;0
DRESDEN/peg;REKKURA_GENERIC_BACKWARD_PROVER_OSTD;1.0.0;true;;30001;5353;219
BASE/duplicateStateLarge;REKKURA_GENERIC_BACKWARD_PROVER_OSTD;1.0.0;true;;30000;5973;426
BASE/pancakes6;REKKURA_GENERIC_BACKWARD_PROVER_OSTD;1.0.0;true;;30001;468;11
BASE/incredible;REKKURA_GENERIC_BACKWARD_PROVER_OSTD;1.0.0;true;;30001;17148;902
BASE/hexPie;REKKURA_GENERIC_BACKWARD_PROVER_OSTD;1.0.0;true;;30056;416;5
DRESDEN/pentago_2008;REKKURA_GENERIC_BACKWARD_PROVER_OSTD;1.0.0;true;;30007;3475;62
DRESDEN/pawn_whopping_corrected;REKKURA_GENERIC_BACKWARD_PROVER_OSTD;1.0.0;true;;30001;14121;414
DRESDEN/troublemaker01;REKKURA_GENERIC_BACKWARD_PROVER_OSTD;1.0.0;true;;30000;76434;25484
BASE/beatMania;REKKURA_GENERIC_BACKWARD_PROVER_OSTD;1.0.0;true;;30001;17736;295
BASE/amazonsSuicide;REKKURA_GENERIC_BACKWARD_PROVER_OSTD;1.0.0;true;;95386;0;0
DRESDEN/blocksworldparallel;REKKURA_GENERIC_BACKWARD_PROVER_OSTD;1.0.0;true;;30000;18646;6215
BASE/majorities;REKKURA_GENERIC_BACKWARD_PROVER_OSTD;1.0.0;true;;30005;2009;37
STANFORD/triplesukoshi;REKKURA_GENERIC_BACKWARD_PROVER_OSTD;1.0.0;true;;30001;7020;1002
BASE/breakthroughWalls;REKKURA_GENERIC_BACKWARD_PROVER_OSTD;1.0.0;true;;30015;640;9
DRESDEN/uf20-01.cnf.SAT;REKKURA_GENERIC_BACKWARD_PROVER_OSTD;1.0.0;true;;30000;2440;122
DRESDEN/aipsrovers01;REKKURA_GENERIC_BACKWARD_PROVER_OSTD;1.0.0;true;;30002;7276;251
DRESDEN/vacuumcleaner_obstacles_3;REKKURA_GENERIC_BACKWARD_PROVER_OSTD;1.0.0;false;Test process timed out after 240 seconds;0;0;0
BASE/factoringMutuallyAssuredDestruction;REKKURA_GENERIC_BACKWARD_PROVER_OSTD;1.0.0;true;;30000;13360;668
STANFORD/tictactoe;REKKURA_GENERIC_BACKWARD_PROVER_OSTD;1.0.0;true;;30001;18162;2385
BASE/coloredtrails;REKKURA_GENERIC_BACKWARD_PROVER_OSTD;1.0.0;true;;30001;10887;1209
STANFORD/eightpuzzle;REKKURA_GENERIC_BACKWARD_PROVER_OSTD;1.0.0;true;;30002;10470;209
DRESDEN/cubicup_3player;REKKURA_GENERIC_BACKWARD_PROVER_OSTD;1.0.0;true;;30001;4164;49
BASE/3pConnectFour;REKKURA_GENERIC_BACKWARD_PROVER_OSTD;1.0.0;true;;30001;6601;185
STANFORD/skirmish;REKKURA_GENERIC_BACKWARD_PROVER_OSTD;1.0.0;true;;30240;48;0
BASE/lightsOnSimultaneous;REKKURA_GENERIC_BACKWARD_PROVER_OSTD;1.0.0;true;;30000;8635;565
BASE/circlesolitaire;REKKURA_GENERIC_BACKWARD_PROVER_OSTD;1.0.0;true;;30000;30145;2888
BASE/battle;REKKURA_GENERIC_BACKWARD_PROVER_OSTD;1.0.0;true;;30670;16;0
BASE/sum15;REKKURA_GENERIC_BACKWARD_PROVER_OSTD;1.0.0;true;;30000;40524;5311
STANFORD/alquerquezero;REKKURA_GENERIC_BACKWARD_PROVER_OSTD;1.0.0;true;;30013;1341;46
BASE/colonelBlottoVariant2;REKKURA_GENERIC_BACKWARD_PROVER_OSTD;1.0.0;true;;30811;18;4
BASE/survival;REKKURA_GENERIC_BACKWARD_PROVER_OSTD;1.0.0;true;;30000;77896;66697
STANFORD/platformjumpers;REKKURA_GENERIC_BACKWARD_PROVER_OSTD;1.0.0;true;;30139;98;1
BASE/smallest_4player;REKKURA_GENERIC_BACKWARD_PROVER_OSTD;1.0.0;true;;30003;1528;65
DRESDEN/tictactoe;REKKURA_GENERIC_BACKWARD_PROVER_OSTD;1.0.0;true;;30000;28134;3701
BASE/blocksWorldSerial;REKKURA_GENERIC_BACKWARD_PROVER_OSTD;1.0.0;true;;30000;22169;3694
DRESDEN/laikLee_hex;REKKURA_GENERIC_BACKWARD_PROVER_OSTD;1.0.0;false;Test process timed out after 240 seconds;0;0;0
DRESDEN/vacuum_cleaner_1;REKKURA_GENERIC_BACKWARD_PROVER_OSTD;1.0.0;true;;32023;3;0
STANFORD/ttcc4;REKKURA_GENERIC_BACKWARD_PROVER_OSTD;1.0.0;true;;30011;424;7
DRESDEN/vacuumcleaner_obstacles_5;REKKURA_GENERIC_BACKWARD_PROVER_OSTD;1.0.0;false;Test process timed out after 240 seconds;0;0;0
DRESDEN/frogs_and_toads;REKKURA_GENERIC_BACKWARD_PROVER_OSTD;1.0.0;true;;30015;1674;14
BASE/ticTicToe;REKKURA_GENERIC_BACKWARD_PROVER_OSTD;1.0.0;true;;30000;13470;2671
DRESDEN/gt_chicken;REKKURA_GENERIC_BACKWARD_PROVER_OSTD;1.0.0;true;;30002;3628;181
BASE/hanoi7_bugfix;REKKURA_GENERIC_BACKWARD_PROVER_OSTD;1.0.0;true;;30108;21;0
DRESDEN/stratego;REKKURA_GENERIC_BACKWARD_PROVER_OSTD;1.0.0;true;;30005;5340;125
DRESDEN/8puzzle;REKKURA_GENERIC_BACKWARD_PROVER_OSTD;1.0.0;true;;30001;18283;304
BASE/othelloSuicide;REKKURA_GENERIC_BACKWARD_PROVER_OSTD;1.0.0;true;;30334;63;1
BASE/coins_atomic;REKKURA_GENERIC_BACKWARD_PROVER_OSTD;1.0.0;true;;30000;16320;6530
DRESDEN/sat_test_20v_91c_version2;REKKURA_GENERIC_BACKWARD_PROVER_OSTD;1.0.0;true;;30008;2599;129
BASE/tictactoe_3d_2player;REKKURA_GENERIC_BACKWARD_PROVER_OSTD;1.0.0;true;;30018;1095;33
BASE/roshambo2;REKKURA_GENERIC_BACKWARD_PROVER_OSTD;1.0.0;true;;30001;11267;1328
BASE/2pffa_zerosum;REKKURA_GENERIC_BACKWARD_PROVER_OSTD;1.0.0;true;;30016;1417;47
DRESDEN/lightson2x2;REKKURA_GENERIC_BACKWARD_PROVER_OSTD;1.0.0;true;;30001;19190;1919
DRESDEN/breakthroughsuicide_v2;REKKURA_GENERIC_BACKWARD_PROVER_OSTD;1.0.0;true;;30024;714;11
DRESDEN/vacuumcleaner_obstacles_6;REKKURA_GENERIC_BACKWARD_PROVER_OSTD;1.0.0;false;Test process timed out after 240 seconds;0;0;0
BASE/lightsOut;REKKURA_GENERIC_BACKWARD_PROVER_OSTD;1.0.0;true;;30000;19567;978
BASE/point_grab;REKKURA_GENERIC_BACKWARD_PROVER_OSTD;1.0.0;true;;30000;25251;841
