BASE/cubicup_3player;REKKURA_GENERIC_FORWARD_PROVER_OSTD;1.0.0;true;;30006;4187;49
BASE/blocks2player;REKKURA_GENERIC_FORWARD_PROVER_OSTD;1.0.0;true;;30000;41751;2319
DRESDEN/skirmish3;REKKURA_GENERIC_FORWARD_PROVER_OSTD;1.0.0;true;;30063;325;8
DRESDEN/fizzbuzz;REKKURA_GENERIC_FORWARD_PROVER_OSTD;1.0.0;true;;30140;158;5
BASE/tttcc4;REKKURA_GENERIC_FORWARD_PROVER_OSTD;1.0.0;true;;30038;567;23
STANFORD/tictactoe5;REKKURA_GENERIC_FORWARD_PROVER_OSTD;1.0.0;true;;30000;29563;1
BASE/sudokuGrade6H;REKKURA_GENERIC_FORWARD_PROVER_OSTD;1.0.0;true;;30007;2575;0
BASE/snakeAssemblit;REKKURA_GENERIC_FORWARD_PROVER_OSTD;1.0.0;true;;30004;5083;608
BASE/blocksWorld;REKKURA_GENERIC_FORWARD_PROVER_OSTD;1.0.0;true;;30000;66462;22154
DRESDEN/4pttc;REKKURA_GENERIC_FORWARD_PROVER_OSTD;1.0.0;true;;30012;1822;57
BASE/ticTacToeParallel;REKKURA_GENERIC_FORWARD_PROVER_OSTD;1.0.0;true;;30001;26318;45
BASE/othello-comp2007;REKKURA_GENERIC_FORWARD_PROVER_OSTD;1.0.0;true;;30394;53;0
BASE/reversi;REKKURA_GENERIC_FORWARD_PROVER_OSTD;1.0.0;true;;30205;45;0
BASE/nim4;REKKURA_GENERIC_FORWARD_PROVER_OSTD;1.0.0;true;;30034;761;55
DRESDEN/toetictac;REKKURA_GENERIC_FORWARD_PROVER_OSTD;1.0.0;true;;30000;37059;3
BASE/checkers-newgoals;REKKURA_GENERIC_FORWARD_PROVER_OSTD;1.0.0;true;;31870;9;0
BASE/cylinder-checkers;REKKURA_GENERIC_FORWARD_PROVER_OSTD;1.0.0;true;;31316;5;0
BASE/gt_two_thirds_6p;REKKURA_GENERIC_FORWARD_PROVER_OSTD;1.0.0;false;Test process timed out after 240 seconds;0;0;0
DRESDEN/amazons;REKKURA_GENERIC_FORWARD_PROVER_OSTD;1.0.0;true;;30169;107;1
BASE/asteroidsSerial;REKKURA_GENERIC_FORWARD_PROVER_OSTD;1.0.0;true;;30005;6870;71
BASE/dualConnect4;REKKURA_GENERIC_FORWARD_PROVER_OSTD;1.0.0;true;;30006;2468;82
BASE/slaughter;REKKURA_GENERIC_FORWARD_PROVER_OSTD;1.0.0;false;Test process timed out after 240 seconds;0;0;0
BASE/skirmishHoles;REKKURA_GENERIC_FORWARD_PROVER_OSTD;1.0.0;true;;30033;286;2
BASE/sudoku;REKKURA_GENERIC_FORWARD_PROVER_OSTD;1.0.0;false;Test process timed out after 240 seconds;0;0;0
BASE/lightsOn;REKKURA_GENERIC_FORWARD_PROVER_OSTD;1.0.0;true;;30000;53575;4309
DRESDEN/pancakes6;REKKURA_GENERIC_FORWARD_PROVER_OSTD;1.0.0;true;;30037;243;6
BASE/pacman2p;REKKURA_GENERIC_FORWARD_PROVER_OSTD;1.0.0;true;;30038;476;4
BASE/doubletoetictac;REKKURA_GENERIC_FORWARD_PROVER_OSTD;1.0.0;true;;30000;31193;42
BASE/untwistycomplex2;REKKURA_GENERIC_FORWARD_PROVER_OSTD;1.0.0;true;;30000;69629;9947
STANFORD/freeforall;REKKURA_GENERIC_FORWARD_PROVER_OSTD;1.0.0;true;;30013;1778;59
STANFORD/knightstourmedium;REKKURA_GENERIC_FORWARD_PROVER_OSTD;1.0.0;true;;30001;7789;1948
DRESDEN/capture_the_king;REKKURA_GENERIC_FORWARD_PROVER_OSTD;1.0.0;true;;30009;289;4
BASE/minichess-evilconjuncts;REKKURA_GENERIC_FORWARD_PROVER_OSTD;1.0.0;true;;30004;2412;268
DRESDEN/mummymaze2p;REKKURA_GENERIC_FORWARD_PROVER_OSTD;1.0.0;true;;30029;307;6
BASE/kalaha6x2x4;REKKURA_GENERIC_FORWARD_PROVER_OSTD;1.0.0;true;;30097;111;0
BASE/biddingTicTacToe_10coins;REKKURA_GENERIC_FORWARD_PROVER_OSTD;1.0.0;true;;30028;689;1
DRESDEN/racer;REKKURA_GENERIC_FORWARD_PROVER_OSTD;1.0.0;true;;37903;2;0
BASE/ticTacToeNoVars;REKKURA_GENERIC_FORWARD_PROVER_OSTD;1.0.0;true;;30000;36038;5
BASE/factoringMediumTurtleBrain;REKKURA_GENERIC_FORWARD_PROVER_OSTD;1.0.0;true;;30001;10985;130
DRESDEN/vacuumcleaner_obstacles_1;REKKURA_GENERIC_FORWARD_PROVER_OSTD;1.0.0;true;;44384;2;0
STANFORD/hunter;REKKURA_GENERIC_FORWARD_PROVER_OSTD;1.0.0;true;;30001;11207;800
STANFORD/duikoshi;REKKURA_GENERIC_FORWARD_PROVER_OSTD;1.0.0;true;;30000;13974;0
DRESDEN/cube_2x2x2;REKKURA_GENERIC_FORWARD_PROVER_OSTD;1.0.0;true;;30002;11400;950
BASE/connectFourSuicide;REKKURA_GENERIC_FORWARD_PROVER_OSTD;1.0.0;true;;30002;6034;279
DRESDEN/oisters_farm;REKKURA_GENERIC_FORWARD_PROVER_OSTD;1.0.0;true;;30000;25508;520
BASE/chickentictactoe;REKKURA_GENERIC_FORWARD_PROVER_OSTD;1.0.0;true;;30000;46542;12
STANFORD/tictactoe7;REKKURA_GENERIC_FORWARD_PROVER_OSTD;1.0.0;true;;30000;27367;7
BASE/breakthrough;REKKURA_GENERIC_FORWARD_PROVER_OSTD;1.0.0;true;;30026;217;3
BASE/crissrace;REKKURA_GENERIC_FORWARD_PROVER_OSTD;1.0.0;true;;30013;1099;24
BASE/gt_ultimatum;REKKURA_GENERIC_FORWARD_PROVER_OSTD;1.0.0;true;;30046;515;25
BASE/tron_10x10;REKKURA_GENERIC_FORWARD_PROVER_OSTD;1.0.0;true;;30000;5841;1963
BASE/duplicateStateMedium;REKKURA_GENERIC_FORWARD_PROVER_OSTD;1.0.0;true;;30003;19287;2143
DRESDEN/merrills;REKKURA_GENERIC_FORWARD_PROVER_OSTD;1.0.0;true;;32918;0;0
BASE/stateSpaceMedium;REKKURA_GENERIC_FORWARD_PROVER_OSTD;1.0.0;true;;30000;47909;5323
BASE/gt_prisoner;REKKURA_GENERIC_FORWARD_PROVER_OSTD;1.0.0;true;;30007;3717;185
DRESDEN/javastrike;REKKURA_GENERIC_FORWARD_PROVER_OSTD;1.0.0;true;;30006;2642;5
DRESDEN/Runners;REKKURA_GENERIC_FORWARD_PROVER_OSTD;1.0.0;true;;30000;5680;115
DRESDEN/uf20-010.cnf.SAT.satlike;REKKURA_GENERIC_FORWARD_PROVER_OSTD;1.0.0;true;;32030;8;0
BASE/checkers-cylinder-mustjump;REKKURA_GENERIC_FORWARD_PROVER_OSTD;1.0.0;true;;30469;29;0
DRESDEN/vacuumcleaner_obstacles_2;REKKURA_GENERIC_FORWARD_PROVER_OSTD;1.0.0;true;;44811;2;0
BASE/blockerParallel;REKKURA_GENERIC_FORWARD_PROVER_OSTD;1.0.0;true;;30000;10279;6
DRESDEN/sat_test_20v_91c;REKKURA_GENERIC_FORWARD_PROVER_OSTD;1.0.0;true;;30003;5217;260
BASE/pacman3p;REKKURA_GENERIC_FORWARD_PROVER_OSTD;1.0.0;true;;30010;478;4
DRESDEN/chinesecheckers6;REKKURA_GENERIC_FORWARD_PROVER_OSTD;1.0.0;true;;30017;1179;19
BASE/4pffa;REKKURA_GENERIC_FORWARD_PROVER_OSTD;1.0.0;true;;30006;1160;29
DRESDEN/racer4;REKKURA_GENERIC_FORWARD_PROVER_OSTD;1.0.0;true;;33375;6;0
BASE/pearls;REKKURA_GENERIC_FORWARD_PROVER_OSTD;1.0.0;true;;30000;354519;32229
DRESDEN/pancakes88;REKKURA_GENERIC_FORWARD_PROVER_OSTD;1.0.0;true;;30024;247;6
DRESDEN/tictactoeparallel;REKKURA_GENERIC_FORWARD_PROVER_OSTD;1.0.0;true;;30000;25591;10
DRESDEN/statespacelarge;REKKURA_GENERIC_FORWARD_PROVER_OSTD;1.0.0;true;;30000;34521;2465
BASE/knightwar;REKKURA_GENERIC_FORWARD_PROVER_OSTD;1.0.0;true;;30034;603;68
BASE/maze;REKKURA_GENERIC_FORWARD_PROVER_OSTD;1.0.0;true;;30000;44691;5090
DRESDEN/mummymaze2p-comp2007;REKKURA_GENERIC_FORWARD_PROVER_OSTD;1.0.0;true;;30043;597;12
DRESDEN/kitten_escapes_from_fire;REKKURA_GENERIC_FORWARD_PROVER_OSTD;1.0.0;true;;30001;1740;206
DRESDEN/checkers;REKKURA_GENERIC_FORWARD_PROVER_OSTD;1.0.0;true;;52185;1;0
DRESDEN/babel;REKKURA_GENERIC_FORWARD_PROVER_OSTD;1.0.0;true;;30008;2155;107
BASE/cittaceot;REKKURA_GENERIC_FORWARD_PROVER_OSTD;1.0.0;true;;30009;2701;7
BASE/snake_2009;REKKURA_GENERIC_FORWARD_PROVER_OSTD;1.0.0;true;;30005;4079;134
DRESDEN/quarto;REKKURA_GENERIC_FORWARD_PROVER_OSTD;1.0.0;true;;30324;82;3
BASE/factoringEasyTurtleBrain;REKKURA_GENERIC_FORWARD_PROVER_OSTD;1.0.0;true;;30000;25852;430
BASE/ticTacToeLarge;REKKURA_GENERIC_FORWARD_PROVER_OSTD;1.0.0;true;;30000;14892;0
BASE/choicethroughalt;REKKURA_GENERIC_FORWARD_PROVER_OSTD;1.0.0;true;;30009;476;12
DRESDEN/battlesnakes1509;REKKURA_GENERIC_FORWARD_PROVER_OSTD;1.0.0;true;;30001;6094;133
DRESDEN/mummymaze1p;REKKURA_GENERIC_FORWARD_PROVER_OSTD;1.0.0;false;Test process timed out after 240 seconds;0;0;0
BASE/nim1;REKKURA_GENERIC_FORWARD_PROVER_OSTD;1.0.0;true;;30024;718;102
BASE/3pttc;REKKURA_GENERIC_FORWARD_PROVER_OSTD;1.0.0;true;;30022;392;14
STANFORD/selectivesukoshi;REKKURA_GENERIC_FORWARD_PROVER_OSTD;1.0.0;true;;30004;3118;107
BASE/bunk_t;REKKURA_GENERIC_FORWARD_PROVER_OSTD;1.0.0;true;;30000;30146;89
DRESDEN/pawntoqueen;REKKURA_GENERIC_FORWARD_PROVER_OSTD;1.0.0;true;;31233;25;2
DRESDEN/queens;REKKURA_GENERIC_FORWARD_PROVER_OSTD;1.0.0;false;IllegalArgumentException: too many occurrences: 2147484126;0;0;0
BASE/wargame01;REKKURA_GENERIC_FORWARD_PROVER_OSTD;1.0.0;true;;30207;44;0
DRESDEN/vacuumcleaner_random;REKKURA_GENERIC_FORWARD_PROVER_OSTD;1.0.0;true;;33759;1;0
BASE/quartoSuicide;REKKURA_GENERIC_FORWARD_PROVER_OSTD;1.0.0;true;;30251;76;3
BASE/2pttc;REKKURA_GENERIC_FORWARD_PROVER_OSTD;1.0.0;true;;30013;595;22
BASE/lightsOnParallel;REKKURA_GENERIC_FORWARD_PROVER_OSTD;1.0.0;true;;30000;34889;1760
BASE/amazonsSuicide_10x10;REKKURA_GENERIC_FORWARD_PROVER_OSTD;1.0.0;true;;30060;72;0
BASE/checkersSmall;REKKURA_GENERIC_FORWARD_PROVER_OSTD;1.0.0;true;;30594;17;0
BASE/skirmishZeroSum;REKKURA_GENERIC_FORWARD_PROVER_OSTD;1.0.0;true;;30620;9;0
BASE/kalaha_2009;REKKURA_GENERIC_FORWARD_PROVER_OSTD;1.0.0;true;;43512;1;0
DRESDEN/brain_teaser_extended;REKKURA_GENERIC_FORWARD_PROVER_OSTD;1.0.0;true;;30000;37589;2505
BASE/factoringGeorgeForman;REKKURA_GENERIC_FORWARD_PROVER_OSTD;1.0.0;true;;30000;82030;1710
BASE/knightazons;REKKURA_GENERIC_FORWARD_PROVER_OSTD;1.0.0;true;;30036;243;0
DRESDEN/backgammon;REKKURA_GENERIC_FORWARD_PROVER_OSTD;1.0.0;true;;30011;1141;4
STANFORD/pentago;REKKURA_GENERIC_FORWARD_PROVER_OSTD;1.0.0;true;;30005;1901;33
STANFORD/untwistycomplex;REKKURA_GENERIC_FORWARD_PROVER_OSTD;1.0.0;true;;30000;63717;7079
BASE/pawnWhopping;REKKURA_GENERIC_FORWARD_PROVER_OSTD;1.0.0;true;;30000;16311;55
STANFORD/breakthrough;REKKURA_GENERIC_FORWARD_PROVER_OSTD;1.0.0;true;;30002;4616;75
DRESDEN/crisscross;REKKURA_GENERIC_FORWARD_PROVER_OSTD;1.0.0;true;;30002;5152;196
BASE/quad;REKKURA_GENERIC_FORWARD_PROVER_OSTD;1.0.0;true;;30016;126;3
DRESDEN/catcha_mouse;REKKURA_GENERIC_FORWARD_PROVER_OSTD;1.0.0;true;;30000;9308;717
DRESDEN/hanoi;REKKURA_GENERIC_FORWARD_PROVER_OSTD;1.0.0;true;;30065;527;17
DRESDEN/bomberman2p;REKKURA_GENERIC_FORWARD_PROVER_OSTD;1.0.0;true;;30042;571;75
DRESDEN/chinesecheckers4;REKKURA_GENERIC_FORWARD_PROVER_OSTD;1.0.0;true;;30019;1405;24
DRESDEN/knightfight;REKKURA_GENERIC_FORWARD_PROVER_OSTD;1.0.0;true;;30064;224;22
DRESDEN/othello-cornercontrol;REKKURA_GENERIC_FORWARD_PROVER_OSTD;1.0.0;true;;30552;10;0
STANFORD/bestbuttonsandlightsbig;REKKURA_GENERIC_FORWARD_PROVER_OSTD;1.0.0;true;;30001;22003;3667
DRESDEN/CephalopodMicro;REKKURA_GENERIC_FORWARD_PROVER_OSTD;1.0.0;true;;30022;544;0
BASE/hallway;REKKURA_GENERIC_FORWARD_PROVER_OSTD;1.0.0;true;;30062;421;14
BASE/tictactoe-init1;REKKURA_GENERIC_FORWARD_PROVER_OSTD;1.0.0;true;;30000;33441;9564
BASE/max_knights;REKKURA_GENERIC_FORWARD_PROVER_OSTD;1.0.0;true;;30108;18;3
BASE/breakthroughHoles;REKKURA_GENERIC_FORWARD_PROVER_OSTD;1.0.0;true;;30026;718;11
BASE/factoringImpossibleTurtleBrain;REKKURA_GENERIC_FORWARD_PROVER_OSTD;1.0.0;true;;30232;58;0
BASE/nim3;REKKURA_GENERIC_FORWARD_PROVER_OSTD;1.0.0;true;;30021;775;60
BASE/ruleDepthLinear;REKKURA_GENERIC_FORWARD_PROVER_OSTD;1.0.0;true;;30000;19764;10010
STANFORD/hex;REKKURA_GENERIC_FORWARD_PROVER_OSTD;1.0.0;true;;30007;446;6
BASE/breakthroughSmall;REKKURA_GENERIC_FORWARD_PROVER_OSTD;1.0.0;true;;30005;2138;78
BASE/snake_2009_big;REKKURA_GENERIC_FORWARD_PROVER_OSTD;1.0.0;true;;30008;3192;101
STANFORD/tictactoe3;REKKURA_GENERIC_FORWARD_PROVER_OSTD;1.0.0;true;;30000;31955;0
BASE/sheepAndWolf;REKKURA_GENERIC_FORWARD_PROVER_OSTD;1.0.0;true;;30008;358;0
BASE/wargame03;REKKURA_GENERIC_FORWARD_PROVER_OSTD;1.0.0;true;;30211;43;0
BASE/checkers-mustjump;REKKURA_GENERIC_FORWARD_PROVER_OSTD;1.0.0;true;;30419;28;0
DRESDEN/chinesecheckers3;REKKURA_GENERIC_FORWARD_PROVER_OSTD;1.0.0;true;;30008;2687;49
DRESDEN/catch_me;REKKURA_GENERIC_FORWARD_PROVER_OSTD;1.0.0;true;;30000;23149;2
BASE/connectFourLarger;REKKURA_GENERIC_FORWARD_PROVER_OSTD;1.0.0;true;;30059;1024;31
BASE/numbertictactoe;REKKURA_GENERIC_FORWARD_PROVER_OSTD;1.0.0;true;;30001;20749;1
DRESDEN/bidding-tictactoe;REKKURA_GENERIC_FORWARD_PROVER_OSTD;1.0.0;true;;30006;3395;26
BASE/ticblock;REKKURA_GENERIC_FORWARD_PROVER_OSTD;1.0.0;true;;30000;30561;0
BASE/cephalopodMicro;REKKURA_GENERIC_FORWARD_PROVER_OSTD;1.0.0;true;;30011;439;0
DRESDEN/chinesecheckers2;REKKURA_GENERIC_FORWARD_PROVER_OSTD;1.0.0;true;;30005;2299;59
BASE/tictactoe_3d_6player;REKKURA_GENERIC_FORWARD_PROVER_OSTD;1.0.0;true;;30022;1042;9
BASE/nim2;REKKURA_GENERIC_FORWARD_PROVER_OSTD;1.0.0;true;;30032;768;86
BASE/kalaha5x2x3;REKKURA_GENERIC_FORWARD_PROVER_OSTD;1.0.0;true;;30018;398;4
DRESDEN/quad_5x5_8_2;REKKURA_GENERIC_FORWARD_PROVER_OSTD;1.0.0;true;;30330;51;0
BASE/quad_5x5;REKKURA_GENERIC_FORWARD_PROVER_OSTD;1.0.0;true;;30241;47;3
BASE/brawl;REKKURA_GENERIC_FORWARD_PROVER_OSTD;1.0.0;true;;30014;240;24
DRESDEN/blocks;REKKURA_GENERIC_FORWARD_PROVER_OSTD;1.0.0;true;;30000;67439;22479
BASE/hanoi_6_disks;REKKURA_GENERIC_FORWARD_PROVER_OSTD;1.0.0;true;;30511;48;16
BASE/wargame02;REKKURA_GENERIC_FORWARD_PROVER_OSTD;1.0.0;true;;30524;46;0
DRESDEN/towerworld;REKKURA_GENERIC_FORWARD_PROVER_OSTD;1.0.0;true;;30064;341;0
BASE/checkersBarrelNoKings;REKKURA_GENERIC_FORWARD_PROVER_OSTD;1.0.0;true;;30051;484;6
BASE/ruleDepthExponential;REKKURA_GENERIC_FORWARD_PROVER_OSTD;1.0.0;false;Test process timed out after 240 seconds;0;0;0
BASE/sudokuGrade6E;REKKURA_GENERIC_FORWARD_PROVER_OSTD;1.0.0;true;;30003;2581;0
DRESDEN/uf20-020.cnf.SAT.satlike;REKKURA_GENERIC_FORWARD_PROVER_OSTD;1.0.0;true;;31016;8;0
DRESDEN/3pffa;REKKURA_GENERIC_FORWARD_PROVER_OSTD;1.0.0;true;;30001;5195;173
DRESDEN/peg_bugfixed;REKKURA_GENERIC_FORWARD_PROVER_OSTD;1.0.0;true;;30003;8845;0
BASE/double_tictactoe_dengji;REKKURA_GENERIC_FORWARD_PROVER_OSTD;1.0.0;true;;30000;22453;0
DRESDEN/knightstour;REKKURA_GENERIC_FORWARD_PROVER_OSTD;1.0.0;true;;30001;12976;2632
DRESDEN/chinesecheckers6-simultaneous;REKKURA_GENERIC_FORWARD_PROVER_OSTD;1.0.0;true;;30009;1230;52
BASE/tictactoex9;REKKURA_GENERIC_FORWARD_PROVER_OSTD;1.0.0;true;;30001;8090;271
BASE/amazons_10x10;REKKURA_GENERIC_FORWARD_PROVER_OSTD;1.0.0;true;;30133;72;0
STANFORD/checkersonabarrelnokings;REKKURA_GENERIC_FORWARD_PROVER_OSTD;1.0.0;true;;30071;488;8
BASE/amazonsTorus;REKKURA_GENERIC_FORWARD_PROVER_OSTD;1.0.0;true;;142989;0;0
BASE/racetrackcorridor;REKKURA_GENERIC_FORWARD_PROVER_OSTD;1.0.0;true;;30003;1433;72
DRESDEN/snake_2008;REKKURA_GENERIC_FORWARD_PROVER_OSTD;1.0.0;true;;30103;122;5
STANFORD/threepuzzle;REKKURA_GENERIC_FORWARD_PROVER_OSTD;1.0.0;true;;30000;25481;4246
DRESDEN/tictactoe_3d_2player;REKKURA_GENERIC_FORWARD_PROVER_OSTD;1.0.0;true;;30021;1138;33
BASE/chineseCheckers4;REKKURA_GENERIC_FORWARD_PROVER_OSTD;1.0.0;true;;30018;1291;22
BASE/ttcc4;REKKURA_GENERIC_FORWARD_PROVER_OSTD;1.0.0;true;;30028;591;21
DRESDEN/kalaha_2009;REKKURA_GENERIC_FORWARD_PROVER_OSTD;1.0.0;true;;43749;1;0
DRESDEN/quad_5x5;REKKURA_GENERIC_FORWARD_PROVER_OSTD;1.0.0;true;;30047;47;3
BASE/gt_chicken;REKKURA_GENERIC_FORWARD_PROVER_OSTD;1.0.0;true;;30006;3030;151
BASE/blocker;REKKURA_GENERIC_FORWARD_PROVER_OSTD;1.0.0;true;;30000;26907;0
DRESDEN/connect4;REKKURA_GENERIC_FORWARD_PROVER_OSTD;1.0.0;true;;30005;3569;154
DRESDEN/connectfoursuicide;REKKURA_GENERIC_FORWARD_PROVER_OSTD;1.0.0;true;;30000;7531;342
BASE/golden_rectangle;REKKURA_GENERIC_FORWARD_PROVER_OSTD;1.0.0;true;;30004;2968;101
DRESDEN/mimikry;REKKURA_GENERIC_FORWARD_PROVER_OSTD;1.0.0;true;;30002;3647;107
DRESDEN/battlesnakes2011;REKKURA_GENERIC_FORWARD_PROVER_OSTD;1.0.0;true;;30005;6210;179
BASE/colonelBlottoVariant;REKKURA_GENERIC_FORWARD_PROVER_OSTD;1.0.0;true;;31520;10;1
BASE/sudokuGrade1;REKKURA_GENERIC_FORWARD_PROVER_OSTD;1.0.0;true;;30004;2616;0
BASE/gt_two_thirds_2p;REKKURA_GENERIC_FORWARD_PROVER_OSTD;1.0.0;true;;167901;0;0
BASE/knightThrough;REKKURA_GENERIC_FORWARD_PROVER_OSTD;1.0.0;true;;30085;209;5
BASE/gt_centipede;REKKURA_GENERIC_FORWARD_PROVER_OSTD;1.0.0;true;;30001;13072;6591
BASE/gt_dollar;REKKURA_GENERIC_FORWARD_PROVER_OSTD;1.0.0;true;;30001;16489;8379
DRESDEN/tpeg;REKKURA_GENERIC_FORWARD_PROVER_OSTD;1.0.0;true;;30001;8641;0
BASE/tictactoe_3player;REKKURA_GENERIC_FORWARD_PROVER_OSTD;1.0.0;true;;30000;6813;33
BASE/chineseCheckers3;REKKURA_GENERIC_FORWARD_PROVER_OSTD;1.0.0;true;;30013;1660;29
DRESDEN/CatchMeIfYouCanTest;REKKURA_GENERIC_FORWARD_PROVER_OSTD;1.0.0;true;;30000;22353;6
BASE/withConviction;REKKURA_GENERIC_FORWARD_PROVER_OSTD;1.0.0;true;;30003;14044;561
BASE/chineseCheckers6;REKKURA_GENERIC_FORWARD_PROVER_OSTD;1.0.0;true;;30005;979;16
BASE/checkersTorusNoKings;REKKURA_GENERIC_FORWARD_PROVER_OSTD;1.0.0;true;;30012;469;8
DRESDEN/connect5;REKKURA_GENERIC_FORWARD_PROVER_OSTD;1.0.0;true;;30205;133;3
BASE/gt_staghunt;REKKURA_GENERIC_FORWARD_PROVER_OSTD;1.0.0;true;;30003;3800;190
BASE/futoshiki5;REKKURA_GENERIC_FORWARD_PROVER_OSTD;1.0.0;true;;30004;4765;341
DRESDEN/gt_ultimatum;REKKURA_GENERIC_FORWARD_PROVER_OSTD;1.0.0;true;;30011;550;27
BASE/firefighter;REKKURA_GENERIC_FORWARD_PROVER_OSTD;1.0.0;true;;30001;25289;573
BASE/peg;REKKURA_GENERIC_FORWARD_PROVER_OSTD;1.0.0;true;;30007;1357;0
BASE/merrills;REKKURA_GENERIC_FORWARD_PROVER_OSTD;1.0.0;true;;34641;0;0
STANFORD/rainbow;REKKURA_GENERIC_FORWARD_PROVER_OSTD;1.0.0;true;;30000;35813;5968
DRESDEN/hanoi7;REKKURA_GENERIC_FORWARD_PROVER_OSTD;1.0.0;true;;33446;6;0
DRESDEN/circlesolitaire;REKKURA_GENERIC_FORWARD_PROVER_OSTD;1.0.0;true;;30000;38914;3763
BASE/othelloHoles;REKKURA_GENERIC_FORWARD_PROVER_OSTD;1.0.0;true;;30640;45;0
STANFORD/multiplebuttonsandlights_9;REKKURA_GENERIC_FORWARD_PROVER_OSTD;1.0.0;true;;30000;29675;4945
BASE/tictactoe_3d_small_2player;REKKURA_GENERIC_FORWARD_PROVER_OSTD;1.0.0;true;;30003;6842;554
BASE/sudokuGrade2;REKKURA_GENERIC_FORWARD_PROVER_OSTD;1.0.0;true;;30009;2644;0
DRESDEN/lightsout2;REKKURA_GENERIC_FORWARD_PROVER_OSTD;1.0.0;true;;30000;24080;1204
BASE/chinook;REKKURA_GENERIC_FORWARD_PROVER_OSTD;1.0.0;true;;30018;498;17
BASE/checkers;REKKURA_GENERIC_FORWARD_PROVER_OSTD;1.0.0;true;;31074;16;0
BASE/blobwars;REKKURA_GENERIC_FORWARD_PROVER_OSTD;1.0.0;true;;34844;3;0
STANFORD/dualrainbow;REKKURA_GENERIC_FORWARD_PROVER_OSTD;1.0.0;true;;30002;21810;3635
BASE/wallmaze;REKKURA_GENERIC_FORWARD_PROVER_OSTD;1.0.0;true;;30035;585;20
BASE/gt_coordination;REKKURA_GENERIC_FORWARD_PROVER_OSTD;1.0.0;true;;30003;4780;239
BASE/chickentoetictac;REKKURA_GENERIC_FORWARD_PROVER_OSTD;1.0.0;true;;30000;35331;20
DRESDEN/minichess;REKKURA_GENERIC_FORWARD_PROVER_OSTD;1.0.0;true;;30006;2336;259
STANFORD/sudoku;REKKURA_GENERIC_FORWARD_PROVER_OSTD;1.0.0;true;;30003;2622;0
BASE/blocksWorldParallel;REKKURA_GENERIC_FORWARD_PROVER_OSTD;1.0.0;true;;30001;13686;4562
STANFORD/knightstourbig;REKKURA_GENERIC_FORWARD_PROVER_OSTD;1.0.0;true;;30004;1666;293
BASE/futoshiki4;REKKURA_GENERIC_FORWARD_PROVER_OSTD;1.0.0;true;;30002;8453;915
DRESDEN/guess;REKKURA_GENERIC_FORWARD_PROVER_OSTD;1.0.0;true;;30144;62;5
DRESDEN/Goldrush;REKKURA_GENERIC_FORWARD_PROVER_OSTD;1.0.0;true;;30009;995;130
BASE/connectFourSimultaneous;REKKURA_GENERIC_FORWARD_PROVER_OSTD;1.0.0;true;;30001;4821;272
DRESDEN/sat_test_20v_91c_visualisation;REKKURA_GENERIC_FORWARD_PROVER_OSTD;1.0.0;true;;30006;3561;178
BASE/checkers-suicide-cylinder-mustjump;REKKURA_GENERIC_FORWARD_PROVER_OSTD;1.0.0;true;;30487;29;0
BASE/englishDraughts;REKKURA_GENERIC_FORWARD_PROVER_OSTD;1.0.0;true;;30011;2039;26
BASE/sudokuGrade3;REKKURA_GENERIC_FORWARD_PROVER_OSTD;1.0.0;true;;30008;2694;0
BASE/checkLines;REKKURA_GENERIC_FORWARD_PROVER_OSTD;1.0.0;true;;30007;3486;228
BASE/breakthroughSmallHoles;REKKURA_GENERIC_FORWARD_PROVER_OSTD;1.0.0;true;;30000;16648;623
BASE/biddingTicTacToe;REKKURA_GENERIC_FORWARD_PROVER_OSTD;1.0.0;true;;30006;3112;39
DRESDEN/coins;REKKURA_GENERIC_FORWARD_PROVER_OSTD;1.0.0;true;;30000;71733;0
DRESDEN/snake_2009;REKKURA_GENERIC_FORWARD_PROVER_OSTD;1.0.0;true;;30000;4157;140
DRESDEN/checkers-mustjump-torus;REKKURA_GENERIC_FORWARD_PROVER_OSTD;1.0.0;true;;35233;5;0
STANFORD/multiplebuttonsandlights;REKKURA_GENERIC_FORWARD_PROVER_OSTD;1.0.0;true;;30000;29691;4948
BASE/blokbox_simple;REKKURA_GENERIC_FORWARD_PROVER_OSTD;1.0.0;true;;30411;91;3
BASE/gt_tinfoil;REKKURA_GENERIC_FORWARD_PROVER_OSTD;1.0.0;true;;31153;10;1
DRESDEN/statespacesmall;REKKURA_GENERIC_FORWARD_PROVER_OSTD;1.0.0;true;;30000;77795;19448
DRESDEN/slidingpieces;REKKURA_GENERIC_FORWARD_PROVER_OSTD;1.0.0;true;;30001;6483;80
DRESDEN/pacman3p;REKKURA_GENERIC_FORWARD_PROVER_OSTD;1.0.0;true;;30051;487;4
DRESDEN/buttons;REKKURA_GENERIC_FORWARD_PROVER_OSTD;1.0.0;true;;30000;94461;15743
BASE/simultaneousWin2;REKKURA_GENERIC_FORWARD_PROVER_OSTD;1.0.0;true;;30000;11098;179
BASE/sudokuGrade4;REKKURA_GENERIC_FORWARD_PROVER_OSTD;1.0.0;true;;30008;2699;0
BASE/racer;REKKURA_GENERIC_FORWARD_PROVER_OSTD;1.0.0;true;;37032;2;0
BASE/snake2p;REKKURA_GENERIC_FORWARD_PROVER_OSTD;1.0.0;true;;30000;11703;8762
DRESDEN/SC_TestOnly_enabled;REKKURA_GENERIC_FORWARD_PROVER_OSTD;1.0.0;true;;30003;6044;671
STANFORD/connectfour;REKKURA_GENERIC_FORWARD_PROVER_OSTD;1.0.0;true;;30001;5632;247
STANFORD/dualhunter;REKKURA_GENERIC_FORWARD_PROVER_OSTD;1.0.0;true;;30001;8212;586
BASE/ticTacToeLargeSuicide;REKKURA_GENERIC_FORWARD_PROVER_OSTD;1.0.0;true;;30001;14666;0
BASE/pancakes;REKKURA_GENERIC_FORWARD_PROVER_OSTD;1.0.0;true;;30124;223;5
DRESDEN/eotcatcit;REKKURA_GENERIC_FORWARD_PROVER_OSTD;1.0.0;true;;30000;51780;1
BASE/amazons_8x8;REKKURA_GENERIC_FORWARD_PROVER_OSTD;1.0.0;true;;30106;205;2
DRESDEN/point_grab;REKKURA_GENERIC_FORWARD_PROVER_OSTD;1.0.0;true;;30000;33044;1101
DRESDEN/ggp-course2013_jordi;REKKURA_GENERIC_FORWARD_PROVER_OSTD;1.0.0;true;;30000;2120;9
DRESDEN/uf20-020.cnf.SAT;REKKURA_GENERIC_FORWARD_PROVER_OSTD;1.0.0;true;;30002;3680;184
DRESDEN/lightsout;REKKURA_GENERIC_FORWARD_PROVER_OSTD;1.0.0;true;;30000;24152;1207
BASE/gt_two_thirds_4p;REKKURA_GENERIC_FORWARD_PROVER_OSTD;1.0.0;false;Test process timed out after 240 seconds;0;0;0
BASE/sudokuGrade5;REKKURA_GENERIC_FORWARD_PROVER_OSTD;1.0.0;true;;30004;2648;0
BASE/doubletictactoe;REKKURA_GENERIC_FORWARD_PROVER_OSTD;1.0.0;true;;30000;32461;0
DRESDEN/hitori;REKKURA_GENERIC_FORWARD_PROVER_OSTD;1.0.0;true;;34145;6;0
BASE/four_way_battle;REKKURA_GENERIC_FORWARD_PROVER_OSTD;1.0.0;true;;30154;32;1
DRESDEN/roshambo2;REKKURA_GENERIC_FORWARD_PROVER_OSTD;1.0.0;true;;30002;8278;971
BASE/tictactoe_orthogonal;REKKURA_GENERIC_FORWARD_PROVER_OSTD;1.0.0;true;;30000;45076;0
BASE/colonelBlotto;REKKURA_GENERIC_FORWARD_PROVER_OSTD;1.0.0;true;;31434;8;1
DRESDEN/god;REKKURA_GENERIC_FORWARD_PROVER_OSTD;1.0.0;true;;30074;110;3
DRESDEN/sum15;REKKURA_GENERIC_FORWARD_PROVER_OSTD;1.0.0;true;;30000;56326;15
BASE/ticTacToeSerial;REKKURA_GENERIC_FORWARD_PROVER_OSTD;1.0.0;true;;30001;18377;1
DRESDEN/hanoi7_bugfix;REKKURA_GENERIC_FORWARD_PROVER_OSTD;1.0.0;true;;33793;6;0
BASE/twisty-passages;REKKURA_GENERIC_FORWARD_PROVER_OSTD;1.0.0;true;;37455;1;0
DRESDEN/uf20-010.cnf.SAT;REKKURA_GENERIC_FORWARD_PROVER_OSTD;1.0.0;true;;30001;3725;186
DRESDEN/sheep_and_wolf;REKKURA_GENERIC_FORWARD_PROVER_OSTD;1.0.0;true;;30001;8170;0
BASE/chomp;REKKURA_GENERIC_FORWARD_PROVER_OSTD;1.0.0;true;;30001;5625;785
DRESDEN/2player_normal_form_2010;REKKURA_GENERIC_FORWARD_PROVER_OSTD;1.0.0;true;;30000;42722;42722
BASE/chineseCheckers2;REKKURA_GENERIC_FORWARD_PROVER_OSTD;1.0.0;true;;30004;2416;63
STANFORD/multiplesukoshi;REKKURA_GENERIC_FORWARD_PROVER_OSTD;1.0.0;true;;30001;3103;0
BASE/pentago;REKKURA_GENERIC_FORWARD_PROVER_OSTD;1.0.0;true;;30012;1871;33
BASE/mummyMaze2p_2007;REKKURA_GENERIC_FORWARD_PROVER_OSTD;1.0.0;true;;30048;584;11
BASE/haystack;REKKURA_GENERIC_FORWARD_PROVER_OSTD;1.0.0;true;;30000;354245;118168
BASE/crossers3;REKKURA_GENERIC_FORWARD_PROVER_OSTD;1.0.0;true;;30012;73;2
DRESDEN/smallest_4player;REKKURA_GENERIC_FORWARD_PROVER_OSTD;1.0.0;true;;30003;884;37
STANFORD/bestbuttonsandlights;REKKURA_GENERIC_FORWARD_PROVER_OSTD;1.0.0;true;;30000;30874;5145
BASE/eightPuzzle;REKKURA_GENERIC_FORWARD_PROVER_OSTD;1.0.0;true;;30000;12119;201
DRESDEN/latenttictactoe;REKKURA_GENERIC_FORWARD_PROVER_OSTD;1.0.0;true;;30000;32206;0
STANFORD/nineboardtictactoe;REKKURA_GENERIC_FORWARD_PROVER_OSTD;1.0.0;true;;30004;4819;0
DRESDEN/pawn_whopping;REKKURA_GENERIC_FORWARD_PROVER_OSTD;1.0.0;true;;30000;24289;125
DRESDEN/skirmish2;REKKURA_GENERIC_FORWARD_PROVER_OSTD;1.0.0;true;;30064;338;8
DRESDEN/3qbf-5cnf-20var-40cl.1.qdimacs.viz.SAT;REKKURA_GENERIC_FORWARD_PROVER_OSTD;1.0.0;true;;30003;4878;84
BASE/laikLee_hex;REKKURA_GENERIC_FORWARD_PROVER_OSTD;1.0.0;false;Test process timed out after 240 seconds;0;0;0
DRESDEN/Travelers-Dilemma;REKKURA_GENERIC_FORWARD_PROVER_OSTD;1.0.0;true;;30824;5;0
BASE/quad_7x7;REKKURA_GENERIC_FORWARD_PROVER_OSTD;1.0.0;true;;30009;541;16
DRESDEN/blockerparallel;REKKURA_GENERIC_FORWARD_PROVER_OSTD;1.0.0;true;;30001;10311;2
BASE/knightsTour;REKKURA_GENERIC_FORWARD_PROVER_OSTD;1.0.0;true;;30000;6733;1376
DRESDEN/blocks2player;REKKURA_GENERIC_FORWARD_PROVER_OSTD;1.0.0;true;;30000;41444;2302
BASE/chineseCheckers1;REKKURA_GENERIC_FORWARD_PROVER_OSTD;1.0.0;true;;30002;3467;123
BASE/knightfight;REKKURA_GENERIC_FORWARD_PROVER_OSTD;1.0.0;true;;30038;223;19
DRESDEN/vacuumcleaner_random_big;REKKURA_GENERIC_FORWARD_PROVER_OSTD;1.0.0;true;;143069;0;0
BASE/asteroidsParallel;REKKURA_GENERIC_FORWARD_PROVER_OSTD;1.0.0;true;;30000;6423;150
BASE/qyshinsu;REKKURA_GENERIC_FORWARD_PROVER_OSTD;1.0.0;true;;30014;1377;56
BASE/hanoi;REKKURA_GENERIC_FORWARD_PROVER_OSTD;1.0.0;true;;30015;505;16
BASE/aipsrovers01;REKKURA_GENERIC_FORWARD_PROVER_OSTD;1.0.0;true;;30001;9884;341
BASE/snakeParallel;REKKURA_GENERIC_FORWARD_PROVER_OSTD;1.0.0;true;;30000;19054;4208
DRESDEN/checkers-cylinder-mustjump;REKKURA_GENERIC_FORWARD_PROVER_OSTD;1.0.0;true;;30010;12;0
DRESDEN/quad_7x7;REKKURA_GENERIC_FORWARD_PROVER_OSTD;1.0.0;true;;30015;546;16
BASE/asteroids;REKKURA_GENERIC_FORWARD_PROVER_OSTD;1.0.0;true;;30001;10799;225
BASE/crisscross;REKKURA_GENERIC_FORWARD_PROVER_OSTD;1.0.0;true;;30003;5037;194
BASE/skirmishFinal3;REKKURA_GENERIC_FORWARD_PROVER_OSTD;1.0.0;true;;30061;321;5
DRESDEN/pawn_whopping_simultaneous;REKKURA_GENERIC_FORWARD_PROVER_OSTD;1.0.0;true;;30002;10901;600
DRESDEN/knightwar;REKKURA_GENERIC_FORWARD_PROVER_OSTD;1.0.0;true;;30002;3535;412
BASE/onestep;REKKURA_GENERIC_FORWARD_PROVER_OSTD;1.0.0;true;;30000;190817;190817
BASE/queens;REKKURA_GENERIC_FORWARD_PROVER_OSTD;1.0.0;false;IllegalArgumentException: too many occurrences: 2147484126;0;0;0
DRESDEN/small_dominion;REKKURA_GENERIC_FORWARD_PROVER_OSTD;1.0.0;true;;32149;8;0
BASE/ad_game_2x2;REKKURA_GENERIC_FORWARD_PROVER_OSTD;1.0.0;true;;39498;0;0
DRESDEN/gt_prisoner;REKKURA_GENERIC_FORWARD_PROVER_OSTD;1.0.0;true;;30000;5271;263
BASE/ttcc4_2player_small;REKKURA_GENERIC_FORWARD_PROVER_OSTD;1.0.0;true;;30017;1558;107
BASE/knightsTourLarge;REKKURA_GENERIC_FORWARD_PROVER_OSTD;1.0.0;true;;30000;2430;393
DRESDEN/quartosuicide;REKKURA_GENERIC_FORWARD_PROVER_OSTD;1.0.0;true;;30055;82;3
BASE/ttcc4_2player_alt;REKKURA_GENERIC_FORWARD_PROVER_OSTD;1.0.0;true;;30055;398;11
BASE/connectFourLarge;REKKURA_GENERIC_FORWARD_PROVER_OSTD;1.0.0;true;;30001;3116;112
DRESDEN/cylinder-checkers;REKKURA_GENERIC_FORWARD_PROVER_OSTD;1.0.0;true;;31095;5;0
BASE/dotsAndBoxesSuicide;REKKURA_GENERIC_FORWARD_PROVER_OSTD;1.0.0;true;;30005;714;0
DRESDEN/blobwars;REKKURA_GENERIC_FORWARD_PROVER_OSTD;1.0.0;true;;35313;3;0
STANFORD/trifecta;REKKURA_GENERIC_FORWARD_PROVER_OSTD;1.0.0;true;;30000;29219;13
BASE/duplicateStateSmall;REKKURA_GENERIC_FORWARD_PROVER_OSTD;1.0.0;true;;30000;57534;14383
BASE/ticTacHeaven;REKKURA_GENERIC_FORWARD_PROVER_OSTD;1.0.0;true;;30002;8197;4
DRESDEN/satlike_20v_91c;REKKURA_GENERIC_FORWARD_PROVER_OSTD;1.0.0;true;;30338;7;0
BASE/hex;REKKURA_GENERIC_FORWARD_PROVER_OSTD;1.0.0;true;;30044;450;6
DRESDEN/Zhadu;REKKURA_GENERIC_FORWARD_PROVER_OSTD;1.0.0;true;;30029;592;16
STANFORD/chinook;REKKURA_GENERIC_FORWARD_PROVER_OSTD;1.0.0;true;;30040;461;11
BASE/alexChess;REKKURA_GENERIC_FORWARD_PROVER_OSTD;1.0.0;true;;30092;101;0
DRESDEN/tictactoe_3d_small_2player;REKKURA_GENERIC_FORWARD_PROVER_OSTD;1.0.0;true;;30000;6341;512
BASE/4pttc;REKKURA_GENERIC_FORWARD_PROVER_OSTD;1.0.0;true;;30086;275;8
DRESDEN/connectfour;REKKURA_GENERIC_FORWARD_PROVER_OSTD;1.0.0;true;;30000;7483;334
STANFORD/3puzzle;REKKURA_GENERIC_FORWARD_PROVER_OSTD;1.0.0;true;;30000;25224;4204
BASE/ticTacToe;REKKURA_GENERIC_FORWARD_PROVER_OSTD;1.0.0;true;;30000;29330;0
DRESDEN/doubletoetictac;REKKURA_GENERIC_FORWARD_PROVER_OSTD;1.0.0;true;;30000;30177;33
DRESDEN/four_way_battle;REKKURA_GENERIC_FORWARD_PROVER_OSTD;1.0.0;true;;30459;32;0
DRESDEN/knightthrough;REKKURA_GENERIC_FORWARD_PROVER_OSTD;1.0.0;true;;30018;677;22
BASE/ghostMaze2p;REKKURA_GENERIC_FORWARD_PROVER_OSTD;1.0.0;true;;30008;622;12
BASE/knightmove;REKKURA_GENERIC_FORWARD_PROVER_OSTD;1.0.0;true;;30471;61;0
DRESDEN/battle;REKKURA_GENERIC_FORWARD_PROVER_OSTD;1.0.0;true;;30558;18;0
BASE/slidingpieces;REKKURA_GENERIC_FORWARD_PROVER_OSTD;1.0.0;true;;30000;5648;69
BASE/strangeSkirmish;REKKURA_GENERIC_FORWARD_PROVER_OSTD;1.0.0;true;;30079;258;2
DRESDEN/checkers-newgoals;REKKURA_GENERIC_FORWARD_PROVER_OSTD;1.0.0;true;;33239;5;0
BASE/eotcatcit;REKKURA_GENERIC_FORWARD_PROVER_OSTD;1.0.0;true;;30000;48906;8
DRESDEN/tttcc4;REKKURA_GENERIC_FORWARD_PROVER_OSTD;1.0.0;true;;30014;603;21
BASE/stateSpaceLarge;REKKURA_GENERIC_FORWARD_PROVER_OSTD;1.0.0;true;;30000;31484;2248
DRESDEN/chickentictactoe;REKKURA_GENERIC_FORWARD_PROVER_OSTD;1.0.0;true;;30000;46325;10
STANFORD/jointbuttonsandlights;REKKURA_GENERIC_FORWARD_PROVER_OSTD;1.0.0;true;;30000;32720;5683
DRESDEN/tictactoe_3d_small_6player;REKKURA_GENERIC_FORWARD_PROVER_OSTD;1.0.0;true;;30001;4842;137
BASE/brain_teaser_extended;REKKURA_GENERIC_FORWARD_PROVER_OSTD;1.0.0;true;;30000;37850;2523
BASE/skirmish;REKKURA_GENERIC_FORWARD_PROVER_OSTD;1.0.0;true;;30060;154;1
BASE/connect5;REKKURA_GENERIC_FORWARD_PROVER_OSTD;1.0.0;true;;30219;136;3
DRESDEN/minichess-evilconjuncts;REKKURA_GENERIC_FORWARD_PROVER_OSTD;1.0.0;true;;30009;2367;263
BASE/nineBoardTicTacToePie;REKKURA_GENERIC_FORWARD_PROVER_OSTD;1.0.0;true;;30001;5464;0
DRESDEN/skirmishfinal;REKKURA_GENERIC_FORWARD_PROVER_OSTD;1.0.0;true;;30014;293;4
BASE/conn4;REKKURA_GENERIC_FORWARD_PROVER_OSTD;1.0.0;true;;30003;11423;73
DRESDEN/tictictoe;REKKURA_GENERIC_FORWARD_PROVER_OSTD;1.0.0;true;;30000;27967;5583
DRESDEN/snake_2009_big;REKKURA_GENERIC_FORWARD_PROVER_OSTD;1.0.0;true;;30000;3265;93
BASE/troublemaker02;REKKURA_GENERIC_FORWARD_PROVER_OSTD;1.0.0;true;;30000;93317;31131
BASE/toetictac;REKKURA_GENERIC_FORWARD_PROVER_OSTD;1.0.0;true;;30000;38006;3
BASE/3pffa;REKKURA_GENERIC_FORWARD_PROVER_OSTD;1.0.0;true;;30001;1380;46
BASE/2pffa;REKKURA_GENERIC_FORWARD_PROVER_OSTD;1.0.0;true;;30012;1612;53
STANFORD/breakthroughsmall;REKKURA_GENERIC_FORWARD_PROVER_OSTD;1.0.0;true;;30004;1988;76
DRESDEN/tictactoe_3player;REKKURA_GENERIC_FORWARD_PROVER_OSTD;1.0.0;true;;30002;6965;5
DRESDEN/nim4;REKKURA_GENERIC_FORWARD_PROVER_OSTD;1.0.0;true;;30010;784;57
DRESDEN/tictactoe-init1;REKKURA_GENERIC_FORWARD_PROVER_OSTD;1.0.0;true;;30000;34278;9771
DRESDEN/hallway;REKKURA_GENERIC_FORWARD_PROVER_OSTD;1.0.0;true;;30013;422;14
BASE/connect4;REKKURA_GENERIC_FORWARD_PROVER_OSTD;1.0.0;true;;30001;4109;197
BASE/racer4;REKKURA_GENERIC_FORWARD_PROVER_OSTD;1.0.0;true;;33735;6;0
BASE/nineBoardTicTacToe;REKKURA_GENERIC_FORWARD_PROVER_OSTD;1.0.0;true;;30001;4790;0
BASE/futoshiki6;REKKURA_GENERIC_FORWARD_PROVER_OSTD;1.0.0;true;;30004;3176;160
DRESDEN/Thief_Police;REKKURA_GENERIC_FORWARD_PROVER_OSTD;1.0.0;true;;30000;23172;0
BASE/connectFour;REKKURA_GENERIC_FORWARD_PROVER_OSTD;1.0.0;true;;30001;6344;281
DRESDEN/3qbf-5cnf-20var-40cl.2.qdimacs.SAT;REKKURA_GENERIC_FORWARD_PROVER_OSTD;1.0.0;true;;30002;4962;84
DRESDEN/crissrace;REKKURA_GENERIC_FORWARD_PROVER_OSTD;1.0.0;true;;30011;1089;24
DRESDEN/brawl;REKKURA_GENERIC_FORWARD_PROVER_OSTD;1.0.0;true;;30140;240;24
BASE/troublemaker01;REKKURA_GENERIC_FORWARD_PROVER_OSTD;1.0.0;true;;30000;110293;36817
STANFORD/madness;REKKURA_GENERIC_FORWARD_PROVER_OSTD;1.0.0;true;;30273;46;0
BASE/gt_attrition;REKKURA_GENERIC_FORWARD_PROVER_OSTD;1.0.0;true;;30186;5;1
BASE/breakthroughSuicide;REKKURA_GENERIC_FORWARD_PROVER_OSTD;1.0.0;true;;30025;746;10
BASE/pentagoSuicide;REKKURA_GENERIC_FORWARD_PROVER_OSTD;1.0.0;true;;30005;1891;34
BASE/amazonsTorus_10x10;REKKURA_GENERIC_FORWARD_PROVER_OSTD;1.0.0;true;;30326;29;0
BASE/endgame;REKKURA_GENERIC_FORWARD_PROVER_OSTD;1.0.0;true;;30014;822;58
DRESDEN/double_tictactoe_dengji;REKKURA_GENERIC_FORWARD_PROVER_OSTD;1.0.0;true;;30000;21996;4
DRESDEN/racetrackcorridor;REKKURA_GENERIC_FORWARD_PROVER_OSTD;1.0.0;true;;30000;1409;81
DRESDEN/breakthrough;REKKURA_GENERIC_FORWARD_PROVER_OSTD;1.0.0;true;;30019;742;9
DRESDEN/statespacemedium;REKKURA_GENERIC_FORWARD_PROVER_OSTD;1.0.0;true;;30000;49089;5454
BASE/speedChess;REKKURA_GENERIC_FORWARD_PROVER_OSTD;1.0.0;true;;30100;106;1
DRESDEN/cubicup;REKKURA_GENERIC_FORWARD_PROVER_OSTD;1.0.0;true;;30000;5327;95
DRESDEN/golden_rectangle;REKKURA_GENERIC_FORWARD_PROVER_OSTD;1.0.0;true;;30003;1452;47
BASE/eotcitcit;REKKURA_GENERIC_FORWARD_PROVER_OSTD;1.0.0;true;;30000;26521;5292
BASE/skirmishFinal2;REKKURA_GENERIC_FORWARD_PROVER_OSTD;1.0.0;true;;30078;297;5
STANFORD/knightstour;REKKURA_GENERIC_FORWARD_PROVER_OSTD;1.0.0;true;;30001;6702;1378
DRESDEN/logistics;REKKURA_GENERIC_FORWARD_PROVER_OSTD;1.0.0;true;;30003;6910;138
DRESDEN/bidding-tictactoe_10coins;REKKURA_GENERIC_FORWARD_PROVER_OSTD;1.0.0;true;;30039;689;4
DRESDEN/ticblock;REKKURA_GENERIC_FORWARD_PROVER_OSTD;1.0.0;true;;30000;29872;2
DRESDEN/breakthroughsuicide;REKKURA_GENERIC_FORWARD_PROVER_OSTD;1.0.0;true;;30028;742;12
DRESDEN/Catch-Me-If-You-Can;REKKURA_GENERIC_FORWARD_PROVER_OSTD;1.0.0;true;;30000;23796;2
DRESDEN/nim2;REKKURA_GENERIC_FORWARD_PROVER_OSTD;1.0.0;true;;30029;746;87
DRESDEN/battlebrushes;REKKURA_GENERIC_FORWARD_PROVER_OSTD;1.0.0;true;;32358;5;0
STANFORD/multipletictactoe;REKKURA_GENERIC_FORWARD_PROVER_OSTD;1.0.0;true;;30005;4588;256
BASE/blocks;REKKURA_GENERIC_FORWARD_PROVER_OSTD;1.0.0;true;;30000;66160;22053
BASE/lightsOnSimul4;REKKURA_GENERIC_FORWARD_PROVER_OSTD;1.0.0;true;;30000;8575;1344
BASE/dotsAndBoxes;REKKURA_GENERIC_FORWARD_PROVER_OSTD;1.0.0;true;;30010;691;0
BASE/skirmishFinal1;REKKURA_GENERIC_FORWARD_PROVER_OSTD;1.0.0;true;;30015;301;5
DRESDEN/3pttc;REKKURA_GENERIC_FORWARD_PROVER_OSTD;1.0.0;true;;30001;5088;174
BASE/kitten_escapes_from_fire;REKKURA_GENERIC_FORWARD_PROVER_OSTD;1.0.0;true;;30006;1784;217
BASE/amazons;REKKURA_GENERIC_FORWARD_PROVER_OSTD;1.0.0;true;;110927;0;0
BASE/pegEuro;REKKURA_GENERIC_FORWARD_PROVER_OSTD;1.0.0;true;;30012;1315;0
DRESDEN/max_knights;REKKURA_GENERIC_FORWARD_PROVER_OSTD;1.0.0;true;;30293;19;3
DRESDEN/smallest;REKKURA_GENERIC_FORWARD_PROVER_OSTD;1.0.0;true;;30022;826;34
DRESDEN/quad;REKKURA_GENERIC_FORWARD_PROVER_OSTD;1.0.0;true;;30221;124;2
BASE/bomberman2p;REKKURA_GENERIC_FORWARD_PROVER_OSTD;1.0.0;true;;30043;578;73
DRESDEN/knightazons;REKKURA_GENERIC_FORWARD_PROVER_OSTD;1.0.0;true;;30073;248;0
BASE/switches;REKKURA_GENERIC_FORWARD_PROVER_OSTD;1.0.0;true;;30000;49613;49613
BASE/skirmishNew;REKKURA_GENERIC_FORWARD_PROVER_OSTD;1.0.0;true;;30011;103;1
BASE/zhadu;REKKURA_GENERIC_FORWARD_PROVER_OSTD;1.0.0;true;;30014;517;14
STANFORD/untwistycorridor;REKKURA_GENERIC_FORWARD_PROVER_OSTD;1.0.0;true;;30000;66370;9481
DRESDEN/nim3;REKKURA_GENERIC_FORWARD_PROVER_OSTD;1.0.0;true;;30005;772;60
STANFORD/duidoku;REKKURA_GENERIC_FORWARD_PROVER_OSTD;1.0.0;true;;30011;1594;0
BASE/cubicup;REKKURA_GENERIC_FORWARD_PROVER_OSTD;1.0.0;true;;30001;5185;92
DRESDEN/tictactoe_3d_6player;REKKURA_GENERIC_FORWARD_PROVER_OSTD;1.0.0;true;;30033;1079;9
DRESDEN/chinesecheckers1;REKKURA_GENERIC_FORWARD_PROVER_OSTD;1.0.0;true;;30002;4739;173
BASE/minichess;REKKURA_GENERIC_FORWARD_PROVER_OSTD;1.0.0;true;;30007;2504;834
DRESDEN/3qbf-5cnf-20var-40cl.0.qdimacs;REKKURA_GENERIC_FORWARD_PROVER_OSTD;1.0.0;true;;30002;6885;117
DRESDEN/doubletictactoe;REKKURA_GENERIC_FORWARD_PROVER_OSTD;1.0.0;true;;30000;31237;10
DRESDEN/checkers-mustjump;REKKURA_GENERIC_FORWARD_PROVER_OSTD;1.0.0;true;;34995;5;0
BASE/checkersTiny;REKKURA_GENERIC_FORWARD_PROVER_OSTD;1.0.0;true;;30999;19;0
DRESDEN/tictactoelargesuicide;REKKURA_GENERIC_FORWARD_PROVER_OSTD;1.0.0;true;;30000;20488;4
DRESDEN/checkers-suicide-cylinder-mustjump;REKKURA_GENERIC_FORWARD_PROVER_OSTD;1.0.0;true;;31371;13;0
STANFORD/sukoshi;REKKURA_GENERIC_FORWARD_PROVER_OSTD;1.0.0;true;;30000;29157;0
BASE/ticTacHeavenFC;REKKURA_GENERIC_FORWARD_PROVER_OSTD;1.0.0;true;;30002;7102;10
BASE/guess;REKKURA_GENERIC_FORWARD_PROVER_OSTD;1.0.0;true;;30029;61;5
DRESDEN/hanoi_6_disks;REKKURA_GENERIC_FORWARD_PROVER_OSTD;1.0.0;true;;30045;44;17
DRESDEN/tictactoe_orthogonal;REKKURA_GENERIC_FORWARD_PROVER_OSTD;1.0.0;true;;30000;45053;4
BASE/hodgepodge;REKKURA_GENERIC_FORWARD_PROVER_OSTD;1.0.0;true;;30000;22616;22616
BASE/god;REKKURA_GENERIC_FORWARD_PROVER_OSTD;1.0.0;true;;30159;112;3
DRESDEN/grid_game2;REKKURA_GENERIC_FORWARD_PROVER_OSTD;1.0.0;true;;30001;9954;203
DRESDEN/endgame;REKKURA_GENERIC_FORWARD_PROVER_OSTD;1.0.0;true;;30034;572;40
DRESDEN/3qbf-5cnf-20var-40cl.1.qdimacs.SAT;REKKURA_GENERIC_FORWARD_PROVER_OSTD;1.0.0;true;;30003;5052;86
DRESDEN/3qbf-5cnf-20var-40cl.2.qdimacs.satlike;REKKURA_GENERIC_FORWARD_PROVER_OSTD;1.0.0;true;;30021;158;2
DRESDEN/firefighter;REKKURA_GENERIC_FORWARD_PROVER_OSTD;1.0.0;true;;30000;25217;571
DRESDEN/chomp;REKKURA_GENERIC_FORWARD_PROVER_OSTD;1.0.0;true;;30002;5586;785
DRESDEN/ggp-course2013_michal13;REKKURA_GENERIC_FORWARD_PROVER_OSTD;1.0.0;true;;30006;2720;81
BASE/mummymaze1p;REKKURA_GENERIC_FORWARD_PROVER_OSTD;1.0.0;false;Test process timed out after 240 seconds;0;0;0
BASE/pawnToQueen;REKKURA_GENERIC_FORWARD_PROVER_OSTD;1.0.0;true;;30574;23;2
STANFORD/8puzzle;REKKURA_GENERIC_FORWARD_PROVER_OSTD;1.0.0;true;;30001;12284;204
BASE/checkersTorus;REKKURA_GENERIC_FORWARD_PROVER_OSTD;1.0.0;true;;30060;390;5
DRESDEN/ghostmaze2p;REKKURA_GENERIC_FORWARD_PROVER_OSTD;1.0.0;true;;30028;639;13
BASE/tictactoe2;REKKURA_GENERIC_FORWARD_PROVER_OSTD;1.0.0;true;;30000;42041;6
BASE/stateSpaceSmall;REKKURA_GENERIC_FORWARD_PROVER_OSTD;1.0.0;true;;30000;77416;19354
BASE/buttons;REKKURA_GENERIC_FORWARD_PROVER_OSTD;1.0.0;true;;30000;95859;15976
DRESDEN/nim1;REKKURA_GENERIC_FORWARD_PROVER_OSTD;1.0.0;true;;30016;730;108
DRESDEN/crossers3;REKKURA_GENERIC_FORWARD_PROVER_OSTD;1.0.0;true;;30095;73;2
BASE/snake_2008_tweaked;REKKURA_GENERIC_FORWARD_PROVER_OSTD;1.0.0;true;;30116;124;4
BASE/checkers-mustjump-torus;REKKURA_GENERIC_FORWARD_PROVER_OSTD;1.0.0;true;;30598;32;0
DRESDEN/twisty-passages;REKKURA_GENERIC_FORWARD_PROVER_OSTD;1.0.0;true;;37346;1;0
DRESDEN/farmers;REKKURA_GENERIC_FORWARD_PROVER_OSTD;1.0.0;true;;214426;0;0
BASE/escortLatch;REKKURA_GENERIC_FORWARD_PROVER_OSTD;1.0.0;true;;30015;1867;32
BASE/coins;REKKURA_GENERIC_FORWARD_PROVER_OSTD;1.0.0;true;;30000;67825;0
BASE/ttcc4_2player;REKKURA_GENERIC_FORWARD_PROVER_OSTD;1.0.0;true;;30008;402;8
DRESDEN/tictactoex9;REKKURA_GENERIC_FORWARD_PROVER_OSTD;1.0.0;true;;30003;7060;238
DRESDEN/bunk_t;REKKURA_GENERIC_FORWARD_PROVER_OSTD;1.0.0;true;;30000;31198;87
DRESDEN/blocker;REKKURA_GENERIC_FORWARD_PROVER_OSTD;1.0.0;true;;30000;42580;0
DRESDEN/chickentoetictac;REKKURA_GENERIC_FORWARD_PROVER_OSTD;1.0.0;true;;30000;31091;3
DRESDEN/pancakes;REKKURA_GENERIC_FORWARD_PROVER_OSTD;1.0.0;true;;30043;211;5
DRESDEN/ggp-course2013_nicolai;REKKURA_GENERIC_FORWARD_PROVER_OSTD;1.0.0;true;;30002;465;16
BASE/catcha_mouse;REKKURA_GENERIC_FORWARD_PROVER_OSTD;1.0.0;true;;30002;7826;591
BASE/tictactoe_3d_small_6player;REKKURA_GENERIC_FORWARD_PROVER_OSTD;1.0.0;true;;30004;4157;121
DRESDEN/satlike_20v_91c_version2;REKKURA_GENERIC_FORWARD_PROVER_OSTD;1.0.0;true;;31544;8;0
BASE/tpeg;REKKURA_GENERIC_FORWARD_PROVER_OSTD;1.0.0;true;;30001;8035;0
DRESDEN/troublemaker02;REKKURA_GENERIC_FORWARD_PROVER_OSTD;1.0.0;true;;30000;98146;32700
DRESDEN/knightmove;REKKURA_GENERIC_FORWARD_PROVER_OSTD;1.0.0;true;;30013;58;0
BASE/pancakes88;REKKURA_GENERIC_FORWARD_PROVER_OSTD;1.0.0;true;;30085;24;0
DRESDEN/skirmish;REKKURA_GENERIC_FORWARD_PROVER_OSTD;1.0.0;true;;30060;323;8
DRESDEN/grid_game;REKKURA_GENERIC_FORWARD_PROVER_OSTD;1.0.0;true;;30005;4773;137
STANFORD/buttonsandlights;REKKURA_GENERIC_FORWARD_PROVER_OSTD;1.0.0;true;;30000;81969;13849
BASE/blockerSerial;REKKURA_GENERIC_FORWARD_PROVER_OSTD;1.0.0;true;;30000;9349;0
BASE/mummymaze2p;REKKURA_GENERIC_FORWARD_PROVER_OSTD;1.0.0;true;;30059;307;6
BASE/snake_2008;REKKURA_GENERIC_FORWARD_PROVER_OSTD;1.0.0;true;;30185;124;5
BASE/quarto;REKKURA_GENERIC_FORWARD_PROVER_OSTD;1.0.0;true;;30125;79;1
DRESDEN/tictactoelarge;REKKURA_GENERIC_FORWARD_PROVER_OSTD;1.0.0;true;;30000;20637;0
BASE/hitori;REKKURA_GENERIC_FORWARD_PROVER_OSTD;1.0.0;true;;34399;6;0
DRESDEN/peg;REKKURA_GENERIC_FORWARD_PROVER_OSTD;1.0.0;true;;30002;9012;0
BASE/duplicateStateLarge;REKKURA_GENERIC_FORWARD_PROVER_OSTD;1.0.0;true;;30004;6776;484
BASE/pancakes6;REKKURA_GENERIC_FORWARD_PROVER_OSTD;1.0.0;true;;30037;214;5
BASE/incredible;REKKURA_GENERIC_FORWARD_PROVER_OSTD;1.0.0;true;;30000;20108;1058
BASE/hexPie;REKKURA_GENERIC_FORWARD_PROVER_OSTD;1.0.0;true;;30017;435;5
DRESDEN/pentago_2008;REKKURA_GENERIC_FORWARD_PROVER_OSTD;1.0.0;true;;30001;3467;59
DRESDEN/pawn_whopping_corrected;REKKURA_GENERIC_FORWARD_PROVER_OSTD;1.0.0;true;;30000;18258;45
DRESDEN/troublemaker01;REKKURA_GENERIC_FORWARD_PROVER_OSTD;1.0.0;true;;30000;113017;37611
BASE/beatMania;REKKURA_GENERIC_FORWARD_PROVER_OSTD;1.0.0;true;;30001;21942;365
BASE/amazonsSuicide;REKKURA_GENERIC_FORWARD_PROVER_OSTD;1.0.0;true;;83316;0;0
DRESDEN/blocksworldparallel;REKKURA_GENERIC_FORWARD_PROVER_OSTD;1.0.0;true;;30001;22081;7360
BASE/majorities;REKKURA_GENERIC_FORWARD_PROVER_OSTD;1.0.0;true;;30004;2219;41
STANFORD/triplesukoshi;REKKURA_GENERIC_FORWARD_PROVER_OSTD;1.0.0;true;;30002;7724;1103
BASE/breakthroughWalls;REKKURA_GENERIC_FORWARD_PROVER_OSTD;1.0.0;true;;30032;665;12
DRESDEN/uf20-01.cnf.SAT;REKKURA_GENERIC_FORWARD_PROVER_OSTD;1.0.0;true;;30006;3472;173
DRESDEN/aipsrovers01;REKKURA_GENERIC_FORWARD_PROVER_OSTD;1.0.0;true;;30002;9606;331
DRESDEN/vacuumcleaner_obstacles_3;REKKURA_GENERIC_FORWARD_PROVER_OSTD;1.0.0;false;Test process timed out after 240 seconds;0;0;0
BASE/factoringMutuallyAssuredDestruction;REKKURA_GENERIC_FORWARD_PROVER_OSTD;1.0.0;true;;30001;23594;1179
STANFORD/tictactoe;REKKURA_GENERIC_FORWARD_PROVER_OSTD;1.0.0;true;;30000;29435;2
BASE/coloredtrails;REKKURA_GENERIC_FORWARD_PROVER_OSTD;1.0.0;true;;30002;12575;1397
STANFORD/eightpuzzle;REKKURA_GENERIC_FORWARD_PROVER_OSTD;1.0.0;true;;30000;11769;235
DRESDEN/cubicup_3player;REKKURA_GENERIC_FORWARD_PROVER_OSTD;1.0.0;true;;30001;4351;51
BASE/3pConnectFour;REKKURA_GENERIC_FORWARD_PROVER_OSTD;1.0.0;true;;30001;5082;5
STANFORD/skirmish;REKKURA_GENERIC_FORWARD_PROVER_OSTD;1.0.0;true;;30112;47;0
BASE/lightsOnSimultaneous;REKKURA_GENERIC_FORWARD_PROVER_OSTD;1.0.0;true;;30001;11324;754
BASE/circlesolitaire;REKKURA_GENERIC_FORWARD_PROVER_OSTD;1.0.0;true;;30000;38318;3741
BASE/battle;REKKURA_GENERIC_FORWARD_PROVER_OSTD;1.0.0;true;;30821;18;0
BASE/sum15;REKKURA_GENERIC_FORWARD_PROVER_OSTD;1.0.0;true;;30000;54369;49
STANFORD/alquerquezero;REKKURA_GENERIC_FORWARD_PROVER_OSTD;1.0.0;true;;30000;1401;48
BASE/colonelBlottoVariant2;REKKURA_GENERIC_FORWARD_PROVER_OSTD;1.0.0;true;;30643;9;1
BASE/survival;REKKURA_GENERIC_FORWARD_PROVER_OSTD;1.0.0;true;;30000;191919;164528
STANFORD/platformjumpers;REKKURA_GENERIC_FORWARD_PROVER_OSTD;1.0.0;true;;30175;101;1
BASE/smallest_4player;REKKURA_GENERIC_FORWARD_PROVER_OSTD;1.0.0;true;;30023;853;36
DRESDEN/tictactoe;REKKURA_GENERIC_FORWARD_PROVER_OSTD;1.0.0;true;;30000;49501;11
BASE/blocksWorldSerial;REKKURA_GENERIC_FORWARD_PROVER_OSTD;1.0.0;true;;30001;28110;4685
DRESDEN/laikLee_hex;REKKURA_GENERIC_FORWARD_PROVER_OSTD;1.0.0;false;Test process timed out after 240 seconds;0;0;0
DRESDEN/vacuum_cleaner_1;REKKURA_GENERIC_FORWARD_PROVER_OSTD;1.0.0;true;;33937;1;0
STANFORD/ttcc4;REKKURA_GENERIC_FORWARD_PROVER_OSTD;1.0.0;true;;30017;474;7
DRESDEN/vacuumcleaner_obstacles_5;REKKURA_GENERIC_FORWARD_PROVER_OSTD;1.0.0;false;Test process timed out after 240 seconds;0;0;0
DRESDEN/frogs_and_toads;REKKURA_GENERIC_FORWARD_PROVER_OSTD;1.0.0;true;;30009;2023;17
BASE/ticTicToe;REKKURA_GENERIC_FORWARD_PROVER_OSTD;1.0.0;true;;30001;17740;3531
DRESDEN/gt_chicken;REKKURA_GENERIC_FORWARD_PROVER_OSTD;1.0.0;true;;30001;3944;197
BASE/hanoi7_bugfix;REKKURA_GENERIC_FORWARD_PROVER_OSTD;1.0.0;true;;33840;6;0
DRESDEN/stratego;REKKURA_GENERIC_FORWARD_PROVER_OSTD;1.0.0;true;;30004;5476;134
DRESDEN/8puzzle;REKKURA_GENERIC_FORWARD_PROVER_OSTD;1.0.0;true;;30001;21071;351
BASE/othelloSuicide;REKKURA_GENERIC_FORWARD_PROVER_OSTD;1.0.0;true;;30648;46;0
BASE/coins_atomic;REKKURA_GENERIC_FORWARD_PROVER_OSTD;1.0.0;true;;30000;70978;0
DRESDEN/sat_test_20v_91c_version2;REKKURA_GENERIC_FORWARD_PROVER_OSTD;1.0.0;true;;30007;3429;171
BASE/tictactoe_3d_2player;REKKURA_GENERIC_FORWARD_PROVER_OSTD;1.0.0;true;;30036;1164;32
BASE/roshambo2;REKKURA_GENERIC_FORWARD_PROVER_OSTD;1.0.0;true;;30001;8657;1019
BASE/2pffa_zerosum;REKKURA_GENERIC_FORWARD_PROVER_OSTD;1.0.0;true;;30002;1386;46
DRESDEN/lightson2x2;REKKURA_GENERIC_FORWARD_PROVER_OSTD;1.0.0;true;;30000;36675;3667
DRESDEN/breakthroughsuicide_v2;REKKURA_GENERIC_FORWARD_PROVER_OSTD;1.0.0;true;;30018;732;10
DRESDEN/vacuumcleaner_obstacles_6;REKKURA_GENERIC_FORWARD_PROVER_OSTD;1.0.0;false;Test process timed out after 240 seconds;0;0;0
BASE/lightsOut;REKKURA_GENERIC_FORWARD_PROVER_OSTD;1.0.0;true;;30000;18726;936
BASE/point_grab;REKKURA_GENERIC_FORWARD_PROVER_OSTD;1.0.0;true;;30000;25792;859
